d,n0,sh0,add,rem,nt,si,se,tt,ta,ta_cov,tt_usd,ta_usd,si_usd
2019-02-08,34,1342378.0,0,0,0.0,0.0,0.0,0.0,,,0.0,,0.0
2019-02-11,34,1342378.0,0,0,0.0,0.0,0.0,0.0,,,0.0,,0.0
2019-02-12,34,1342378.0,1,0,0.02941,0.07654,0.05843,0.07654,,,2873717.0,,2873717.0
2019-02-13,35,1410604.0,0,0,0.0,0.02526,0.02526,0.02526,,,1240237.0,,1240237.0
2019-02-14,35,1444861.0,0,0,0.0,0.0,0.0,0.0,,,0.0,,0.0
2019-02-15,35,1444861.0,0,0,0.0,0.0,0.0,0.0,,,0.0,,0.0
2019-02-19,35,1444861.0,0,0,0.0,0.04649,0.04649,0.04649,,,2060683.0,,2060683.0
2019-02-20,35,1512028.0,1,0,0.02857,0.00526,0.00251,0.00526,,,896575.0,,896575.0
2019-02-21,36,1512405.0,0,0,0.0,0.0,0.0,0.0,,,0.0,,0.0
2019-02-22,36,1512405.0,0,0,0.0,0.0,0.0,0.0,,,0.0,,0.0
2019-02-25,36,1512405.0,0,0,0.0,0.0,0.0,0.0,,,0.0,,0.0
2019-02-26,36,1512405.0,0,0,0.0,0.0,0.0,0.0,,,0.0,,0.0
2019-02-27,36,1512405.0,0,0,0.0,0.04442,0.04442,0.04442,,,2109523.0,,2109523.0
2019-02-28,36,1579589.0,0,0,0.0,0.0,0.0,0.0,,,0.0,,0.0
2019-03-01,36,1579589.0,0,0,0.0,0.0,0.0,0.0,,,0.0,,0.0
2019-03-04,36,1579589.0,0,0,0.0,0.02127,0.02127,0.02127,,,1042341.0,,1042341.0
2019-03-05,36,1613181.0,0,0,0.0,0.0,0.0,0.0,,,0.0,,0.0
2019-03-06,36,1613181.0,0,0,0.0,0.0,0.0,0.0,,,0.0,,0.0
2019-03-07,36,1613181.0,0,0,0.0,0.0,0.0,0.0,,,0.0,,0.0
2019-03-08,36,1613181.0,0,0,0.0,0.0,0.0,0.0,,,0.0,,0.0
2019-03-11,36,1613181.0,1,0,0.02778,0.05512,0.04182,0.05512,,,2640344.0,,2640344.0
2019-03-12,37,1698166.0,0,0,0.0,0.0,0.0,0.0,,,0.0,,0.0
2019-03-13,37,1698166.0,0,0,0.0,0.0,0.0,0.0,,,0.0,,0.0
2019-03-14,37,1698166.0,0,0,0.0,0.0,0.0,0.0,,,0.0,,0.0
2019-03-15,37,1698166.0,0,0,0.0,0.0,0.0,0.0,,,0.0,,0.0
2019-03-18,37,1698166.0,0,0,0.0,0.0,0.0,0.0,,,0.0,,0.0
2019-03-19,37,1698166.0,0,0,0.0,0.0,0.0,0.0,,,0.0,,0.0
2019-03-20,37,1698166.0,1,0,0.02703,0.00944,0.00315,0.00944,,,535709.0,,535709.0
2019-03-21,38,1703504.0,0,0,0.0,0.0,0.0,0.0,,,0.0,,0.0
2019-03-22,38,1703504.0,0,0,0.0,0.0,0.0,0.0,,,0.0,,0.0
2019-03-25,38,1703504.0,0,0,0.0,0.0,0.0,0.0,,,0.0,,0.0
2019-03-26,38,1703504.0,0,0,0.0,0.06047,0.06047,0.06047,,,3219190.0,,3219190.0
2019-03-27,38,1805877.0,0,0,0.0,0.0,0.0,0.0,,,0.0,,0.0
2019-03-28,38,1805877.0,0,0,0.0,0.0,0.0,0.0,,,0.0,,0.0
2019-03-29,38,1805877.0,0,0,0.0,0.0,0.0,0.0,,,0.0,,0.0
2019-04-01,38,1805877.0,0,0,0.0,0.0,0.0,0.0,,,0.0,,0.0
2019-04-02,38,1805877.0,0,0,0.0,0.01347,0.01347,0.01347,,,600668.0,,600668.0
2019-04-03,38,1805865.0,0,0,0.0,0.00467,0.00467,0.00467,,,291312.0,,291312.0
2019-04-04,38,1811359.0,0,0,0.0,0.01886,0.01886,0.01886,,,1089008.0,,1089008.0
2019-04-05,38,1845527.0,0,0,0.0,0.0,0.0,0.0,,,0.0,,0.0
2019-04-08,38,1845527.0,0,0,0.0,0.0,0.0,0.0,,,0.0,,0.0
2019-04-09,38,1845527.0,0,0,0.0,0.01852,0.01852,0.01852,,,1100329.0,,1100329.0
2019-04-10,38,1879703.0,0,0,0.0,0.00333,0.00333,0.00333,,,548337.0,,548337.0
2019-04-11,38,1884128.0,0,0,0.0,0.00461,0.00461,0.00461,,,292401.0,,292401.0
2019-04-12,38,1892821.0,0,0,0.0,0.0,0.0,0.0,,,0.0,,0.0
2019-04-15,38,1892821.0,0,0,0.0,0.0,0.0,0.0,,,0.0,,0.0
2019-04-16,38,1892821.0,0,0,0.0,0.0,0.0,0.0,,,0.0,,0.0
2019-04-17,38,1892821.0,0,0,0.0,0.01819,0.01819,0.01819,,,1110818.0,,1110818.0
2019-04-18,38,1927247.0,0,0,0.0,0.01786,0.01786,0.01786,,,1105787.0,,1105787.0
2019-04-22,38,1961672.0,0,0,0.0,0.0,0.0,0.0,,,0.0,,0.0
2019-04-23,38,1961672.0,0,0,0.0,0.0,0.0,0.0,,,0.0,,0.0
2019-04-24,38,1961672.0,0,0,0.0,0.0,0.0,0.0,,,0.0,,0.0
2019-04-25,38,1961672.0,0,0,0.0,0.0,0.0,0.0,,,0.0,,0.0
2019-04-26,38,1961672.0,0,0,0.0,0.0,0.0,0.0,,,0.0,,0.0
2019-04-29,38,1961672.0,0,0,0.0,0.0,0.0,0.0,,,0.0,,0.0
2019-04-30,38,1961672.0,0,0,0.0,0.02813,0.02813,0.02813,,,1820234.0,,1820234.0
2019-05-01,38,1999920.0,0,0,0.0,0.0,0.0,0.0,,,0.0,,0.0
2019-05-02,38,1999920.0,0,0,0.0,0.0,0.0,0.0,,,0.0,,0.0
2019-05-03,38,1999920.0,0,0,0.0,0.01145,0.01145,0.01145,,,909552.0,,909552.0
2019-05-06,38,2001591.0,0,0,0.0,0.0,0.0,0.0,,,0.0,,0.0
2019-05-07,38,2001591.0,0,0,0.0,0.0,0.0,0.0,,,0.0,,0.0
2019-05-08,38,2001591.0,0,0,0.0,0.05175,0.05175,0.05175,,,3340850.0,,3340850.0
2019-05-09,38,2105177.0,0,0,0.0,0.0,0.0,0.0,,,0.0,,0.0
2019-05-10,38,2105177.0,0,0,0.0,0.0,0.0,0.0,,,0.0,,0.0
2019-05-13,38,2105177.0,0,0,0.0,0.0,0.0,0.0,,,0.0,,0.0
2019-05-14,38,2105177.0,0,0,0.0,0.01772,0.01772,0.01772,,,2235652.0,,2235652.0
2019-05-15,38,2115235.0,0,0,0.0,0.01317,0.01317,0.01317,,,697288.0,,697288.0
2019-05-16,38,2135741.0,0,0,0.0,0.00341,0.00341,0.00341,,,537740.0,,537740.0
2019-05-17,38,2141614.0,0,0,0.0,0.0,0.0,0.0,,,0.0,,0.0
2019-05-20,38,2141614.0,0,0,0.0,0.0,0.0,0.0,,,0.0,,0.0
2019-05-21,38,2141614.0,0,0,0.0,0.00789,0.00789,0.00789,,,406514.0,,406514.0
2019-05-22,38,2143655.0,0,0,0.0,0.0,0.0,0.0,,,0.0,,0.0
2019-05-23,38,2143655.0,0,0,0.0,0.0328,0.0328,0.0328,,,2115908.0,,2115908.0
2019-05-24,38,2213960.0,1,0,0.02632,0.0309,0.01658,0.0309,,,2384872.0,,2384872.0
2019-05-28,39,2278941.0,0,0,0.0,0.0,0.0,0.0,,,0.0,,0.0
2019-05-29,39,2278941.0,0,0,0.0,0.0,0.0,0.0,,,0.0,,0.0
2019-05-30,39,2278941.0,0,0,0.0,0.00342,0.00342,0.00342,,,356144.0,,356144.0
2019-05-31,39,2285822.0,0,0,0.0,0.0,0.0,0.0,,,0.0,,0.0
2019-06-03,39,2285822.0,0,0,0.0,0.0,0.0,0.0,,,0.0,,0.0
2019-06-04,39,2285822.0,0,0,0.0,0.0,0.0,0.0,,,0.0,,0.0
2019-06-05,39,2285822.0,0,0,0.0,0.01607,0.01607,0.01607,,,1567288.0,,1567288.0
2019-06-06,39,2249715.0,0,0,0.0,0.0,0.0,0.0,,,0.0,,0.0
2019-06-07,39,2249715.0,0,0,0.0,0.0,0.0,0.0,,,0.0,,0.0
2019-06-10,39,2249715.0,0,0,0.0,0.00433,0.00433,0.00433,,,539168.0,,539168.0
2019-06-11,39,2258564.0,1,0,0.02564,0.00884,0.0071,0.00884,,,2420158.0,,2420158.0
2019-06-12,40,2253115.0,0,0,0.0,0.0,0.0,0.0,,,0.0,,0.0
2019-06-13,40,2253115.0,0,0,0.0,0.0,0.0,0.0,,,0.0,,0.0
2019-06-14,40,2253115.0,0,0,0.0,0.0,0.0,0.0,,,0.0,,0.0
2019-06-17,40,2253115.0,0,0,0.0,0.0,0.0,0.0,,,0.0,,0.0
2019-06-18,40,2253115.0,0,0,0.0,0.0,0.0,0.0,,,0.0,,0.0
2019-06-19,40,2253115.0,0,0,0.0,0.0,0.0,0.0,,,0.0,,0.0
2019-06-20,40,2253115.0,0,0,0.0,0.0,0.0,0.0,,,0.0,,0.0
2019-06-21,40,2253115.0,0,0,0.0,0.0,0.0,0.0,,,0.0,,0.0
2019-06-24,40,2253115.0,0,0,0.0,0.0,0.0,0.0,,,0.0,,0.0
2019-06-25,40,2253115.0,0,0,0.0,0.0,0.0,0.0,,,0.0,,0.0
2019-06-26,40,2253115.0,0,1,0.025,0.02547,0.01816,0.02547,,,2896889.0,,2896889.0
2019-06-27,39,2276973.0,0,0,0.0,0.00215,0.00215,0.00215,,,139805.0,,139805.0
2019-06-28,39,2281873.0,0,0,0.0,0.0,0.0,0.0,,,0.0,,0.0
2019-07-01,39,2281873.0,0,0,0.0,0.0,0.0,0.0,,,0.0,,0.0
2019-07-02,39,2281873.0,0,0,0.0,0.0043,0.0043,0.0043,,,1781309.0,,1781309.0
2019-07-03,39,2282901.0,0,0,0.0,0.0,0.0,0.0,,,0.0,,0.0
2019-07-05,39,2282901.0,0,0,0.0,0.0,0.0,0.0,,,0.0,,0.0
2019-07-08,39,2282901.0,0,0,0.0,0.0,0.0,0.0,,,0.0,,0.0
2019-07-09,39,2282901.0,0,0,0.0,0.0,0.0,0.0,,,6.0,,6.0
2019-07-10,39,2282901.0,0,0,0.0,0.01584,0.01584,0.01584,,,1147082.0,,1147082.0
2019-07-11,39,2319057.0,0,0,0.0,0.00054,0.00054,0.00054,,,99224.0,,99224.0
2019-07-12,39,2317808.0,0,0,0.0,0.0,0.0,0.0,,,0.0,,0.0
2019-07-15,39,2317808.0,0,0,0.0,0.0,0.0,0.0,,,0.0,,0.0
2019-07-16,39,2317808.0,0,0,0.0,0.0,0.0,0.0,,,0.0,,0.0
2019-07-17,39,2317808.0,0,0,0.0,0.0,0.0,0.0,,,0.0,,0.0
2019-07-18,39,2317808.0,0,0,0.0,0.0,0.0,0.0,,,0.0,,0.0
2019-07-19,39,2317808.0,0,0,0.0,0.0,0.0,0.0,,,0.0,,0.0
2019-07-22,39,2317808.0,0,0,0.0,0.0,0.0,0.0,,,0.0,,0.0
2019-07-23,39,2317808.0,0,0,0.0,0.0,0.0,0.0,,,0.0,,0.0
2019-07-24,39,2317808.0,0,0,0.0,0.00264,0.00264,0.00264,,,739347.0,,739347.0
2019-07-25,39,2319865.0,0,0,0.0,0.0,0.0,0.0,,,0.0,,0.0
2019-07-26,39,2319865.0,0,0,0.0,0.0,0.0,0.0,,,0.0,,0.0
2019-07-29,39,2319865.0,0,0,0.0,0.0,0.0,0.0,,,0.0,,0.0
2019-07-30,39,2319865.0,0,0,0.0,0.01633,0.01633,0.01633,,,1508011.0,,1508011.0
2019-07-31,39,2354387.0,0,0,0.0,0.0,0.0,0.0,,,0.0,,0.0
2019-08-01,39,2354387.0,0,0,0.0,0.0,0.0,0.0,,,0.0,,0.0
2019-08-02,39,2354387.0,0,0,0.0,0.0,0.0,0.0,,,0.0,,0.0
2019-08-05,39,2354387.0,0,0,0.0,0.00486,0.00486,0.00486,,,909453.0,,909453.0
2019-08-06,39,2356744.0,0,0,0.0,0.0098,0.0098,0.0098,,,579803.0,,579803.0
2019-08-07,39,2338483.0,0,0,0.0,0.0,0.0,0.0,,,0.0,,0.0
2019-08-08,39,2338483.0,0,0,0.0,0.0,0.0,0.0,,,0.0,,0.0
2019-08-09,39,2338483.0,0,0,0.0,0.01986,0.01986,0.01986,,,1635082.0,,1635082.0
2019-08-12,39,2380930.0,0,0,0.0,0.0,0.0,0.0,,,0.0,,0.0
2019-08-13,39,2380930.0,2,0,0.05128,0.02826,0.0066,0.02826,,,2121038.0,,2121038.0
2019-08-14,41,2416775.0,0,0,0.0,0.0,0.0,0.0,,,0.0,,0.0
2019-08-15,41,2416775.0,0,0,0.0,0.0,0.0,0.0,,,0.0,,0.0
2019-08-16,41,2416775.0,0,0,0.0,0.0,0.0,0.0,,,0.0,,0.0
2019-08-19,41,2416775.0,0,0,0.0,0.0,0.0,0.0,,,0.0,,0.0
2019-08-20,41,2416775.0,0,0,0.0,0.00199,0.00199,0.00199,,,355082.0,,355082.0
2019-08-21,41,2413175.0,0,0,0.0,0.0,0.0,0.0,,,0.0,,0.0
2019-08-22,41,2413175.0,0,0,0.0,0.0,0.0,0.0,,,0.0,,0.0
2019-08-23,41,2413175.0,0,0,0.0,0.00303,0.00303,0.00303,,,352206.0,,352206.0
2019-08-26,41,2408943.0,0,0,0.0,0.0,0.0,0.0,,,0.0,,0.0
2019-08-27,41,2408943.0,0,0,0.0,0.00112,0.00112,0.00112,,,558400.0,,558400.0
2019-08-28,41,2408060.0,0,0,0.0,0.0,0.0,0.0,,,0.0,,0.0
2019-08-29,41,2408060.0,0,0,0.0,0.0159,0.0159,0.0159,,,1585517.0,,1585517.0
2019-08-30,41,2443313.0,0,0,0.0,0.0,0.0,0.0,,,0.0,,0.0
2019-09-03,41,2443313.0,0,0,0.0,0.0,0.0,0.0,,,0.0,,0.0
2019-09-04,41,2443313.0,1,0,0.02439,0.01955,0.01786,0.01955,,,1453205.0,,1453205.0
2019-09-05,42,2403800.0,0,0,0.0,0.0,0.0,0.0,,,0.0,,0.0
2019-09-06,42,2403800.0,0,0,0.0,0.0,0.0,0.0,,,0.0,,0.0
2019-09-09,42,2403800.0,0,0,0.0,0.0,0.0,0.0,,,0.0,,0.0
2019-09-10,42,2403800.0,0,1,0.02381,0.01923,0.01118,0.01923,,,1274596.0,,1274596.0
2019-09-11,41,2390171.0,0,0,0.0,0.0,0.0,0.0,,,0.0,,0.0
2019-09-12,41,2390171.0,0,0,0.0,0.0,0.0,0.0,,,0.0,,0.0
2019-09-13,41,2390171.0,0,0,0.0,0.0,0.0,0.0,,,0.0,,0.0
2019-09-16,41,2390171.0,0,0,0.0,0.0,0.0,0.0,,,0.0,,0.0
2019-09-17,41,2390171.0,0,0,0.0,0.0,0.0,0.0,,,0.0,,0.0
2019-09-18,41,2390171.0,0,0,0.0,0.0,0.0,0.0,,,0.0,,0.0
2019-09-19,41,2390171.0,0,0,0.0,0.0,0.0,0.0,,,0.0,,0.0
2019-09-20,41,2390171.0,0,0,0.0,0.0,0.0,0.0,,,0.0,,0.0
2019-09-23,41,2390171.0,0,0,0.0,0.0,0.0,0.0,,,0.0,,0.0
2019-09-24,41,2390171.0,0,0,0.0,0.00403,0.00403,0.00403,,,1070796.0,,1070796.0
2019-09-25,41,2399184.0,0,0,0.0,0.0,0.0,0.0,,,0.0,,0.0
2019-09-26,41,2399184.0,0,0,0.0,0.0,0.0,0.0,,,0.0,,0.0
2019-09-27,41,2399184.0,0,0,0.0,0.0,0.0,0.0,,,0.0,,0.0
2019-09-30,41,2399184.0,0,0,0.0,0.0,0.0,0.0,,,0.0,,0.0
2019-10-01,41,2399184.0,1,0,0.02439,0.01703,0.01459,0.01703,,,2261452.0,,2261452.0
2019-10-02,42,2399024.0,1,1,0.04762,0.09509,0.00907,0.09509,,,1360716.0,,1360716.0
2019-10-03,42,2307480.0,0,0,0.0,0.0,0.0,0.0,,,0.0,,0.0
2019-10-04,42,2307480.0,0,0,0.0,0.0,0.0,0.0,,,0.0,,0.0
2019-10-07,42,2307480.0,0,0,0.0,0.01492,0.01492,0.01492,,,1069470.0,,1069470.0
2019-10-08,42,2273050.0,0,0,0.0,0.0,0.0,0.0,,,0.0,,0.0
2019-10-09,42,2273050.0,0,0,0.0,0.0,0.0,0.0,,,0.0,,0.0
2019-10-10,42,2273050.0,0,0,0.0,0.0,0.0,0.0,,,0.0,,0.0
2019-10-11,42,2273050.0,0,0,0.0,0.0,0.0,0.0,,,0.0,,0.0
2019-10-14,42,2273050.0,0,0,0.0,0.0,0.0,0.0,,,0.0,,0.0
2019-10-15,42,2273050.0,0,0,0.0,0.03373,0.03373,0.03373,,,1942158.0,,1942158.0
2019-10-16,42,2262332.0,0,0,0.0,0.00563,0.00563,0.00563,,,146865.0,,146865.0
2019-10-17,42,2249594.0,0,0,0.0,0.0,0.0,0.0,,,0.0,,0.0
2019-10-18,42,2249594.0,0,0,0.0,0.0,0.0,0.0,,,0.0,,0.0
2019-10-21,42,2249594.0,0,0,0.0,0.0,0.0,0.0,,,0.0,,0.0
2019-10-22,42,2249594.0,0,0,0.0,0.0,0.0,0.0,,,0.0,,0.0
2019-10-23,42,2249594.0,0,0,0.0,0.00214,0.00214,0.00214,,,286283.0,,286283.0
2019-10-24,42,2249681.0,0,0,0.0,0.0,0.0,0.0,,,0.0,,0.0
2019-10-25,42,2249681.0,0,0,0.0,0.0,0.0,0.0,,,0.0,,0.0
2019-10-28,42,2249681.0,0,0,0.0,0.0,0.0,0.0,,,0.0,,0.0
2019-10-29,42,2249681.0,0,0,0.0,0.00479,0.00479,0.00479,,,720524.0,,720524.0
2019-10-30,42,2243055.0,0,0,0.0,0.0,0.0,0.0,,,0.0,,0.0
2019-10-31,42,2243055.0,0,0,0.0,0.0,0.0,0.0,,,0.0,,0.0
2019-11-01,42,2243055.0,0,0,0.0,0.0,0.0,0.0,,,0.0,,0.0
2019-11-04,42,2243055.0,0,1,0.02381,0.01813,0.01002,0.01813,,,1621236.0,,1621236.0
2019-11-05,41,2244832.0,0,0,0.0,0.00211,0.00211,0.00211,,,375395.0,,375395.0
2019-11-06,41,2240859.0,0,0,0.0,0.0,0.0,0.0,,,0.0,,0.0
2019-11-07,41,2240859.0,0,0,0.0,0.0,0.0,0.0,,,0.0,,0.0
2019-11-08,41,2240859.0,0,0,0.0,0.0,0.0,0.0,,,0.0,,0.0
2019-11-11,41,2240859.0,0,0,0.0,0.0,0.0,0.0,,,0.0,,0.0
2019-11-12,41,2240859.0,0,0,0.0,0.00558,0.00558,0.00558,,,936820.0,,936820.0
2019-11-13,41,2229106.0,1,0,0.02439,0.0704,0.00979,0.0704,,,565142.0,,565142.0
2019-11-14,42,2386043.0,0,0,0.0,0.0,0.0,0.0,,,0.0,,0.0
2019-11-15,42,2386043.0,0,0,0.0,0.0,0.0,0.0,,,0.0,,0.0
2019-11-18,42,2386043.0,0,0,0.0,0.0,0.0,0.0,,,0.0,,0.0
2019-11-19,42,2386043.0,0,0,0.0,0.0,0.0,0.0,,,0.0,,0.0
2019-11-20,42,2386043.0,0,0,0.0,0.0,0.0,0.0,,,0.0,,0.0
2019-11-21,42,2386043.0,1,0,0.02381,0.00298,0.00168,0.00298,,,241575.0,,241575.0
2019-11-22,43,2385123.0,0,0,0.0,0.01831,0.01831,0.01831,,,1285690.0,,1285690.0
2019-11-25,43,2428785.0,0,0,0.0,0.00069,0.00069,0.00069,,,25573.0,,25573.0
2019-11-26,43,2430451.0,0,0,0.0,0.0,0.0,0.0,,,0.0,,0.0
2019-11-27,43,2430451.0,0,0,0.0,0.0,0.0,0.0,,,0.0,,0.0
2019-11-29,43,2430451.0,0,0,0.0,0.0,0.0,0.0,,,0.0,,0.0
2019-12-02,43,2430451.0,0,0,0.0,0.05554,0.05554,0.05554,,,5112997.0,,5112997.0
2019-12-03,43,2455609.0,0,0,0.0,0.00224,0.00224,0.00224,,,474856.0,,474856.0
2019-12-04,43,2457120.0,0,0,0.0,0.0,0.0,0.0,,,0.0,,0.0
2019-12-05,43,2457120.0,0,0,0.0,0.01491,0.01491,0.01491,,,1173426.0,,1173426.0
2019-12-06,43,2493755.0,0,0,0.0,0.0,0.0,0.0,,,0.0,,0.0
2019-12-09,43,2493755.0,0,0,0.0,0.0,0.0,0.0,,,0.0,,0.0
2019-12-10,43,2493755.0,0,0,0.0,0.00169,0.00169,0.00169,,,350134.0,,350134.0
2019-12-11,43,2494309.0,0,0,0.0,0.0068,0.0068,0.0068,,,364596.0,,364596.0
2019-12-12,43,2482193.0,1,1,0.04651,0.12934,0.00147,0.12934,,,2467650.0,,2467650.0
2019-12-13,43,2754436.0,0,0,0.0,0.0,0.0,0.0,,,0.0,,0.0
2019-12-16,43,2754436.0,0,0,0.0,0.0,0.0,0.0,,,0.0,,0.0
2019-12-17,43,2754436.0,0,0,0.0,0.0,0.0,0.0,,,0.0,,0.0
2019-12-18,43,2754436.0,0,0,0.0,0.0,0.0,0.0,,,0.0,,0.0
2019-12-19,43,2754436.0,0,0,0.0,0.0,0.0,0.0,,,0.0,,0.0
2019-12-20,43,2754436.0,0,0,0.0,0.0,0.0,0.0,,,0.0,,0.0
2019-12-23,43,2754436.0,0,0,0.0,0.0,0.0,0.0,,,0.0,,0.0
2019-12-24,43,2754436.0,0,0,0.0,0.01129,0.01129,0.01129,,,1798099.0,,1798099.0
2019-12-26,43,2734073.0,0,0,0.0,0.00563,0.00563,0.00563,,,885950.0,,885950.0
2019-12-27,43,2718693.0,0,0,0.0,0.0178,0.0178,0.0178,,,1593781.0,,1593781.0
2019-12-30,43,2747629.0,0,0,0.0,0.0127,0.0127,0.0127,,,497652.0,,497652.0
2019-12-31,43,2782529.0,0,0,0.0,0.00267,0.00267,0.00267,,,501841.0,,501841.0
2020-01-02,43,2783074.0,0,0,0.0,0.0,0.0,0.0,,,0.0,,0.0
2020-01-03,43,2783074.0,0,0,0.0,0.0,0.0,0.0,,,0.0,,0.0
2020-01-06,43,2783074.0,0,0,0.0,0.01446,0.01446,0.01446,,,1211903.0,,1211903.0
2020-01-07,43,2823309.0,0,0,0.0,0.0,0.0,0.0,,,0.0,,0.0
2020-01-08,43,2823309.0,0,0,0.0,0.0,0.0,0.0,,,0.0,,0.0
2020-01-09,43,2823309.0,0,0,0.0,0.01425,0.01425,0.01425,,,1245417.0,,1245417.0
2020-01-10,43,2863541.0,0,0,0.0,0.0,0.0,0.0,,,0.0,,0.0
2020-01-13,43,2863541.0,0,0,0.0,0.0,0.0,0.0,,,0.0,,0.0
2020-01-14,43,2863541.0,1,1,0.04651,0.02931,0.02001,0.02931,,,3333393.0,,3333393.0
2020-01-15,43,2856692.0,0,0,0.0,0.0,0.0,0.0,,,0.0,,0.0
2020-01-16,43,2856692.0,0,0,0.0,0.07499,0.07499,0.07499,,,551337.0,,551337.0
2020-01-17,43,3070927.0,0,0,0.0,0.0,0.0,0.0,,,0.0,,0.0
2020-01-21,43,3070927.0,0,0,0.0,0.01406,0.01406,0.01406,,,1267062.0,,1267062.0
2020-01-22,43,3114090.0,0,0,0.0,0.01386,0.01386,0.01386,,,1272051.0,,1272051.0
2020-01-23,43,3157248.0,0,0,0.0,0.04554,0.04554,0.04554,,,1101663.0,,1101663.0
2020-01-24,43,3277241.0,0,0,0.0,0.00301,0.00301,0.00301,,,933300.0,,933300.0
2020-01-27,43,3275299.0,0,0,0.0,0.0,0.0,0.0,,,0.0,,0.0
2020-01-28,43,3275299.0,0,0,0.0,0.0,0.0,0.0,,,0.0,,0.0
2020-01-29,43,3275299.0,0,0,0.0,0.0,0.0,0.0,,,0.0,,0.0
2020-01-30,43,3275299.0,0,0,0.0,0.06469,0.06469,0.06469,,,2008944.0,,2008944.0
2020-01-31,43,3230989.0,0,0,0.0,0.01624,0.01624,0.01624,,,1593097.0,,1593097.0
2020-02-03,43,3279540.0,0,0,0.0,0.0,0.0,0.0,,,0.0,,0.0
2020-02-04,43,3279540.0,0,0,0.0,0.01184,0.01184,0.01184,,,2065115.0,,2065115.0
2020-02-05,43,3295950.0,0,0,0.0,0.01372,0.01372,0.01372,,,1306967.0,,1306967.0
2020-02-06,43,3341178.0,0,0,0.0,0.00062,0.00062,0.00062,,,33221.0,,33221.0
2020-02-07,43,3343235.0,0,1,0.02326,0.12521,0.0131,0.12521,,,2046839.0,,2046839.0
2020-02-10,42,3002255.0,0,0,0.0,0.02662,0.02662,0.02662,,,2623054.0,,2623054.0
2020-02-11,42,3082177.0,0,0,0.0,0.00584,0.00584,0.00584,,,956242.0,,956242.0
2020-02-12,42,3085554.0,0,0,0.0,0.00011,0.00011,0.00011,,,244937.0,,244937.0
2020-02-13,42,3085904.0,0,0,0.0,0.02592,0.02592,0.02592,,,2685363.0,,2685363.0
2020-02-14,42,3165898.0,0,0,0.0,0.01264,0.01264,0.01264,,,1348799.0,,1348799.0
2020-02-18,42,3205905.0,0,0,0.0,0.02496,0.02496,0.02496,,,2692373.0,,2692373.0
2020-02-19,42,3285919.0,0,0,0.0,0.0,0.0,0.0,,,0.0,,0.0
2020-02-20,42,3285919.0,0,0,0.0,0.0,0.0,0.0,,,0.0,,0.0
2020-02-21,42,3285919.0,0,0,0.0,0.0,0.0,0.0,,,0.0,,0.0
2020-02-24,42,3285919.0,0,0,0.0,0.02435,0.02435,0.02435,,,2583224.0,,2583224.0
2020-02-25,42,3365931.0,0,0,0.0,0.0,0.0,0.0,,,0.0,,0.0
2020-02-26,42,3365931.0,0,0,0.0,0.01332,0.01332,0.01332,,,2042936.0,,2042936.0
2020-02-27,42,3403535.0,0,0,0.0,0.0,0.0,0.0,,,0.0,,0.0
2020-02-28,42,3403535.0,0,0,0.0,0.0,0.0,0.0,,,0.0,,0.0
2020-03-02,42,3403535.0,0,0,0.0,0.00923,0.00923,0.00923,,,2135225.0,,2135225.0
2020-03-03,42,3404670.0,0,0,0.0,0.02585,0.02585,0.02585,,,3457932.0,,3457932.0
2020-03-04,42,3340599.0,0,0,0.0,0.08166,0.08166,0.08166,,,1012438.0,,1012438.0
2020-03-05,42,3613399.0,0,0,0.0,0.00612,0.00612,0.00612,,,825128.0,,825128.0
2020-03-06,42,3594323.0,0,0,0.0,0.0,0.0,0.0,,,0.0,,0.0
2020-03-09,42,3594323.0,0,0,0.0,0.014,0.014,0.014,,,534582.0,,534582.0
2020-03-10,42,3638509.0,0,2,0.04762,0.0142,0.00495,0.0142,,,4564332.0,,4564332.0
2020-03-11,40,3622540.0,0,0,0.0,0.02382,0.02382,0.02382,,,2184341.0,,2184341.0
2020-03-12,40,3708824.0,0,0,0.0,0.0,0.0,0.0,,,0.0,,0.0
2020-03-13,40,3708824.0,0,0,0.0,0.0,0.0,0.0,,,0.0,,0.0
2020-03-16,40,3708824.0,0,0,0.0,0.0,0.0,0.0,,,0.0,,0.0
2020-03-17,40,3708824.0,0,1,0.025,0.04657,0.0212,0.04657,,,3721422.0,,3721422.0
2020-03-18,39,3664502.0,0,0,0.0,0.0,0.0,0.0,,,0.0,,0.0
2020-03-19,39,3664502.0,0,0,0.0,0.0,0.0,0.0,,,0.0,,0.0
2020-03-20,39,3664502.0,0,0,0.0,0.0,0.0,0.0,,,0.0,,0.0
2020-03-23,39,3664502.0,0,0,0.0,0.0,0.0,0.0,,,0.0,,0.0
2020-03-24,39,3664502.0,0,0,0.0,0.01012,0.01012,0.01012,,,2261728.0,,2261728.0
2020-03-25,39,3683797.0,0,0,0.0,0.0,0.0,0.0,,,0.0,,0.0
2020-03-26,39,3683797.0,0,0,0.0,0.0,0.0,0.0,,,0.0,,0.0
2020-03-27,39,3683797.0,0,0,0.0,0.0,0.0,0.0,,,0.0,,0.0
2020-03-30,39,3683797.0,0,0,0.0,0.0,0.0,0.0,,,0.0,,0.0
2020-03-31,39,3683797.0,0,0,0.0,0.00634,0.00634,0.00634,,,452393.0,,452393.0
2020-04-01,39,3690302.0,0,0,0.0,0.0,0.0,0.0,,,0.0,,0.0
2020-04-02,39,3690302.0,0,0,0.0,0.0,0.0,0.0,,,0.0,,0.0
2020-04-03,39,3690302.0,0,0,0.0,0.0,0.0,0.0,,,0.0,,0.0
2020-04-06,39,3690302.0,0,0,0.0,0.0,0.0,0.0,,,0.0,,0.0
2020-04-07,39,3690302.0,0,0,0.0,0.0,0.0,0.0,,,0.0,,0.0
2020-04-08,39,3690302.0,0,0,0.0,0.0,0.0,0.0,,,0.0,,0.0
2020-04-09,39,3690302.0,0,0,0.0,0.0,0.0,0.0,,,0.0,,0.0
2020-04-13,39,3690302.0,0,0,0.0,0.0,0.0,0.0,,,0.0,,0.0
2020-04-14,39,3690302.0,1,0,0.02564,0.00732,0.00214,0.00732,,,782700.0,,782700.0
2020-04-15,40,3701499.0,0,0,0.0,0.00321,0.00321,0.00321,,,173100.0,,173100.0
2020-04-16,40,3713399.0,0,0,0.0,0.0,0.0,0.0,,,0.0,,0.0
2020-04-17,40,3713399.0,0,0,0.0,0.0,0.0,0.0,,,0.0,,0.0
2020-04-20,40,3713399.0,0,0,0.0,0.0,0.0,0.0,,,0.0,,0.0
2020-04-21,40,3713399.0,0,0,0.0,0.00506,0.00506,0.00506,,,944473.0,,944473.0
2020-04-22,40,3729225.0,1,0,0.025,0.00586,0.00193,0.00586,,,1955449.0,,1955449.0
2020-04-23,41,3736641.0,0,0,0.0,0.0,0.0,0.0,,,0.0,,0.0
2020-04-24,41,3736641.0,0,0,0.0,0.0,0.0,0.0,,,0.0,,0.0
2020-04-27,41,3736641.0,0,0,0.0,0.0,0.0,0.0,,,0.0,,0.0
2020-04-28,41,3736641.0,0,0,0.0,0.02021,0.02021,0.02021,,,2005424.0,,2005424.0
2020-04-29,41,3790211.0,0,0,0.0,0.01637,0.01637,0.01637,,,1158466.0,,1158466.0
2020-04-30,41,3835973.0,0,0,0.0,0.02358,0.02358,0.02358,,,2438122.0,,2438122.0
2020-05-01,41,3926434.0,0,0,0.0,0.0,0.0,0.0,,,0.0,,0.0
2020-05-04,41,3926434.0,0,0,0.0,0.00418,0.00418,0.00418,,,487168.0,,487168.0
2020-05-05,41,3942001.0,0,0,0.0,0.00297,0.00297,0.00297,,,1282921.0,,1282921.0
2020-05-06,41,3941968.0,0,0,0.0,0.0,0.0,0.0,,,0.0,,0.0
2020-05-07,41,3941968.0,0,0,0.0,0.0,0.0,0.0,,,0.0,,0.0
2020-05-08,41,3941968.0,0,0,0.0,0.02271,0.02271,0.02271,,,2620286.0,,2620286.0
2020-05-11,41,4031496.0,0,0,0.0,0.0,0.0,0.0,,,0.0,,0.0
2020-05-12,41,4031496.0,0,0,0.0,0.0043,0.0043,0.0043,,,1407126.0,,1407126.0
2020-05-13,41,4040071.0,0,0,0.0,0.07775,0.07775,0.07775,,,9005962.0,,9005962.0
2020-05-14,41,4354175.0,0,0,0.0,0.0,0.0,0.0,,,0.0,,0.0
2020-05-15,41,4354175.0,0,0,0.0,0.0,0.0,0.0,,,0.0,,0.0
2020-05-18,41,4354175.0,0,0,0.0,0.0,0.0,0.0,,,0.0,,0.0
2020-05-19,41,4354175.0,0,0,0.0,0.0,0.0,0.0,,,0.0,,0.0
2020-05-20,41,4354175.0,0,0,0.0,0.03805,0.03805,0.03805,,,5898762.0,,5898762.0
2020-05-21,41,4469334.0,0,0,0.0,0.00267,0.00267,0.00267,,,2511733.0,,2511733.0
2020-05-22,41,4468129.0,0,0,0.0,0.0,0.0,0.0,,,0.0,,0.0
2020-05-26,41,4468129.0,0,0,0.0,0.0,0.0,0.0,,,0.0,,0.0
2020-05-27,41,4468129.0,0,0,0.0,0.03991,0.03991,0.03991,,,5502751.0,,5502751.0
2020-05-28,41,4646465.0,0,0,0.0,0.01348,0.01348,0.01348,,,705443.0,,705443.0
2020-05-29,41,4702501.0,0,0,0.0,0.07049,0.07049,0.07049,,,8502608.0,,8502608.0
2020-06-01,41,5034003.0,0,0,0.0,0.00907,0.00907,0.00907,,,1425423.0,,1425423.0
2020-06-02,41,5079677.0,0,0,0.0,0.0287,0.0287,0.0287,,,5029350.0,,5029350.0
2020-06-03,41,5213068.0,0,0,0.0,2e-05,2e-05,2e-05,,,169972.0,,169972.0
2020-06-04,41,5212942.0,0,0,0.0,0.03533,0.03533,0.03533,,,5832747.0,,5832747.0
2020-06-05,41,5397114.0,0,0,0.0,0.0,0.0,0.0,,,0.0,,0.0
2020-06-08,41,5397114.0,0,0,0.0,0.0171,0.0171,0.0171,,,2978000.0,,2978000.0
2020-06-09,41,5489412.0,0,0,0.0,0.0,0.0,0.0,,,0.0,,0.0
2020-06-10,41,5489412.0,0,0,0.0,0.02522,0.02522,0.02522,,,4528917.0,,4528917.0
2020-06-11,41,5627841.0,0,0,0.0,0.00574,0.00574,0.00574,,,1103632.0,,1103632.0
2020-06-12,41,5605893.0,0,0,0.0,0.0,0.0,0.0,,,0.0,,0.0
2020-06-15,41,5605893.0,0,0,0.0,0.0164,0.0164,0.0164,,,2977920.0,,2977920.0
2020-06-16,41,5697847.0,1,0,0.02439,0.01733,0.01208,0.01733,,,3403487.0,,3403487.0
2020-06-17,42,5764410.0,0,0,0.0,0.00767,0.00767,0.00767,,,976392.0,,976392.0
2020-06-18,42,5755185.0,0,0,0.0,0.0,0.0,0.0,,,0.0,,0.0
2020-06-19,42,5755185.0,0,0,0.0,0.05237,0.05237,0.05237,,,9917920.0,,9917920.0
2020-06-22,42,6008440.0,0,0,0.0,0.03045,0.03045,0.03045,,,858233.0,,858233.0
2020-06-23,42,6191373.0,0,0,0.0,0.00195,0.00195,0.00195,,,1859431.0,,1859431.0
2020-06-24,42,6185927.0,0,0,0.0,0.05383,0.05383,0.05383,,,10885766.0,,10885766.0
2020-06-25,42,6518917.0,0,0,0.0,0.0245,0.0245,0.0245,,,5863199.0,,5863199.0
2020-06-29,42,6655530.0,0,0,0.0,0.00996,0.00996,0.00996,,,3120628.0,,3120628.0
2020-06-30,42,6662556.0,0,0,0.0,0.0,0.0,0.0,,,0.0,,0.0
2020-07-01,42,6662556.0,0,0,0.0,0.0,0.0,0.0,,,0.0,,0.0
2020-07-02,42,6662556.0,0,0,0.0,0.0,0.0,0.0,,,0.0,,0.0
2020-07-06,42,6662556.0,0,0,0.0,0.0356,0.0356,0.0356,,,8362857.0,,8362857.0
2020-07-07,42,6899771.0,0,0,0.0,0.0188,0.0188,0.0188,,,9650478.0,,9650478.0
2020-07-08,42,6954260.0,0,0,0.0,0.08408,0.08408,0.08408,,,17567148.0,,17567148.0
2020-07-09,42,7538951.0,0,0,0.0,0.0,0.0,0.0,,,0.0,,0.0
2020-07-10,42,7538951.0,0,0,0.0,0.09657,0.09657,0.09657,,,25819198.0,,25819198.0
2020-07-13,42,8266961.0,0,0,0.0,0.01761,0.01761,0.01761,,,4999736.0,,4999736.0
2020-07-14,42,8412575.0,0,0,0.0,0.0,0.0,0.0,,,0.0,,0.0
2020-07-15,42,8412575.0,0,0,0.0,0.0187,0.0187,0.0187,,,11758070.0,,11758070.0
2020-07-16,42,8349664.0,0,0,0.0,0.0,0.0,0.0,,,0.0,,0.0
2020-07-17,42,8349664.0,0,0,0.0,0.0,0.0,0.0,,,0.0,,0.0
2020-07-20,42,8349664.0,0,0,0.0,0.0,0.0,0.0,,,0.0,,0.0
2020-07-21,42,8349664.0,0,0,0.0,0.0,0.0,0.0,,,0.0,,0.0
2020-07-22,42,8349664.0,0,0,0.0,0.03467,0.03467,0.03467,,,10399065.0,,10399065.0
2020-07-23,42,8639122.0,0,0,0.0,0.07514,0.07514,0.07514,,,16616639.0,,16616639.0
2020-07-24,42,8751491.0,0,0,0.0,0.0,0.0,0.0,,,0.0,,0.0
2020-07-27,42,8751491.0,0,0,0.0,0.0,0.0,0.0,,,0.0,,0.0
2020-07-28,42,8751491.0,0,0,0.0,0.0,0.0,0.0,,,0.0,,0.0
2020-07-29,42,8751491.0,0,0,0.0,0.0,0.0,0.0,,,0.0,,0.0
2020-07-30,42,8751491.0,1,0,0.02381,0.0362,0.00123,0.0362,,,3199853.0,,3199853.0
2020-07-31,43,9046727.0,0,0,0.0,0.03549,0.03549,0.03549,,,10871320.0,,10871320.0
2020-08-03,43,9367819.0,0,0,0.0,0.00218,0.00218,0.00218,,,126495.0,,126495.0
2020-08-04,43,9347419.0,0,0,0.0,0.03233,0.03233,0.03233,,,8992569.0,,8992569.0
2020-08-05,43,9616870.0,0,0,0.0,0.0532,0.0532,0.0532,,,18986398.0,,18986398.0
2020-08-06,43,10128460.0,0,0,0.0,0.02916,0.02916,0.02916,,,11389461.0,,11389461.0
2020-08-07,43,10423756.0,0,0,0.0,0.04722,0.04722,0.04722,,,18673634.0,,18673634.0
2020-08-10,43,10915926.0,0,0,0.0,0.01414,0.01414,0.01414,,,7394835.0,,7394835.0
2020-08-11,43,11061308.0,0,0,0.0,0.00858,0.00858,0.00858,,,8128779.0,,8128779.0
2020-08-12,43,11050515.0,0,0,0.0,0.02229,0.02229,0.02229,,,9099847.0,,9099847.0
2020-08-13,43,11296815.0,0,0,0.0,0.0,0.0,0.0,,,0.0,,0.0
2020-08-14,43,11296815.0,0,0,0.0,0.0087,0.0087,0.0087,,,3669335.0,,3669335.0
2020-08-17,43,11395135.0,0,0,0.0,0.04746,0.04746,0.04746,,,20621910.0,,20621910.0
2020-08-18,43,11935961.0,0,0,0.0,0.02311,0.02311,0.02311,,,18487852.0,,18487852.0
2020-08-19,43,12074206.0,0,0,0.0,0.01567,0.01567,0.01567,,,1448896.0,,1448896.0
2020-08-20,43,12263406.0,0,0,0.0,0.03297,0.03297,0.03297,,,15291815.0,,15291815.0
2020-08-21,43,12667718.0,0,0,0.0,0.00798,0.00798,0.00798,,,3821796.0,,3821796.0
2020-08-24,43,12768788.0,0,0,0.0,0.02375,0.02375,0.02375,,,11543013.0,,11543013.0
2020-08-25,43,13072010.0,0,0,0.0,0.01546,0.01546,0.01546,,,7767627.0,,7767627.0
2020-08-26,43,13274146.0,1,0,0.02326,0.01142,0.00897,0.01142,,,8840998.0,,8840998.0
2020-08-27,44,13387196.0,0,0,0.0,0.02205,0.02205,0.02205,,,12646213.0,,12646213.0
2020-08-28,44,13545410.0,0,0,0.0,0.02983,0.02983,0.02983,,,15945795.0,,15945795.0
2020-08-31,44,13949434.0,0,0,0.0,0.01086,0.01086,0.01086,,,5982090.0,,5982090.0
2020-09-01,44,14100943.0,0,0,0.0,0.03594,0.03594,0.03594,,,20532125.0,,20532125.0
2020-09-02,44,14602030.0,0,0,0.0,0.01581,0.01581,0.01581,,,8477351.0,,8477351.0
2020-09-03,44,14773506.0,0,0,0.0,0.0239,0.0239,0.0239,,,13710510.0,,13710510.0
2020-09-04,44,15124496.0,0,1,0.02273,0.02663,0.0266,0.02663,,,15260111.0,,15260111.0
2020-09-08,43,15526464.0,0,0,0.0,0.0,0.0,0.0,,,74.0,,74.0
2020-09-09,43,15526401.0,0,0,0.0,0.01623,0.01623,0.01623,,,9349442.0,,9349442.0
2020-09-10,43,15274376.0,0,1,0.02326,0.05011,0.05011,0.05011,,,29343657.0,,29343657.0
2020-09-11,42,14658097.0,0,0,0.0,0.02936,0.02936,0.02936,,,3108939.0,,3108939.0
2020-09-14,42,15041317.0,0,1,0.02381,0.00486,0.0,0.00486,,,19837308.0,,19837308.0
2020-09-15,41,14968281.0,1,0,0.02439,0.00488,0.0,0.00488,,,20301087.0,,20301087.0
2020-09-16,42,15041317.0,0,0,0.0,0.0,0.0,0.0,,,0.0,,0.0
2020-09-17,42,15041317.0,0,0,0.0,0.01009,0.01009,0.01009,,,5614959.0,,5614959.0
2020-09-18,42,15193033.0,0,0,0.0,0.0,0.0,0.0,,,0.0,,0.0
2020-09-21,42,15193033.0,0,0,0.0,0.0,0.0,0.0,,,0.0,,0.0
2020-09-22,42,15193033.0,0,0,0.0,0.01316,0.01316,0.01316,,,6529860.0,,6529860.0
2020-09-23,42,15186135.0,0,0,0.0,0.0498,0.0498,0.0498,,,31295427.0,,31295427.0
2020-09-24,42,15942329.0,0,0,0.0,0.02397,0.02397,0.02397,,,14963503.0,,14963503.0
2020-09-25,42,16137719.0,0,0,0.0,0.01232,0.01232,0.01232,,,7635042.0,,7635042.0
2020-09-28,42,16336539.0,0,0,0.0,0.0,0.0,0.0,,,0.0,,0.0
2020-09-29,42,16336539.0,0,0,0.0,0.00493,0.00493,0.00493,,,3768004.0,,3768004.0
2020-09-30,42,16417145.0,0,0,0.0,0.03136,0.03136,0.03136,,,19685305.0,,19685305.0
2020-10-01,42,16931985.0,0,0,0.0,0.0,0.0,0.0,,,0.0,,0.0
2020-10-02,42,16931985.0,0,0,0.0,0.01174,0.01174,0.01174,,,7956179.0,,7956179.0
2020-10-05,42,17130793.0,0,0,0.0,0.04352,0.04352,0.04352,,,30436330.0,,30436330.0
2020-10-06,42,17876323.0,1,0,0.02381,0.00794,0.00752,0.00794,,,18120777.0,,18120777.0
2020-10-07,43,17896070.0,0,0,0.0,0.02294,0.02294,0.02294,,,12744749.0,,12744749.0
2020-10-08,43,17949755.0,1,0,0.02326,0.01398,0.0065,0.01398,,,8566619.0,,8566619.0
2020-10-09,44,18161483.0,0,0,0.0,0.02514,0.02514,0.02514,,,19168968.0,,19168968.0
2020-10-12,44,18618091.0,0,0,0.0,0.00241,0.00241,0.00241,,,1626268.0,,1626268.0
2020-10-13,44,18647858.0,0,0,0.0,0.03887,0.03887,0.03887,,,39011746.0,,39011746.0
2020-10-14,44,19339820.0,0,0,0.0,0.02959,0.02959,0.02959,,,34601406.0,,34601406.0
2020-10-15,44,19868194.0,0,0,0.0,0.02158,0.02158,0.02158,,,21541913.0,,21541913.0
2020-10-16,44,20281549.0,0,0,0.0,0.0,0.0,0.0,,,0.0,,0.0
2020-10-19,44,20281549.0,0,0,0.0,0.0,0.0,0.0,,,0.0,,0.0
2020-10-20,44,20281549.0,0,0,0.0,0.00328,0.00328,0.00328,,,8653547.0,,8653547.0
2020-10-21,44,20266457.0,0,0,0.0,0.04254,0.04254,0.04254,,,17751033.0,,17751033.0
2020-10-22,44,21126818.0,0,0,0.0,0.02293,0.02293,0.02293,,,17376627.0,,17376627.0
2020-10-23,44,21611154.0,0,0,0.0,0.00418,0.00418,0.00418,,,554644.0,,554644.0
2020-10-26,44,21701554.0,0,0,0.0,0.00662,0.00662,0.00662,,,4422678.0,,4422678.0
2020-10-27,44,21845254.0,0,0,0.0,0.00858,0.00858,0.00858,,,8338514.0,,8338514.0
2020-10-28,44,22032650.0,1,0,0.02273,0.00713,0.00521,0.00713,,,11941155.0,,11941155.0
2020-10-29,45,22142214.0,0,0,0.0,0.0,0.0,0.0,,,0.0,,0.0
2020-10-30,45,22142214.0,0,0,0.0,0.01271,0.01271,0.01271,,,12004546.0,,12004546.0
2020-11-02,45,22423584.0,0,0,0.0,0.0,0.0,0.0,,,0.0,,0.0
2020-11-03,45,22423584.0,0,0,0.0,0.01131,0.01131,0.01131,,,9144943.0,,9144943.0
2020-11-04,45,22505778.0,0,0,0.0,0.01156,0.01156,0.01156,,,19569390.0,,19569390.0
2020-11-05,45,22566695.0,0,1,0.02222,0.02808,0.02808,0.02808,,,5398696.0,,5398696.0
2020-11-06,44,23153786.0,0,0,0.0,0.02552,0.02552,0.02552,,,28716084.0,,28716084.0
2020-11-09,44,23743282.0,0,0,0.0,0.03683,0.03683,0.03683,,,38371233.0,,38371233.0
2020-11-10,44,24617794.0,0,0,0.0,0.0261,0.0261,0.0261,,,42562212.0,,42562212.0
2020-11-11,44,24944827.0,0,0,0.0,0.02136,0.02136,0.02136,,,23206091.0,,23206091.0
2020-11-12,44,25477634.0,0,0,0.0,0.0,0.0,0.0,,,0.0,,0.0
2020-11-13,44,25477634.0,0,0,0.0,0.0038,0.0038,0.0038,,,4275329.0,,4275329.0
2020-11-16,44,25574518.0,0,0,0.0,0.00379,0.00379,0.00379,,,4287836.0,,4287836.0
2020-11-17,44,25671406.0,0,0,0.0,0.00774,0.00774,0.00774,,,10549869.0,,10549869.0
2020-11-18,44,25811078.0,1,0,0.02273,0.05555,0.05439,0.05555,,,26041820.0,,26041820.0
2020-11-19,45,24904955.0,0,0,0.0,0.00997,0.00997,0.00997,,,14747559.0,,14747559.0
2020-11-20,45,25151666.0,1,0,0.02222,0.01776,0.01206,0.01776,,,23816583.0,,23816583.0
2020-11-23,46,25503754.0,0,0,0.0,0.00549,0.00549,0.00549,,,6694686.0,,6694686.0
2020-11-24,46,25643887.0,0,0,0.0,0.00302,0.00302,0.00302,,,4349066.0,,4349066.0
2020-11-25,46,25721317.0,0,0,0.0,0.02587,0.02587,0.02587,,,31551992.0,,31551992.0
2020-11-27,46,26386609.0,0,0,0.0,0.00352,0.00352,0.00352,,,4569683.0,,4569683.0
2020-11-30,46,26479545.0,0,0,0.0,0.0,0.0,0.0,,,0.0,,0.0
2020-12-01,46,26479545.0,0,0,0.0,0.01229,0.01229,0.01229,,,15837749.0,,15837749.0
2020-12-02,46,26804884.0,1,0,0.02174,0.0176,0.01387,0.0176,,,19057276.0,,19057276.0
2020-12-03,47,27276692.0,0,0,0.0,0.02559,0.02559,0.02559,,,34253535.0,,34253535.0
2020-12-04,47,27974802.0,0,0,0.0,0.0108,0.0108,0.0108,,,18133318.0,,18133318.0
2020-12-07,47,28017445.0,0,1,0.02128,0.04151,0.0165,0.04151,,,38321903.0,,38321903.0
2020-12-08,46,27755382.0,1,0,0.02174,0.03614,0.00974,0.03614,,,32282170.0,,32282170.0
2020-12-09,47,28758377.0,0,0,0.0,0.00805,0.00805,0.00805,,,11493117.0,,11493117.0
2020-12-10,47,28989907.0,0,0,0.0,0.049,0.049,0.049,,,77716342.0,,77716342.0
2020-12-11,47,29521060.0,1,0,0.02128,0.01484,0.0,0.01484,,,7636427.0,,7636427.0
2020-12-14,48,29959060.0,0,0,0.0,0.01233,0.01233,0.01233,,,18814843.0,,18814843.0
2020-12-15,48,30328352.0,0,0,0.0,0.01686,0.01686,0.01686,,,26147858.0,,26147858.0
2020-12-16,48,30839702.0,0,0,0.0,0.02705,0.02705,0.02705,,,43279520.0,,43279520.0
2020-12-17,48,31673912.0,1,0,0.02083,0.02653,0.02633,0.02653,,,31613995.0,,31613995.0
2020-12-18,49,32307971.0,0,0,0.0,0.01897,0.01897,0.01897,,,31309813.0,,31309813.0
2020-12-21,49,32920838.0,0,0,0.0,0.03991,0.03991,0.03991,,,67124564.0,,67124564.0
2020-12-22,49,34234546.0,0,0,0.0,0.01284,0.01284,0.01284,,,38940894.0,,38940894.0
2020-12-23,49,34353665.0,0,0,0.0,0.05863,0.05863,0.05863,,,104818212.0,,104818212.0
2020-12-24,49,35682781.0,0,0,0.0,0.06007,0.06007,0.06007,,,81537233.0,,81537233.0
2020-12-28,49,37104476.0,0,1,0.02041,0.04522,0.04522,0.04522,,,67080170.0,,67080170.0
2020-12-29,48,38470042.0,0,2,0.04167,0.01155,0.0115,0.01155,,,23211633.0,,23211633.0
2020-12-30,46,38322747.0,0,0,0.0,0.04439,0.04439,0.04439,,,64471397.0,,64471397.0
2020-12-31,46,38025418.0,0,0,0.0,5e-05,5e-05,5e-05,,,119505.0,,119505.0
2021-01-04,46,38027199.0,0,0,0.0,7e-05,7e-05,7e-05,,,165750.0,,165750.0
2021-01-05,46,38029718.0,0,0,0.0,0.0072,0.0072,0.0072,,,14320887.0,,14320887.0
2021-01-06,46,38303396.0,0,0,0.0,0.02977,0.02977,0.02977,,,58659710.0,,58659710.0
2021-01-07,46,39443696.0,0,0,0.0,0.01272,0.01272,0.01272,,,26592818.0,,26592818.0
2021-01-08,46,39945439.0,0,0,0.0,0.00354,0.00354,0.00354,,,7458935.0,,7458935.0
2021-01-11,46,40077492.0,0,2,0.04348,0.02927,0.02886,0.02927,,,65618853.0,,65618853.0
2021-01-12,44,41216826.0,0,0,0.0,0.02102,0.02102,0.02102,,,51027920.0,,51027920.0
2021-01-13,44,42083156.0,0,0,0.0,0.00223,0.00223,0.00223,,,712541.0,,712541.0
2021-01-14,44,42177156.0,0,0,0.0,0.02488,0.02488,0.02488,,,57059660.0,,57059660.0
2021-01-15,44,43226669.0,0,0,0.0,0.01319,0.01319,0.01319,,,34285200.0,,34285200.0
2021-01-19,44,43796799.0,0,0,0.0,0.01463,0.01463,0.01463,,,35290157.0,,35290157.0
2021-01-20,44,44437341.0,0,0,0.0,0.00786,0.00786,0.00786,,,17985115.0,,17985115.0
2021-01-21,44,44739903.0,0,0,0.0,0.01028,0.01028,0.01028,,,22827026.0,,22827026.0
2021-01-22,44,45156433.0,0,0,0.0,0.07305,0.07305,0.07305,,,134904670.0,,134904670.0
2021-01-25,44,48256288.0,0,0,0.0,0.00242,0.00242,0.00242,,,1255841.0,,1255841.0
2021-01-26,44,48373088.0,0,0,0.0,0.01454,0.01454,0.01454,,,53814872.0,,53814872.0
2021-01-27,44,49060781.0,0,0,0.0,0.04834,0.04834,0.04834,,,68530519.0,,68530519.0
2021-01-28,44,51432229.0,0,0,0.0,0.01221,0.01221,0.01221,,,32520455.0,,32520455.0
2021-01-29,44,52060181.0,0,0,0.0,0.00928,0.00928,0.00928,,,24798321.0,,24798321.0
2021-02-01,44,52543205.0,0,1,0.02273,0.0,0.0,0.0,,,367.0,,367.0
2021-02-02,43,52543181.0,1,0,0.02326,0.0,0.0,0.0,,,410.0,,410.0
2021-02-03,44,52543205.0,0,0,0.0,0.01627,0.01627,0.01627,,,51175519.0,,51175519.0
2021-02-04,44,53352587.0,0,0,0.0,0.02811,0.02811,0.02811,,,84015804.0,,84015804.0
2021-02-05,44,54852522.0,1,0,0.02273,0.03537,0.03357,0.03537,,,141832758.0,,141832758.0
2021-02-08,45,56097241.0,0,0,0.0,0.02958,0.02958,0.02958,,,89842542.0,,89842542.0
2021-02-09,45,57555621.0,1,0,0.02222,0.03478,0.03003,0.03478,,,171427131.0,,171427131.0
2021-02-10,46,58873366.0,0,0,0.0,0.03995,0.03995,0.03995,,,143871379.0,,143871379.0
2021-02-11,46,61175706.0,1,0,0.02174,0.09047,0.08233,0.09047,,,305144296.0,,305144296.0
2021-02-12,47,66650689.0,0,0,0.0,0.06768,0.06768,0.06768,,,188224782.0,,188224782.0
2021-02-16,47,71047730.0,0,0,0.0,0.03295,0.03295,0.03295,,,140273167.0,,140273167.0
2021-02-17,47,73388596.0,0,0,0.0,0.03103,0.03103,0.03103,,,136426458.0,,136426458.0
2021-02-18,47,75665556.0,0,0,0.0,0.06513,0.06513,0.06513,,,291224430.0,,291224430.0
2021-02-19,47,80593780.0,0,0,0.0,0.01809,0.01809,0.01809,,,87030405.0,,87030405.0
2021-02-22,47,82052103.0,0,0,0.0,0.00929,0.00929,0.00929,,,59430354.0,,59430354.0
2021-02-23,47,82814667.0,0,0,0.0,0.02926,0.02926,0.02926,,,156736748.0,,156736748.0
2021-02-24,47,84755827.0,0,0,0.0,0.0146,0.0146,0.0146,,,74229973.0,,74229973.0
2021-02-25,47,85635686.0,0,0,0.0,0.0247,0.0247,0.0247,,,132735829.0,,132735829.0
2021-02-26,47,84182243.0,0,0,0.0,0.02216,0.02216,0.02216,,,125815083.0,,125815083.0
2021-03-01,47,84847768.0,0,0,0.0,0.01232,0.01232,0.01232,,,38680717.0,,38680717.0
2021-03-02,47,85271029.0,0,1,0.02128,0.00583,0.00583,0.00583,,,39733210.0,,39733210.0
2021-03-03,46,85118622.0,0,0,0.0,0.00315,0.00315,0.00315,,,13830085.0,,13830085.0
2021-03-04,46,85386708.0,0,0,0.0,0.00369,0.00369,0.00369,,,15192944.0,,15192944.0
2021-03-05,46,85701869.0,0,0,0.0,0.00728,0.00728,0.00728,,,40159280.0,,40159280.0
2021-03-08,46,85212471.0,0,0,0.0,0.02525,0.02525,0.02525,,,105457944.0,,105457944.0
2021-03-09,46,83246959.0,0,0,0.0,0.03551,0.03551,0.03551,,,165394812.0,,165394812.0
2021-03-10,46,80666061.0,0,0,0.0,0.01458,0.01458,0.01458,,,55988266.0,,55988266.0
2021-03-11,46,79500421.0,0,0,0.0,0.00533,0.00533,0.00533,,,21609435.0,,21609435.0
2021-03-12,46,79923936.0,0,0,0.0,0.03208,0.03208,0.03208,,,65632730.0,,65632730.0
2021-03-15,46,82303341.0,0,0,0.0,0.0285,0.0285,0.0285,,,117307470.0,,117307470.0
2021-03-16,46,84649204.0,0,0,0.0,0.02568,0.02568,0.02568,,,35704402.0,,35704402.0
2021-03-17,46,86738886.0,0,0,0.0,0.01674,0.01674,0.01674,,,67437274.0,,67437274.0
2021-03-18,46,87781136.0,0,0,0.0,0.00426,0.00426,0.00426,,,9807390.0,,9807390.0
2021-03-19,46,88155423.0,0,0,0.0,0.00247,0.00247,0.00247,,,10249264.0,,10249264.0
2021-03-22,46,88373547.0,0,0,0.0,0.0,0.0,0.0,,,0.0,,0.0
2021-03-23,46,88373547.0,0,0,0.0,0.0,0.0,0.0,,,0.0,,0.0
2021-03-24,46,88373547.0,0,0,0.0,0.00494,0.00494,0.00494,,,19186991.0,,19186991.0
2021-03-25,46,88809787.0,0,0,0.0,0.00097,0.00097,0.00097,,,33494500.0,,33494500.0
2021-03-26,46,88880850.0,0,0,0.0,0.00734,0.00734,0.00734,,,41613063.0,,41613063.0
2021-03-29,46,89159777.0,0,0,0.0,0.01288,0.01288,0.01288,,,27140214.0,,27140214.0
2021-03-30,46,89858871.0,0,0,0.0,0.01118,0.01118,0.01118,,,31877832.0,,31877832.0
2021-03-31,46,90347928.0,0,0,0.0,0.00354,0.00354,0.00354,,,23205024.0,,23205024.0
2021-04-01,46,90320206.0,0,0,0.0,0.00707,0.00707,0.00707,,,92307608.0,,92307608.0
2021-04-06,46,90480703.0,0,0,0.0,0.0031,0.0031,0.0031,,,12928958.0,,12928958.0
2021-04-07,46,90760934.0,0,0,0.0,0.00593,0.00593,0.00593,,,32350142.0,,32350142.0
2021-04-08,46,90946695.0,0,0,0.0,0.0279,0.0279,0.0279,,,66712404.0,,66712404.0
2021-04-09,46,93452365.0,0,0,0.0,0.00646,0.00646,0.00646,,,6751959.0,,6751959.0
2021-04-12,46,94056165.0,0,0,0.0,0.00913,0.00913,0.00913,,,39384668.0,,39384668.0
2021-04-13,46,94914975.0,0,0,0.0,0.00736,0.00736,0.00736,,,23927995.0,,23927995.0
2021-04-14,46,95483026.0,0,4,0.08696,0.00079,0.0006,0.00079,,,4575677.0,,4575677.0
2021-04-15,42,95500368.0,1,0,0.02381,0.00232,0.00138,0.00232,,,62366148.0,,62366148.0
2021-04-16,43,95457921.0,0,0,0.0,0.0031,0.0031,0.0031,,,30008167.0,,30008167.0
2021-04-19,43,95679558.0,0,0,0.0,0.00047,0.00047,0.00047,,,12655546.0,,12655546.0
2021-04-20,43,95674174.0,0,0,0.0,0.01239,0.01239,0.01239,,,67549887.0,,67549887.0
2021-04-21,43,95776140.0,0,0,0.0,0.00813,0.00813,0.00813,,,44755083.0,,44755083.0
2021-04-22,43,95474855.0,1,0,0.02326,0.01093,0.00844,0.01093,,,66991064.0,,66991064.0
2021-04-23,44,95647840.0,0,0,0.0,0.00126,0.00126,0.00126,,,5511995.0,,5511995.0
2021-04-26,44,95527313.0,0,0,0.0,0.00149,0.00149,0.00149,,,10839368.0,,10839368.0
2021-04-27,44,95384635.0,0,0,0.0,0.0003,0.0003,0.0003,,,2142769.0,,2142769.0
2021-04-28,44,95413065.0,0,0,0.0,0.00803,0.00803,0.00803,,,84168254.0,,84168254.0
2021-04-29,44,95683201.0,0,0,0.0,0.0,0.0,0.0,,,0.0,,0.0
2021-04-30,44,95683201.0,0,0,0.0,0.00375,0.00375,0.00375,,,15329512.0,,15329512.0
2021-05-03,44,95324153.0,0,0,0.0,0.0,0.0,0.0,,,0.0,,0.0
2021-05-04,44,95324153.0,1,0,0.02273,0.00813,0.00569,0.00813,,,61117186.0,,61117186.0
2021-05-05,45,95266128.0,0,0,0.0,0.00398,0.00398,0.00398,,,25733170.0,,25733170.0
2021-05-06,45,95058730.0,1,0,0.02222,0.02439,0.01038,0.02439,,,120355754.0,,120355754.0
2021-05-07,46,95404735.0,0,0,0.0,0.01451,0.01451,0.01451,,,163778766.0,,163778766.0
2021-05-10,46,95173451.0,0,0,0.0,0.02126,0.02126,0.02126,,,89127481.0,,89127481.0
2021-05-11,46,93905336.0,0,0,0.0,0.01127,0.01127,0.01127,,,57885534.0,,57885534.0
2021-05-12,46,92983654.0,0,0,0.0,0.02321,0.02321,0.02321,,,84397830.0,,84397830.0
2021-05-13,46,90935002.0,0,0,0.0,0.01896,0.01896,0.01896,,,63261258.0,,63261258.0
2021-05-14,46,89297328.0,0,0,0.0,0.01917,0.01917,0.01917,,,88844746.0,,88844746.0
2021-05-17,46,87974386.0,0,0,0.0,0.0159,0.0159,0.0159,,,41240743.0,,41240743.0
2021-05-18,46,86682853.0,0,2,0.04348,0.01082,0.01081,0.01082,,,84098581.0,,84098581.0
2021-05-19,44,86215633.0,0,0,0.0,0.01198,0.01198,0.01198,,,44695223.0,,44695223.0
2021-05-20,44,85551461.0,0,0,0.0,5e-05,5e-05,5e-05,,,340240.0,,340240.0
2021-05-21,44,85555714.0,0,2,0.04545,0.0093,0.00929,0.0093,,,27922106.0,,27922106.0
2021-05-24,42,84840154.0,0,0,0.0,0.00276,0.00276,0.00276,,,1674526.0,,1674526.0
2021-05-25,42,84609621.0,0,0,0.0,0.00478,0.00478,0.00478,,,12275164.0,,12275164.0
2021-05-26,42,84474420.0,0,0,0.0,0.02959,0.02959,0.02959,,,25891814.0,,25891814.0
2021-05-27,42,84380992.0,0,1,0.02381,0.01479,0.01478,0.01479,,,6635245.0,,6635245.0
2021-05-28,41,84273534.0,0,0,0.0,0.03011,0.03011,0.03011,,,27381559.0,,27381559.0
2021-06-01,41,83776218.0,0,0,0.0,0.04099,0.04099,0.04099,,,16969248.0,,16969248.0
2021-06-02,41,85514870.0,0,0,0.0,0.00143,0.00143,0.00143,,,5807777.0,,5807777.0
2021-06-03,41,85637559.0,0,0,0.0,0.001,0.001,0.001,,,6291063.0,,6291063.0
2021-06-04,41,85561463.0,1,0,0.02439,0.00096,0.00091,0.00096,,,16411445.0,,16411445.0
2021-06-07,42,85497869.0,0,0,0.0,0.00115,0.00115,0.00115,,,14070402.0,,14070402.0
2021-06-08,42,85406914.0,0,0,0.0,1e-05,1e-05,1e-05,,,117813.0,,117813.0
2021-06-09,42,85408170.0,0,0,0.0,3e-05,3e-05,3e-05,,,244118.0,,244118.0
2021-06-10,42,85410767.0,0,0,0.0,0.00374,0.00374,0.00374,,,29175816.0,,29175816.0
2021-06-11,42,85607588.0,0,0,0.0,0.00012,0.00012,0.00012,,,914085.0,,914085.0
2021-06-14,42,85617470.0,0,0,0.0,3e-05,3e-05,3e-05,,,223339.0,,223339.0
2021-06-15,42,85619816.0,0,0,0.0,0.00616,0.00616,0.00616,,,40996128.0,,40996128.0
2021-06-16,42,85773509.0,0,0,0.0,0.00258,0.00258,0.00258,,,12930350.0,,12930350.0
2021-06-17,42,85895930.0,0,0,0.0,0.00084,0.00084,0.00084,,,5359767.0,,5359767.0
2021-06-18,42,85897776.0,0,0,0.0,0.00066,0.00066,0.00066,,,4231725.0,,4231725.0
2021-06-21,42,85841353.0,0,0,0.0,0.00326,0.00326,0.00326,,,15674638.0,,15674638.0
2021-06-22,42,86075471.0,0,0,0.0,0.01026,0.01026,0.01026,,,62430784.0,,62430784.0
2021-06-23,42,85594980.0,0,0,0.0,0.00851,0.00851,0.00851,,,13165233.0,,13165233.0
2021-06-24,42,86323637.0,0,0,0.0,0.01128,0.01128,0.01128,,,11592936.0,,11592936.0
2021-06-25,42,87297337.0,0,0,0.0,0.00511,0.00511,0.00511,,,9145375.0,,9145375.0
2021-06-28,42,87740175.0,0,0,0.0,0.0,0.0,0.0,,,0.0,,0.0
2021-06-29,42,87740175.0,0,0,0.0,0.00184,0.00184,0.00184,,,40256816.0,,40256816.0
2021-06-30,42,87743834.0,0,0,0.0,0.0053,0.0053,0.0053,,,21610421.0,,21610421.0
2021-07-01,42,88209122.0,0,0,0.0,0.0,0.0,0.0,,,0.0,,0.0
2021-07-02,42,88209122.0,0,0,0.0,0.0,0.0,0.0,,,0.0,,0.0
2021-07-06,42,88209122.0,0,0,0.0,0.0,0.0,0.0,,,0.0,,0.0
2021-07-07,42,88209122.0,0,0,0.0,0.00438,0.00438,0.00438,,,45209222.0,,45209222.0
2021-07-08,42,87991316.0,0,0,0.0,0.0038,0.0038,0.0038,,,33269246.0,,33269246.0
2021-07-09,42,88215847.0,0,0,0.0,0.0,0.0,0.0,,,0.0,,0.0
2021-07-12,42,88215847.0,0,0,0.0,0.0,0.0,0.0,,,0.0,,0.0
2021-07-13,42,88215847.0,1,0,0.02381,0.00161,0.00075,0.00161,,,8542378.0,,8542378.0
2021-07-14,43,88224855.0,0,0,0.0,0.00738,0.00738,0.00738,,,30960268.0,,30960268.0
2021-07-15,43,88060165.0,0,0,0.0,0.00223,0.00223,0.00223,,,8843822.0,,8843822.0
2021-07-16,43,88018489.0,0,0,0.0,0.0,0.0,0.0,,,0.0,,0.0
2021-07-19,43,88018489.0,0,0,0.0,0.00815,0.00815,0.00815,,,30531745.0,,30531745.0
2021-07-20,43,87300829.0,0,0,0.0,0.00184,0.00184,0.00184,,,14264211.0,,14264211.0
2021-07-21,43,87185573.0,0,0,0.0,0.00491,0.00491,0.00491,,,26546579.0,,26546579.0
2021-07-22,43,87037746.0,0,0,0.0,0.0048,0.0048,0.0048,,,18423639.0,,18423639.0
2021-07-23,43,86619531.0,0,0,0.0,0.0,0.0,0.0,,,0.0,,0.0
2021-07-26,43,86619531.0,0,0,0.0,0.0,0.0,0.0,,,0.0,,0.0
2021-07-27,43,86619531.0,0,0,0.0,0.04731,0.04731,0.04731,,,239991790.0,,239991790.0
2021-07-28,43,85824440.0,0,0,0.0,0.07445,0.07445,0.07445,,,214921843.0,,214921843.0
2021-07-29,43,83949054.0,0,0,0.0,0.0446,0.0446,0.0446,,,59095702.0,,59095702.0
2021-07-30,43,80295244.0,1,0,0.02326,0.01444,0.00966,0.01444,,,34738495.0,,34738495.0
2021-08-02,44,79908336.0,0,1,0.02273,0.01375,0.01374,0.01375,,,60031289.0,,60031289.0
2021-08-03,43,79510116.0,1,0,0.02326,0.00685,0.00605,0.00685,,,39698315.0,,39698315.0
2021-08-04,44,79093528.0,0,1,0.02273,0.00641,0.0064,0.00641,,,43318884.0,,43318884.0
2021-08-05,43,78947751.0,0,0,0.0,0.00283,0.00283,0.00283,,,10432906.0,,10432906.0
2021-08-06,43,78724127.0,0,0,0.0,0.0,0.0,0.0,,,0.0,,0.0
2021-08-09,43,78724127.0,0,0,0.0,0.0,0.0,0.0,,,0.0,,0.0
2021-08-10,43,78724127.0,0,0,0.0,0.00194,0.00194,0.00194,,,7863077.0,,7863077.0
2021-08-11,43,78571756.0,0,0,0.0,0.00801,0.00801,0.00801,,,9651550.0,,9651550.0
2021-08-12,43,78031794.0,0,0,0.0,0.01055,0.01055,0.01055,,,24179252.0,,24179252.0
2021-08-13,43,77595627.0,1,0,0.02326,0.02534,0.02056,0.02534,,,42439342.0,,42439342.0
2021-08-16,44,76531125.0,0,0,0.0,0.00614,0.00614,0.00614,,,4955432.0,,4955432.0
2021-08-17,44,76082921.0,0,0,0.0,0.01757,0.01757,0.01757,,,115905942.0,,115905942.0
2021-08-18,44,76607241.0,0,0,0.0,0.01692,0.01692,0.01692,,,31674966.0,,31674966.0
2021-08-19,44,76132526.0,0,0,0.0,0.01102,0.01102,0.01102,,,21687649.0,,21687649.0
2021-08-20,44,75657514.0,0,0,0.0,0.01094,0.01094,0.01094,,,13109394.0,,13109394.0
2021-08-23,44,75330223.0,0,0,0.0,0.03442,0.03442,0.03442,,,36673369.0,,36673369.0
2021-08-24,44,73607930.0,0,0,0.0,0.00721,0.00721,0.00721,,,25871118.0,,25871118.0
2021-08-25,44,73098474.0,0,0,0.0,0.01871,0.01871,0.01871,,,26670904.0,,26670904.0
2021-08-26,44,72086295.0,0,1,0.02273,0.04874,0.03069,0.04874,,,96682224.0,,96682224.0
2021-08-27,43,69557011.0,0,2,0.04651,0.01619,0.01586,0.01619,,,18930923.0,,18930923.0
2021-08-30,41,68558557.0,0,1,0.02439,0.03485,0.03474,0.03485,,,28906860.0,,28906860.0
2021-08-31,40,66367963.0,0,0,0.0,0.02035,0.02035,0.02035,,,11878064.0,,11878064.0
2021-09-01,40,65162087.0,0,0,0.0,0.02754,0.02754,0.02754,,,49218744.0,,49218744.0
2021-09-02,40,64305421.0,0,0,0.0,0.02877,0.02877,0.02877,,,11618658.0,,11618658.0
2021-09-03,40,62493081.0,0,0,0.0,0.03573,0.03573,0.03573,,,40077981.0,,40077981.0
2021-09-07,40,61083811.0,0,1,0.025,0.02393,0.02393,0.02393,,,22619559.0,,22619559.0
2021-09-08,39,60319714.0,0,0,0.0,0.03353,0.03353,0.03353,,,19925950.0,,19925950.0
2021-09-09,39,59378487.0,0,0,0.0,0.06148,0.06148,0.06148,,,65472335.0,,65472335.0
2021-09-10,39,57005916.0,0,1,0.02564,0.02694,0.02693,0.02694,,,15113490.0,,15113490.0
2021-09-13,38,55879844.0,0,0,0.0,0.02955,0.02955,0.02955,,,8618758.0,,8618758.0
2021-09-14,38,54779322.0,0,0,0.0,0.0298,0.0298,0.0298,,,74874510.0,,74874510.0
2021-09-15,38,53749557.0,0,0,0.0,0.0189,0.0189,0.0189,,,46151002.0,,46151002.0
2021-09-16,38,53640177.0,0,1,0.02632,0.01557,0.01546,0.01557,,,16415673.0,,16415673.0
2021-09-17,37,53005757.0,0,0,0.0,0.01286,0.01286,0.01286,,,15010514.0,,15010514.0
2021-09-20,37,52974646.0,0,0,0.0,0.01565,0.01565,0.01565,,,23124354.0,,23124354.0
2021-09-21,37,52145422.0,0,0,0.0,0.00956,0.00956,0.00956,,,32821711.0,,32821711.0
2021-09-22,37,52026991.0,0,0,0.0,0.01088,0.01088,0.01088,,,28158379.0,,28158379.0
2021-09-23,37,51580099.0,1,0,0.02703,0.00178,0.00149,0.00178,,,6142533.0,,6142533.0
2021-09-24,38,51518067.0,0,0,0.0,0.00224,0.00224,0.00224,,,7882305.0,,7882305.0
2021-09-27,38,51402489.0,0,0,0.0,0.0045,0.0045,0.0045,,,15571178.0,,15571178.0
2021-09-28,38,51171297.0,0,0,0.0,0.01384,0.01384,0.01384,,,69849214.0,,69849214.0
2021-09-29,38,51234036.0,0,0,0.0,0.0,0.0,0.0,,,0.0,,0.0
2021-09-30,38,51234036.0,0,0,0.0,0.00304,0.00304,0.00304,,,9749279.0,,9749279.0
2021-10-01,38,51078360.0,0,0,0.0,0.00533,0.00533,0.00533,,,17230669.0,,17230669.0
2021-10-04,38,50805920.0,0,6,0.15789,0.37217,0.00612,0.37217,,,353550097.0,,353550097.0
2021-10-05,32,31897390.0,5,0,0.15625,0.60401,0.02214,0.60401,,,386810140.0,,386810140.0
2021-10-06,37,50279245.0,0,0,0.0,0.0704,0.0704,0.0704,,,81001262.0,,81001262.0
2021-10-07,37,47515718.0,0,0,0.0,0.0024,0.0024,0.0024,,,9997074.0,,9997074.0
2021-10-08,37,47483245.0,0,0,0.0,0.00156,0.00156,0.00156,,,5092671.0,,5092671.0
2021-10-11,37,47409121.0,0,0,0.0,0.00392,0.00392,0.00392,,,12626738.0,,12626738.0
2021-10-12,37,47223281.0,0,0,0.0,0.00526,0.00526,0.00526,,,9517591.0,,9517591.0
2021-10-13,37,47050056.0,0,0,0.0,0.00072,0.00072,0.00072,,,1256877.0,,1256877.0
2021-10-14,37,47025037.0,0,0,0.0,0.0,0.0,0.0,,,0.0,,0.0
2021-10-15,37,47025037.0,0,0,0.0,0.0,0.0,0.0,,,0.0,,0.0
2021-10-18,37,47025037.0,0,0,0.0,0.0,0.0,0.0,,,0.0,,0.0
2021-10-19,37,47025037.0,0,0,0.0,0.0,0.0,0.0,,,0.0,,0.0
2021-10-20,37,47025037.0,0,0,0.0,0.0,0.0,0.0,,,0.0,,0.0
2021-10-21,37,47025037.0,0,0,0.0,0.0,0.0,0.0,,,0.0,,0.0
2021-10-22,37,47025037.0,0,0,0.0,0.00549,0.00549,0.00549,,,19015881.0,,19015881.0
2021-10-25,37,47283365.0,0,0,0.0,0.0,0.0,0.0,,,0.0,,0.0
2021-10-26,37,47283365.0,1,0,0.02703,0.03055,0.02887,0.03055,,,119837074.0,,119837074.0
2021-10-27,38,47708361.0,0,0,0.0,0.01414,0.01414,0.01414,,,63429689.0,,63429689.0
2021-10-28,38,47933545.0,0,0,0.0,0.00541,0.00541,0.00541,,,15707259.0,,15707259.0
2021-11-12,38,48153770.0,0,0,0.0,0.1041,0.1041,0.1041,,,268047540.0,,268047540.0
2021-11-15,38,45928526.0,0,0,0.0,0.00157,0.00157,0.00157,,,5278127.0,,5278127.0
2021-11-16,38,45856252.0,0,0,0.0,0.03031,0.03031,0.03031,,,61982030.0,,61982030.0
2021-11-17,38,45791334.0,0,0,0.0,0.01464,0.01464,0.01464,,,31648138.0,,31648138.0
2021-11-18,38,45671078.0,0,0,0.0,0.04474,0.04474,0.04474,,,44208595.0,,44208595.0
2021-11-19,38,44343076.0,0,0,0.0,0.00689,0.00689,0.00689,,,29353842.0,,29353842.0
2021-11-22,38,44133039.0,0,0,0.0,0.00623,0.00623,0.00623,,,19377341.0,,19377341.0
2021-11-23,38,43858204.0,0,0,0.0,0.04302,0.04302,0.04302,,,175776159.0,,175776159.0
2021-11-24,38,44181797.0,0,0,0.0,0.05227,0.05227,0.05227,,,86372554.0,,86372554.0
2021-11-26,38,44263027.0,0,0,0.0,0.01312,0.01312,0.01312,,,32911421.0,,32911421.0
2021-11-29,38,44090532.0,0,0,0.0,0.00365,0.00365,0.00365,,,5450036.0,,5450036.0
2021-11-30,38,44128285.0,0,0,0.0,0.02058,0.02058,0.02058,,,57624300.0,,57624300.0
2021-12-01,38,44000566.0,1,0,0.02632,0.01716,0.00972,0.01716,,,33819143.0,,33819143.0
2021-12-02,39,44657707.0,0,0,0.0,0.01713,0.01713,0.01713,,,43025381.0,,43025381.0
2021-12-03,39,44448394.0,0,0,0.0,0.02148,0.02148,0.02148,,,64137596.0,,64137596.0
2021-12-06,39,43885529.0,0,0,0.0,0.01047,0.01047,0.01047,,,47849725.0,,47849725.0
2021-12-07,39,43636170.0,0,0,0.0,0.01617,0.01617,0.01617,,,58085447.0,,58085447.0
2021-12-08,39,43404772.0,0,0,0.0,0.00601,0.00601,0.00601,,,17286513.0,,17286513.0
2021-12-09,39,43166505.0,0,0,0.0,0.0,0.0,0.0,,,0.0,,0.0
2021-12-10,39,43166505.0,1,0,0.02564,0.02991,0.00147,0.02991,,,22966309.0,,22966309.0
2021-12-13,40,44331242.0,0,0,0.0,0.0,0.0,0.0,,,0.0,,0.0
2021-12-14,40,44331242.0,0,0,0.0,0.03088,0.03088,0.03088,,,85321785.0,,85321785.0
2021-12-15,40,45349990.0,0,2,0.05,0.00496,0.00496,0.00496,,,14383069.0,,14383069.0
2021-12-16,38,45281984.0,0,0,0.0,0.00174,0.00174,0.00174,,,4179539.0,,4179539.0
2021-12-17,38,45203250.0,0,0,0.0,0.01371,0.01371,0.01371,,,31941635.0,,31941635.0
2021-12-20,38,44583698.0,0,0,0.0,0.02177,0.02177,0.02177,,,50450884.0,,50450884.0
2021-12-21,38,43613248.0,0,0,0.0,0.02546,0.02546,0.02546,,,51409959.0,,51409959.0
2021-12-22,38,43963592.0,0,0,0.0,0.03227,0.03227,0.03227,,,24096853.0,,24096853.0
2021-12-23,38,42961628.0,0,0,0.0,0.0,0.0,0.0,,,0.0,,0.0
2021-12-27,38,42961628.0,0,0,0.0,0.00112,0.00112,0.00112,,,1413120.0,,1413120.0
2021-12-28,38,43009628.0,0,2,0.05263,0.0,0.0,0.0,,,20018.0,,20018.0
2021-12-29,36,43009433.0,0,0,0.0,0.00625,0.00625,0.00625,,,13035327.0,,13035327.0
2021-12-30,36,43056557.0,0,0,0.0,0.02311,0.02311,0.02311,,,51613210.0,,51613210.0
2021-12-31,36,42061371.0,0,0,0.0,0.00552,0.00552,0.00552,,,12434474.0,,12434474.0
2022-01-03,36,41829375.0,0,0,0.0,0.0,0.0,0.0,,,0.0,,0.0
2022-01-04,36,41829375.0,0,0,0.0,0.01535,0.01535,0.01535,,,25391825.0,,25391825.0
2022-01-05,36,41970444.0,0,0,0.0,0.0316,0.0316,0.0316,,,60749006.0,,60749006.0
2022-01-06,36,41518298.0,0,0,0.0,0.00398,0.00398,0.00398,,,14611084.0,,14611084.0
2022-01-07,36,41407837.0,0,0,0.0,0.0217,0.0217,0.0217,,,42418638.0,,42418638.0
2022-01-10,36,40509158.0,0,0,0.0,0.00482,0.00482,0.00482,,,9117104.0,,9117104.0
2022-01-11,36,40313808.0,0,0,0.0,0.04189,0.04189,0.04189,,,120729807.0,,120729807.0
2022-01-12,36,40027833.0,0,0,0.0,0.00977,0.00977,0.00977,,,22185082.0,,22185082.0
2022-01-13,36,39730009.0,0,0,0.0,0.0,0.0,0.0,,,0.0,,0.0
2022-01-14,36,39730009.0,1,0,0.02778,0.00843,0.00668,0.00843,,,12056217.0,,12056217.0
2022-01-18,37,39537067.0,0,0,0.0,0.00182,0.00182,0.00182,,,3686682.0,,3686682.0
2022-01-19,37,39511085.0,0,0,0.0,0.01967,0.01967,0.01967,,,44502378.0,,44502378.0
2022-01-20,37,39148519.0,0,0,0.0,0.00498,0.00498,0.00498,,,8265186.0,,8265186.0
2022-01-21,37,38953489.0,0,0,0.0,0.0,0.0,0.0,,,0.0,,0.0
2022-01-24,37,38953489.0,0,0,0.0,0.002,0.002,0.002,,,3101099.0,,3101099.0
2022-01-25,37,38875451.0,0,0,0.0,0.0,0.0,0.0,,,0.0,,0.0
2022-01-26,37,38875451.0,0,0,0.0,0.01227,0.01227,0.01227,,,20942721.0,,20942721.0
2022-01-27,37,38398641.0,0,0,0.0,0.00589,0.00589,0.00589,,,6369452.0,,6369452.0
2022-01-28,37,38172611.0,0,0,0.0,0.01124,0.01124,0.01124,,,15815550.0,,15815550.0
2022-01-31,37,38601787.0,0,0,0.0,0.00747,0.00747,0.00747,,,6323786.0,,6323786.0
2022-02-01,37,38839347.0,1,1,0.05405,0.04556,0.0324,0.04556,,,83390412.0,,83390412.0
2022-02-02,37,37740697.0,0,1,0.02703,0.01504,0.01504,0.01504,,,29898347.0,,29898347.0
2022-02-03,36,38291496.0,0,0,0.0,0.04038,0.04038,0.04038,,,90907806.0,,90907806.0
2022-02-04,36,39529051.0,0,0,0.0,0.00383,0.00383,0.00383,,,7669984.0,,7669984.0
2022-02-07,36,39430977.0,0,0,0.0,0.00293,0.00293,0.00293,,,4701475.0,,4701475.0
2022-02-08,36,39315255.0,0,0,0.0,0.01166,0.01166,0.01166,,,9505244.0,,9505244.0
2022-02-09,36,39449752.0,0,0,0.0,0.00268,0.00268,0.00268,,,3256452.0,,3256452.0
2022-02-10,36,39486865.0,0,0,0.0,0.00197,0.00197,0.00197,,,3346078.0,,3346078.0
2022-02-11,36,39409085.0,0,1,0.02778,3e-05,3e-05,3e-05,,,136060.0,,136060.0
2022-02-14,35,39407877.0,0,0,0.0,0.00197,0.00197,0.00197,,,3187401.0,,3187401.0
2022-02-15,35,39330089.0,0,0,0.0,0.00658,0.00658,0.00658,,,35046214.0,,35046214.0
2022-02-16,35,39388942.0,0,0,0.0,0.00706,0.00706,0.00706,,,2883416.0,,2883416.0
2022-02-17,35,39666942.0,0,0,0.0,0.0,0.0,0.0,,,0.0,,0.0
2022-02-18,35,39666942.0,0,1,0.02857,0.0042,0.0042,0.0042,,,6180518.0,,6180518.0
2022-02-22,34,39812677.0,0,0,0.0,0.00051,0.00051,0.00051,,,773421.0,,773421.0
2022-02-23,34,39833057.0,0,0,0.0,0.02675,0.02675,0.02675,,,49621993.0,,49621993.0
2022-02-24,34,39959083.0,0,0,0.0,0.00397,0.00397,0.00397,,,4390508.0,,4390508.0
2022-02-25,34,39835072.0,0,0,0.0,0.00426,0.00426,0.00426,,,5875587.0,,5875587.0
2022-02-28,34,39975119.0,0,2,0.05882,0.0062,0.00619,0.0062,,,11227148.0,,11227148.0
2022-03-01,32,40219465.0,0,0,0.0,0.05032,0.05032,0.05032,,,35542735.0,,35542735.0
2022-03-02,32,39202971.0,0,0,0.0,0.00855,0.00855,0.00855,,,12154256.0,,12154256.0
2022-03-03,32,39462738.0,0,1,0.03125,0.0001,0.0001,0.0001,,,35674.0,,35674.0
2022-03-04,31,39458602.0,0,0,0.0,0.0,0.0,0.0,,,0.0,,0.0
2022-03-07,31,39458602.0,0,0,0.0,0.00188,0.00188,0.00188,,,2609588.0,,2609588.0
2022-03-08,31,39384328.0,0,0,0.0,0.00705,0.00705,0.00705,,,9821244.0,,9821244.0
2022-03-09,31,39243023.0,0,1,0.03226,0.00571,0.00571,0.00571,,,5328547.0,,5328547.0
2022-03-10,30,39233088.0,0,0,0.0,0.00282,0.00282,0.00282,,,3974012.0,,3974012.0
2022-03-11,30,39343575.0,0,0,0.0,0.0,0.0,0.0,,,0.0,,0.0
2022-03-14,30,39343575.0,0,0,0.0,0.01154,0.01154,0.01154,,,23684453.0,,23684453.0
2022-03-15,30,39480361.0,0,0,0.0,0.02484,0.02484,0.02484,,,13515134.0,,13515134.0
2022-03-16,30,39497397.0,0,0,0.0,0.0047,0.0047,0.0047,,,6014296.0,,6014296.0
2022-03-17,30,39311917.0,0,0,0.0,0.0,0.0,0.0,,,0.0,,0.0
2022-03-18,30,39311917.0,0,0,0.0,0.0,0.0,0.0,,,0.0,,0.0
2022-03-21,30,39311917.0,0,0,0.0,5e-05,5e-05,5e-05,,,181660.0,,181660.0
2022-03-22,30,39310015.0,0,1,0.03333,0.01795,0.01794,0.01795,,,75598815.0,,75598815.0
2022-03-23,29,39451233.0,0,0,0.0,0.0,0.0,0.0,,,0.0,,0.0
2022-03-24,29,39451233.0,0,0,0.0,0.0,0.0,0.0,,,0.0,,0.0
2022-03-25,29,39451233.0,0,0,0.0,0.0,0.0,0.0,,,0.0,,0.0
2022-03-28,29,39451233.0,0,0,0.0,0.00277,0.00277,0.00277,,,4136164.0,,4136164.0
2022-03-29,29,39560367.0,0,0,0.0,0.00282,0.00282,0.00282,,,4438698.0,,4438698.0
2022-03-30,29,39448695.0,0,0,0.0,0.0,0.0,0.0,,,0.0,,0.0
2022-03-31,29,39448695.0,0,0,0.0,0.00185,0.00185,0.00185,,,2906755.0,,2906755.0
2022-04-01,29,39521631.0,0,0,0.0,0.00865,0.00865,0.00865,,,11300721.0,,11300721.0
2022-04-04,29,39659409.0,0,0,0.0,0.00184,0.00184,0.00184,,,2795715.0,,2795715.0
2022-04-05,29,39732427.0,0,0,0.0,0.0,0.0,0.0,,,0.0,,0.0
2022-04-06,29,39732427.0,0,0,0.0,0.00276,0.00276,0.00276,,,4174421.0,,4174421.0
2022-04-07,29,39841945.0,0,0,0.0,0.0,0.0,0.0,,,0.0,,0.0
2022-04-08,29,39841945.0,0,0,0.0,0.0,0.0,0.0,,,0.0,,0.0
2022-04-11,29,39841945.0,0,0,0.0,0.0,0.0,0.0,,,0.0,,0.0
2022-04-12,29,39841945.0,0,0,0.0,0.01739,0.01739,0.01739,,,17001453.0,,17001453.0
2022-04-13,29,39510519.0,0,0,0.0,0.00482,0.00482,0.00482,,,3022352.0,,3022352.0
2022-04-14,29,39455039.0,0,0,0.0,0.01212,0.01212,0.01212,,,16315357.0,,16315357.0
2022-04-18,29,38977032.0,0,0,0.0,0.0,0.0,0.0,,,0.0,,0.0
2022-04-19,29,38977032.0,0,0,0.0,0.0,0.0,0.0,,,0.0,,0.0
2022-04-20,29,38977032.0,0,0,0.0,0.01819,0.01819,0.01819,,,12266680.0,,12266680.0
2022-04-21,29,39041890.0,0,0,0.0,0.00427,0.00427,0.00427,,,2064108.0,,2064108.0
2022-04-22,29,39208498.0,0,0,0.0,0.00383,0.00383,0.00383,,,4693481.0,,4693481.0
2022-04-25,29,39058350.0,0,0,0.0,0.0,0.0,0.0,,,0.0,,0.0
2022-04-26,29,39058350.0,0,0,0.0,0.00848,0.00848,0.00848,,,7147432.0,,7147432.0
2022-04-27,29,38826782.0,0,0,0.0,0.00013,0.00013,0.00013,,,289717.0,,289717.0
2022-04-28,29,38831797.0,0,0,0.0,0.00019,0.00019,0.00019,,,103744.0,,103744.0
2022-04-29,29,38824252.0,0,0,0.0,0.00104,0.00104,0.00104,,,2236895.0,,2236895.0
2022-05-02,29,38843468.0,0,1,0.03448,0.01023,0.01023,0.01023,,,7175261.0,,7175261.0
2022-05-03,28,38446079.0,0,0,0.0,0.01197,0.01197,0.01197,,,5677802.0,,5677802.0
2022-05-04,28,38906325.0,0,0,0.0,0.0,0.0,0.0,,,0.0,,0.0
2022-05-05,28,38906325.0,0,0,0.0,0.0,0.0,0.0,,,0.0,,0.0
2022-05-06,28,38906325.0,0,0,0.0,0.02691,0.02691,0.02691,,,44104069.0,,44104069.0
2022-05-09,28,39142724.0,0,0,0.0,0.00266,0.00266,0.00266,,,2925983.0,,2925983.0
2022-05-10,28,39038500.0,0,0,0.0,0.01169,0.01169,0.01169,,,14085668.0,,14085668.0
2022-05-11,28,39040626.0,0,0,0.0,0.0,0.0,0.0,,,0.0,,0.0
2022-05-12,28,39040626.0,0,0,0.0,0.00524,0.00524,0.00524,,,11259213.0,,11259213.0
2022-05-13,28,39082412.0,0,0,0.0,0.02383,0.02383,0.02383,,,11982572.0,,11982572.0
2022-05-16,28,38168693.0,0,0,0.0,0.01272,0.01272,0.01272,,,11994170.0,,11994170.0
2022-05-17,28,37683000.0,0,0,0.0,0.0,0.0,0.0,,,0.0,,0.0
2022-05-18,28,37683000.0,0,0,0.0,0.00277,0.00277,0.00277,,,4968727.0,,4968727.0
2022-05-19,28,37772215.0,0,0,0.0,0.0,0.0,0.0,,,0.0,,0.0
2022-05-20,28,37772215.0,0,0,0.0,0.00396,0.00396,0.00396,,,3661588.0,,3661588.0
2022-05-23,28,37622459.0,0,0,0.0,0.01264,0.01264,0.01264,,,11334331.0,,11334331.0
2022-05-24,28,38097973.0,0,0,0.0,0.00441,0.00441,0.00441,,,6739930.0,,6739930.0
2022-05-25,28,38215521.0,0,0,0.0,0.00156,0.00156,0.00156,,,1026297.0,,1026297.0
2022-05-26,28,38275051.0,0,0,0.0,2e-05,2e-05,2e-05,,,62234.0,,62234.0
2022-05-27,28,38274229.0,1,0,0.03571,0.01018,0.00483,0.01018,,,14277789.0,,14277789.0
2022-05-31,29,38438703.0,0,0,0.0,0.01656,0.01656,0.01656,,,14010290.0,,14010290.0
2022-06-01,29,39075361.0,0,0,0.0,0.01137,0.01137,0.01137,,,10885767.0,,10885767.0
2022-06-02,29,39519745.0,0,0,0.0,0.0,0.0,0.0,,,0.0,,0.0
2022-06-03,29,39519745.0,0,0,0.0,0.0,0.0,0.0,,,0.0,,0.0
2022-06-06,29,39519745.0,0,0,0.0,0.0,0.0,0.0,,,0.0,,0.0
2022-06-07,29,39519745.0,0,0,0.0,0.00403,0.00403,0.00403,,,5920565.0,,5920565.0
2022-06-08,29,39623317.0,0,0,0.0,0.00379,0.00379,0.00379,,,5051933.0,,5051933.0
2022-06-09,29,39727437.0,0,0,0.0,0.0002,0.0002,0.0002,,,840022.0,,840022.0
2022-06-10,29,39735187.0,0,0,0.0,0.01311,0.01311,0.01311,,,12345454.0,,12345454.0
2022-06-13,29,40256170.0,0,0,0.0,0.00309,0.00309,0.00309,,,2620218.0,,2620218.0
2022-06-14,29,40228879.0,0,0,0.0,0.0004,0.0004,0.0004,,,2463954.0,,2463954.0
2022-06-15,29,40212793.0,0,0,0.0,0.02482,0.02482,0.02482,,,7489862.0,,7489862.0
2022-06-16,29,40734541.0,0,0,0.0,0.0,0.0,0.0,,,0.0,,0.0
2022-06-17,29,40734541.0,0,0,0.0,0.0,0.0,0.0,,,0.0,,0.0
2022-06-21,29,40734541.0,0,0,0.0,0.00759,0.00759,0.00759,,,6118427.0,,6118427.0
2022-06-22,29,40425485.0,0,0,0.0,0.01359,0.01359,0.01359,,,15013659.0,,15013659.0
2022-06-23,29,40902854.0,0,0,0.0,0.00054,0.00054,0.00054,,,1631980.0,,1631980.0
2022-06-28,29,40880827.0,0,1,0.03448,0.00855,0.00852,0.00855,,,7932295.0,,7932295.0
2022-06-29,28,41227973.0,0,0,0.0,0.0,0.0,0.0,,,0.0,,0.0
2022-06-30,28,41227973.0,0,0,0.0,0.00047,0.00047,0.00047,,,866267.0,,866267.0
2022-07-01,28,41247478.0,0,0,0.0,0.0,0.0,0.0,,,0.0,,0.0
2022-07-05,28,41247478.0,0,0,0.0,0.0,0.0,0.0,,,0.0,,0.0
2022-07-06,28,41247478.0,0,0,0.0,0.0,0.0,0.0,,,0.0,,0.0
2022-07-07,28,41247478.0,0,0,0.0,0.0,0.0,0.0,,,0.0,,0.0
2022-07-08,28,41247478.0,0,0,0.0,0.0,0.0,0.0,,,0.0,,0.0
2022-07-11,28,41247478.0,0,0,0.0,0.0,0.0,0.0,,,0.0,,0.0
2022-07-12,28,41247478.0,0,0,0.0,0.0,0.0,0.0,,,0.0,,0.0
2022-07-13,28,41247478.0,0,0,0.0,0.0,0.0,0.0,,,0.0,,0.0
2022-07-14,28,41247478.0,0,0,0.0,0.0,0.0,0.0,,,0.0,,0.0
2022-07-15,28,41247478.0,0,0,0.0,0.00282,0.00282,0.00282,,,2357158.0,,2357158.0
2022-07-18,28,41131336.0,0,0,0.0,0.0,0.0,0.0,,,0.0,,0.0
2022-07-19,28,41131336.0,0,0,0.0,0.0,0.0,0.0,,,0.0,,0.0
2022-07-20,28,41131336.0,0,0,0.0,0.0,0.0,0.0,,,0.0,,0.0
2022-07-21,28,41131336.0,0,0,0.0,0.0,0.0,0.0,,,0.0,,0.0
2022-07-22,28,41131336.0,0,0,0.0,0.0,0.0,0.0,,,0.0,,0.0
2022-07-25,28,41131336.0,0,0,0.0,0.0,0.0,0.0,,,0.0,,0.0
2022-07-26,28,41131336.0,0,0,0.0,0.00983,0.00983,0.00983,,,20524967.0,,20524967.0
2022-07-27,28,41184129.0,1,0,0.03571,0.01565,0.01308,0.01565,,,32717098.0,,32717098.0
2022-07-28,29,41452562.0,0,0,0.0,0.0,0.0,0.0,,,0.0,,0.0
2022-07-29,29,41452562.0,0,0,0.0,0.00047,0.00047,0.00047,,,698721.0,,698721.0
2022-08-01,29,41472189.0,0,0,0.0,0.00707,0.00707,0.00707,,,8454396.0,,8454396.0
2022-08-02,29,41254020.0,0,0,0.0,0.00284,0.00284,0.00284,,,2722454.0,,2722454.0
2022-08-03,29,41137005.0,0,0,0.0,9e-05,9e-05,9e-05,,,138598.0,,138598.0
2022-08-04,29,41140759.0,0,0,0.0,0.0019,0.0019,0.0019,,,2006469.0,,2006469.0
2022-08-05,29,41062755.0,0,0,0.0,0.00852,0.00852,0.00852,,,9207485.0,,9207485.0
2022-08-08,29,41412414.0,0,0,0.0,0.00171,0.00171,0.00171,,,3732897.0,,3732897.0
2022-08-09,29,41483300.0,0,0,0.0,0.01149,0.01149,0.01149,,,17379919.0,,17379919.0
2022-08-10,29,41696762.0,0,0,0.0,0.00391,0.00391,0.00391,,,4142005.0,,4142005.0
2022-08-11,29,41859675.0,1,0,0.03448,0.00684,0.00636,0.00684,,,9975686.0,,9975686.0
2022-08-12,30,41613495.0,0,0,0.0,0.00015,0.00015,0.00015,,,247397.0,,247397.0
2022-08-15,30,41617182.0,0,0,0.0,0.0047,0.0047,0.0047,,,5246788.0,,5246788.0
2022-08-16,30,41421542.0,0,0,0.0,0.0,0.0,0.0,,,0.0,,0.0
2022-08-17,30,41421542.0,0,0,0.0,0.0,0.0,0.0,,,0.0,,0.0
2022-08-18,30,41421542.0,0,0,0.0,0.00038,0.00038,0.00038,,,565794.0,,565794.0
2022-08-19,30,41437058.0,0,0,0.0,0.00378,0.00378,0.00378,,,3951372.0,,3951372.0
2022-08-22,30,41280460.0,0,0,0.0,0.00569,0.00569,0.00569,,,5546856.0,,5546856.0
2022-08-23,30,41045614.0,0,0,0.0,0.0143,0.0143,0.0143,,,13484150.0,,13484150.0
2022-08-24,30,40458649.0,0,0,0.0,0.00097,0.00097,0.00097,,,897669.0,,897669.0
2022-08-25,30,40419511.0,0,0,0.0,0.0,0.0,0.0,,,0.0,,0.0
2022-08-26,30,40419511.0,0,0,0.0,0.0,0.0,0.0,,,0.0,,0.0
2022-08-29,30,40419511.0,0,0,0.0,0.00871,0.00871,0.00871,,,8054115.0,,8054115.0
2022-08-30,30,40067269.0,0,0,0.0,0.0,0.0,0.0,,,0.0,,0.0
2022-08-31,30,40067269.0,0,0,0.0,0.0,0.0,0.0,,,0.0,,0.0
2022-09-01,30,40067269.0,0,0,0.0,0.0,0.0,0.0,,,0.0,,0.0
2022-09-02,30,40067269.0,0,0,0.0,0.0127,0.0127,0.0127,,,11172071.0,,11172071.0
2022-09-06,30,39558475.0,0,0,0.0,0.0,0.0,0.0,,,0.0,,0.0
2022-09-07,30,39558475.0,0,0,0.0,0.0,0.0,0.0,,,0.0,,0.0
2022-09-08,30,39558475.0,0,0,0.0,0.00988,0.00988,0.00988,,,8654977.0,,8654977.0
2022-09-09,30,39805289.0,0,0,0.0,0.0123,0.0123,0.0123,,,11032319.0,,11032319.0
2022-09-12,30,40224309.0,0,1,0.03333,0.00012,0.00012,0.00012,,,73565.0,,73565.0
2022-09-13,29,40229141.0,0,0,0.0,0.0,0.0,0.0,,,0.0,,0.0
2022-09-14,29,40229141.0,0,0,0.0,0.00032,0.00032,0.00032,,,183854.0,,183854.0
2022-09-15,29,40241980.0,0,0,0.0,0.0,0.0,0.0,,,0.0,,0.0
2022-09-16,29,40241980.0,0,0,0.0,0.0,0.0,0.0,,,0.0,,0.0
2022-09-19,29,40241980.0,0,0,0.0,0.00197,0.00197,0.00197,,,1730871.0,,1730871.0
2022-09-20,29,40162774.0,0,0,0.0,0.0,0.0,0.0,,,0.0,,0.0
2022-09-21,29,40162774.0,0,0,0.0,0.00099,0.00099,0.00099,,,841710.0,,841710.0
2022-09-22,29,40123172.0,0,0,0.0,0.01083,0.01083,0.01083,,,9103800.0,,9103800.0
2022-09-23,29,39688562.0,0,0,0.0,0.0,0.0,0.0,,,0.0,,0.0
2022-09-26,29,39688562.0,0,0,0.0,0.00599,0.00599,0.00599,,,4650046.0,,4650046.0
2022-09-27,29,39450932.0,0,0,0.0,0.0,0.0,0.0,,,0.0,,0.0
2022-09-28,29,39450932.0,0,0,0.0,0.0,0.0,0.0,,,0.0,,0.0
2022-09-29,29,39450932.0,0,0,0.0,0.0,0.0,0.0,,,0.0,,0.0
2022-09-30,29,39450932.0,0,0,0.0,0.00128,0.00128,0.00128,,,1529730.0,,1529730.0
2022-10-03,29,39457956.0,0,0,0.0,0.0059,0.0059,0.0059,,,4560837.0,,4560837.0
2022-10-04,29,39259893.0,0,0,0.0,0.00398,0.00398,0.00398,,,3121828.0,,3121828.0
2022-10-05,29,39103777.0,0,0,0.0,0.0,0.0,0.0,,,0.0,,0.0
2022-10-06,29,39103777.0,0,0,0.0,0.0,0.0,0.0,,,2218.0,,2218.0
2022-10-07,29,39103940.0,0,0,0.0,0.00595,0.00595,0.00595,,,4905459.0,,4905459.0
2022-10-10,29,39336512.0,0,0,0.0,0.00064,0.00064,0.00064,,,325244.0,,325244.0
2022-10-11,29,39361608.0,0,0,0.0,0.0,0.0,0.0,,,0.0,,0.0
2022-10-12,29,39361608.0,0,0,0.0,0.00706,0.00706,0.00706,,,5294405.0,,5294405.0
2022-10-13,29,39083911.0,0,0,0.0,0.0,0.0,0.0,,,0.0,,0.0
2022-10-14,29,39083911.0,0,0,0.0,0.00794,0.00794,0.00794,,,5912301.0,,5912301.0
2022-10-17,29,39394215.0,0,0,0.0,0.0,0.0,0.0,,,0.0,,0.0
2022-10-18,29,39394215.0,0,0,0.0,0.00037,0.00037,0.00037,,,761821.0,,761821.0
2022-10-19,29,39379822.0,0,0,0.0,0.0,0.0,0.0,,,0.0,,0.0
2022-10-20,29,39379822.0,0,0,0.0,0.0,0.0,0.0,,,0.0,,0.0
2022-10-21,29,39379822.0,0,0,0.0,0.0,0.0,0.0,,,0.0,,0.0
2022-10-24,29,39379822.0,0,0,0.0,0.0,0.0,0.0,,,0.0,,0.0
2022-10-25,29,39379822.0,0,0,0.0,0.0068,0.0068,0.0068,,,4204754.0,,4204754.0
2022-10-26,29,39167578.0,0,0,0.0,0.00563,0.00563,0.00563,,,3414302.0,,3414302.0
2022-10-27,29,38968349.0,0,0,0.0,0.00035,0.00035,0.00035,,,715833.0,,715833.0
2022-10-28,29,38981958.0,0,0,0.0,0.0002,0.0002,0.0002,,,399291.0,,399291.0
2022-10-31,29,38989597.0,0,0,0.0,0.00066,0.00066,0.00066,,,581959.0,,581959.0
2022-11-01,29,39015190.0,0,0,0.0,0.00028,0.00028,0.00028,,,619584.0,,619584.0
2022-11-02,29,39025930.0,0,0,0.0,0.00039,0.00039,0.00039,,,693255.0,,693255.0
2022-11-03,29,39041278.0,0,0,0.0,0.00117,0.00117,0.00117,,,735350.0,,735350.0
2022-11-04,29,39086811.0,0,0,0.0,0.00108,0.00108,0.00108,,,1990905.0,,1990905.0
2022-11-07,29,39063902.0,0,0,0.0,0.01071,0.01071,0.01071,,,6661270.0,,6661270.0
2022-11-08,29,38927147.0,0,0,0.0,0.00201,0.00201,0.00201,,,1535643.0,,1535643.0
2022-11-09,29,38848757.0,0,0,0.0,0.00316,0.00316,0.00316,,,2673995.0,,2673995.0
2022-11-10,29,38798229.0,0,0,0.0,0.00094,0.00094,0.00094,,,1449973.0,,1449973.0
2022-11-11,29,38814639.0,0,0,0.0,0.00537,0.00537,0.00537,,,4536206.0,,4536206.0
2022-11-14,29,38606324.0,0,0,0.0,2e-05,2e-05,2e-05,,,46711.0,,46711.0
2022-11-15,29,38605379.0,0,0,0.0,2e-05,2e-05,2e-05,,,26839.0,,26839.0
2022-11-16,29,38604793.0,0,1,0.03448,0.00607,0.00607,0.00607,,,5122542.0,,5122542.0
2022-11-17,28,38838897.0,0,0,0.0,0.00638,0.00638,0.00638,,,16281471.0,,16281471.0
2022-11-18,28,39036722.0,0,0,0.0,0.0,0.0,0.0,,,0.0,,0.0
2022-11-21,28,39036722.0,0,0,0.0,0.00856,0.00856,0.00856,,,8049307.0,,8049307.0
2022-11-22,28,38892498.0,0,0,0.0,0.0,0.0,0.0,,,0.0,,0.0
2022-11-23,28,38892498.0,0,0,0.0,0.01316,0.01316,0.01316,,,10707065.0,,10707065.0
2022-11-25,28,38380630.0,0,0,0.0,0.0,0.0,0.0,,,0.0,,0.0
2022-11-28,28,38380630.0,0,0,0.0,0.0,0.0,0.0,,,0.0,,0.0
2022-11-29,28,38380630.0,0,0,0.0,0.00307,0.00307,0.00307,,,2297350.0,,2297350.0
2022-11-30,28,38262688.0,0,0,0.0,0.0,0.0,0.0,,,0.0,,0.0
2022-12-01,28,38262688.0,0,0,0.0,0.0,0.0,0.0,,,0.0,,0.0
2022-12-02,28,38262688.0,0,0,0.0,0.0,0.0,0.0,,,0.0,,0.0
2022-12-05,28,38262688.0,0,0,0.0,0.00205,0.00205,0.00205,,,1654398.0,,1654398.0
2022-12-06,28,38184270.0,0,0,0.0,0.0,0.0,0.0,,,0.0,,0.0
2022-12-07,28,38184270.0,0,0,0.0,0.0,0.0,0.0,,,0.0,,0.0
2022-12-08,28,38184270.0,0,0,0.0,0.0,0.0,0.0,,,0.0,,0.0
2022-12-09,28,38184270.0,0,0,0.0,0.01027,0.01027,0.01027,,,7719888.0,,7719888.0
2022-12-12,28,37792190.0,0,0,0.0,0.0,0.0,0.0,,,0.0,,0.0
2022-12-13,28,37792190.0,0,0,0.0,0.0,0.0,0.0,,,0.0,,0.0
2022-12-14,28,37792190.0,0,0,0.0,0.0,0.0,0.0,,,0.0,,0.0
2022-12-15,28,37792190.0,0,0,0.0,0.00752,0.00752,0.00752,,,7317984.0,,7317984.0
2022-12-16,28,37694200.0,0,0,0.0,0.0052,0.0052,0.0052,,,3702064.0,,3702064.0
2022-12-19,28,37498170.0,0,0,0.0,0.00313,0.00313,0.00313,,,2188220.0,,2188220.0
2022-12-20,28,37380852.0,0,0,0.0,0.0047,0.0047,0.0047,,,6296852.0,,6296852.0
2022-12-21,28,37383197.0,0,0,0.0,0.00202,0.00202,0.00202,,,2686291.0,,2686291.0
2022-12-22,28,37339470.0,0,0,0.0,0.00101,0.00101,0.00101,,,1217180.0,,1217180.0
2022-12-23,28,37349396.0,0,0,0.0,0.01181,0.01181,0.01181,,,11870199.0,,11870199.0
2022-12-27,28,37255670.0,0,0,0.0,0.0014,0.0014,0.0014,,,1500437.0,,1500437.0
2022-12-28,28,37287673.0,0,0,0.0,0.00028,0.00028,0.00028,,,338732.0,,338732.0
2022-12-29,28,37289637.0,0,0,0.0,0.01578,0.01578,0.01578,,,10220380.0,,10220380.0
2022-12-30,28,36701082.0,0,0,0.0,0.01947,0.01947,0.01947,,,20489290.0,,20489290.0
2023-01-03,28,36776737.0,0,0,0.0,0.00213,0.00213,0.00213,,,1430402.0,,1430402.0
2023-01-04,28,36698297.0,0,0,0.0,0.00855,0.00855,0.00855,,,5678289.0,,5678289.0
2023-01-05,28,36384577.0,0,0,0.0,0.00216,0.00216,0.00216,,,1478439.0,,1478439.0
2023-01-06,28,36306145.0,0,0,0.0,0.01511,0.01511,0.01511,,,9921999.0,,9921999.0
2023-01-09,28,36046618.0,0,0,0.0,0.0,0.0,0.0,,,0.0,,0.0
2023-01-10,28,36046618.0,0,0,0.0,0.00356,0.00356,0.00356,,,3693265.0,,3693265.0
2023-01-11,28,36054957.0,0,0,0.0,0.00928,0.00928,0.00928,,,5258622.0,,5258622.0
2023-01-12,28,35922597.0,0,0,0.0,0.01715,0.01715,0.01715,,,10980228.0,,10980228.0
2023-01-13,28,35626082.0,0,0,0.0,0.00786,0.00786,0.00786,,,3465404.0,,3465404.0
2023-01-17,28,35421370.0,0,0,0.0,0.00973,0.00973,0.00973,,,4383749.0,,4383749.0
2023-01-18,28,35758923.0,0,0,0.0,0.0,0.0,0.0,,,0.0,,0.0
2023-01-19,28,35758923.0,0,0,0.0,0.01187,0.01187,0.01187,,,9007524.0,,9007524.0
2023-01-20,28,36183446.0,0,0,0.0,0.00018,0.00018,0.00018,,,394846.0,,394846.0
2023-01-23,28,36176801.0,0,0,0.0,0.0,0.0,0.0,,,0.0,,0.0
2023-01-24,28,36176801.0,0,1,0.03571,0.0032,0.0032,0.0032,,,2630146.0,,2630146.0
2023-01-25,27,36292492.0,0,0,0.0,0.00425,0.00425,0.00425,,,3460602.0,,3460602.0
2023-01-26,27,36138148.0,1,0,0.03704,0.01219,0.00635,0.01219,,,13519437.0,,13519437.0
2023-01-27,28,36119727.0,0,0,0.0,0.00428,0.00428,0.00428,,,5319365.0,,5319365.0
2023-01-30,28,36161178.0,0,0,0.0,0.00428,0.00428,0.00428,,,3732994.0,,3732994.0
2023-01-31,28,36316126.0,0,0,0.0,0.01777,0.01777,0.01777,,,28923691.0,,28923691.0
2023-02-01,28,36800255.0,0,0,0.0,0.00237,0.00237,0.00237,,,1718482.0,,1718482.0
2023-02-02,28,36716882.0,0,0,0.0,0.01051,0.01051,0.01051,,,9656052.0,,9656052.0
2023-02-03,28,37102922.0,0,0,0.0,0.0,0.0,0.0,,,0.0,,0.0
2023-02-06,28,37102922.0,0,0,0.0,0.00628,0.00628,0.00628,,,11222180.0,,11222180.0
2023-02-07,28,37187345.0,0,0,0.0,0.00919,0.00919,0.00919,,,8462885.0,,8462885.0
2023-02-08,28,37529167.0,0,0,0.0,0.00206,0.00206,0.00206,,,1949227.0,,1949227.0
2023-02-09,28,37452033.0,0,0,0.0,0.00515,0.00515,0.00515,,,4751616.0,,4751616.0
2023-02-10,28,37644873.0,0,0,0.0,0.0041,0.0041,0.0041,,,3654735.0,,3654735.0
2023-02-13,28,37799137.0,0,0,0.0,0.01016,0.01016,0.01016,,,5190927.0,,5190927.0
2023-02-14,28,37942201.0,0,0,0.0,0.00204,0.00204,0.00204,,,1803631.0,,1803631.0
2023-02-15,28,37864779.0,0,0,0.0,0.0,0.0,0.0,,,0.0,,0.0
2023-02-16,28,37864779.0,0,0,0.0,0.0,0.0,0.0,,,0.0,,0.0
2023-02-17,28,37864779.0,0,0,0.0,0.00612,0.00612,0.00612,,,6675886.0,,6675886.0
2023-02-21,28,37770350.0,0,0,0.0,0.00196,0.00196,0.00196,,,1721787.0,,1721787.0
2023-02-22,28,37698463.0,0,0,0.0,0.00063,0.00063,0.00063,,,639010.0,,639010.0
2023-02-23,28,37714678.0,0,0,0.0,0.00552,0.00552,0.00552,,,3079913.0,,3079913.0
2023-02-24,28,37527370.0,0,0,0.0,0.01027,0.01027,0.01027,,,9013914.0,,9013914.0
2023-02-27,28,37142140.0,0,0,0.0,0.0,0.0,0.0,,,0.0,,0.0
2023-02-28,28,37142140.0,0,0,0.0,0.01452,0.01452,0.01452,,,12345236.0,,12345236.0
2023-03-01,28,36602804.0,0,0,0.0,0.0,0.0,0.0,,,0.0,,0.0
2023-03-02,28,36602804.0,0,0,0.0,0.0,0.0,0.0,,,0.0,,0.0
2023-03-03,28,36602804.0,0,0,0.0,0.0,0.0,0.0,,,0.0,,0.0
2023-03-06,28,36602804.0,0,0,0.0,0.00631,0.00631,0.00631,,,5539120.0,,5539120.0
2023-03-07,28,36371660.0,0,0,0.0,0.0,0.0,0.0,,,0.0,,0.0
2023-03-08,28,36371660.0,0,0,0.0,0.0,0.0,0.0,,,0.0,,0.0
2023-03-09,28,36371660.0,0,0,0.0,0.0,0.0,0.0,,,0.0,,0.0
2023-03-10,28,36371660.0,0,0,0.0,0.0,0.0,0.0,,,0.0,,0.0
2023-03-13,28,36371660.0,0,0,0.0,0.00106,0.00106,0.00106,,,841787.0,,841787.0
2023-03-14,28,36333136.0,0,0,0.0,0.02046,0.02046,0.02046,,,17192637.0,,17192637.0
2023-03-15,28,35961043.0,0,0,0.0,0.01023,0.01023,0.01023,,,8895043.0,,8895043.0
2023-03-16,28,35642193.0,0,0,0.0,0.01451,0.01451,0.01451,,,12682013.0,,12682013.0
2023-03-17,28,35132440.0,0,0,0.0,0.0,0.0,0.0,,,0.0,,0.0
2023-03-20,28,35132440.0,0,0,0.0,0.0,0.0,0.0,,,0.0,,0.0
2023-03-21,28,35132440.0,0,0,0.0,0.00896,0.00896,0.00896,,,7783663.0,,7783663.0
2023-03-22,28,34829822.0,0,0,0.0,0.01023,0.01023,0.01023,,,31488732.0,,31488732.0
2023-03-23,28,34537409.0,0,0,0.0,0.00124,0.00124,0.00124,,,514720.0,,514720.0
2023-03-24,28,34524954.0,0,0,0.0,0.00104,0.00104,0.00104,,,2646988.0,,2646988.0
2023-03-27,28,34558863.0,0,0,0.0,0.00067,0.00067,0.00067,,,2432294.0,,2432294.0
2023-03-28,28,34580026.0,0,0,0.0,0.00905,0.00905,0.00905,,,2514974.0,,2514974.0
2023-03-29,28,34308687.0,0,0,0.0,0.00634,0.00634,0.00634,,,1953198.0,,1953198.0
2023-03-30,28,34125630.0,0,0,0.0,0.0034,0.0034,0.0034,,,592294.0,,592294.0
2023-03-31,28,34011624.0,0,0,0.0,0.0007,0.0007,0.0007,,,594670.0,,594670.0
2023-04-03,28,34003137.0,0,0,0.0,6e-05,6e-05,6e-05,,,9329.0,,9329.0
2023-04-04,28,34001237.0,0,0,0.0,0.0,0.0,0.0,,,0.0,,0.0
2023-04-05,28,34001237.0,0,1,0.03571,0.00138,0.00138,0.00138,,,1317617.0,,1317617.0
2023-04-06,27,33954168.0,0,0,0.0,0.00099,0.00099,0.00099,,,1630944.0,,1630944.0
2023-04-10,27,33946740.0,0,0,0.0,0.0,0.0,0.0,,,0.0,,0.0
2023-04-11,27,33946740.0,0,0,0.0,0.0,0.0,0.0,,,0.0,,0.0
2023-04-12,27,33946740.0,0,0,0.0,0.0,0.0,0.0,,,0.0,,0.0
2023-04-13,27,33946740.0,0,0,0.0,0.0,0.0,0.0,,,0.0,,0.0
2023-04-14,27,33946740.0,0,0,0.0,0.00221,0.00221,0.00221,,,1846424.0,,1846424.0
2023-04-17,27,33871690.0,0,0,0.0,0.0,0.0,0.0,,,0.0,,0.0
2023-04-18,27,33871690.0,0,0,0.0,0.00123,0.00123,0.00123,,,3234156.0,,3234156.0
2023-04-19,27,33910843.0,0,0,0.0,0.00064,0.00064,0.00064,,,1679071.0,,1679071.0
2023-04-20,27,33931257.0,0,0,0.0,0.0,0.0,0.0,,,0.0,,0.0
2023-04-21,27,33931257.0,0,0,0.0,0.0,0.0,0.0,,,0.0,,0.0
2023-04-24,27,33931257.0,0,0,0.0,0.0,0.0,0.0,,,0.0,,0.0
2023-04-25,27,33931257.0,0,0,0.0,0.00153,0.00153,0.00153,,,3181934.0,,3181934.0
2023-04-26,27,33951030.0,0,0,0.0,0.00667,0.00667,0.00667,,,5270955.0,,5270955.0
2023-04-27,27,33724671.0,0,0,0.0,0.00335,0.00335,0.00335,,,2594248.0,,2594248.0
2023-04-28,27,33611811.0,0,0,0.0,0.00255,0.00255,0.00255,,,2321152.0,,2321152.0
2023-05-01,27,33533846.0,0,0,0.0,0.0004,0.0004,0.0004,,,1158044.0,,1158044.0
2023-05-02,27,33546019.0,0,0,0.0,0.00082,0.00082,0.00082,,,1908024.0,,1908024.0
2023-05-03,27,33572389.0,0,0,0.0,0.00848,0.00848,0.00848,,,6876769.0,,6876769.0
2023-05-04,27,33291975.0,0,0,0.0,0.00562,0.00562,0.00562,,,4179475.0,,4179475.0
2023-05-05,27,33104919.0,0,0,0.0,0.00019,0.00019,0.00019,,,369241.0,,369241.0
2023-05-08,27,33098475.0,0,0,0.0,0.00312,0.00312,0.00312,,,6275928.0,,6275928.0
2023-05-09,27,33093944.0,0,0,0.0,8e-05,8e-05,8e-05,,,159818.0,,159818.0
2023-05-10,27,33096662.0,0,0,0.0,0.0,0.0,0.0,,,0.0,,0.0
2023-05-11,27,33096662.0,0,0,0.0,0.00715,0.00715,0.00715,,,7150450.0,,7150450.0
2023-05-12,27,33302205.0,0,0,0.0,0.0,0.0,0.0,,,0.0,,0.0
2023-05-15,27,33302205.0,0,0,0.0,0.0,0.0,0.0,,,0.0,,0.0
2023-05-16,27,33302205.0,0,0,0.0,0.01413,0.01413,0.01413,,,8783550.0,,8783550.0
2023-05-17,27,33358835.0,0,0,0.0,1e-05,1e-05,1e-05,,,22117.0,,22117.0
2023-05-18,27,33359302.0,1,0,0.03704,0.00767,0.00163,0.00767,,,5329733.0,,5329733.0
2023-05-19,28,33511745.0,0,0,0.0,0.00176,0.00176,0.00176,,,1409454.0,,1409454.0
2023-05-22,28,33541663.0,0,0,0.0,0.0,0.0,0.0,,,0.0,,0.0
2023-05-23,28,33541663.0,0,0,0.0,0.00841,0.00841,0.00841,,,6466350.0,,6466350.0
2023-05-24,28,33823703.0,0,0,0.0,0.0,0.0,0.0,,,0.0,,0.0
2023-05-25,28,33823703.0,0,0,0.0,0.00787,0.00787,0.00787,,,6649473.0,,6649473.0
2023-05-26,28,34089927.0,0,0,0.0,0.01177,0.01177,0.01177,,,8378531.0,,8378531.0
2023-05-30,28,34273376.0,0,0,0.0,0.00015,0.00015,0.00015,,,78412.0,,78412.0
2023-05-31,28,34278396.0,0,0,0.0,0.0,0.0,0.0,,,0.0,,0.0
2023-06-01,28,34278396.0,0,0,0.0,0.01227,0.01227,0.01227,,,10669176.0,,10669176.0
2023-06-02,28,34699113.0,1,0,0.03571,0.01211,0.00941,0.01211,,,8087625.0,,8087625.0
2023-06-05,29,34466096.0,0,0,0.0,0.00505,0.00505,0.00505,,,4812121.0,,4812121.0
2023-06-06,29,34640200.0,0,0,0.0,0.0,0.0,0.0,,,0.0,,0.0
2023-06-07,29,34640200.0,0,0,0.0,0.00306,0.00306,0.00306,,,3669377.0,,3669377.0
2023-06-08,29,34605479.0,0,0,0.0,0.00141,0.00141,0.00141,,,2952303.0,,2952303.0
2023-06-09,29,34596429.0,0,0,0.0,0.00043,0.00043,0.00043,,,631874.0,,631874.0
2023-06-12,29,34594271.0,0,0,0.0,0.00191,0.00191,0.00191,,,1779077.0,,1779077.0
2023-06-13,29,34631033.0,0,0,0.0,0.0,0.0,0.0,,,0.0,,0.0
2023-06-14,29,34631033.0,0,0,0.0,0.0,0.0,0.0,,,0.0,,0.0
2023-06-15,29,34631033.0,0,0,0.0,0.0,0.0,0.0,,,0.0,,0.0
2023-06-16,29,34631033.0,0,0,0.0,0.0,0.0,0.0,,,0.0,,0.0
2023-06-20,29,34631033.0,0,0,0.0,0.00094,0.00094,0.00094,,,1752730.0,,1752730.0
2023-06-21,29,34639743.0,0,0,0.0,0.00138,0.00138,0.00138,,,2675526.0,,2675526.0
2023-06-22,29,34639804.0,0,0,0.0,0.00032,0.00032,0.00032,,,576551.0,,576551.0
2023-06-23,29,34642852.0,0,0,0.0,0.00175,0.00175,0.00175,,,1153405.0,,1153405.0
2023-06-26,29,34682182.0,1,0,0.03448,0.01223,0.00404,0.01223,,,6089416.0,,6089416.0
2023-06-27,30,35017666.0,0,0,0.0,0.01317,0.01317,0.01317,,,11935167.0,,11935167.0
2023-06-28,30,34556578.0,0,0,0.0,0.0,0.0,0.0,,,0.0,,0.0
2023-06-29,30,34556578.0,0,0,0.0,0.0,0.0,0.0,,,0.0,,0.0
2023-06-30,30,34556578.0,0,0,0.0,0.00556,0.00556,0.00556,,,5176233.0,,5176233.0
2023-07-03,30,34748713.0,0,0,0.0,0.0,0.0,0.0,,,0.0,,0.0
2023-07-05,30,34748713.0,0,0,0.0,0.0,0.0,0.0,,,0.0,,0.0
2023-07-06,30,34748713.0,0,0,0.0,0.0,0.0,0.0,,,0.0,,0.0
2023-07-07,30,34748713.0,0,0,0.0,0.0,0.0,0.0,,,0.0,,0.0
2023-07-10,30,34748713.0,0,0,0.0,0.0,0.0,0.0,,,0.0,,0.0
2023-07-11,30,34748713.0,0,0,0.0,0.00198,0.00198,0.00198,,,3802868.0,,3802868.0
2023-07-12,30,34682162.0,0,0,0.0,0.0,0.0,0.0,,,0.0,,0.0
2023-07-13,30,34682162.0,0,0,0.0,0.00665,0.00665,0.00665,,,6725410.0,,6725410.0
2023-07-14,30,34912898.0,0,0,0.0,0.0,0.0,0.0,,,0.0,,0.0
2023-07-17,30,34912898.0,1,0,0.03333,0.0381,0.029,0.0381,,,32641644.0,,32641644.0
2023-07-18,31,36030315.0,0,0,0.0,0.00349,0.00349,0.00349,,,9547150.0,,9547150.0
2023-07-19,31,36002444.0,0,0,0.0,0.00378,0.00378,0.00378,,,4132533.0,,4132533.0
2023-07-20,31,36105258.0,0,0,0.0,0.0,0.0,0.0,,,0.0,,0.0
2023-07-21,31,36105258.0,0,0,0.0,0.0,0.0,0.0,,,0.0,,0.0
2023-07-24,31,36105258.0,0,0,0.0,0.00327,0.00327,0.00327,,,3433254.0,,3433254.0
2023-07-25,31,35987217.0,0,0,0.0,0.0,0.0,0.0,,,0.0,,0.0
2023-07-26,31,35987217.0,0,0,0.0,0.0,0.0,0.0,,,0.0,,0.0
2023-07-27,31,35987217.0,0,0,0.0,0.0,0.0,0.0,,,0.0,,0.0
2023-07-28,31,35987217.0,0,0,0.0,0.0037,0.0037,0.0037,,,1210706.0,,1210706.0
2023-07-31,31,36120408.0,0,0,0.0,0.0,0.0,0.0,,,0.0,,0.0
2023-08-01,31,36120408.0,0,0,0.0,0.02326,0.02326,0.02326,,,17615793.0,,17615793.0
2023-08-02,31,36157516.0,0,0,0.0,0.01534,0.01534,0.01534,,,11841487.0,,11841487.0
2023-08-03,31,36712014.0,0,0,0.0,0.00123,0.00123,0.00123,,,501376.0,,501376.0
2023-08-04,31,36757183.0,0,0,0.0,0.00303,0.00303,0.00303,,,2918140.0,,2918140.0
2023-08-07,31,36719983.0,0,0,0.0,0.00383,0.00383,0.00383,,,5338056.0,,5338056.0
2023-08-08,31,36735116.0,0,0,0.0,0.00868,0.00868,0.00868,,,8832176.0,,8832176.0
2023-08-09,31,36416196.0,0,0,0.0,0.00481,0.00481,0.00481,,,6474470.0,,6474470.0
2023-08-10,31,36495194.0,0,0,0.0,0.01338,0.01338,0.01338,,,14386492.0,,14386492.0
2023-08-11,31,36179072.0,0,0,0.0,0.0,0.0,0.0,,,0.0,,0.0
2023-08-14,31,36179072.0,0,0,0.0,3e-05,3e-05,3e-05,,,1397830.0,,1397830.0
2023-08-15,31,36178021.0,0,0,0.0,0.0,0.0,0.0,,,0.0,,0.0
2023-08-16,31,36178021.0,0,0,0.0,0.0,0.0,0.0,,,0.0,,0.0
2023-08-17,31,36178021.0,0,0,0.0,0.00111,0.00111,0.00111,,,1027093.0,,1027093.0
2023-08-18,31,36137923.0,0,0,0.0,0.01208,0.01208,0.01208,,,11161973.0,,11161973.0
2023-08-21,31,35748925.0,0,0,0.0,0.01924,0.01924,0.01924,,,16969053.0,,16969053.0
2023-08-22,31,35061073.0,0,0,0.0,0.0026,0.0026,0.0026,,,6059338.0,,6059338.0
2023-08-23,31,34975594.0,0,0,0.0,0.0,0.0,0.0,,,0.0,,0.0
2023-08-24,31,34975594.0,0,0,0.0,0.0,0.0,0.0,,,0.0,,0.0
2023-08-25,31,34975594.0,0,0,0.0,0.0,0.0,0.0,,,0.0,,0.0
2023-08-28,31,34975594.0,0,0,0.0,0.0,0.0,0.0,,,0.0,,0.0
2023-08-29,31,34975594.0,0,0,0.0,0.0,0.0,0.0,,,0.0,,0.0
2023-08-30,31,34975594.0,0,0,0.0,0.0,0.0,0.0,,,0.0,,0.0
2023-08-31,31,34975594.0,0,0,0.0,0.0,0.0,0.0,,,0.0,,0.0
2023-09-01,31,34975594.0,0,0,0.0,0.00206,0.00206,0.00206,,,1784902.0,,1784902.0
2023-09-05,31,35020216.0,0,0,0.0,0.0,0.0,0.0,,,0.0,,0.0
2023-09-06,31,35020216.0,0,0,0.0,0.0,0.0,0.0,,,0.0,,0.0
2023-09-07,31,35020216.0,0,0,0.0,0.0,0.0,0.0,,,0.0,,0.0
2023-09-08,31,35020216.0,0,0,0.0,0.0,0.0,0.0,,,0.0,,0.0
2023-09-11,31,35020216.0,0,0,0.0,0.0,0.0,0.0,,,0.0,,0.0
2023-09-12,31,35020216.0,0,0,0.0,0.0144,0.0144,0.0144,,,30964273.0,,30964273.0
2023-09-13,31,35149162.0,0,0,0.0,0.00278,0.00278,0.00278,,,1724573.0,,1724573.0
2023-09-14,31,35246799.0,0,0,0.0,0.00224,0.00224,0.00224,,,3018971.0,,3018971.0
2023-09-15,31,35273584.0,0,1,0.03226,0.0012,0.00119,0.0012,,,1653452.0,,1653452.0
2023-09-18,30,35288228.0,0,0,0.0,0.0,0.0,0.0,,,0.0,,0.0
2023-09-19,30,35288228.0,0,0,0.0,0.0,0.0,0.0,,,0.0,,0.0
2023-09-20,30,35288228.0,0,0,0.0,0.00147,0.00147,0.00147,,,1429829.0,,1429829.0
2023-09-21,30,35285435.0,0,0,0.0,0.00337,0.00337,0.00337,,,3138417.0,,3138417.0
2023-09-22,30,35313222.0,0,0,0.0,0.00714,0.00714,0.00714,,,6744730.0,,6744730.0
2023-09-25,30,35386423.0,0,0,0.0,0.0,0.0,0.0,,,0.0,,0.0
2023-09-26,30,35386423.0,0,0,0.0,0.0,0.0,0.0,,,0.0,,0.0
2023-09-27,30,35386423.0,0,0,0.0,0.0,0.0,0.0,,,0.0,,0.0
2023-09-28,30,35386423.0,0,0,0.0,0.0,0.0,0.0,,,0.0,,0.0
2023-09-29,30,35386423.0,0,0,0.0,0.0,0.0,0.0,,,0.0,,0.0
2023-10-02,30,35386423.0,0,0,0.0,0.0,0.0,0.0,,,0.0,,0.0
2023-10-03,30,35386423.0,0,0,0.0,0.0,0.0,0.0,,,0.0,,0.0
2023-10-04,30,35386423.0,0,0,0.0,0.0,0.0,0.0,,,0.0,,0.0
2023-10-05,30,35386423.0,0,0,0.0,0.01372,0.01372,0.01372,,,11310961.0,,11310961.0
2023-10-06,30,34900855.0,0,0,0.0,0.0,0.0,0.0,,,0.0,,0.0
2023-10-09,30,34900855.0,0,0,0.0,0.00489,0.00489,0.00489,,,4446061.0,,4446061.0
2023-10-10,30,34964653.0,0,0,0.0,0.0,0.0,0.0,,,0.0,,0.0
2023-10-11,30,34964653.0,0,0,0.0,0.0,0.0,0.0,,,0.0,,0.0
2023-10-12,30,34964653.0,0,0,0.0,0.0,0.0,0.0,,,0.0,,0.0
2023-10-13,30,34964653.0,0,0,0.0,0.0,0.0,0.0,,,0.0,,0.0
2023-10-16,30,34964653.0,0,0,0.0,0.0,0.0,0.0,,,0.0,,0.0
2023-10-17,30,34964653.0,0,0,0.0,0.0,0.0,0.0,,,0.0,,0.0
2023-10-18,30,34964653.0,0,0,0.0,0.0,0.0,0.0,,,0.0,,0.0
2023-10-19,30,34964653.0,0,0,0.0,0.0008,0.0008,0.0008,,,1596429.0,,1596429.0
2023-10-20,30,34962375.0,0,0,0.0,0.0,0.0,0.0,,,0.0,,0.0
2023-10-23,30,34962375.0,0,0,0.0,0.01044,0.01044,0.01044,,,8289970.0,,8289970.0
2023-10-24,30,34597380.0,0,0,0.0,0.0003,0.0003,0.0003,,,807231.0,,807231.0
2023-10-25,30,34586925.0,0,0,0.0,0.0,0.0,0.0,,,0.0,,0.0
2023-10-26,30,34586925.0,0,0,0.0,0.0,0.0,0.0,,,0.0,,0.0
2023-10-27,30,34586925.0,0,0,0.0,0.0,0.0,0.0,,,0.0,,0.0
2023-10-30,30,34586925.0,0,0,0.0,0.01358,0.01358,0.01358,,,8681533.0,,8681533.0
2023-10-31,30,34275060.0,0,0,0.0,0.01861,0.01861,0.01861,,,6605182.0,,6605182.0
2023-11-01,30,34583735.0,0,0,0.0,0.0,0.0,0.0,,,0.0,,0.0
2023-11-02,30,34583735.0,0,0,0.0,0.0,0.0,0.0,,,0.0,,0.0
2023-11-03,30,34583735.0,0,0,0.0,0.0,0.0,0.0,,,0.0,,0.0
2023-11-06,30,34583735.0,0,0,0.0,0.0,0.0,0.0,,,0.0,,0.0
2023-11-07,30,34583735.0,0,0,0.0,0.00879,0.00879,0.00879,,,4982365.0,,4982365.0
2023-11-08,30,34441807.0,0,0,0.0,0.0,0.0,0.0,,,0.0,,0.0
2023-11-09,30,34441807.0,0,0,0.0,0.01023,0.01023,0.01023,,,4292055.0,,4292055.0
2023-11-10,30,34463563.0,0,0,0.0,0.0,0.0,0.0,,,0.0,,0.0
2023-11-13,30,34463563.0,0,0,0.0,0.0,0.0,0.0,,,0.0,,0.0
2023-11-14,30,34463563.0,0,0,0.0,0.00589,0.00589,0.00589,,,5171676.0,,5171676.0
2023-11-15,30,34260408.0,0,0,0.0,0.0,0.0,0.0,,,0.0,,0.0
2023-11-16,30,34260408.0,0,0,0.0,0.00348,0.00348,0.00348,,,5225806.0,,5225806.0
2023-11-17,30,34322000.0,0,0,0.0,0.0,0.0,0.0,,,0.0,,0.0
2023-11-20,30,34322000.0,0,0,0.0,0.0,0.0,0.0,,,0.0,,0.0
2023-11-21,30,34322000.0,0,0,0.0,0.0,0.0,0.0,,,0.0,,0.0
2023-11-22,30,34322000.0,0,0,0.0,0.0,0.0,0.0,,,0.0,,0.0
2023-11-24,30,34322000.0,0,0,0.0,0.0,0.0,0.0,,,0.0,,0.0
2023-11-27,30,34322000.0,0,0,0.0,0.0,0.0,0.0,,,0.0,,0.0
2023-11-28,30,34322000.0,0,0,0.0,0.01504,0.01504,0.01504,,,9022535.0,,9022535.0
2023-11-29,30,34750228.0,0,0,0.0,0.0007,0.0007,0.0007,,,248038.0,,248038.0
2023-11-30,30,34774693.0,0,0,0.0,0.01693,0.01693,0.01693,,,10345337.0,,10345337.0
2023-12-01,30,35285936.0,0,0,0.0,0.0,0.0,0.0,,,0.0,,0.0
2023-12-04,30,35285936.0,0,0,0.0,0.0,0.0,0.0,,,0.0,,0.0
2023-12-05,30,35285936.0,0,0,0.0,0.00256,0.00256,0.00256,,,1667205.0,,1667205.0
2023-12-06,30,35370474.0,0,0,0.0,0.00918,0.00918,0.00918,,,9599701.0,,9599701.0
2023-12-07,30,35569029.0,0,0,0.0,0.00941,0.00941,0.00941,,,7433759.0,,7433759.0
2023-12-08,30,35735310.0,0,0,0.0,0.00104,0.00104,0.00104,,,426493.0,,426493.0
2023-12-11,30,35698159.0,0,0,0.0,0.00198,0.00198,0.00198,,,2134663.0,,2134663.0
2023-12-12,30,35699571.0,0,0,0.0,0.00048,0.00048,0.00048,,,441223.0,,441223.0
2023-12-13,30,35684045.0,0,0,0.0,0.00287,0.00287,0.00287,,,1847155.0,,1847155.0
2023-12-14,30,35764787.0,0,0,0.0,0.0,0.0,0.0,,,0.0,,0.0
2023-12-15,30,35764787.0,0,1,0.03333,0.01697,0.0,0.01697,,,6071.0,,6071.0
2023-12-18,29,35157728.0,0,0,0.0,0.00108,0.00108,0.00108,,,1919397.0,,1919397.0
2023-12-19,29,35186572.0,0,0,0.0,0.00033,0.00033,0.00033,,,444257.0,,444257.0
2023-12-20,29,35198356.0,0,0,0.0,0.00344,0.00344,0.00344,,,1594887.0,,1594887.0
2023-12-21,29,35077256.0,1,0,0.03448,0.00046,0.0,0.00046,,,5683135.0,,5683135.0
2023-12-22,30,35093527.0,0,0,0.0,0.02804,0.02804,0.02804,,,9559360.0,,9559360.0
2023-12-26,30,36077455.0,0,0,0.0,0.0261,0.0261,0.0261,,,3181852.0,,3181852.0
2023-12-27,30,37019155.0,0,0,0.0,2e-05,2e-05,2e-05,,,108047.0,,108047.0
2023-12-28,30,37018527.0,0,0,0.0,0.0,0.0,0.0,,,0.0,,0.0
2023-12-29,30,37018527.0,0,0,0.0,0.01321,0.01321,0.01321,,,15525942.0,,15525942.0
2024-01-02,30,37507642.0,0,0,0.0,0.0,0.0,0.0,,,11131.0,,11131.0
2024-01-03,30,37507578.0,0,0,0.0,0.00049,0.00049,0.00049,,,1626418.0,,1626418.0
2024-01-04,30,37525612.0,0,0,0.0,0.0,0.0,0.0,,,0.0,,0.0
2024-01-05,30,37525612.0,0,0,0.0,0.01067,0.01067,0.01067,,,11524482.0,,11524482.0
2024-01-08,30,37125229.0,0,0,0.0,0.00301,0.00301,0.00301,,,3270720.0,,3270720.0
2024-01-09,30,37215251.0,0,0,0.0,0.012,0.012,0.012,,,9213329.0,,9213329.0
2024-01-10,30,37022874.0,0,0,0.0,0.00036,0.00036,0.00036,,,892214.0,,892214.0
2024-01-11,30,37036069.0,0,0,0.0,0.00576,0.00576,0.00576,,,2442140.0,,2442140.0
2024-01-12,30,37122606.0,0,0,0.0,0.00585,0.00585,0.00585,,,6446019.0,,6446019.0
2024-01-16,30,36944394.0,0,0,0.0,0.0,0.0,0.0,,,0.0,,0.0
2024-01-17,30,36944394.0,0,0,0.0,0.00844,0.00844,0.00844,,,8898808.0,,8898808.0
2024-01-18,30,36632600.0,0,0,0.0,0.00096,0.00096,0.00096,,,319214.0,,319214.0
2024-01-19,30,36667717.0,0,0,0.0,0.00072,0.00072,0.00072,,,239481.0,,239481.0
2024-01-22,30,36694179.0,0,0,0.0,0.00851,0.00851,0.00851,,,8871236.0,,8871236.0
2024-01-23,30,36381909.0,0,0,0.0,0.00613,0.00613,0.00613,,,6445377.0,,6445377.0
2024-01-24,30,36158819.0,0,0,0.0,0.0,0.0,0.0,,,0.0,,0.0
2024-01-25,30,36158819.0,0,0,0.0,0.0074,0.0074,0.0074,,,7612340.0,,7612340.0
2024-01-26,30,35891177.0,0,0,0.0,0.0,0.0,0.0,,,0.0,,0.0
2024-01-29,30,35891177.0,0,0,0.0,0.0,0.0,0.0,,,0.0,,0.0
2024-01-30,30,35891177.0,0,0,0.0,0.0,0.0,0.0,,,0.0,,0.0
2024-01-31,30,35891177.0,0,0,0.0,0.01012,0.01012,0.01012,,,5041821.0,,5041821.0
2024-02-01,30,36107974.0,0,0,0.0,0.01172,0.01172,0.01172,,,5386861.0,,5386861.0
2024-02-02,30,36374351.0,0,0,0.0,0.0,0.0,0.0,,,0.0,,0.0
2024-02-05,30,36374351.0,0,0,0.0,0.00265,0.00265,0.00265,,,6413469.0,,6413469.0
2024-02-06,30,36392283.0,1,0,0.03333,0.00339,0.00275,0.00339,,,12730531.0,,12730531.0
2024-02-07,31,36328183.0,0,0,0.0,0.00578,0.00578,0.00578,,,9293234.0,,9293234.0
2024-02-08,31,36523261.0,0,0,0.0,0.0052,0.0052,0.0052,,,5765860.0,,5765860.0
2024-02-09,31,36351538.0,0,0,0.0,0.00123,0.00123,0.00123,,,2176602.0,,2176602.0
2024-02-12,31,36377409.0,0,0,0.0,0.00904,0.00904,0.00904,,,12094298.0,,12094298.0
2024-02-13,31,36199748.0,0,0,0.0,0.00314,0.00314,0.00314,,,5180057.0,,5180057.0
2024-02-14,31,36250467.0,0,0,0.0,0.00516,0.00516,0.00516,,,7182928.0,,7182928.0
2024-02-15,31,36081966.0,0,0,0.0,0.0019,0.0019,0.0019,,,12451500.0,,12451500.0
2024-02-16,31,36088712.0,0,0,0.0,0.00974,0.00974,0.00974,,,5506095.0,,5506095.0
2024-02-20,31,36408376.0,0,0,0.0,0.01725,0.01725,0.01725,,,25648327.0,,25648327.0
2024-02-21,31,36583017.0,0,0,0.0,0.00455,0.00455,0.00455,,,5854023.0,,5854023.0
2024-02-22,31,36497232.0,0,0,0.0,0.00743,0.00743,0.00743,,,8818272.0,,8818272.0
2024-02-23,31,36375523.0,0,0,0.0,0.00316,0.00316,0.00316,,,2956439.0,,2956439.0
2024-02-26,31,36318816.0,0,0,0.0,0.00783,0.00783,0.00783,,,7187916.0,,7187916.0
2024-02-27,31,36062275.0,0,0,0.0,0.00635,0.00635,0.00635,,,3798446.0,,3798446.0
2024-02-28,31,35844042.0,0,0,0.0,0.00465,0.00465,0.00465,,,4154808.0,,4154808.0
2024-02-29,31,35713799.0,0,0,0.0,0.00016,0.00016,0.00016,,,346012.0,,346012.0
2024-03-01,31,35708008.0,0,0,0.0,0.00022,0.00022,0.00022,,,129795.0,,129795.0
2024-03-04,31,35700050.0,0,0,0.0,0.0,0.0,0.0,,,0.0,,0.0
2024-03-05,31,35700050.0,1,0,0.03226,0.03894,0.03744,0.03894,,,40407998.0,,40407998.0
2024-03-06,32,36402111.0,0,0,0.0,0.0858,0.0858,0.0858,,,31842708.0,,31842708.0
2024-03-07,32,38486151.0,0,0,0.0,0.01563,0.01563,0.01563,,,20588581.0,,20588581.0
2024-03-08,32,37964741.0,0,0,0.0,0.00398,0.00398,0.00398,,,3195559.0,,3195559.0
2024-03-11,32,38064698.0,0,0,0.0,0.00547,0.00547,0.00547,,,5731964.0,,5731964.0
2024-03-12,32,38192244.0,0,0,0.0,0.03608,0.03608,0.03608,,,41884942.0,,41884942.0
2024-03-13,32,39229345.0,0,0,0.0,0.00786,0.00786,0.00786,,,14972243.0,,14972243.0
2024-03-14,32,39476861.0,0,0,0.0,0.00048,0.00048,0.00048,,,1412971.0,,1412971.0
2024-03-15,32,39488966.0,0,0,0.0,0.00858,0.00858,0.00858,,,6241405.0,,6241405.0
2024-03-18,32,39370940.0,0,0,0.0,0.00061,0.00061,0.00061,,,436507.0,,436507.0
2024-03-19,32,39346890.0,0,0,0.0,0.0,0.0,0.0,,,0.0,,0.0
2024-03-20,32,39346890.0,0,0,0.0,0.01296,0.01296,0.01296,,,14475129.0,,14475129.0
2024-03-21,32,38837110.0,0,0,0.0,0.0,0.0,0.0,,,0.0,,0.0
2024-03-22,32,38837110.0,1,0,0.03125,0.00291,0.0028,0.00291,,,14093768.0,,14093768.0
2024-03-25,33,38834993.0,0,0,0.0,0.00548,0.00548,0.00548,,,12411480.0,,12411480.0
2024-03-26,33,38840622.0,0,0,0.0,0.00612,0.00612,0.00612,,,8076786.0,,8076786.0
2024-03-27,33,38779277.0,0,0,0.0,7e-05,7e-05,7e-05,,,96022.0,,96022.0
2024-03-28,33,38781852.0,0,0,0.0,1e-05,1e-05,1e-05,,,9091.0,,9091.0
2024-04-01,33,38782092.0,0,0,0.0,0.00393,0.00393,0.00393,,,4534241.0,,4534241.0
2024-04-02,33,38629576.0,0,0,0.0,0.00854,0.00854,0.00854,,,8188453.0,,8188453.0
2024-04-03,33,38701032.0,0,0,0.0,0.01403,0.01403,0.01403,,,17825025.0,,17825025.0
2024-04-04,33,38341910.0,0,0,0.0,0.00152,0.00152,0.00152,,,2861672.0,,2861672.0
2024-04-05,33,38337469.0,0,0,0.0,0.00486,0.00486,0.00486,,,2267962.0,,2267962.0
2024-04-08,33,38495970.0,0,0,0.0,0.00084,0.00084,0.00084,,,597565.0,,597565.0
2024-04-09,33,38464450.0,0,0,0.0,0.00095,0.00095,0.00095,,,2038529.0,,2038529.0
2024-04-10,33,38490583.0,0,0,0.0,0.00017,0.00017,0.00017,,,96866.0,,96866.0
2024-04-11,33,38497015.0,0,0,0.0,0.00667,0.00667,0.00667,,,6809000.0,,6809000.0
2024-04-12,33,38347441.0,0,0,0.0,0.00241,0.00241,0.00241,,,3209693.0,,3209693.0
2024-04-15,33,38371204.0,0,0,0.0,0.00173,0.00173,0.00173,,,981134.0,,981134.0
2024-04-16,33,38341332.0,0,0,0.0,0.00443,0.00443,0.00443,,,4292364.0,,4292364.0
2024-04-17,33,38180252.0,0,0,0.0,0.00539,0.00539,0.00539,,,5495150.0,,5495150.0
2024-04-18,33,37974380.0,0,0,0.0,0.0,0.0,0.0,,,0.0,,0.0
2024-04-19,33,37974380.0,0,0,0.0,0.03735,0.03735,0.03735,,,33668358.0,,33668358.0
2024-04-22,33,36556057.0,2,0,0.06061,0.06157,0.00946,0.06157,,,52118941.0,,52118941.0
2024-04-23,35,38114752.0,0,0,0.0,0.0,0.0,0.0,,,0.0,,0.0
2024-04-24,35,38114752.0,0,0,0.0,0.00405,0.00405,0.00405,,,4206954.0,,4206954.0
2024-04-25,35,37960462.0,0,0,0.0,2e-05,2e-05,2e-05,,,10654.0,,10654.0
2024-04-26,35,37959789.0,0,0,0.0,0.00082,0.00082,0.00082,,,3229838.0,,3229838.0
2024-04-29,35,37933730.0,0,0,0.0,0.0104,0.0104,0.0104,,,10803621.0,,10803621.0
2024-04-30,35,37540842.0,0,0,0.0,2e-05,2e-05,2e-05,,,398876.0,,398876.0
2024-05-01,35,37541764.0,0,0,0.0,0.0,0.0,0.0,,,0.0,,0.0
2024-05-02,35,37541764.0,0,0,0.0,0.0,0.0,0.0,,,3221.0,,3221.0
2024-05-03,35,37541680.0,0,0,0.0,0.0,0.0,0.0,,,0.0,,0.0
2024-05-06,35,37541680.0,0,0,0.0,0.0,0.0,0.0,,,0.0,,0.0
2024-05-07,35,37541680.0,0,0,0.0,0.00394,0.00394,0.00394,,,4108794.0,,4108794.0
2024-05-08,35,37393814.0,0,0,0.0,0.00485,0.00485,0.00485,,,5965142.0,,5965142.0
2024-05-09,35,37492834.0,0,2,0.05714,0.02122,0.02121,0.02122,,,28755408.0,,28755408.0
2024-05-10,33,37006282.0,0,0,0.0,0.01354,0.01354,0.01354,,,13929351.0,,13929351.0
2024-05-13,33,36752318.0,0,0,0.0,5e-05,5e-05,5e-05,,,63057.0,,63057.0
2024-05-14,33,36754323.0,0,0,0.0,0.00454,0.00454,0.00454,,,7535408.0,,7535408.0
2024-05-15,33,36722938.0,0,0,0.0,0.00154,0.00154,0.00154,,,2903827.0,,2903827.0
2024-05-16,33,36716340.0,0,0,0.0,7e-05,7e-05,7e-05,,,90778.0,,90778.0
2024-05-17,33,36719090.0,0,0,0.0,0.00017,0.00017,0.00017,,,199246.0,,199246.0
2024-05-20,33,36725172.0,0,0,0.0,0.00351,0.00351,0.00351,,,2591349.0,,2591349.0
2024-05-21,33,36596185.0,0,0,0.0,0.00427,0.00427,0.00427,,,5225186.0,,5225186.0
2024-05-22,33,36508142.0,0,0,0.0,0.007,0.007,0.007,,,7363724.0,,7363724.0
2024-05-23,33,36308203.0,0,0,0.0,0.00807,0.00807,0.00807,,,7984208.0,,7984208.0
2024-05-24,33,36015127.0,1,0,0.0303,0.01448,0.0117,0.01448,,,11016103.0,,11016103.0
2024-05-28,34,35693803.0,0,0,0.0,0.01272,0.01272,0.01272,,,7933298.0,,7933298.0
2024-05-29,34,35348031.0,0,0,0.0,0.00542,0.00542,0.00542,,,5267181.0,,5267181.0
2024-05-30,34,35156491.0,0,0,0.0,0.01003,0.01003,0.01003,,,8889231.0,,8889231.0
2024-05-31,34,34803747.0,0,0,0.0,0.00768,0.00768,0.00768,,,4332392.0,,4332392.0
2024-06-03,34,34844932.0,0,0,0.0,0.0,0.0,0.0,,,0.0,,0.0
2024-06-04,34,34844932.0,0,0,0.0,0.0,0.0,0.0,,,0.0,,0.0
2024-06-05,34,34844932.0,0,0,0.0,0.00094,0.00094,0.00094,,,1780896.0,,1780896.0
2024-06-06,34,34877609.0,0,0,0.0,0.02602,0.02602,0.02602,,,24654041.0,,24654041.0
2024-06-07,34,33970159.0,0,0,0.0,4e-05,4e-05,4e-05,,,83260.0,,83260.0
2024-06-10,34,33971471.0,0,0,0.0,0.0006,0.0006,0.0006,,,947367.0,,947367.0
2024-06-11,34,33977695.0,0,0,0.0,0.00094,0.00094,0.00094,,,745388.0,,745388.0
2024-06-12,34,33945868.0,0,0,0.0,0.0,0.0,0.0,,,0.0,,0.0
2024-06-13,34,33945868.0,0,0,0.0,0.00669,0.00669,0.00669,,,6206498.0,,6206498.0
2024-06-14,34,33718642.0,0,0,0.0,0.00566,0.00566,0.00566,,,5259733.0,,5259733.0
2024-06-17,34,33527662.0,0,0,0.0,0.00854,0.00854,0.00854,,,7888945.0,,7888945.0
2024-06-18,34,33241186.0,0,0,0.0,0.00575,0.00575,0.00575,,,5289558.0,,5289558.0
2024-06-20,34,33050210.0,0,0,0.0,0.0,0.0,0.0,,,0.0,,0.0
2024-06-21,34,33050210.0,0,0,0.0,0.0,0.0,0.0,,,0.0,,0.0
2024-06-24,34,33050210.0,0,0,0.0,0.0,0.0,0.0,,,0.0,,0.0
2024-06-25,34,33050210.0,0,0,0.0,0.01011,0.01011,0.01011,,,9113202.0,,9113202.0
2024-06-26,34,32715988.0,0,0,0.0,0.0073,0.0073,0.0073,,,6584311.0,,6584311.0
2024-06-27,34,32477268.0,0,0,0.0,0.0,0.0,0.0,,,0.0,,0.0
2024-06-28,34,32477268.0,0,0,0.0,0.00019,0.00019,0.00019,,,63730.0,,63730.0
2024-07-01,34,32470983.0,0,0,0.0,0.0,0.0,0.0,,,0.0,,0.0
2024-07-02,34,32470983.0,0,0,0.0,3e-05,3e-05,3e-05,,,9320.0,,9320.0
2024-07-03,34,32469983.0,0,0,0.0,1e-05,1e-05,1e-05,,,1880.0,,1880.0
2024-07-05,34,32469783.0,0,1,0.02941,0.0,0.0,0.0,,,940.0,,940.0
2024-07-08,33,32469683.0,0,0,0.0,0.0,0.0,0.0,,,0.0,,0.0
2024-07-09,33,32469683.0,0,0,0.0,0.0,0.0,0.0,,,0.0,,0.0
2024-07-10,33,32469683.0,0,0,0.0,0.0,0.0,0.0,,,0.0,,0.0
2024-07-11,33,32469683.0,0,0,0.0,0.00441,0.00441,0.00441,,,4007695.0,,4007695.0
2024-07-12,33,32326487.0,0,0,0.0,0.00886,0.00886,0.00886,,,8012228.0,,8012228.0
2024-07-15,33,32040131.0,0,0,0.0,0.009,0.009,0.009,,,8580830.0,,8580830.0
2024-07-16,33,31751717.0,0,0,0.0,6e-05,6e-05,6e-05,,,460201.0,,460201.0
2024-07-17,33,31749822.0,0,0,0.0,0.0,0.0,0.0,,,0.0,,0.0
2024-07-18,33,31749822.0,0,0,0.0,0.0,0.0,0.0,,,0.0,,0.0
2024-07-19,33,31749822.0,0,0,0.0,0.0,0.0,0.0,,,0.0,,0.0
2024-07-22,33,31749822.0,0,0,0.0,0.00851,0.00851,0.00851,,,10894605.0,,10894605.0
2024-07-23,33,31850597.0,0,0,0.0,0.00118,0.00118,0.00118,,,3192024.0,,3192024.0
2024-07-24,33,31866151.0,0,0,0.0,9e-05,9e-05,9e-05,,,366812.0,,366812.0
2024-07-25,33,31863366.0,0,0,0.0,0.00186,0.00186,0.00186,,,3184457.0,,3184457.0
2024-07-26,33,31806159.0,0,0,0.0,0.00033,0.00033,0.00033,,,259796.0,,259796.0
2024-07-29,33,31795763.0,0,0,0.0,0.0,0.0,0.0,,,0.0,,0.0
2024-07-30,33,31795763.0,0,0,0.0,0.01795,0.01795,0.01795,,,15635026.0,,15635026.0
2024-07-31,33,31224995.0,0,0,0.0,0.00611,0.00611,0.00611,,,5575042.0,,5575042.0
2024-08-01,33,31034074.0,0,0,0.0,0.00943,0.00943,0.00943,,,10591950.0,,10591950.0
2024-08-02,33,30856845.0,1,0,0.0303,0.02236,0.00124,0.02236,,,16565882.0,,16565882.0
2024-08-05,34,31470376.0,0,0,0.0,0.0,0.0,0.0,,,0.0,,0.0
2024-08-06,34,31470376.0,1,0,0.02941,0.0211,0.02054,0.0211,,,19951283.0,,19951283.0
2024-08-07,35,31112544.0,0,0,0.0,0.03453,0.03453,0.03453,,,14532178.0,,14532178.0
2024-08-08,35,30756152.0,0,0,0.0,0.00878,0.00878,0.00878,,,3184406.0,,3184406.0
2024-08-09,35,30567875.0,0,0,0.0,0.00702,0.00702,0.00702,,,2315280.0,,2315280.0
2024-08-12,35,30473641.0,0,0,0.0,2e-05,2e-05,2e-05,,,120030.0,,120030.0
2024-08-13,35,30474360.0,0,0,0.0,0.01014,0.01014,0.01014,,,6982628.0,,6982628.0
2024-08-14,35,30262548.0,0,0,0.0,0.00164,0.00164,0.00164,,,401025.0,,401025.0
2024-08-15,35,30312303.0,0,0,0.0,0.00168,0.00168,0.00168,,,398835.0,,398835.0
2024-08-16,35,30363110.0,0,0,0.0,0.0,0.0,0.0,,,0.0,,0.0
2024-08-19,35,30363110.0,0,0,0.0,0.00462,0.00462,0.00462,,,3996402.0,,3996402.0
2024-08-20,35,30222893.0,0,0,0.0,0.0,0.0,0.0,,,0.0,,0.0
2024-08-21,35,30222893.0,0,0,0.0,0.00514,0.00514,0.00514,,,2713718.0,,2713718.0
2024-08-22,35,30105729.0,0,0,0.0,0.00213,0.00213,0.00213,,,2616114.0,,2616114.0
2024-08-23,35,30102457.0,0,0,0.0,0.00081,0.00081,0.00081,,,985663.0,,985663.0
2024-08-26,35,30103479.0,0,0,0.0,0.00142,0.00142,0.00142,,,530887.0,,530887.0
2024-08-27,35,30060700.0,0,0,0.0,0.0,0.0,0.0,,,0.0,,0.0
2024-08-28,35,30060700.0,0,0,0.0,0.0,0.0,0.0,,,0.0,,0.0
2024-08-29,35,30060700.0,0,0,0.0,0.00618,0.00618,0.00618,,,5338704.0,,5338704.0
2024-08-30,35,29874832.0,0,0,0.0,0.0,0.0,0.0,,,0.0,,0.0
2024-09-03,35,29874832.0,0,0,0.0,0.0,0.0,0.0,,,0.0,,0.0
2024-09-04,35,29874832.0,0,0,0.0,0.0,0.0,0.0,,,0.0,,0.0
2024-09-05,35,29874832.0,0,0,0.0,0.0,0.0,0.0,,,0.0,,0.0
2024-09-06,35,29874832.0,0,0,0.0,0.0,0.0,0.0,,,0.0,,0.0
2024-09-09,35,29874832.0,0,0,0.0,0.00034,0.00034,0.00034,,,512739.0,,512739.0
2024-09-10,35,29884868.0,0,0,0.0,0.0,0.0,0.0,,,0.0,,0.0
2024-09-11,35,29884868.0,0,0,0.0,0.00467,0.00467,0.00467,,,3887679.0,,3887679.0
2024-09-12,35,29745416.0,0,0,0.0,0.00024,0.00024,0.00024,,,1826159.0,,1826159.0
2024-09-13,35,29749900.0,0,0,0.0,0.00066,0.00066,0.00066,,,422370.0,,422370.0
2024-09-16,35,29730382.0,0,0,0.0,0.00065,0.00065,0.00065,,,427209.0,,427209.0
2024-09-17,35,29711025.0,0,0,0.0,0.00064,0.00064,0.00064,,,421124.0,,421124.0
2024-09-18,35,29692064.0,0,0,0.0,0.0,0.0,0.0,,,0.0,,0.0
2024-09-19,35,29692064.0,0,0,0.0,0.00084,0.00084,0.00084,,,569068.0,,569068.0
2024-09-20,35,29667268.0,0,0,0.0,0.0,0.0,0.0,,,0.0,,0.0
2024-09-23,35,29667268.0,0,0,0.0,0.00469,0.00469,0.00469,,,4227993.0,,4227993.0
2024-09-24,35,29528221.0,0,0,0.0,0.00206,0.00206,0.00206,,,8919577.0,,8919577.0
2024-09-25,35,29583170.0,0,0,0.0,0.0,0.0,0.0,,,0.0,,0.0
2024-09-26,35,29583170.0,0,0,0.0,0.00785,0.00785,0.00785,,,7068755.0,,7068755.0
2024-09-27,35,29350930.0,0,0,0.0,0.0,0.0,0.0,,,0.0,,0.0
2024-09-30,35,29350930.0,0,0,0.0,0.00633,0.00633,0.00633,,,5738945.0,,5738945.0
2024-10-01,35,29165134.0,0,0,0.0,0.0,0.0,0.0,,,0.0,,0.0
2024-10-02,35,29165134.0,0,0,0.0,0.00955,0.00955,0.00955,,,8369441.0,,8369441.0
2024-10-03,35,28886464.0,0,0,0.0,0.0,0.0,0.0,,,0.0,,0.0
2024-10-04,35,28886464.0,0,0,0.0,0.00965,0.00965,0.00965,,,8341229.0,,8341229.0
2024-10-07,35,28607776.0,0,0,0.0,0.00039,0.00039,0.00039,,,846705.0,,846705.0
2024-10-08,35,28596619.0,0,0,0.0,0.0,0.0,0.0,,,0.0,,0.0
2024-10-09,35,28596619.0,0,0,0.0,0.0052,0.0052,0.0052,,,5653345.0,,5653345.0
2024-10-10,35,28473948.0,0,0,0.0,0.0,0.0,0.0,,,0.0,,0.0
2024-10-11,35,28473948.0,0,0,0.0,0.0,0.0,0.0,,,0.0,,0.0
2024-10-14,35,28473948.0,0,0,0.0,0.00974,0.00974,0.00974,,,8770972.0,,8770972.0
2024-10-15,35,28196676.0,0,0,0.0,0.00051,0.00051,0.00051,,,390366.0,,390366.0
2024-10-16,35,28182218.0,0,0,0.0,0.0,0.0,0.0,,,0.0,,0.0
2024-10-17,35,28182218.0,0,0,0.0,0.0,0.0,0.0,,,0.0,,0.0
2024-10-18,35,28182218.0,0,0,0.0,0.00983,0.00983,0.00983,,,8897465.0,,8897465.0
2024-10-21,35,28459328.0,0,0,0.0,0.0,0.0,0.0,,,0.0,,0.0
2024-10-22,35,28459328.0,0,0,0.0,0.0,0.0,0.0,,,0.0,,0.0
2024-10-23,35,28459328.0,0,0,0.0,0.0,0.0,0.0,,,0.0,,0.0
2024-10-24,35,28459328.0,0,0,0.0,0.0,0.0,0.0,,,0.0,,0.0
2024-10-25,35,28459328.0,0,0,0.0,0.0,0.0,0.0,,,0.0,,0.0
2024-10-28,35,28459328.0,0,0,0.0,0.0,0.0,0.0,,,0.0,,0.0
2024-10-29,35,28459328.0,0,0,0.0,0.00097,0.00097,0.00097,,,676747.0,,676747.0
2024-10-30,35,28471867.0,0,0,0.0,0.00058,0.00058,0.00058,,,459580.0,,459580.0
2024-10-31,35,28455471.0,0,0,0.0,0.0,0.0,0.0,,,0.0,,0.0
2024-11-01,35,28455471.0,0,0,0.0,0.00441,0.00441,0.00441,,,8067962.0,,8067962.0
2024-11-04,35,28408489.0,0,0,0.0,0.0114,0.0114,0.0114,,,10408025.0,,10408025.0
2024-11-05,35,28084746.0,0,0,0.0,0.00832,0.00832,0.00832,,,13711946.0,,13711946.0
2024-11-06,35,27956196.0,0,0,0.0,0.0,0.0,0.0,,,51.0,,51.0
2024-11-07,35,27956195.0,0,0,0.0,2e-05,2e-05,2e-05,,,42314.0,,42314.0
2024-11-08,35,27955650.0,0,0,0.0,0.0033,0.0033,0.0033,,,9827375.0,,9827375.0
2024-11-11,35,27868792.0,0,0,0.0,0.0,0.0,0.0,,,0.0,,0.0
2024-11-12,35,27868792.0,0,0,0.0,0.00122,0.00122,0.00122,,,1114183.0,,1114183.0
2024-11-13,35,27834823.0,0,0,0.0,0.0077,0.0077,0.0077,,,8516141.0,,8516141.0
2024-11-14,35,28049128.0,0,0,0.0,0.0,0.0,0.0,,,0.0,,0.0
2024-11-15,35,28049128.0,0,0,0.0,0.00018,0.00018,0.00018,,,1058669.0,,1058669.0
2024-11-18,35,28054134.0,0,0,0.0,0.00764,0.00764,0.00764,,,8289461.0,,8289461.0
2024-11-19,35,28268509.0,0,0,0.0,0.0,0.0,0.0,,,0.0,,0.0
2024-11-20,35,28268509.0,0,0,0.0,0.0,0.0,0.0,,,0.0,,0.0
2024-11-21,35,28268509.0,0,0,0.0,0.0,0.0,0.0,,,0.0,,0.0
2024-11-22,35,28268509.0,0,0,0.0,0.0,0.0,0.0,,,0.0,,0.0
2024-11-25,35,28268509.0,0,0,0.0,0.00337,0.00337,0.00337,,,2161641.0,,2161641.0
2024-11-26,35,28197940.0,0,0,0.0,0.03148,0.03148,0.03148,,,17039951.0,,17039951.0
2024-11-27,35,28109903.0,0,0,0.0,0.0,0.0,0.0,,,0.0,,0.0
2024-11-29,35,28109903.0,0,0,0.0,0.0,0.0,0.0,,,0.0,,0.0
2024-12-02,35,28109903.0,0,0,0.0,0.0,0.0,0.0,,,0.0,,0.0
2024-12-03,35,28109903.0,0,0,0.0,0.00555,0.00555,0.00555,,,4593611.0,,4593611.0
2024-12-04,35,28059677.0,0,0,0.0,0.0,0.0,0.0,,,0.0,,0.0
2024-12-05,35,28059677.0,0,0,0.0,0.0,0.0,0.0,,,0.0,,0.0
2024-12-06,35,28059677.0,0,0,0.0,0.00909,0.00909,0.00909,,,10841037.0,,10841037.0
2024-12-09,35,28314737.0,0,0,0.0,0.0,0.0,0.0,,,0.0,,0.0
2024-12-10,35,28314737.0,0,0,0.0,0.0,0.0,0.0,,,0.0,,0.0
2024-12-11,35,28314737.0,0,0,0.0,0.0,0.0,0.0,,,0.0,,0.0
2024-12-12,35,28314737.0,0,0,0.0,0.0,0.0,0.0,,,0.0,,0.0
2024-12-13,35,28314737.0,0,0,0.0,0.0,0.0,0.0,,,0.0,,0.0
2024-12-16,35,28314737.0,0,0,0.0,0.0,0.0,0.0,,,0.0,,0.0
2024-12-17,35,28314737.0,0,0,0.0,0.0,0.0,0.0,,,0.0,,0.0
2024-12-18,35,28314737.0,1,0,0.02857,0.00744,0.00259,0.00744,,,22770989.0,,22770989.0
2024-12-19,36,28378501.0,0,0,0.0,0.00078,0.00078,0.00078,,,3769720.0,,3769720.0
2024-12-20,36,28384458.0,0,0,0.0,0.00901,0.00901,0.00901,,,10094275.0,,10094275.0
2024-12-23,36,28640166.0,0,0,0.0,0.0,0.0,0.0,,,0.0,,0.0
2024-12-24,36,28640166.0,0,0,0.0,0.01289,0.01289,0.01289,,,15949031.0,,15949031.0
2024-12-26,36,28285377.0,0,0,0.0,0.00961,0.00961,0.00961,,,11045404.0,,11045404.0
2024-12-27,36,28013589.0,0,0,0.0,0.0,0.0,0.0,,,0.0,,0.0
2024-12-30,36,28013589.0,0,0,0.0,0.0,0.0,0.0,,,0.0,,0.0
2024-12-31,36,28013589.0,0,0,0.0,0.0,0.0,0.0,,,0.0,,0.0
2025-01-02,36,28013589.0,0,0,0.0,0.0,0.0,0.0,,,0.0,,0.0
2025-01-03,36,28013589.0,0,0,0.0,0.02911,0.02911,0.02911,,,31832333.0,,31832333.0
2025-01-06,36,27198207.0,0,0,0.0,0.01074,0.01074,0.01074,,,12593707.0,,12593707.0
2025-01-07,36,26906069.0,0,0,0.0,0.00265,0.00265,0.00265,,,8416111.0,,8416111.0
2025-01-08,36,26863746.0,0,0,0.0,1e-05,1e-05,1e-05,,,16098.0,,16098.0
2025-01-10,36,26863516.0,0,0,0.0,0.01233,0.01233,0.01233,,,13612649.0,,13612649.0
2025-01-13,36,26574530.0,0,0,0.0,0.0,0.0,0.0,,,0.0,,0.0
2025-01-14,36,26574530.0,0,0,0.0,0.0,0.0,0.0,,,0.0,,0.0
2025-01-15,36,26574530.0,0,0,0.0,0.00059,0.00059,0.00059,,,1588394.0,,1588394.0
2025-01-16,36,26579128.0,0,0,0.0,0.00083,0.00083,0.00083,,,2574612.0,,2574612.0
2025-01-17,36,26581515.0,0,0,0.0,0.0004,0.0004,0.0004,,,786852.0,,786852.0
2025-01-21,36,26592257.0,0,0,0.0,0.00016,0.00016,0.00016,,,315561.0,,315561.0
2025-01-22,36,26596621.0,0,0,0.0,0.0,0.0,0.0,,,0.0,,0.0
2025-01-23,36,26596621.0,0,0,0.0,0.0,0.0,0.0,,,0.0,,0.0
2025-01-24,36,26596621.0,0,0,0.0,0.0,0.0,0.0,,,0.0,,0.0
2025-01-27,36,26596621.0,0,0,0.0,0.0,0.0,0.0,,,0.0,,0.0
2025-01-28,36,26596621.0,0,0,0.0,0.0,0.0,0.0,,,0.0,,0.0
2025-01-29,36,26596621.0,0,0,0.0,0.01359,0.01359,0.01359,,,15571602.0,,15571602.0
2025-01-30,36,26235069.0,0,0,0.0,0.0,0.0,0.0,,,0.0,,0.0
2025-01-31,36,26235069.0,0,0,0.0,3e-05,3e-05,3e-05,,,1137337.0,,1137337.0
2025-02-03,36,26234370.0,0,0,0.0,0.0,0.0,0.0,,,0.0,,0.0
2025-02-04,36,26234370.0,0,0,0.0,0.0001,0.0001,0.0001,,,549474.0,,549474.0
2025-02-05,36,26231654.0,0,0,0.0,0.0,0.0,0.0,,,0.0,,0.0
2025-02-06,36,26231654.0,0,0,0.0,0.0,0.0,0.0,,,0.0,,0.0
2025-02-07,36,26231654.0,0,0,0.0,0.00358,0.00358,0.00358,,,7041730.0,,7041730.0
2025-02-10,36,26243187.0,0,0,0.0,0.00172,0.00172,0.00172,,,4295271.0,,4295271.0
2025-02-11,36,26225913.0,0,0,0.0,0.0,0.0,0.0,,,0.0,,0.0
2025-02-12,36,26225913.0,0,0,0.0,0.01464,0.01464,0.01464,,,18654046.0,,18654046.0
2025-02-13,36,26260383.0,0,0,0.0,0.00318,0.00318,0.00318,,,3843390.0,,3843390.0
2025-02-14,36,26195002.0,0,0,0.0,0.00032,0.00032,0.00032,,,610006.0,,610006.0
2025-02-18,36,26203280.0,0,0,0.0,0.00112,0.00112,0.00112,,,2161282.0,,2161282.0
2025-02-19,36,26232530.0,0,0,0.0,0.01001,0.01001,0.01001,,,12256947.0,,12256947.0
2025-02-20,36,26495219.0,0,0,0.0,0.0,0.0,0.0,,,0.0,,0.0
2025-02-21,36,26495219.0,0,0,0.0,0.0,0.0,0.0,,,0.0,,0.0
2025-02-24,36,26495219.0,0,0,0.0,0.00931,0.00931,0.00931,,,5778245.0,,5778245.0
2025-02-25,36,26741343.0,0,0,0.0,0.0001,0.0001,0.0001,,,542198.0,,542198.0
2025-02-26,36,26743892.0,0,0,0.0,0.00262,0.00262,0.00262,,,4196777.0,,4196777.0
2025-02-27,36,26714284.0,0,0,0.0,0.00505,0.00505,0.00505,,,5475711.0,,5475711.0
2025-02-28,36,26579305.0,0,0,0.0,0.0,0.0,0.0,,,0.0,,0.0
2025-03-03,36,26579305.0,0,0,0.0,0.01524,0.01524,0.01524,,,16236587.0,,16236587.0
2025-03-04,36,26174359.0,1,0,0.02778,0.01145,0.00862,0.01145,,,19833035.0,,19833035.0
2025-03-05,37,26022818.0,0,0,0.0,0.00327,0.00327,0.00327,,,1385015.0,,1385015.0
2025-03-06,37,25937635.0,0,0,0.0,0.0,0.0,0.0,,,0.0,,0.0
2025-03-07,37,25937635.0,0,0,0.0,0.00021,0.00021,0.00021,,,202850.0,,202850.0
2025-03-10,37,25943040.0,0,0,0.0,0.00043,0.00043,0.00043,,,597602.0,,597602.0
2025-03-11,37,25944185.0,0,0,0.0,0.04343,0.04343,0.04343,,,22279221.0,,22279221.0
2025-03-12,37,25008924.0,0,0,0.0,0.00127,0.00127,0.00127,,,1712650.0,,1712650.0
2025-03-13,37,25001718.0,0,0,0.0,1e-05,1e-05,1e-05,,,6844.0,,6844.0
2025-03-14,37,25001881.0,0,0,0.0,0.00087,0.00087,0.00087,,,951699.0,,951699.0
2025-03-17,37,25012870.0,0,0,0.0,0.00084,0.00084,0.00084,,,983641.0,,983641.0
2025-03-18,37,25013780.0,0,0,0.0,0.01231,0.01231,0.01231,,,11796491.0,,11796491.0
2025-03-19,37,24705758.0,0,0,0.0,0.00111,0.00111,0.00111,,,293959.0,,293959.0
2025-03-20,37,24678413.0,0,0,0.0,0.0006,0.0006,0.0006,,,160078.0,,160078.0
2025-03-21,37,24663591.0,0,0,0.0,0.0,0.0,0.0,,,0.0,,0.0
2025-03-24,37,24663591.0,0,0,0.0,0.0,0.0,0.0,,,0.0,,0.0
2025-03-25,37,24663591.0,0,0,0.0,0.0,0.0,0.0,,,0.0,,0.0
2025-03-26,37,24663591.0,0,0,0.0,0.0,0.0,0.0,,,0.0,,0.0
2025-03-27,37,24663591.0,0,0,0.0,0.0,0.0,0.0,,,0.0,,0.0
2025-03-28,37,24663591.0,0,0,0.0,0.0,0.0,0.0,,,0.0,,0.0
2025-03-31,37,24663591.0,0,0,0.0,0.00878,0.00878,0.00878,,,7977450.0,,7977450.0
2025-04-01,37,24446941.0,0,0,0.0,0.00171,0.00171,0.00171,,,431436.0,,431436.0
2025-04-02,37,24405054.0,0,0,0.0,0.0,0.0,0.0,,,0.0,,0.0
2025-04-03,37,24405054.0,0,0,0.0,0.0,0.0,0.0,,,0.0,,0.0
2025-04-04,37,24405054.0,0,0,0.0,0.00169,0.00169,0.00169,,,421994.0,,421994.0
2025-04-07,37,24363924.0,0,0,0.0,0.02891,0.02891,0.02891,,,14593272.0,,14593272.0
2025-04-08,37,23692104.0,0,0,0.0,0.0197,0.0197,0.0197,,,8791838.0,,8791838.0
2025-04-09,37,23282104.0,0,0,0.0,0.02106,0.02106,0.02106,,,9668372.0,,9668372.0
2025-04-10,37,22822841.0,0,0,0.0,0.0,0.0,0.0,,,0.0,,0.0
2025-04-11,37,22822841.0,0,0,0.0,0.0,0.0,0.0,,,0.0,,0.0
2025-04-14,37,22822841.0,0,0,0.0,0.01076,0.01076,0.01076,,,9111061.0,,9111061.0
2025-04-15,37,22577369.0,0,0,0.0,0.00342,0.00342,0.00342,,,827787.0,,827787.0
2025-04-16,37,22500078.0,0,0,0.0,0.0,0.0,0.0,,,0.0,,0.0
2025-04-17,37,22500078.0,1,0,0.02703,0.02155,0.01043,0.02155,,,6017099.0,,6017099.0
2025-04-21,38,22515290.0,0,0,0.0,0.01073,0.01073,0.01073,,,4924028.0,,4924028.0
2025-04-22,38,22748606.0,0,0,0.0,0.0,0.0,0.0,,,0.0,,0.0
2025-04-23,38,22748606.0,0,0,0.0,0.01669,0.01669,0.01669,,,10956361.0,,10956361.0
2025-04-24,38,22396822.0,0,0,0.0,0.00179,0.00179,0.00179,,,434963.0,,434963.0
2025-04-25,38,22356807.0,0,0,0.0,0.0,0.0,0.0,,,0.0,,0.0
2025-04-28,38,22356807.0,0,0,0.0,0.0,0.0,0.0,,,0.0,,0.0
2025-04-29,38,22356807.0,0,0,0.0,0.0,0.0,0.0,,,0.0,,0.0
2025-04-30,38,22356807.0,0,0,0.0,0.0,0.0,0.0,,,0.0,,0.0
2025-05-01,38,22356807.0,0,0,0.0,0.0,0.0,0.0,,,0.0,,0.0
2025-05-02,38,22356807.0,0,0,0.0,0.0,0.0,0.0,,,0.0,,0.0
2025-05-05,38,22356807.0,0,0,0.0,0.01509,0.01509,0.01509,,,19439217.0,,19439217.0
2025-05-06,38,22132773.0,0,0,0.0,0.00049,0.00049,0.00049,,,1344390.0,,1344390.0
2025-05-07,38,22121911.0,0,0,0.0,0.0,0.0,0.0,,,0.0,,0.0
2025-05-08,38,22121911.0,0,0,0.0,0.00108,0.00108,0.00108,,,2720975.0,,2720975.0
2025-05-09,38,22121408.0,0,0,0.0,0.00348,0.00348,0.00348,,,5909675.0,,5909675.0
2025-05-12,38,22099504.0,0,0,0.0,0.00064,0.00064,0.00064,,,1348433.0,,1348433.0
2025-05-13,38,22109017.0,0,0,0.0,0.00555,0.00555,0.00555,,,5483021.0,,5483021.0
2025-05-14,38,21986407.0,0,0,0.0,0.01134,0.01134,0.01134,,,12129449.0,,12129449.0
2025-05-15,38,21737008.0,1,0,0.02632,0.06118,0.05474,0.06118,,,25355520.0,,25355520.0
2025-05-16,39,21237178.0,0,0,0.0,0.00028,0.00028,0.00028,,,78734.0,,78734.0
2025-05-19,39,21231154.0,0,0,0.0,0.0,0.0,0.0,,,0.0,,0.0
2025-05-20,39,21231154.0,0,0,0.0,0.0,0.0,0.00012,6e-05,1.0,32734.0,16367.0,0.0
2025-05-21,39,21231154.0,0,0,0.0,6e-05,6e-05,6e-05,1e-05,1.0,16172.0,2488.0,16172.0
2025-05-22,39,21229854.0,0,0,0.0,1e-05,1e-05,1e-05,0.0,1.0,2440.0,1220.0,2440.0
2025-05-23,39,21229654.0,0,1,0.02564,0.0,0.0,0.0,0.0,,1220.0,0.0,1220.0
2025-05-27,38,21229554.0,0,0,0.0,0.0,0.0,0.0,0.0,,0.0,0.0,0.0
2025-05-28,38,21229554.0,0,0,0.0,0.0,0.0,0.0,0.0,,0.0,0.0,0.0
2025-05-29,38,21229554.0,0,0,0.0,0.0,0.0,0.0,0.0,,0.0,0.0,0.0
2025-05-30,38,21229554.0,0,0,0.0,0.0,0.0,0.0,0.0,,0.0,0.0,0.0
2025-06-02,38,21229554.0,0,0,0.0,0.0,0.0,0.00359,0.0018,1.0,6003296.0,3001648.0,0.0
2025-06-03,38,21229554.0,0,0,0.0,0.0018,0.0018,0.00228,0.00204,1.0,4179060.0,3628681.0,3078302.0
2025-06-04,38,21242313.0,0,0,0.0,0.00024,0.00024,0.00024,0.0,,557437.0,0.0,557437.0
2025-06-05,38,21237171.0,0,0,0.0,0.0,0.0,0.07402,0.03701,1.0,120129969.0,60064985.0,0.0
2025-06-06,38,21237171.0,1,0,0.02632,0.03701,0.01186,0.03701,0.00047,1.0,59435042.0,98044.0,59435042.0
2025-06-09,39,21519486.0,0,0,0.0,0.0078,0.0078,0.00816,0.00039,1.0,10209212.0,1627714.0,8261367.0
2025-06-10,39,21351577.0,0,0,0.0,0.00039,0.00039,0.00645,0.00375,0.62917,9247169.0,3796490.0,1662020.0
2025-06-11,39,21343277.0,0,0,0.0,0.01027,0.01027,0.01027,0.0,1.0,10672356.0,939.0,10672356.0
2025-06-12,39,21222587.0,0,0,0.0,0.0,0.0,0.0,0.0,1.0,939.0,489.0,939.0
2025-06-13,39,21222491.0,0,0,0.0,0.01982,0.01982,0.01982,0.0,,20872396.0,0.0,20872396.0
2025-06-16,39,21642982.0,0,0,0.0,0.0,0.0,0.00851,0.00425,1.0,31309466.0,15654733.0,0.0
2025-06-17,39,21642982.0,1,0,0.02564,0.00425,0.00249,0.00907,0.00392,1.0,25059863.0,9633691.0,16599400.0
2025-06-18,40,21627088.0,0,1,0.025,0.00392,0.00392,0.00392,0.0,,9464818.0,0.0,9464818.0
2025-06-20,39,21659507.0,0,0,0.0,0.0,0.0,0.01107,0.00554,1.0,36973612.0,18486806.0,0.0
2025-06-23,39,21659507.0,1,0,0.02564,0.02424,0.02258,0.02659,0.00455,1.0,44723610.0,15398933.0,40332495.0
2025-06-24,40,21244528.0,0,0,0.0,0.00464,0.00464,0.00619,0.00155,1.0,17807089.0,1851943.0,16374561.0
2025-06-25,40,21269819.0,0,0,0.0,0.00155,0.00155,0.00164,0.00072,1.0,2123689.0,1186824.0,1914987.0
2025-06-26,40,21302775.0,0,0,0.0,0.00071,0.00071,0.00071,0.0,,1157710.0,0.0,1157710.0
2025-06-27,40,21318006.0,0,0,0.0,0.0,0.0,0.03385,0.01692,1.0,24073300.0,12036650.0,0.0
2025-06-30,40,21318006.0,0,0,0.0,0.01692,0.01692,0.02092,0.00278,1.0,24239761.0,12116542.0,11816187.0
2025-07-01,40,21645387.0,0,0,0.0,0.00274,0.00274,0.00274,0.0,,11985671.0,0.0,11985671.0
2025-07-02,40,21670398.0,0,0,0.0,0.0,0.0,0.0,0.0,,0.0,0.0,0.0
2025-07-03,40,21670398.0,0,0,0.0,0.0,0.0,0.0,0.0,,0.0,0.0,0.0
2025-07-07,40,21670398.0,0,0,0.0,0.0,0.0,0.0,0.0,,0.0,0.0,0.0
2025-07-08,40,21670398.0,0,0,0.0,0.0,0.0,0.0,0.0,,0.0,0.0,0.0
2025-07-09,40,21670398.0,0,0,0.0,0.0,0.0,0.0,0.0,,0.0,0.0,0.0
2025-07-10,40,21670398.0,0,0,0.0,0.0,0.0,0.0,0.0,,0.0,0.0,0.0
2025-07-11,40,21670398.0,0,0,0.0,0.00543,0.00543,0.00543,0.0,,6597770.0,0.0,6597770.0
2025-07-14,40,21788052.0,0,0,0.0,0.0054,0.0054,0.0054,0.0,,6502730.0,0.0,6502730.0
2025-07-15,40,21905700.0,0,0,0.0,0.00358,0.00358,0.00358,0.0,,4439650.0,0.0,4439650.0
2025-07-16,40,21984138.0,0,0,0.0,0.0,0.0,0.02955,0.01478,1.0,11602207.0,5801104.0,0.0
2025-07-17,40,21984138.0,0,0,0.0,0.02841,0.02841,0.02841,0.0,,23136501.0,0.0,23136501.0
2025-07-18,40,22573072.0,0,0,0.0,0.01586,0.01586,0.01586,0.0,,20908525.0,0.0,20908525.0
2025-07-21,40,22931047.0,0,0,0.0,0.01561,0.01561,0.10178,0.04442,1.0,122236660.0,51660443.0,20978323.0
2025-07-22,40,23289040.0,1,0,0.025,0.04374,0.01988,0.04374,0.00011,1.0,52086821.0,96275.0,52086821.0
2025-07-23,41,23982417.0,0,0,0.0,0.0001,0.0001,0.0001,0.0,,100177.0,0.0,100177.0
2025-07-24,41,23984934.0,0,0,0.0,0.0,0.0,0.0,0.0,,0.0,0.0,0.0
2025-07-25,41,23984934.0,0,0,0.0,0.0,0.0,0.0,0.0,,0.0,0.0,0.0
2025-07-28,41,23984934.0,0,0,0.0,0.0,0.0,0.01782,0.00891,1.0,38087539.0,19043770.0,0.0
2025-07-29,41,23984934.0,0,0,0.0,0.0123,0.0123,0.01406,0.00585,1.0,26537592.0,9112616.0,23919954.0
2025-07-30,41,23906573.0,0,0,0.0,0.0143,0.0143,0.0143,0.0005,1.0,20648897.0,942929.0,20648897.0
2025-07-31,41,23792047.0,0,0,0.0,0.00051,0.00051,0.00051,0.0,,935813.0,0.0,935813.0
2025-08-01,41,23779986.0,0,0,0.0,0.0,0.0,0.01441,0.00721,1.0,34877665.0,17438832.0,0.0
2025-08-04,41,23779986.0,0,0,0.0,0.00721,0.00721,0.009,0.00133,1.0,19253453.0,3203256.0,15399052.0
2025-08-05,41,23827144.0,0,0,0.0,0.00133,0.00133,0.00133,5e-05,1.0,3434798.0,95337.0,3434798.0
2025-08-06,41,23813085.0,0,0,0.0,5e-05,5e-05,0.01001,0.00503,1.0,21673418.0,10885720.0,98021.0
2025-08-07,41,23814185.0,0,0,0.0,0.01921,0.01921,0.02308,0.00347,1.0,35016550.0,5787537.0,27322144.0
2025-08-08,41,24219020.0,0,0,0.0,0.01527,0.01527,0.02369,0.00464,1.0,30982467.0,5294003.0,21219774.0
2025-08-11,41,24588935.0,0,0,0.0,0.01815,0.01815,0.02074,0.00162,1.0,28274155.0,2932444.0,23601120.0
2025-08-12,41,25010499.0,0,0,0.0,0.05356,0.05356,0.05697,0.00235,1.0,80162546.0,3249207.0,75436719.0
2025-08-13,41,26349945.0,0,0,0.0,0.02033,0.02033,0.04264,0.01116,1.0,74674679.0,21718472.0,31237735.0
2025-08-14,41,26885545.0,1,0,0.02439,0.01479,0.00464,0.01865,0.00203,1.0,30576479.0,1846426.0,27052959.0
2025-08-15,42,27251999.0,0,0,0.0,0.002,0.002,0.00299,0.00171,1.0,4661808.0,2472400.0,1287266.0
2025-08-18,42,27306498.0,0,0,0.0,0.03658,0.03658,0.03658,0.0,,57895808.0,0.0,57895808.0
2025-08-19,42,26331546.0,0,0,0.0,0.0169,0.0169,0.0169,0.0,,25996447.0,0.0,25996447.0
2025-08-20,42,25886526.0,0,0,0.0,0.01375,0.01375,0.01375,0.0,,20075203.0,0.0,20075203.0
2025-08-21,42,25530502.0,0,0,0.0,0.04881,0.04881,0.04881,0.00167,1.0,70217380.0,4605688.0,70217380.0
2025-08-22,42,24284474.0,0,0,0.0,0.00176,0.00176,0.00176,0.0,,4647376.0,0.0,4647376.0
2025-08-25,42,24241721.0,0,0,0.0,0.01283,0.01283,0.01283,0.0,,18094686.0,0.0,18094686.0
2025-08-26,42,23930788.0,0,0,0.0,0.0,0.0,0.0,0.0,,0.0,0.0,0.0
2025-08-27,42,23930788.0,0,0,0.0,0.0,0.0,0.00583,0.00291,1.0,6833501.0,3416751.0,0.0
2025-08-28,42,23930788.0,0,0,0.0,0.00291,0.00291,0.00291,0.00028,1.0,3260407.0,315337.0,3260407.0
2025-08-29,42,23942183.0,0,0,0.0,0.00028,0.00028,0.00028,5e-05,1.0,318173.0,57924.0,318173.0
2025-09-02,42,23935586.0,0,0,0.0,5e-05,5e-05,0.00042,0.00023,1.0,478601.0,268112.0,57624.0
2025-09-03,42,23934385.0,0,0,0.0,0.00023,0.00023,0.00023,0.0,,267721.0,0.0,267721.0
2025-09-04,42,23928797.0,0,0,0.0,0.0,0.0,0.0,0.0,,0.0,0.0,0.0
2025-09-05,42,23928797.0,0,0,0.0,0.0,0.0,0.00922,0.00461,1.0,13581724.0,6790862.0,0.0
2025-09-08,42,23928797.0,0,0,0.0,0.00461,0.00461,0.00461,0.00052,1.0,6796431.0,519614.0,6796431.0
2025-09-09,42,23957729.0,0,0,0.0,0.02481,0.02481,0.02481,0.0,,34735324.0,0.0,34735324.0
2025-09-10,42,24552044.0,0,0,0.0,0.11543,0.11543,0.13172,0.00815,1.0,186253608.0,9164000.0,167925608.0
2025-09-11,42,27385977.0,1,0,0.02381,0.2412,0.2339,0.24748,0.01586,1.0,393186661.0,19557414.0,385303238.0
2025-09-12,43,33991442.0,0,0,0.0,0.09414,0.09414,0.10093,0.0034,1.0,195994221.0,5424316.0,185145589.0
2025-09-15,43,31375104.0,0,0,0.0,0.02692,0.02692,0.02692,0.0,,50060571.0,0.0,50060571.0
2025-09-16,43,30638476.0,0,0,0.0,0.03909,0.03909,0.04251,0.00171,1.0,85670922.0,7347438.0,70976046.0
2025-09-17,43,29440692.0,0,0,0.0,0.10527,0.10527,0.10527,0.0,,182439495.0,0.0,182439495.0
2025-09-18,43,26370162.0,0,0,0.0,0.06015,0.06015,0.06613,0.00299,1.0,120961182.0,13081680.0,94797823.0
2025-09-19,43,24783935.0,0,0,0.0,0.00692,0.00692,0.00692,0.0,,10534636.0,0.0,10534636.0
2025-09-22,43,24612451.0,1,0,0.02326,0.0032,0.0,0.00725,0.00202,1.0,30212536.0,8565428.0,13081680.0
2025-09-23,44,24691256.0,1,0,0.02273,0.00202,0.0,0.00202,0.0,,8179486.0,0.0,8179486.0
2025-09-24,45,24741055.0,0,0,0.0,0.0,0.0,0.0,0.0,,0.0,0.0,0.0
2025-09-25,45,24741055.0,0,0,0.0,0.01775,0.01775,0.01775,0.0,,26157224.0,0.0,26157224.0
2025-09-26,45,24301975.0,0,0,0.0,0.0,0.0,0.0,0.0,,0.0,0.0,0.0
2025-09-29,45,24301975.0,0,0,0.0,0.01807,0.01807,0.01807,0.0,,25651761.0,0.0,25651761.0
2025-09-30,45,23862895.0,0,0,0.0,0.00368,0.00368,0.00368,0.0,,5272647.0,0.0,5272647.0
2025-10-01,45,23775079.0,1,0,0.02222,0.02178,0.01847,0.02657,0.00317,1.0,52482550.0,4867007.0,48220355.0
2025-10-02,46,23414805.0,0,0,0.0,0.03449,0.03449,0.03449,0.0,,42873799.0,0.0,42873799.0
2025-10-03,46,24222367.0,0,0,0.0,0.0,0.0,0.0,0.0,,0.0,0.0,0.0
2025-10-06,46,24222367.0,0,0,0.0,0.0,0.0,0.00014,7e-05,1.0,7561170.0,3780585.0,0.0
2025-10-07,46,24222367.0,0,0,0.0,7e-05,7e-05,7e-05,0.0,,3748343.0,0.0,3748343.0
2025-10-08,46,24224107.0,0,0,0.0,0.00544,0.00544,0.00544,0.0,,8076674.0,0.0,8076674.0
2025-10-09,46,24092272.0,0,0,0.0,0.0,0.0,0.0,0.0,,0.0,0.0,0.0
2025-10-10,46,24092272.0,0,0,0.0,0.0,0.0,0.11025,0.05512,1.0,23342624.0,11671312.0,0.0
2025-10-13,46,24092272.0,0,0,0.0,0.0572,0.0572,0.0572,0.00048,1.0,16072787.0,1807497.0,16072787.0
2025-10-14,46,25271549.0,0,0,0.0,0.01091,0.01091,0.01091,0.0,,17322319.0,0.0,17322319.0
2025-10-15,46,24995793.0,0,0,0.0,0.00057,0.00057,0.00267,0.00105,1.0,8183475.0,3978025.0,227424.0
2025-10-16,46,24981471.0,0,0,0.0,0.0066,0.0066,0.0066,0.0,,11813759.0,0.0,11813759.0
2025-10-17,46,24840002.0,0,0,0.0,0.00374,0.00374,0.00506,0.00101,1.0,6011708.0,669708.0,5138217.0
2025-10-20,46,24747182.0,0,0,0.0,0.04978,0.04978,0.0555,0.00949,1.0,72319916.0,10023435.0,67327266.0
2025-10-21,46,23515345.0,0,0,0.0,0.00999,0.00999,0.00999,0.0,,10546804.0,0.0,10546804.0
2025-10-22,46,23421552.0,0,0,0.0,0.00591,0.00591,0.00591,0.0,,7866085.0,0.0,7866085.0
2025-10-23,46,23283084.0,0,0,0.0,0.0,0.0,0.00293,0.00147,1.0,4980117.0,2490058.0,0.0
2025-10-24,46,23283084.0,0,0,0.0,0.00541,0.00541,0.00541,0.0,,7716465.0,0.0,7716465.0
2025-10-27,46,23171635.0,0,0,0.0,0.00597,0.00597,0.05063,0.02326,1.0,98648431.0,47247936.0,8024066.0
2025-10-28,46,23033290.0,0,0,0.0,0.02692,0.02692,0.02724,0.00293,1.0,53161384.0,3732975.0,52431178.0
2025-10-29,46,22969244.0,0,0,0.0,0.00856,0.00856,0.00856,0.00061,1.0,11532280.0,972231.0,11532280.0
2025-10-30,46,22869917.0,0,0,0.0,0.00061,0.00061,0.00061,0.0,,967142.0,0.0,967142.0
2025-10-31,46,22876620.0,0,0,0.0,0.0,0.0,0.00195,0.00097,1.0,4979813.0,2489907.0,0.0
2025-11-03,46,22876620.0,0,0,0.0,0.00097,0.00097,0.00219,0.0011,1.0,3910895.0,1268093.0,2499588.0
2025-11-04,46,22876600.0,0,0,0.0,0.0011,0.0011,0.00289,0.00101,1.0,2515231.0,754312.0,1260320.0
2025-11-05,46,22901676.0,0,0,0.0,0.00689,0.00689,0.01822,0.00708,1.0,19009881.0,6539793.0,8052990.0
2025-11-06,46,22744719.0,0,0,0.0,0.01278,0.01278,0.01699,0.00229,1.0,22049931.0,4958006.0,13351604.0
2025-11-07,46,22626890.0,0,0,0.0,0.00231,0.00231,0.00231,0.00034,1.0,4558387.0,463365.0,4558387.0
2025-11-10,46,22635952.0,0,0,0.0,0.00605,0.00605,0.00683,0.00086,1.0,7870533.0,547895.0,7367492.0
2025-11-11,46,22499231.0,0,0,0.0,0.0,0.0,0.00184,0.00092,1.0,7662882.0,3831441.0,0.0
2025-11-12,46,22499231.0,0,0,0.0,0.00587,0.00587,0.01071,0.00361,1.0,17773984.0,5044270.0,9432829.0
2025-11-13,46,22380423.0,0,0,0.0,0.00363,0.00363,0.0097,0.00393,1.0,17887662.0,8344698.0,4655962.0
2025-11-14,46,22373732.0,0,0,0.0,0.00749,0.00749,0.00749,0.00117,1.0,11823953.0,992259.0,11823953.0
2025-11-17,46,22322656.0,0,0,0.0,0.00674,0.00674,0.00933,0.00156,1.0,11325643.0,2212646.0,7405961.0
2025-11-18,46,22209647.0,0,0,0.0,0.00157,0.00157,0.02183,0.01165,1.0,26794245.0,14424402.0,2129676.0
2025-11-19,46,22233223.0,0,0,0.0,0.01164,0.01164,0.0176,0.00697,1.0,23536917.0,9803703.0,14014157.0
2025-11-20,46,22272839.0,0,0,0.0,0.01351,0.01351,0.01351,0.00078,1.0,16819589.0,1054084.0,16819589.0
2025-11-21,46,22138931.0,0,0,0.0,0.00079,0.00079,0.00295,0.0015,0.58064,1769524.0,529183.0,995849.0
2025-11-24,46,22148569.0,0,2,0.04348,0.05965,0.05963,0.06376,0.00262,0.56611,60818259.0,733012.0,59352235.0
2025-11-25,44,23468697.0,0,0,0.0,0.00248,0.00248,0.0169,0.01001,0.71993,19202410.0,9594699.0,1479035.0
2025-11-26,44,23461013.0,0,0,0.0,0.01002,0.01002,0.01172,0.00426,0.72862,14903520.0,3261279.0,11643669.0
2025-11-28,44,23516285.0,0,0,0.0,0.00425,0.00425,0.00629,0.00254,0.19545,4177993.0,273895.0,4177993.0
2025-12-01,44,23512474.0,0,0,0.0,0.00254,0.00254,0.00795,0.00424,0.5103,3598369.0,1214593.0,1726075.0
2025-12-02,44,23548841.0,0,0,0.0,0.00424,0.00424,0.00424,0.00096,1.0,2606330.0,540705.0,2606330.0
2025-12-03,44,23546786.0,0,0,0.0,0.00096,0.00096,0.00172,0.00134,1.0,960209.0,747749.0,535289.0
2025-12-04,44,23524219.0,0,0,0.0,0.00134,0.00134,0.00287,0.00153,0.0,760989.0,0.0,760989.0
2025-12-05,44,23492695.0,0,0,0.0,0.00153,0.00153,0.00603,0.00284,0.58447,2966702.0,929887.0,1106928.0
2025-12-08,44,23528721.0,0,0,0.0,0.00283,0.00283,0.00283,4e-05,1.0,1726903.0,22297.0,1726903.0
2025-12-09,44,23517465.0,0,0,0.0,4e-05,4e-05,0.00463,0.00246,0.90045,2320538.0,1171058.0,21578.0
2025-12-10,44,23516506.0,0,0,0.0,0.00383,0.00383,0.00383,0.00026,1.0,2362338.0,139769.0,2362338.0
2025-12-11,44,23502552.0,0,0,0.0,0.00026,0.00026,0.00132,0.00099,0.60389,490198.0,313756.0,137313.0
2025-12-12,44,23496411.0,0,0,0.0,0.00099,0.00099,0.00324,0.00148,0.8797,1831859.0,731702.0,590516.0
2025-12-15,44,23491583.0,0,0,0.0,0.00148,0.00148,0.01527,0.00871,0.88377,22320112.0,11428077.0,924500.0
2025-12-16,44,23474082.0,0,0,0.0,0.00872,0.00872,0.00915,0.00104,1.0,11812032.0,578829.0,11598385.0
2025-12-17,44,23507481.0,0,0,0.0,0.00104,0.00104,0.01149,0.00549,1.0,14630484.0,7220193.0,598631.0
2025-12-18,44,23490506.0,0,0,0.0,0.0055,0.0055,0.0055,0.00038,1.0,7028727.0,610930.0,7028727.0
2025-12-19,44,23515548.0,0,0,0.0,0.00038,0.00038,0.00038,5e-05,1.0,602914.0,25310.0,602914.0
2025-12-22,44,23522126.0,0,0,0.0,5e-05,5e-05,0.00063,0.0003,1.0,2324458.0,1156168.0,25089.0
2025-12-23,44,23520966.0,0,1,0.02273,0.0003,0.00029,0.0003,0.0,,1156846.0,0.0,1156846.0
2025-12-24,43,23513886.0,0,0,0.0,0.0,0.0,0.0,0.0,,0.0,0.0,0.0
2025-12-26,43,23513886.0,0,0,0.0,0.0,0.0,0.0,0.0,,0.0,0.0,0.0
2025-12-29,43,23513886.0,0,0,0.0,0.0,0.0,0.0,0.0,,0.0,0.0,0.0
2025-12-30,43,23513886.0,0,0,0.0,0.0,0.0,0.0,0.0,,0.0,0.0,0.0
2025-12-31,43,23513886.0,0,0,0.0,0.0,0.0,0.0,0.0,,0.0,0.0,0.0
2026-01-02,43,23513886.0,0,0,0.0,0.0,0.0,0.0,0.0,,0.0,0.0,0.0
2026-01-05,43,23513886.0,0,0,0.0,0.00781,0.00781,0.00781,0.0,,9046277.0,0.0,9046277.0
2026-01-06,43,23330306.0,0,0,0.0,0.0,0.0,0.00145,0.00072,1.0,4742282.0,2371141.0,0.0
2026-01-07,43,23330306.0,0,0,0.0,0.00072,0.00072,0.00162,0.00045,1.0,4659878.0,1182303.0,2295271.0
2026-01-08,43,23343744.0,0,0,0.0,0.00045,0.00045,0.00045,0.0,,1151201.0,0.0,1151201.0
2026-01-09,43,23333306.0,0,0,0.0,0.0,0.0,0.0,0.0,,0.0,0.0,0.0
2026-01-12,43,23333306.0,0,0,0.0,0.0,0.0,0.0,0.0,,0.0,0.0,0.0
2026-01-13,43,23333306.0,0,0,0.0,0.0,0.0,0.0,0.0,,0.0,0.0,0.0
2026-01-14,43,23333306.0,0,0,0.0,0.0,0.0,0.00635,0.00317,1.0,6533826.0,3266913.0,0.0
2026-01-15,43,23333306.0,0,0,0.0,0.00317,0.00317,0.00317,0.0,,3193531.0,0.0,3193531.0
2026-01-16,43,23373210.0,0,0,0.0,0.0059,0.0059,0.00598,4e-05,1.0,7750479.0,550698.0,6742252.0
2026-01-20,43,23235240.0,0,0,0.0,4e-05,4e-05,4e-05,0.0,,541473.0,0.0,541473.0
2026-01-21,43,23234246.0,0,0,0.0,0.0,0.0,0.0,0.0,,0.0,0.0,0.0
2026-01-22,43,23234246.0,0,0,0.0,0.0,0.0,0.0,0.0,,0.0,0.0,0.0
2026-01-23,43,23234246.0,0,0,0.0,0.32693,0.32693,0.32693,0.00088,1.0,349635215.0,1725174.0,349635215.0
2026-01-26,43,30821800.0,0,0,0.0,0.00589,0.00589,0.00589,7e-05,1.0,8350232.0,80974.0,8350232.0
2026-01-27,43,30659556.0,0,0,0.0,0.25793,0.25793,0.2583,0.00018,1.0,370915690.0,201408.0,370512875.0
2026-01-28,43,22751570.0,0,0,0.0,0.00025,0.00025,0.00025,7e-05,1.0,196550.0,51469.0,196550.0
2026-01-29,43,22757218.0,0,0,0.0,6e-05,6e-05,6e-05,0.0,,50774.0,0.0,50774.0
2026-01-30,43,22758696.0,0,0,0.0,0.0,0.0,0.01233,0.00694,0.77623,18205375.0,9102687.0,0.0
2026-02-02,43,22758696.0,0,0,0.0,0.0103,0.0103,0.04842,0.02565,0.86743,74463667.0,37561390.0,12349996.0
2026-02-03,43,22825226.0,0,0,0.0,0.02988,0.02988,0.06971,0.02854,0.89374,53843130.0,13999960.0,41104850.0
2026-02-04,43,22741926.0,0,0,0.0,0.02864,0.02864,0.04109,0.01022,1.0,29678805.0,10113774.0,15422788.0
2026-02-05,43,22423490.0,0,1,0.02326,0.01037,0.01036,0.01574,0.00397,1.0,15040706.0,3527041.0,9583715.0
2026-02-06,42,22272436.0,0,1,0.02381,0.0096,0.0096,0.01465,0.00491,1.0,8597114.0,2645299.0,8131886.0
2026-02-09,41,22207484.0,1,0,0.02439,0.01238,0.00985,0.01513,0.00446,1.0,12309264.0,1812201.0,9778956.0
2026-02-10,42,22118388.0,0,1,0.02381,0.00448,0.00447,0.00486,0.00113,1.0,2235008.0,1132741.0,1966044.0
2026-02-11,41,22169366.0,0,0,0.0,0.00112,0.00112,0.02965,0.01496,1.0,28454071.0,14101464.0,1119314.0
2026-02-12,41,22184216.0,0,0,0.0,0.10521,0.10521,0.11166,0.01352,1.0,106871449.0,16259106.0,94766765.0
2026-02-13,41,24392008.0,0,0,0.0,0.02718,0.02718,0.03712,0.00688,1.0,33329341.0,4236403.0,26867449.0
2026-02-17,41,23846732.0,0,0,0.0,0.00703,0.00703,0.01404,0.00709,1.0,9398767.0,4584862.0,4415864.0
2026-02-18,41,23718824.0,0,0,0.0,0.10033,0.10033,0.10033,0.0,,91621705.0,0.0,91621705.0
2026-02-19,41,21339140.0,0,0,0.0,0.0,0.0,0.00782,0.00391,1.0,3170621.0,1585310.0,0.0
2026-02-20,41,21339140.0,0,0,0.0,0.00391,0.00391,0.00646,0.00127,1.0,2091704.0,404009.0,1283687.0
2026-02-23,41,21411638.0,0,0,0.0,0.01383,0.01383,0.02003,0.00436,1.0,13464253.0,1614216.0,11203886.0
2026-02-24,41,21115466.0,0,0,0.0,0.00443,0.00443,0.00443,0.0,,1599775.0,0.0,1599775.0
2026-02-25,41,21150672.0,0,0,0.0,0.00848,0.00848,0.01313,0.00263,1.0,14821605.0,4141792.0,6963068.0
2026-02-26,41,20971260.0,0,0,0.0,0.00265,0.00265,0.01298,0.00715,1.0,7493340.0,2469743.0,4017892.0
2026-02-27,41,20917846.0,0,0,0.0,0.00717,0.00717,0.00717,0.0,,2454579.0,0.0,2454579.0
2026-03-02,41,20873910.0,0,0,0.0,0.0,0.0,0.0027,0.00135,1.0,7941496.0,3970748.0,0.0
2026-03-03,41,20873910.0,0,0,0.0,0.00135,0.00135,0.03432,0.01648,1.0,31070999.0,13438534.0,4193931.0
2026-03-04,41,20848038.0,0,0,0.0,0.0165,0.0165,0.02018,0.00307,1.0,14255388.0,3233506.0,12891663.0
2026-03-05,41,20646168.0,0,0,0.0,0.0031,0.0031,0.00959,0.00494,1.0,4781672.0,1147235.0,3337748.0
2026-03-06,41,20671618.0,0,0,0.0,0.00493,0.00493,0.00517,0.00234,1.0,1599167.0,748499.0,1123334.0
2026-03-09,41,20767968.0,0,0,0.0,0.00232,0.00232,0.00256,0.00192,1.0,812833.0,194999.0,758700.0
2026-03-10,41,20805756.0,0,0,0.0,0.00192,0.00192,0.00278,0.00052,1.0,318592.0,83441.0,195481.0
2026-03-11,41,20840770.0,0,0,0.0,0.00052,0.00052,0.22122,0.11035,1.0,11933647.0,5925803.0,82041.0
2026-03-12,41,20847817.0,0,0,0.0,0.11031,0.11031,0.14195,0.01582,1.0,16496685.0,5248522.0,5999641.0
2026-03-13,41,18548003.0,1,0,0.02439,0.01778,0.00295,0.01778,0.0,,5223618.0,0.0,5223618.0
2026-03-16,42,18877739.0,0,0,0.0,0.0,0.0,0.0,0.0,,0.0,0.0,0.0
2026-03-17,42,18877739.0,0,0,0.0,0.00845,0.00845,0.00845,0.0,,7624554.0,0.0,7624554.0
2026-03-18,42,18718291.0,0,0,0.0,0.0,0.0,0.0,0.0,,0.0,0.0,0.0
2026-03-19,42,18718291.0,0,0,0.0,0.0,0.0,0.0,0.0,,0.0,0.0,0.0
2026-03-20,42,18718291.0,0,0,0.0,0.01071,0.01071,0.01071,0.0,,9372848.0,0.0,9372848.0
2026-03-23,42,18517786.0,0,0,0.0,0.0,0.0,0.0,0.0,,0.0,0.0,0.0
2026-03-24,42,18517786.0,0,0,0.0,0.0,0.0,0.03139,0.0157,1.0,14412400.0,7206200.0,0.0
2026-03-25,42,18517786.0,0,0,0.0,0.0157,0.0157,0.2654,0.12606,1.0,25236912.0,10268332.0,6751358.0
2026-03-26,42,18257639.0,0,0,0.0,0.12786,0.12786,0.14512,0.01181,0.59445,19863989.0,5833468.0,10290518.0
2026-03-27,42,15923295.0,0,0,0.0,0.01354,0.01354,0.01362,0.00029,1.0,8363431.0,939920.0,7658199.0
2026-03-30,42,15707743.0,0,0,0.0,0.00029,0.00029,0.00121,0.00046,1.0,1134498.0,115190.0,904118.0
2026-03-31,42,15703119.0,0,0,0.0,0.0047,0.0047,0.01377,0.00568,0.64125,3633967.0,158487.0,3374199.0
2026-04-01,42,15629374.0,1,0,0.02381,0.00571,0.00366,0.00571,0.0,,22162103.0,0.0,22162103.0
2026-04-02,43,15604182.0,0,0,0.0,0.0,0.0,5e-05,3e-05,1.0,13248.0,6624.0,0.0
2026-04-06,43,15604182.0,0,2,0.04651,3e-05,0.0,3e-05,0.0,,6624.0,0.0,6624.0
2026-04-07,41,15603782.0,0,0,0.0,0.0,0.0,0.00431,0.00215,1.0,4705339.0,2352670.0,0.0
2026-04-08,41,15603782.0,0,1,0.02439,0.00215,0.00153,0.00215,0.0,,2349849.0,0.0,2349849.0
2026-04-09,40,15603999.0,0,0,0.0,0.0,0.0,0.0,0.0,,0.0,0.0,0.0
2026-04-10,40,15603999.0,0,0,0.0,0.0,0.0,0.00116,0.00058,1.0,3028368.0,1514184.0,0.0
2026-04-13,40,15603999.0,0,0,0.0,0.00058,0.00058,0.00058,0.0,,1525752.0,0.0,1525752.0
2026-04-14,40,15606867.0,0,0,0.0,0.0,0.0,0.0,0.0,,0.0,0.0,0.0
2026-04-15,40,15606867.0,0,0,0.0,0.0,0.0,0.0,0.0,,0.0,0.0,0.0
2026-04-16,40,15606867.0,0,0,0.0,0.0,0.0,0.0,0.0,,0.0,0.0,0.0
2026-04-17,40,15606867.0,0,0,0.0,0.0,0.0,0.0,0.0,,0.0,0.0,0.0
2026-04-20,40,15606867.0,0,0,0.0,0.0,0.0,0.0,0.0,,0.0,0.0,0.0
2026-04-21,40,15606867.0,0,0,0.0,0.0,0.0,0.0,0.0,,0.0,0.0,0.0
2026-04-22,40,15606867.0,0,0,0.0,0.0,0.0,0.0,0.0,,0.0,0.0,0.0
2026-04-23,40,15606867.0,0,0,0.0,0.0,0.0,0.0,0.0,,0.0,0.0,0.0
2026-04-24,40,15606867.0,0,0,0.0,0.0,0.0,0.00294,0.00147,1.0,12693662.0,6346831.0,0.0
2026-04-27,40,15606867.0,0,0,0.0,0.00147,0.00147,0.00147,0.0,,6885020.0,0.0,6885020.0
2026-04-28,40,15609893.0,0,0,0.0,0.0,0.0,0.00187,0.00094,1.0,7222302.0,3611151.0,0.0
2026-04-29,40,15609893.0,0,0,0.0,0.00094,0.00094,0.00973,0.00699,0.25738,7976591.0,2305757.0,3365077.0
2026-04-30,40,15603022.0,0,0,0.0,0.007,0.007,0.00939,0.0012,1.0,21143045.0,8556594.0,4029857.0
2026-05-01,40,15550054.0,0,0,0.0,0.0012,0.0012,0.00487,0.00206,1.0,11526396.0,2818392.0,8374587.0
2026-05-04,40,15544954.0,0,0,0.0,0.00206,0.00206,0.00293,0.0006,1.0,4270170.0,1769733.0,2550710.0
2026-05-05,40,15569967.0,0,0,0.0,0.00059,0.00059,0.0034,0.002,1.0,9251407.0,5486188.0,1720969.0
2026-05-06,40,15574177.0,0,0,0.0,0.002,0.002,0.002,0.0,,5106048.0,0.0,5106048.0
2026-05-07,40,15591048.0,0,0,0.0,0.0,0.0,0.0,0.0,,0.0,0.0,0.0
2026-05-08,40,15591048.0,0,0,0.0,0.0,0.0,0.00923,0.00462,1.0,7082143.0,3541071.0,0.0
2026-05-11,40,15591048.0,0,0,0.0,0.01164,0.01164,0.01213,0.00042,1.0,11343158.0,1676326.0,10487677.0
2026-05-12,40,15522061.0,1,0,0.025,0.00042,0.00042,0.00042,0.0,,1754293.0,0.0,1754293.0
2026-05-13,41,15523082.0,0,1,0.02439,0.0,0.0,0.0,0.0,,19.0,0.0,19.0
2026-05-14,40,15523081.0,0,0,0.0,0.0,0.0,0.0,0.0,,2.0,0.0,2.0
2026-05-15,40,15523081.0,0,0,0.0,0.0,0.0,0.0,0.0,,1.0,0.0,1.0
2026-05-18,40,15523081.0,0,0,0.0,0.0,0.0,0.00096,0.00048,1.0,1913932.0,956963.0,6.0
2026-05-19,40,15523080.0,0,0,0.0,0.01997,0.01997,0.02179,0.00108,1.0,21341586.0,1503249.0,18886796.0
2026-05-20,40,15213091.0,0,0,0.0,0.00268,0.00268,0.00311,0.00069,1.0,2230344.0,600426.0,1682437.0
2026-05-21,40,15185316.0,0,0,0.0,0.00069,0.00069,0.00129,0.00082,1.0,951572.0,461386.0,615589.0
2026-05-22,40,15190657.0,0,0,0.0,0.00082,0.00082,0.00082,0.00015,1.0,448781.0,80047.0,448781.0
2026-05-26,40,15203137.0,0,0,0.0,0.00015,0.00015,0.00015,0.0,,78311.0,0.0,78311.0
2026-05-27,40,15205363.0,0,0,0.0,0.0,0.0,0.0,0.0,,0.0,0.0,0.0
2026-05-28,40,15205363.0,0,0,0.0,0.0,0.0,0.00681,0.00341,1.0,10449935.0,5224968.0,0.0
2026-05-29,40,15205363.0,0,0,0.0,0.00341,0.00341,0.00341,3e-05,1.0,5234696.0,66290.0,5234696.0
2026-06-01,40,15192451.0,0,0,0.0,3e-05,3e-05,0.00357,0.00177,1.0,16353339.0,8143625.0,66089.0
2026-06-02,40,15192004.0,0,0,0.0,0.00177,0.00177,0.00178,1e-05,1.0,8372100.0,14496.0,8343108.0
2026-06-03,40,15202647.0,0,1,0.025,0.01104,0.01104,0.01104,5e-05,1.0,9485848.0,371858.0,9485848.0
2026-06-04,39,15034752.0,0,0,0.0,5e-05,5e-05,5e-05,0.0,,386817.0,0.0,386817.0
2026-06-05,39,15034039.0,0,0,0.0,0.0,0.0,0.0,0.0,,0.0,0.0,0.0
2026-06-08,39,15034039.0,0,0,0.0,0.0,0.0,0.0,0.0,,0.0,0.0,0.0
2026-06-09,39,15034039.0,0,0,0.0,0.0,0.0,0.0,0.0,,0.0,0.0,0.0
2026-06-10,39,15034039.0,0,0,0.0,0.0,0.0,0.0,0.0,,0.0,0.0,0.0
2026-06-11,39,15034039.0,0,0,0.0,0.0,0.0,0.0,0.0,,0.0,0.0,0.0
2026-06-12,39,15034039.0,0,0,0.0,0.0,0.0,0.0,0.0,,0.0,0.0,0.0
2026-06-15,39,15034039.0,0,0,0.0,0.0,0.0,0.0,0.0,,0.0,0.0,0.0
2026-06-16,39,15034039.0,0,0,0.0,0.0133,0.0133,0.01337,0.0001,1.0,11690159.0,804472.0,11066283.0
2026-06-17,39,14834125.0,0,0,0.0,0.0001,0.0001,0.00257,0.00123,1.0,6355225.0,2804754.0,745716.0
2026-06-18,39,14832655.0,0,0,0.0,0.00987,0.00987,0.00987,0.00043,1.0,9118323.0,883049.0,9118323.0
2026-06-22,39,14699047.0,0,0,0.0,0.00044,0.00044,0.00688,0.00366,1.0,7098501.0,3993284.0,888066.0
2026-06-23,39,14692615.0,0,0,0.0,0.00366,0.00366,0.00693,0.0026,1.0,11108952.0,5572384.0,3783854.0
2026-06-24,39,14718134.0,0,0,0.0,0.00259,0.00259,0.00259,0.0001,1.0,5543327.0,191508.0,5543327.0
2026-06-25,39,14717021.0,0,0,0.0,0.0001,0.0001,0.00211,0.00101,1.0,3141602.0,1474427.0,192749.0
2026-06-26,39,14715603.0,0,0,0.0,0.00101,0.00101,0.0062,0.0036,1.0,8260360.0,4831474.0,1402588.0
2026-06-29,39,14710375.0,0,0,0.0,0.01253,0.01253,0.01557,0.00188,1.0,14437074.0,2434052.0,10964840.0
2026-06-30,39,14531793.0,0,0,0.0,0.00241,0.00241,0.00254,0.00108,1.0,3419460.0,1054101.0,3244295.0
2026-07-01,39,14549647.0,0,0,0.0,0.00106,0.00106,0.00669,0.00302,1.0,7360242.0,3331841.0,1062362.0
2026-07-02,39,14549506.0,0,0,0.0,0.00302,0.00302,0.00378,0.00048,1.0,4243158.0,481202.0,3356950.0
2026-07-06,39,14555373.0,0,0,0.0,0.00048,0.00048,0.00049,0.0003,1.0,495447.0,425145.0,487756.0
2026-07-07,39,14557103.0,0,0,0.0,0.0003,0.0003,0.0003,0.0,,426463.0,0.0,426463.0
2026-07-08,39,14556207.0,0,0,0.0,0.00917,0.00917,0.00917,0.0,,7543732.0,0.0,7543732.0
2026-07-09,39,14422687.0,0,0,0.0,0.0,0.0,0.00582,0.00291,1.0,11601988.0,5800994.0,0.0
2026-07-10,39,14422687.0,0,0,0.0,0.00291,0.00291,0.0039,0.00106,1.0,8144286.0,2265612.0,5883030.0
2026-07-13,39,14421945.0,0,0,0.0,0.00106,0.00106,0.05516,0.02761,1.0,19385287.0,9694314.0,2273587.0
2026-07-14,39,14420989.0,1,0,0.02564,0.02761,0.00402,0.03012,0.01006,1.0,12065671.0,3635325.0,9785701.0
2026-07-15,40,14739900.0,0,0,0.0,0.00985,0.00985,0.00985,0.0,,3590916.0,0.0,3590916.0
2026-07-16,40,14868922.0,0,0,0.0,0.0,0.0,0.0,0.0,,0.0,0.0,0.0
2026-07-17,40,14868922.0,0,0,0.0,0.0,0.0,0.00126,0.00063,1.0,4515882.0,2257941.0,0.0
2026-07-20,40,14868922.0,0,0,0.0,0.00063,0.00063,0.01557,0.00759,1.0,11510999.0,5766341.0,2230307.0
2026-07-21,40,14863019.0,0,0,0.0,0.00759,0.00759,0.00769,0.00117,1.0,5750997.0,113904.0,5743833.0
2026-07-22,40,14922445.0,0,0,0.0,0.00116,0.00116,0.00779,0.00445,1.0,875116.0,499867.0,129229.0
2026-07-23,40,14938409.0,0,0,0.0,0.00444,0.00444,0.00726,0.00466,1.0,3533087.0,1884627.0,508452.0
2026-07-24,40,15004287.0,0,0,0.0,0.00464,0.00464,0.00612,0.00074,1.0,1949755.0,69159.0,1811437.0
2026-07-27,40,15054400.0,0,0,0.0,0.00074,0.00074,0.00098,0.00025,1.0,80610.0,19207.0,66717.0
2026-07-28,40,15065501.0,0,0,0.0,0.00025,0.00025,0.00204,0.00104,1.0,4394966.0,2200767.0,19959.0
2026-07-29,40,15065746.0,0,0,0.0,0.01226,0.01226,0.01226,0.00017,1.0,11012281.0,363229.0,11012281.0
2026-07-30,40,14889691.0,0,0,0.0,0.00017,0.00017,0.00177,0.00097,1.0,5716985.0,3041899.0,366813.0
2026-07-31,40,14887167.0,0,0,0.0,0.00097,0.00097,0.00377,0.00142,1.0,5701429.0,1395266.0,2913587.0
2026-08-03,40,14878133.0,0,0,0.0,0.01156,0.01156,0.0196,0.00466,1.0,18164844.0,4834223.0,9343478.0
2026-08-04,40,14710868.0,0,0,0.0,0.00471,0.00471,0.00598,0.00071,1.0,8423628.0,1786011.0,4972693.0
2026-08-05,40,14661248.0,0,0,0.0,0.00071,0.00071,0.01136,0.00546,1.0,12267353.0,5321952.0,2061262.0
2026-08-06,40,14653884.0,0,1,0.025,0.00546,0.00546,0.01123,0.00346,1.0,13770193.0,5269392.0,5485489.0
2026-08-07,39,14632065.0,0,0,0.0,0.00347,0.00347,0.00347,3e-05,1.0,5159371.0,1869.0,5159371.0
2026-08-10,39,14645691.0,0,0,0.0,3e-05,3e-05,0.00738,0.00371,1.0,20680064.0,10340955.0,1846.0
2026-08-11,39,14645234.0,1,0,0.02564,0.00371,0.00293,0.00371,0.00013,1.0,10421634.0,458741.0,10421634.0
2026-08-12,40,14627541.0,0,0,0.0,0.00013,0.00013,0.00021,7e-05,1.0,457582.0,3930.0,453383.0
2026-08-13,40,14628544.0,0,0,0.0,7e-05,7e-05,0.02796,0.01399,1.0,5302936.0,2652252.0,4030.0
2026-08-14,40,14627539.0,0,0,0.0,0.014,0.014,0.01421,0.00043,1.0,2312051.0,35094.0,2296110.0
2026-08-17,40,14816092.0,0,0,0.0,0.00042,0.00042,0.03929,0.01974,1.0,25250043.0,12632691.0,34815.0
2026-08-18,40,14819177.0,0,0,0.0,0.01974,0.01974,0.01974,0.00238,1.0,12402218.0,1165185.0,12402218.0
2026-08-19,40,15050129.0,0,0,0.0,0.00235,0.00235,0.00367,0.00195,1.0,5816602.0,3325858.0,1163197.0
2026-08-20,40,15085368.0,0,0,0.0,0.00194,0.00194,0.0043,0.00226,1.0,7645635.0,2308630.0,3219040.0
2026-08-21,40,15099343.0,0,0,0.0,0.00225,0.00225,0.01192,0.00591,1.0,3290267.0,645162.0,2353398.0
2026-08-24,40,15115956.0,0,0,0.0,0.00591,0.00591,0.00598,0.00011,1.0,629312.0,6942.0,624202.0
2026-08-25,40,15202113.0,0,0,0.0,0.00011,0.00011,0.00011,9e-05,1.0,6748.0,5741.0,6748.0
2026-08-26,40,15200491.0,0,0,0.0,9e-05,9e-05,0.00131,0.0007,1.0,4868856.0,2437340.0,5824.0
2026-08-27,40,15199111.0,0,0,0.0,0.0007,0.0007,0.00079,0.00029,1.0,2477765.0,17754.0,2472469.0
2026-08-28,40,15197085.0,0,0,0.0,0.00029,0.00029,0.00225,0.00098,1.0,6794802.0,3387227.0,20348.0
2026-08-31,40,15192613.0,0,0,0.0,0.00098,0.00098,0.04681,0.02315,1.0,71598160.0,35777758.0,3269114.0
2026-09-01,40,15200522.0,0,0,0.0,0.02313,0.02313,0.0238,0.00033,1.0,35786304.0,41648.0,35703007.0
2026-09-02,40,15271772.0,0,0,0.0,0.00033,0.00033,0.00033,0.0002,1.0,40362.0,25151.0,40362.0
2026-09-03,40,15276462.0,0,0,0.0,0.0002,0.0002,0.00042,0.00011,1.0,37521.0,6278.0,24966.0
2026-09-04,40,15279548.0,0,0,0.0,0.00011,0.00011,0.00032,0.00011,1.0,33797.0,13627.0,6542.0
2026-09-08,40,15277896.0,0,0,0.0,0.00011,0.00011,0.0002,5e-05,1.0,19066.0,2872.0,13322.0
2026-09-09,40,15279503.0,0,0,0.0,5e-05,5e-05,5e-05,0.0,,2827.0,0.0,2827.0
2026-09-10,40,15278757.0,0,0,0.0,0.0,0.0,0.00033,0.00016,1.0,36084.0,18042.0,0.0
2026-09-11,40,15278757.0,0,0,0.0,0.00016,0.00016,0.00031,0.00012,1.0,25557.0,6259.0,17534.0
2026-09-14,40,15280002.0,0,0,0.0,0.00012,0.00012,0.03062,0.03055,0.0013,6259.0,2155.0,6259.0
2026-09-15,40,15278239.0,0,0,0.0,0.03055,0.03055,0.03055,0.0,,12210144.0,0.0,12210144.0
2026-09-16,40,14811499.0,0,0,0.0,0.0,0.0,0.0,0.0,,0.0,0.0,0.0
2026-09-17,40,14811499.0,0,0,0.0,1e-05,1e-05,8e-05,5e-05,1.0,3635.0,2151.0,667.0
2026-09-18,40,14811281.0,0,0,0.0,0.01449,0.01449,0.0215,0.00394,0.80699,11531317.0,137845.0,11259747.0
2026-09-21,40,15024448.0,1,1,0.05,0.00388,0.0,0.00776,0.00293,0.32456,23832311.0,5847779.0,12136753.0
2026-09-22,40,14988654.0,0,0,0.0,0.01702,0.01702,0.01702,0.0,,18503822.0,0.0,18503822.0
2026-09-23,40,15170031.0,0,0,0.0,0.0,0.0,0.00022,0.00011,1.0,32863.0,16432.0,0.0
2026-09-24,40,15170031.0,0,0,0.0,0.00011,0.00011,0.00011,0.0,,15734.0,0.0,15734.0
2026-09-25,40,15171732.0,0,0,0.0,0.0,0.0,0.00026,0.00013,1.0,37500.0,18750.0,0.0
2026-09-28,40,15171732.0,0,0,0.0,0.00013,0.00013,0.001,0.00057,1.0,151601.0,85447.0,19293.0
2026-09-29,40,15173669.0,0,0,0.0,0.00057,0.00057,0.02824,0.01384,1.0,21687979.0,10802424.0,83131.0
2026-09-30,40,15182248.0,0,0,0.0,0.01383,0.01383,0.01383,0.00015,1.0,10836677.0,61761.0,10836677.0
2026-10-01,40,15094845.0,0,0,0.0,0.04707,0.04707,0.04707,5e-05,1.0,38425537.0,20619.0,38425537.0
2026-10-02,40,15801186.0,0,0,0.0,5e-05,5e-05,0.00357,0.00177,1.0,9445218.0,4717614.0,21090.0
2026-10-05,40,15800426.0,0,1,0.025,0.00177,0.00176,0.00177,0.0,,4830447.0,0.0,4830447.0
2026-10-06,39,15828016.0,0,0,0.0,0.0,0.0,0.08265,0.04132,1.0,21888512.0,10944256.0,0.0
2026-10-07,39,15828016.0,1,0,0.02564,0.04132,0.01442,0.07696,0.05715,1.0,15858819.0,8976458.0,10973372.0
2026-10-08,40,16088632.0,0,0,0.0,0.05622,0.05622,0.05622,0.0,,8906719.0,0.0,8906719.0
