d,n0,sh0,add,rem,nt,si,se,tt,ta,ta_cov,tt_usd,ta_usd,si_usd
2014-10-31,52,216482.0,0,0,0.0,0.0,0.0,0.0,,,0.0,,0.0
2014-11-03,52,216482.0,0,0,0.0,0.0,0.0,0.0,,,0.0,,0.0
2014-11-04,52,216482.0,0,0,0.0,0.0,0.0,0.0,,,0.0,,0.0
2014-11-05,52,216482.0,0,0,0.0,0.0,0.0,0.0,,,0.0,,0.0
2014-11-06,52,216482.0,0,0,0.0,0.0,0.0,0.0,,,0.0,,0.0
2014-11-07,52,216482.0,0,0,0.0,0.0,0.0,0.0,,,0.0,,0.0
2014-11-10,52,216482.0,0,0,0.0,0.0,0.0,0.0,,,0.0,,0.0
2014-11-11,52,216482.0,0,0,0.0,0.0,0.0,0.0,,,0.0,,0.0
2014-11-12,52,216482.0,0,0,0.0,0.0,0.0,0.0,,,0.0,,0.0
2014-11-13,52,216482.0,1,0,0.01923,0.48858,0.48717,0.48858,,,1072302.0,,1072302.0
2014-11-14,53,320056.0,0,0,0.0,0.0,0.0,0.0,,,0.0,,0.0
2014-11-17,53,320056.0,0,0,0.0,0.0,0.0,0.0,,,0.0,,0.0
2014-11-18,53,320056.0,0,0,0.0,0.0,0.0,0.0,,,0.0,,0.0
2014-11-19,53,320056.0,0,0,0.0,0.0,0.0,0.0,,,0.0,,0.0
2014-11-20,53,320056.0,0,0,0.0,0.0,0.0,0.0,,,0.0,,0.0
2014-11-21,53,320056.0,0,0,0.0,0.0,0.0,0.0,,,0.0,,0.0
2014-11-24,53,320056.0,0,0,0.0,0.0,0.0,0.0,,,0.0,,0.0
2014-11-25,53,320056.0,0,0,0.0,0.0,0.0,0.0,,,0.0,,0.0
2014-11-26,53,320056.0,0,0,0.0,0.0,0.0,0.0,,,0.0,,0.0
2014-11-28,53,320056.0,0,0,0.0,0.0,0.0,0.0,,,0.0,,0.0
2014-12-01,53,320056.0,0,0,0.0,0.0,0.0,0.0,,,0.0,,0.0
2014-12-02,53,320056.0,0,0,0.0,0.0,0.0,0.0,,,0.0,,0.0
2014-12-03,53,320056.0,0,0,0.0,0.0,0.0,0.0,,,0.0,,0.0
2014-12-04,53,320056.0,0,0,0.0,0.0,0.0,0.0,,,0.0,,0.0
2014-12-05,53,320056.0,0,0,0.0,0.0,0.0,0.0,,,0.0,,0.0
2014-12-08,53,320056.0,0,0,0.0,0.0,0.0,0.0,,,0.0,,0.0
2014-12-09,53,320056.0,0,0,0.0,0.0,0.0,0.0,,,0.0,,0.0
2014-12-10,53,320056.0,0,0,0.0,0.0,0.0,0.0,,,0.0,,0.0
2014-12-11,53,320056.0,0,0,0.0,0.0,0.0,0.0,,,0.0,,0.0
2014-12-12,53,320056.0,0,0,0.0,0.0,0.0,0.0,,,0.0,,0.0
2014-12-15,53,320056.0,0,0,0.0,0.0,0.0,0.0,,,0.0,,0.0
2014-12-16,53,320056.0,0,0,0.0,0.0,0.0,0.0,,,0.0,,0.0
2014-12-17,53,320056.0,0,0,0.0,0.0,0.0,0.0,,,0.0,,0.0
2014-12-18,53,320056.0,0,0,0.0,0.0,0.0,0.0,,,0.0,,0.0
2014-12-19,53,320056.0,0,0,0.0,0.0,0.0,0.0,,,0.0,,0.0
2014-12-22,53,320056.0,0,0,0.0,0.0,0.0,0.0,,,0.0,,0.0
2014-12-23,53,320056.0,0,0,0.0,0.0,0.0,0.0,,,0.0,,0.0
2014-12-24,53,320056.0,0,0,0.0,0.0,0.0,0.0,,,0.0,,0.0
2014-12-26,53,320056.0,1,3,0.07547,0.34401,0.3349,0.34401,,,1248789.0,,1248789.0
2014-12-29,51,420868.0,0,0,0.0,0.0,0.0,0.0,,,0.0,,0.0
2014-12-30,51,420868.0,0,0,0.0,0.0,0.0,0.0,,,0.0,,0.0
2014-12-31,51,420868.0,0,0,0.0,0.0,0.0,0.0,,,0.0,,0.0
2015-01-02,51,420868.0,0,0,0.0,0.0,0.0,0.0,,,0.0,,0.0
2015-01-05,51,420868.0,0,0,0.0,0.0,0.0,0.0,,,0.0,,0.0
2015-01-06,51,420868.0,0,0,0.0,0.0,0.0,0.0,,,0.0,,0.0
2015-01-07,51,420868.0,0,0,0.0,0.0,0.0,0.0,,,0.0,,0.0
2015-01-08,51,420868.0,0,0,0.0,0.0,0.0,0.0,,,0.0,,0.0
2015-01-09,51,420868.0,0,0,0.0,0.0,0.0,0.0,,,0.0,,0.0
2015-01-12,51,420868.0,0,0,0.0,0.0,0.0,0.0,,,0.0,,0.0
2015-01-13,51,420868.0,0,0,0.0,0.0,0.0,0.0,,,0.0,,0.0
2015-01-14,51,420868.0,0,0,0.0,0.0,0.0,0.0,,,0.0,,0.0
2015-01-15,51,420868.0,0,0,0.0,0.0,0.0,0.0,,,0.0,,0.0
2015-01-16,51,420868.0,0,0,0.0,0.0,0.0,0.0,,,0.0,,0.0
2015-01-20,51,420868.0,0,0,0.0,0.0,0.0,0.0,,,0.0,,0.0
2015-01-21,51,420868.0,0,0,0.0,0.0,0.0,0.0,,,0.0,,0.0
2015-01-22,51,420868.0,0,0,0.0,0.0,0.0,0.0,,,0.0,,0.0
2015-01-23,51,420868.0,0,0,0.0,0.0,0.0,0.0,,,0.0,,0.0
2015-01-26,51,420868.0,0,0,0.0,0.0,0.0,0.0,,,0.0,,0.0
2015-01-27,51,420868.0,0,0,0.0,0.0,0.0,0.0,,,0.0,,0.0
2015-01-28,51,420868.0,0,0,0.0,0.0,0.0,0.0,,,0.0,,0.0
2015-01-29,51,420868.0,0,0,0.0,0.0,0.0,0.0,,,0.0,,0.0
2015-01-30,51,420868.0,0,0,0.0,0.0,0.0,0.0,,,0.0,,0.0
2015-02-02,51,420868.0,0,0,0.0,0.0,0.0,0.0,,,0.0,,0.0
2015-02-03,51,420868.0,0,0,0.0,0.0,0.0,0.0,,,0.0,,0.0
2015-02-04,51,420868.0,0,0,0.0,0.0,0.0,0.0,,,0.0,,0.0
2015-02-05,51,420868.0,0,0,0.0,0.0,0.0,0.0,,,0.0,,0.0
2015-02-06,51,420868.0,0,0,0.0,0.0,0.0,0.0,,,0.0,,0.0
2015-02-09,51,420868.0,1,4,0.09804,0.29553,0.28539,0.29553,,,1621607.0,,1621607.0
2015-02-10,48,534866.0,0,0,0.0,0.0,0.0,0.0,,,0.0,,0.0
2015-02-11,48,534866.0,0,0,0.0,0.0,0.0,0.0,,,0.0,,0.0
2015-02-12,48,534866.0,0,0,0.0,0.0,0.0,0.0,,,0.0,,0.0
2015-02-13,48,534866.0,0,0,0.0,0.0,0.0,0.0,,,0.0,,0.0
2015-02-17,48,534866.0,0,0,0.0,0.0,0.0,0.0,,,0.0,,0.0
2015-02-18,48,534866.0,0,0,0.0,0.0,0.0,0.0,,,0.0,,0.0
2015-02-19,48,534866.0,0,0,0.0,0.0,0.0,0.0,,,0.0,,0.0
2015-02-20,48,534866.0,1,1,0.04167,0.00767,0.0045,0.00767,,,205046.0,,205046.0
2015-02-23,48,535258.0,0,0,0.0,0.0,0.0,0.0,,,0.0,,0.0
2015-02-24,48,535258.0,2,0,0.04167,0.00124,0.00071,0.00124,,,73318.0,,73318.0
2015-02-25,50,535165.0,0,1,0.02,0.00602,0.00247,0.00602,,,86125.0,,86125.0
2015-02-26,49,534579.0,0,0,0.0,0.0,0.0,0.0,,,0.0,,0.0
2015-02-27,49,534579.0,0,0,0.0,0.0,0.0,0.0,,,0.0,,0.0
2015-03-02,49,534579.0,0,1,0.02041,0.06421,0.01006,0.06421,,,246486.0,,246486.0
2015-03-03,48,510416.0,0,0,0.0,0.40349,0.40349,0.40349,,,2284095.0,,2284095.0
2015-03-04,48,716366.0,0,0,0.0,0.01977,0.01977,0.01977,,,87984.0,,87984.0
2015-03-05,48,730526.0,0,0,0.0,0.00027,0.00027,0.00027,,,12930.0,,12930.0
2015-03-06,48,730726.0,0,0,0.0,0.00044,0.00044,0.00044,,,12636.0,,12636.0
2015-03-09,48,731051.0,0,0,0.0,0.00492,0.00492,0.00492,,,46364.0,,46364.0
2015-03-10,48,734651.0,0,0,0.0,0.0009,0.0009,0.0009,,,3241.0,,3241.0
2015-03-11,48,735311.0,0,0,0.0,0.0,0.0,0.0,,,0.0,,0.0
2015-03-12,48,735311.0,1,0,0.02083,0.00263,0.00197,0.00263,,,82967.0,,82967.0
2015-03-13,49,734348.0,0,0,0.0,0.0,0.0,0.0,,,0.0,,0.0
2015-03-16,49,734348.0,0,0,0.0,0.0,0.0,0.0,,,0.0,,0.0
2015-03-17,49,734348.0,0,0,0.0,0.0034,0.0034,0.0034,,,32347.0,,32347.0
2015-03-18,49,736216.0,0,0,0.0,0.0,0.0,0.0,,,0.0,,0.0
2015-03-19,49,736216.0,0,0,0.0,0.0,0.0,0.0,,,0.0,,0.0
2015-03-20,49,736216.0,0,0,0.0,0.0,0.0,0.0,,,0.0,,0.0
2015-03-23,49,736216.0,0,0,0.0,0.00362,0.00362,0.00362,,,16883.0,,16883.0
2015-03-24,49,737564.0,0,0,0.0,0.0001,0.0001,0.0001,,,37062.0,,37062.0
2015-03-25,49,737558.0,0,0,0.0,0.00037,0.00037,0.00037,,,24499.0,,24499.0
2015-03-26,49,737340.0,0,0,0.0,0.00164,0.00164,0.00164,,,40183.0,,40183.0
2015-03-27,49,738527.0,0,0,0.0,0.00054,0.00054,0.00054,,,22512.0,,22512.0
2015-03-30,49,738527.0,0,0,0.0,0.00175,0.00175,0.00175,,,57304.0,,57304.0
2015-03-31,49,738126.0,0,0,0.0,0.0,0.0,0.0,,,0.0,,0.0
2015-04-01,49,738126.0,0,0,0.0,0.0,0.0,0.0,,,0.0,,0.0
2015-04-02,49,738126.0,0,0,0.0,0.0,0.0,0.0,,,0.0,,0.0
2015-04-06,49,738126.0,0,0,0.0,0.0,0.0,0.0,,,0.0,,0.0
2015-04-07,49,738126.0,0,0,0.0,0.0,0.0,0.0,,,0.0,,0.0
2015-04-08,49,738126.0,0,0,0.0,0.00266,0.00266,0.00266,,,80674.0,,80674.0
2015-04-09,49,739117.0,1,0,0.02041,0.00116,0.00045,0.00116,,,88639.0,,88639.0
2015-04-10,50,739311.0,0,0,0.0,0.00064,0.00064,0.00064,,,27273.0,,27273.0
2015-04-13,50,739235.0,0,0,0.0,0.0,0.0,0.0,,,0.0,,0.0
2015-04-14,50,739235.0,0,0,0.0,0.0,0.0,0.0,,,0.0,,0.0
2015-04-15,50,739235.0,0,0,0.0,0.00247,0.00247,0.00247,,,23111.0,,23111.0
2015-04-16,50,740589.0,0,0,0.0,0.00257,0.00257,0.00257,,,30110.0,,30110.0
2015-04-17,50,739666.0,0,0,0.0,0.00397,0.00397,0.00397,,,29729.0,,29729.0
2015-04-20,50,737131.0,0,0,0.0,0.0,0.0,0.0,,,0.0,,0.0
2015-04-21,50,737131.0,0,0,0.0,0.0032,0.0032,0.0032,,,46390.0,,46390.0
2015-04-22,50,737710.0,0,0,0.0,0.0,0.0,0.0,,,0.0,,0.0
2015-04-23,50,737710.0,0,0,0.0,0.0,0.0,0.0,,,0.0,,0.0
2015-04-24,50,737710.0,0,0,0.0,0.00743,0.00743,0.00743,,,72831.0,,72831.0
2015-04-27,50,740024.0,0,0,0.0,0.00167,0.00167,0.00167,,,159804.0,,159804.0
2015-04-28,50,739185.0,3,1,0.08,0.01109,0.00332,0.01109,,,219679.0,,219679.0
2015-04-29,52,740472.0,0,0,0.0,0.0,0.0,0.0,,,0.0,,0.0
2015-04-30,52,740472.0,0,0,0.0,0.0,0.0,0.0,,,0.0,,0.0
2015-05-01,52,740472.0,0,0,0.0,0.0,0.0,0.0,,,0.0,,0.0
2015-05-04,52,740472.0,0,0,0.0,0.07957,0.07957,0.07957,,,221389.0,,221389.0
2015-05-05,52,683427.0,0,1,0.01923,0.02427,0.00429,0.02427,,,113770.0,,113770.0
2015-05-06,51,672581.0,0,0,0.0,0.0,0.0,0.0,,,15712.0,,15712.0
2015-05-07,51,672581.0,0,1,0.01961,0.00442,0.00353,0.00442,,,81338.0,,81338.0
2015-05-08,50,674346.0,0,0,0.0,0.0,0.0,0.0,,,0.0,,0.0
2015-05-11,50,674346.0,0,0,0.0,0.25945,0.25945,0.25945,,,1334571.0,,1334571.0
2015-05-12,50,847109.0,0,1,0.02,0.04593,0.04574,0.04593,,,73181.0,,73181.0
2015-05-13,49,883025.0,0,0,0.0,0.0012,0.0012,0.0012,,,89221.0,,89221.0
2015-05-14,49,883050.0,0,0,0.0,0.00087,0.00087,0.00087,,,17483.0,,17483.0
2015-05-15,49,882327.0,0,0,0.0,0.00399,0.00399,0.00399,,,118582.0,,118582.0
2015-05-18,49,884309.0,0,0,0.0,0.0,0.0,0.0,,,0.0,,0.0
2015-05-19,49,884309.0,0,0,0.0,0.0034,0.0034,0.0034,,,83330.0,,83330.0
2015-05-20,49,884321.0,0,0,0.0,0.0,0.0,0.0,,,0.0,,0.0
2015-05-21,49,884321.0,0,0,0.0,0.0,0.0,0.0,,,0.0,,0.0
2015-05-22,49,884321.0,0,0,0.0,0.0,0.0,0.0,,,0.0,,0.0
2015-05-26,49,884321.0,0,0,0.0,0.0,0.0,0.0,,,0.0,,0.0
2015-05-27,49,884321.0,0,0,0.0,0.01039,0.01039,0.01039,,,334176.0,,334176.0
2015-05-28,49,890593.0,0,0,0.0,0.00122,0.00122,0.00122,,,22417.0,,22417.0
2015-05-29,49,891276.0,0,0,0.0,0.0,0.0,0.0,,,0.0,,0.0
2015-06-01,49,891276.0,0,0,0.0,0.0024,0.0024,0.0024,,,122207.0,,122207.0
2015-06-02,49,892367.0,0,0,0.0,0.00271,0.00271,0.00271,,,73182.0,,73182.0
2015-06-03,49,893499.0,0,0,0.0,0.0,0.0,0.0,,,0.0,,0.0
2015-06-04,49,893499.0,0,0,0.0,0.0,0.0,0.0,,,0.0,,0.0
2015-06-05,49,893499.0,0,0,0.0,0.0,0.0,0.0,,,0.0,,0.0
2015-06-08,49,893499.0,0,0,0.0,0.0,0.0,0.0,,,0.0,,0.0
2015-06-09,49,893499.0,1,0,0.02041,0.00946,0.00737,0.00946,,,144152.0,,144152.0
2015-06-10,50,895938.0,0,0,0.0,0.0,0.0,0.0,,,0.0,,0.0
2015-06-11,50,895938.0,0,0,0.0,0.0,0.0,0.0,,,0.0,,0.0
2015-06-12,50,895938.0,0,0,0.0,0.0,0.0,0.0,,,0.0,,0.0
2015-06-15,50,895938.0,0,0,0.0,0.0,0.0,0.0,,,0.0,,0.0
2015-06-16,50,895938.0,0,2,0.04,0.00473,0.00278,0.00473,,,295923.0,,295923.0
2015-06-17,48,892962.0,0,0,0.0,0.0,0.0,0.0,,,0.0,,0.0
2015-06-18,48,892962.0,0,0,0.0,0.0,0.0,0.0,,,0.0,,0.0
2015-06-19,48,892962.0,0,0,0.0,0.00035,0.00035,0.00035,,,23002.0,,23002.0
2015-06-22,48,892874.0,0,0,0.0,0.0,0.0,0.0,,,0.0,,0.0
2015-06-23,48,892874.0,0,0,0.0,0.0022,0.0022,0.0022,,,88924.0,,88924.0
2015-06-24,48,894115.0,0,0,0.0,0.0,0.0,0.0,,,0.0,,0.0
2015-06-25,48,894115.0,0,0,0.0,0.0,0.0,0.0,,,0.0,,0.0
2015-06-26,48,894115.0,0,0,0.0,0.0,0.0,0.0,,,0.0,,0.0
2015-06-29,48,894115.0,0,0,0.0,0.0,0.0,0.0,,,0.0,,0.0
2015-06-30,48,894115.0,0,0,0.0,0.0,0.0,0.0,,,0.0,,0.0
2015-07-01,48,894115.0,2,1,0.0625,0.08252,0.06954,0.08252,,,297417.0,,297417.0
2015-07-02,49,958722.0,0,0,0.0,0.00088,0.00088,0.00088,,,48275.0,,48275.0
2015-07-06,49,959062.0,0,0,0.0,0.0,0.0,0.0,,,0.0,,0.0
2015-07-07,49,959062.0,0,0,0.0,0.0,0.0,0.0,,,0.0,,0.0
2015-07-08,49,959062.0,0,0,0.0,0.0,0.0,0.0,,,0.0,,0.0
2015-07-09,49,959062.0,1,1,0.04082,0.08454,0.07528,0.08454,,,336030.0,,336030.0
2015-07-10,49,1015614.0,0,0,0.0,0.05986,0.05986,0.05986,,,146380.0,,146380.0
2015-07-13,49,1070012.0,0,0,0.0,0.00607,0.00607,0.00607,,,84082.0,,84082.0
2015-07-14,49,1076108.0,0,0,0.0,0.0,0.0,0.0,,,0.0,,0.0
2015-07-15,49,1076108.0,0,0,0.0,0.0,0.0,0.0,,,0.0,,0.0
2015-07-16,49,1076108.0,0,0,0.0,0.0,0.0,0.0,,,0.0,,0.0
2015-07-17,49,1076108.0,0,0,0.0,0.00202,0.00202,0.00202,,,49896.0,,49896.0
2015-07-20,49,1077883.0,0,0,0.0,0.0,0.0,0.0,,,0.0,,0.0
2015-07-21,49,1077883.0,0,0,0.0,0.0,0.0,0.0,,,0.0,,0.0
2015-07-22,49,1077883.0,0,1,0.02041,0.0012,0.00101,0.0012,,,98721.0,,98721.0
2015-07-23,48,1078688.0,0,0,0.0,0.00046,0.00046,0.00046,,,86168.0,,86168.0
2015-07-24,48,1078588.0,0,0,0.0,0.00203,0.00203,0.00203,,,49614.0,,49614.0
2015-07-27,48,1076798.0,0,0,0.0,0.00193,0.00193,0.00193,,,198555.0,,198555.0
2015-07-28,48,1076495.0,0,0,0.0,0.0,0.0,0.0,,,0.0,,0.0
2015-07-29,48,1076495.0,0,0,0.0,0.00356,0.00356,0.00356,,,36062.0,,36062.0
2015-07-30,48,1076230.0,0,0,0.0,0.00332,0.00332,0.00332,,,148431.0,,148431.0
2015-07-31,48,1075261.0,0,0,0.0,0.00174,0.00174,0.00174,,,69342.0,,69342.0
2015-08-03,48,1076601.0,0,0,0.0,0.0,0.0,0.0,,,0.0,,0.0
2015-08-04,48,1076601.0,0,0,0.0,0.0076,0.0076,0.0076,,,91836.0,,91836.0
2015-08-05,48,1074681.0,0,0,0.0,0.0,0.0,0.0,,,0.0,,0.0
2015-08-06,48,1074681.0,0,0,0.0,0.0,0.0,0.0,,,0.0,,0.0
2015-08-07,48,1074681.0,0,0,0.0,0.0,0.0,0.0,,,0.0,,0.0
2015-08-10,48,1074681.0,0,0,0.0,0.0,0.0,0.0,,,0.0,,0.0
2015-08-11,48,1074681.0,0,0,0.0,0.0,0.0,0.0,,,0.0,,0.0
2015-08-12,48,1074681.0,0,3,0.0625,0.03937,0.01606,0.03937,,,582930.0,,582930.0
2015-08-13,45,1064166.0,0,0,0.0,0.0,0.0,0.0,,,0.0,,0.0
2015-08-14,45,1064166.0,0,0,0.0,0.0,0.0,0.0,,,0.0,,0.0
2015-08-17,45,1064166.0,0,0,0.0,0.02877,0.02877,0.02877,,,228670.0,,228670.0
2015-08-18,45,1039765.0,0,0,0.0,0.0023,0.0023,0.0023,,,131587.0,,131587.0
2015-08-19,45,1040286.0,0,0,0.0,0.0,0.0,0.0,,,0.0,,0.0
2015-08-20,45,1040286.0,0,0,0.0,0.0,0.0,0.0,,,0.0,,0.0
2015-08-21,45,1040286.0,0,0,0.0,0.0,0.0,0.0,,,0.0,,0.0
2015-08-24,45,1040286.0,0,0,0.0,0.0,0.0,0.0,,,0.0,,0.0
2015-08-25,45,1040286.0,0,0,0.0,0.00227,0.00227,0.00227,,,166405.0,,166405.0
2015-08-26,45,1039743.0,0,0,0.0,0.0,0.0,0.0,,,0.0,,0.0
2015-08-27,45,1039743.0,0,0,0.0,0.0,0.0,0.0,,,0.0,,0.0
2015-08-28,45,1039743.0,0,0,0.0,0.00127,0.00127,0.00127,,,54468.0,,54468.0
2015-08-31,45,1040666.0,0,0,0.0,0.0,0.0,0.0,,,0.0,,0.0
2015-09-01,45,1040666.0,0,0,0.0,0.00261,0.00261,0.00261,,,100787.0,,100787.0
2015-09-02,45,1041151.0,0,0,0.0,0.00038,0.00038,0.00038,,,36996.0,,36996.0
2015-09-03,45,1041151.0,0,0,0.0,0.0,0.0,0.0,,,0.0,,0.0
2015-09-04,45,1041151.0,0,0,0.0,0.0,0.0,0.0,,,0.0,,0.0
2015-09-08,45,1041151.0,0,0,0.0,0.0,0.0,0.0,,,0.0,,0.0
2015-09-09,45,1041151.0,0,0,0.0,0.0,0.0,0.0,,,0.0,,0.0
2015-09-10,45,1041151.0,0,0,0.0,0.0,0.0,0.0,,,0.0,,0.0
2015-09-11,45,1041151.0,0,0,0.0,0.0,0.0,0.0,,,0.0,,0.0
2015-09-14,45,1041151.0,0,0,0.0,0.0,0.0,0.0,,,0.0,,0.0
2015-09-15,45,1041151.0,0,0,0.0,0.00078,0.00078,0.00078,,,54545.0,,54545.0
2015-09-16,45,1041453.0,0,0,0.0,0.0,0.0,0.0,,,0.0,,0.0
2015-09-17,45,1041453.0,0,0,0.0,0.0,0.0,0.0,,,0.0,,0.0
2015-09-18,45,1041453.0,0,0,0.0,0.02995,0.02995,0.02995,,,35403.0,,35403.0
2015-09-21,45,1011849.0,0,0,0.0,0.0,0.0,0.0,,,0.0,,0.0
2015-09-22,45,1011849.0,0,1,0.02222,0.00387,0.00239,0.00387,,,174394.0,,174394.0
2015-09-23,44,1012757.0,0,0,0.0,0.0,0.0,0.0,,,0.0,,0.0
2015-09-24,44,1012757.0,0,0,0.0,0.0,0.0,0.0,,,0.0,,0.0
2015-09-25,44,1012757.0,0,0,0.0,0.00375,0.00375,0.00375,,,122883.0,,122883.0
2015-09-28,44,1015475.0,0,0,0.0,0.0,0.0,0.0,,,0.0,,0.0
2015-09-29,44,1015475.0,0,0,0.0,0.0,0.0,0.0,,,0.0,,0.0
2015-09-30,44,1015475.0,0,1,0.02273,0.11085,0.11055,0.11085,,,576077.0,,576077.0
2015-10-01,43,918574.0,0,0,0.0,0.03141,0.03141,0.03141,,,35983.0,,35983.0
2015-10-02,43,890627.0,0,0,0.0,0.0,0.0,0.0,,,0.0,,0.0
2015-10-05,43,890627.0,0,0,0.0,0.00379,0.00379,0.00379,,,208649.0,,208649.0
2015-10-06,43,893283.0,0,0,0.0,0.0,0.0,0.0,,,0.0,,0.0
2015-10-07,43,893283.0,0,0,0.0,0.0,0.0,0.0,,,0.0,,0.0
2015-10-08,43,893283.0,0,0,0.0,0.0,0.0,0.0,,,0.0,,0.0
2015-10-09,43,893283.0,1,1,0.04651,0.13365,0.13209,0.13365,,,419308.0,,419308.0
2015-10-12,43,781838.0,0,0,0.0,0.0,0.0,0.0,,,0.0,,0.0
2015-10-13,43,781838.0,0,0,0.0,0.01056,0.01056,0.01056,,,16187.0,,16187.0
2015-10-14,43,774094.0,0,0,0.0,0.00125,0.00125,0.00125,,,101995.0,,101995.0
2015-10-15,43,774659.0,0,0,0.0,0.03621,0.03621,0.03621,,,59556.0,,59556.0
2015-10-16,43,748309.0,0,0,0.0,0.0,0.0,0.0,,,0.0,,0.0
2015-10-19,43,748309.0,0,0,0.0,0.0,0.0,0.0,,,0.0,,0.0
2015-10-20,43,748309.0,1,0,0.02326,0.00587,0.00425,0.00587,,,303817.0,,303817.0
2015-10-21,44,747451.0,0,0,0.0,0.03159,0.03159,0.03159,,,57604.0,,57604.0
2015-10-22,44,724666.0,0,0,0.0,0.00575,0.00575,0.00575,,,147528.0,,147528.0
2015-10-23,44,723913.0,0,0,0.0,0.0,0.0,0.0,,,0.0,,0.0
2015-10-26,44,723913.0,0,0,0.0,0.00177,0.00177,0.00177,,,60344.0,,60344.0
2015-10-27,44,724792.0,0,0,0.0,0.00072,0.00072,0.00072,,,59137.0,,59137.0
2015-10-28,44,724672.0,0,0,0.0,0.05966,0.05966,0.05966,,,64018.0,,64018.0
2015-10-29,44,683105.0,0,0,0.0,0.03367,0.03367,0.03367,,,32102.0,,32102.0
2015-10-30,44,660908.0,0,0,0.0,0.0,0.0,0.0,,,0.0,,0.0
2015-11-02,44,660908.0,0,0,0.0,0.0,0.0,0.0,,,0.0,,0.0
2015-11-03,44,660908.0,0,0,0.0,0.0,0.0,0.0,,,0.0,,0.0
2015-11-04,44,660908.0,0,0,0.0,0.04645,0.04645,0.04645,,,43391.0,,43391.0
2015-11-05,44,632408.0,0,0,0.0,0.05913,0.05913,0.05913,,,158223.0,,158223.0
2015-11-06,44,603397.0,0,0,0.0,0.00324,0.00324,0.00324,,,139033.0,,139033.0
2015-11-09,44,604420.0,0,0,0.0,0.05906,0.05906,0.05906,,,215638.0,,215638.0
2015-11-10,44,576013.0,0,0,0.0,0.03827,0.03827,0.03827,,,87942.0,,87942.0
2015-11-11,44,556996.0,0,0,0.0,0.0,0.0,0.0,,,0.0,,0.0
2015-11-12,44,556996.0,0,0,0.0,0.00579,0.00579,0.00579,,,46553.0,,46553.0
2015-11-13,44,559820.0,0,0,0.0,0.0,0.0,0.0,,,0.0,,0.0
2015-11-16,44,559820.0,0,0,0.0,0.00653,0.00653,0.00653,,,66913.0,,66913.0
2015-11-17,44,563075.0,0,1,0.02273,0.00259,0.0,0.00259,,,44029.0,,44029.0
2015-11-18,43,561619.0,0,0,0.0,0.00173,0.00173,0.00173,,,43949.0,,43949.0
2015-11-19,43,562589.0,0,0,0.0,0.0,0.0,0.0,,,0.0,,0.0
2015-11-20,43,562589.0,0,0,0.0,0.0,0.0,0.0,,,0.0,,0.0
2015-11-23,43,562589.0,0,0,0.0,0.0,0.0,0.0,,,0.0,,0.0
2015-11-24,43,562589.0,0,0,0.0,0.0,0.0,0.0,,,0.0,,0.0
2015-11-25,43,562589.0,0,0,0.0,0.0,0.0,0.0,,,0.0,,0.0
2015-11-27,43,562589.0,0,0,0.0,0.0023,0.0023,0.0023,,,72298.0,,72298.0
2015-11-30,43,563484.0,0,0,0.0,0.0,0.0,0.0,,,0.0,,0.0
2015-12-01,43,563484.0,0,0,0.0,0.0,0.0,0.0,,,0.0,,0.0
2015-12-02,43,563484.0,0,0,0.0,0.00121,0.00121,0.00121,,,23995.0,,23995.0
2015-12-03,43,563544.0,0,1,0.02326,0.00053,0.0,0.00053,,,22394.0,,22394.0
2015-12-04,42,563247.0,0,0,0.0,0.0,0.0,0.0,,,0.0,,0.0
2015-12-07,42,563247.0,0,0,0.0,0.0,0.0,0.0,,,0.0,,0.0
2015-12-08,42,563247.0,0,0,0.0,0.0,0.0,0.0,,,0.0,,0.0
2015-12-09,42,563247.0,0,0,0.0,0.00036,0.00036,0.00036,,,20116.0,,20116.0
2015-12-10,42,563447.0,0,0,0.0,0.0,0.0,0.0,,,0.0,,0.0
2015-12-11,42,563447.0,0,0,0.0,0.0,0.0,0.0,,,0.0,,0.0
2015-12-14,42,563447.0,0,0,0.0,0.01172,0.01172,0.01172,,,42889.0,,42889.0
2015-12-15,42,563746.0,0,0,0.0,0.0,0.0,0.0,,,0.0,,0.0
2015-12-16,42,563746.0,0,0,0.0,0.0,0.0,0.0,,,0.0,,0.0
2015-12-17,42,563746.0,0,0,0.0,0.00292,0.00292,0.00292,,,162131.0,,162131.0
2015-12-18,42,564505.0,0,0,0.0,0.0,0.0,0.0,,,0.0,,0.0
2015-12-21,42,564505.0,0,0,0.0,0.0,0.0,0.0,,,0.0,,0.0
2015-12-22,42,564505.0,0,0,0.0,0.0,0.0,0.0,,,0.0,,0.0
2015-12-23,42,564505.0,0,0,0.0,0.00531,0.00531,0.00531,,,127701.0,,127701.0
2015-12-24,42,566815.0,0,0,0.0,0.0,0.0,0.0,,,0.0,,0.0
2015-12-28,42,566815.0,0,0,0.0,0.0,0.0,0.0,,,0.0,,0.0
2015-12-29,42,566815.0,0,0,0.0,0.00064,0.00064,0.00064,,,15691.0,,15691.0
2015-12-30,42,566450.0,0,0,0.0,0.0,0.0,0.0,,,0.0,,0.0
2015-12-31,42,566450.0,0,0,0.0,0.0,0.0,0.0,,,0.0,,0.0
2016-01-04,42,566450.0,0,0,0.0,0.0,0.0,0.0,,,0.0,,0.0
2016-01-05,42,566450.0,1,1,0.04762,0.0117,0.0057,0.0117,,,175978.0,,175978.0
2016-01-06,42,567120.0,0,0,0.0,0.0,0.0,0.0,,,0.0,,0.0
2016-01-07,42,567120.0,0,0,0.0,0.0,0.0,0.0,,,0.0,,0.0
2016-01-08,42,567120.0,0,0,0.0,0.06443,0.06443,0.06443,,,52725.0,,52725.0
2016-01-11,42,531659.0,0,1,0.02381,0.00087,0.0,0.00087,,,52518.0,,52518.0
2016-01-12,41,531196.0,0,0,0.0,0.00619,0.00619,0.00619,,,200112.0,,200112.0
2016-01-13,41,532615.0,0,0,0.0,0.00075,0.00075,0.00075,,,59652.0,,59652.0
2016-01-14,41,532615.0,0,1,0.02439,0.01752,0.01283,0.01752,,,368596.0,,368596.0
2016-01-15,40,532211.0,0,0,0.0,0.0963,0.0963,0.0963,,,70533.0,,70533.0
2016-01-19,40,582561.0,0,0,0.0,0.03302,0.03302,0.03302,,,43282.0,,43282.0
2016-01-20,40,597596.0,0,0,0.0,0.00233,0.00233,0.00233,,,17078.0,,17078.0
2016-01-21,40,597623.0,1,0,0.025,0.00358,0.00099,0.00358,,,67463.0,,67463.0
2016-01-22,41,598576.0,0,0,0.0,0.00173,0.00173,0.00173,,,10540.0,,10540.0
2016-01-25,41,597543.0,0,1,0.02439,0.00723,0.00564,0.00723,,,62029.0,,62029.0
2016-01-26,40,599556.0,0,0,0.0,0.0,0.0,0.0,,,0.0,,0.0
2016-01-27,40,599556.0,0,0,0.0,0.0,0.0,0.0,,,0.0,,0.0
2016-01-28,40,599556.0,0,0,0.0,0.0,0.0,0.0,,,0.0,,0.0
2016-01-29,40,599556.0,0,0,0.0,0.00387,0.00387,0.00387,,,16950.0,,16950.0
2016-02-01,40,601196.0,0,0,0.0,0.0,0.0,0.0,,,0.0,,0.0
2016-02-02,40,601196.0,0,0,0.0,0.00787,0.00787,0.00787,,,266711.0,,266711.0
2016-02-03,40,599664.0,0,0,0.0,0.0,0.0,0.0,,,0.0,,0.0
2016-02-04,40,599664.0,0,0,0.0,0.00319,0.00319,0.00319,,,165236.0,,165236.0
2016-02-05,40,599819.0,0,0,0.0,0.0,0.0,0.0,,,0.0,,0.0
2016-02-08,40,599819.0,0,0,0.0,0.0,0.0,0.0,,,0.0,,0.0
2016-02-09,40,599819.0,0,1,0.025,0.01746,0.00584,0.01746,,,164480.0,,164480.0
2016-02-10,39,590844.0,0,0,0.0,0.0,0.0,0.0,,,0.0,,0.0
2016-02-11,39,590844.0,0,0,0.0,0.00135,0.00135,0.00135,,,39674.0,,39674.0
2016-02-12,39,591244.0,0,0,0.0,0.00386,0.00386,0.00386,,,68487.0,,68487.0
2016-02-16,39,592960.0,0,0,0.0,0.0,0.0,0.0,,,0.0,,0.0
2016-02-17,39,592960.0,0,0,0.0,0.0,0.0,0.0,,,0.0,,0.0
2016-02-18,39,592960.0,0,0,0.0,0.00211,0.00211,0.00211,,,6678.0,,6678.0
2016-02-19,39,594213.0,0,0,0.0,0.0,0.0,0.0,,,0.0,,0.0
2016-02-22,39,594213.0,0,1,0.02564,0.0,0.0,0.0,,,1563.0,,1563.0
2016-02-23,38,594213.0,0,0,0.0,0.0,0.0,0.0,,,0.0,,0.0
2016-02-24,38,594213.0,0,0,0.0,0.0,0.0,0.0,,,0.0,,0.0
2016-02-25,38,594213.0,0,0,0.0,0.0,0.0,0.0,,,0.0,,0.0
2016-02-26,38,594213.0,0,0,0.0,0.0,0.0,0.0,,,0.0,,0.0
2016-02-29,38,594213.0,0,0,0.0,0.01346,0.01346,0.01346,,,6272.0,,6272.0
2016-03-01,38,586213.0,0,0,0.0,0.0,0.0,0.0,,,0.0,,0.0
2016-03-02,38,586213.0,0,0,0.0,0.0,0.0,0.0,,,0.0,,0.0
2016-03-03,38,586213.0,0,0,0.0,0.0,0.0,0.0,,,0.0,,0.0
2016-03-04,38,586213.0,0,0,0.0,0.0,0.0,0.0,,,0.0,,0.0
2016-03-07,38,586213.0,0,0,0.0,0.0,0.0,0.0,,,0.0,,0.0
2016-03-08,38,586213.0,0,0,0.0,0.01008,0.01008,0.01008,,,220084.0,,220084.0
2016-03-09,38,584122.0,0,0,0.0,0.0,0.0,0.0,,,0.0,,0.0
2016-03-10,38,584122.0,0,0,0.0,0.0037,0.0037,0.0037,,,17924.0,,17924.0
2016-03-11,38,585882.0,0,0,0.0,0.0,0.0,0.0,,,0.0,,0.0
2016-03-14,38,585882.0,0,0,0.0,0.00092,0.00092,0.00092,,,25858.0,,25858.0
2016-03-15,38,585773.0,0,0,0.0,0.0,0.0,0.0,,,0.0,,0.0
2016-03-16,38,585773.0,0,0,0.0,0.0,0.0,0.0,,,0.0,,0.0
2016-03-17,38,585773.0,0,0,0.0,0.0,0.0,0.0,,,0.0,,0.0
2016-03-18,38,585773.0,0,1,0.02632,0.00618,0.00355,0.00618,,,58838.0,,58838.0
2016-03-21,37,586302.0,0,0,0.0,0.0,0.0,0.0,,,0.0,,0.0
2016-03-22,37,586302.0,0,0,0.0,0.0,0.0,0.0,,,0.0,,0.0
2016-03-23,37,586302.0,0,0,0.0,0.0,0.0,0.0,,,0.0,,0.0
2016-03-24,37,586302.0,0,1,0.02703,0.00656,0.0048,0.00656,,,57528.0,,57528.0
2016-03-28,36,588069.0,0,0,0.0,0.0,0.0,0.0,,,0.0,,0.0
2016-03-29,36,588069.0,0,0,0.0,0.00564,0.00564,0.00564,,,52498.0,,52498.0
2016-03-30,36,590672.0,0,0,0.0,0.00089,0.00089,0.00089,,,18146.0,,18146.0
2016-03-31,36,590795.0,0,0,0.0,0.0,0.0,0.0,,,0.0,,0.0
2016-04-01,36,590795.0,0,0,0.0,0.0,0.0,0.0,,,0.0,,0.0
2016-04-04,36,590795.0,0,0,0.0,0.0,0.0,0.0,,,0.0,,0.0
2016-04-05,36,590795.0,0,0,0.0,0.02477,0.02477,0.02477,,,22008.0,,22008.0
2016-04-06,36,580388.0,0,0,0.0,0.0,0.0,0.0,,,0.0,,0.0
2016-04-07,36,580388.0,0,0,0.0,0.0,0.0,0.0,,,0.0,,0.0
2016-04-08,36,580388.0,0,0,0.0,0.0,0.0,0.0,,,0.0,,0.0
2016-04-11,36,580388.0,0,0,0.0,0.00136,0.00136,0.00136,,,8578.0,,8578.0
2016-04-12,36,579601.0,0,0,0.0,0.0,0.0,0.0,,,0.0,,0.0
2016-04-13,36,579601.0,0,0,0.0,0.0,0.0,0.0,,,0.0,,0.0
2016-04-14,36,579601.0,0,0,0.0,0.0,0.0,0.0,,,0.0,,0.0
2016-04-15,36,579601.0,0,0,0.0,0.0,0.0,0.0,,,0.0,,0.0
2016-04-18,36,579601.0,0,0,0.0,0.0,0.0,0.0,,,0.0,,0.0
2016-04-19,36,579601.0,0,0,0.0,0.03777,0.03777,0.03777,,,129500.0,,129500.0
2016-04-20,36,561895.0,0,0,0.0,0.15311,0.15311,0.15311,,,275509.0,,275509.0
2016-04-21,36,477863.0,0,0,0.0,0.0,0.0,0.0,,,0.0,,0.0
2016-04-22,36,477863.0,0,0,0.0,0.00412,0.00412,0.00412,,,70831.0,,70831.0
2016-04-25,36,478301.0,0,0,0.0,0.0,0.0,0.0,,,0.0,,0.0
2016-04-26,36,478301.0,0,0,0.0,0.0,0.0,0.0,,,0.0,,0.0
2016-04-27,36,478301.0,0,0,0.0,0.0,0.0,0.0,,,0.0,,0.0
2016-04-28,36,478301.0,1,0,0.02778,0.00705,0.00346,0.00705,,,175448.0,,175448.0
2016-04-29,37,478361.0,0,0,0.0,0.0,0.0,0.0,,,0.0,,0.0
2016-05-02,37,478361.0,0,0,0.0,0.00299,0.00299,0.00299,,,30483.0,,30483.0
2016-05-03,37,478874.0,0,0,0.0,0.00542,0.00542,0.00542,,,138676.0,,138676.0
2016-05-04,37,479853.0,0,0,0.0,0.00586,0.00586,0.00586,,,33216.0,,33216.0
2016-05-05,37,477597.0,1,1,0.05405,0.01429,0.00805,0.01429,,,81310.0,,81310.0
2016-05-06,37,475924.0,0,0,0.0,0.0,0.0,0.0,,,0.0,,0.0
2016-05-09,37,475924.0,0,0,0.0,0.00428,0.00428,0.00428,,,40955.0,,40955.0
2016-05-10,37,476775.0,0,0,0.0,0.0,0.0,0.0,,,0.0,,0.0
2016-05-11,37,476775.0,0,0,0.0,0.00156,0.00156,0.00156,,,126674.0,,126674.0
2016-05-12,37,476196.0,1,1,0.05405,0.01563,0.00259,0.01563,,,162821.0,,162821.0
2016-05-13,37,481565.0,0,0,0.0,0.00399,0.00399,0.00399,,,52839.0,,52839.0
2016-05-16,37,481367.0,0,0,0.0,0.01201,0.01201,0.01201,,,67680.0,,67680.0
2016-05-17,37,484487.0,0,0,0.0,0.0469,0.0469,0.0469,,,129179.0,,129179.0
2016-05-18,37,464807.0,0,0,0.0,0.03466,0.03466,0.03466,,,33116.0,,33116.0
2016-05-19,37,451558.0,0,0,0.0,0.0,0.0,0.0,,,0.0,,0.0
2016-05-20,37,451558.0,0,0,0.0,0.0,0.0,0.0,,,0.0,,0.0
2016-05-23,37,451558.0,0,0,0.0,0.0087,0.0087,0.0087,,,50678.0,,50678.0
2016-05-24,37,448028.0,0,0,0.0,0.0,0.0,0.0,,,0.0,,0.0
2016-05-25,37,448028.0,0,0,0.0,0.0,0.0,0.0,,,0.0,,0.0
2016-05-26,37,448028.0,0,0,0.0,0.0,0.0,0.0,,,0.0,,0.0
2016-05-27,37,448028.0,0,0,0.0,0.00185,0.00185,0.00185,,,27833.0,,27833.0
2016-05-31,37,448438.0,0,1,0.02703,0.00683,0.00534,0.00683,,,148564.0,,148564.0
2016-06-01,36,450154.0,0,0,0.0,0.0,0.0,0.0,,,0.0,,0.0
2016-06-02,36,450154.0,0,0,0.0,0.0,0.0,0.0,,,0.0,,0.0
2016-06-03,36,450154.0,0,0,0.0,0.0,0.0,0.0,,,0.0,,0.0
2016-06-06,36,450154.0,0,0,0.0,0.0,0.0,0.0,,,0.0,,0.0
2016-06-07,36,450154.0,0,0,0.0,0.01554,0.01554,0.01554,,,215781.0,,215781.0
2016-06-08,36,453570.0,0,1,0.02778,0.00494,0.0043,0.00494,,,99961.0,,99961.0
2016-06-09,35,451730.0,0,0,0.0,0.00379,0.00379,0.00379,,,100041.0,,100041.0
2016-06-10,35,450417.0,0,0,0.0,0.0,0.0,0.0,,,0.0,,0.0
2016-06-13,35,450417.0,0,0,0.0,0.0,0.0,0.0,,,0.0,,0.0
2016-06-14,35,450417.0,0,1,0.02857,0.0517,0.03883,0.0517,,,154524.0,,154524.0
2016-06-15,34,434761.0,0,0,0.0,0.00684,0.00684,0.00684,,,77376.0,,77376.0
2016-06-16,34,434726.0,0,0,0.0,0.0,0.0,0.0,,,0.0,,0.0
2016-06-17,34,434726.0,0,0,0.0,0.0,0.0,0.0,,,0.0,,0.0
2016-06-20,34,434726.0,0,0,0.0,0.0,0.0,0.0,,,0.0,,0.0
2016-06-21,34,434726.0,0,0,0.0,0.0036,0.0036,0.0036,,,97239.0,,97239.0
2016-06-22,34,435119.0,0,0,0.0,0.0,0.0,0.0,,,0.0,,0.0
2016-06-23,34,435119.0,0,0,0.0,0.0,0.0,0.0,,,0.0,,0.0
2016-06-24,34,435119.0,0,0,0.0,0.0,0.0,0.0,,,0.0,,0.0
2016-06-27,34,435119.0,0,0,0.0,0.0,0.0,0.0,,,0.0,,0.0
2016-06-28,34,435119.0,0,0,0.0,0.00428,0.00428,0.00428,,,184758.0,,184758.0
2016-06-29,34,434686.0,0,0,0.0,0.0,0.0,0.0,,,0.0,,0.0
2016-06-30,34,434686.0,0,0,0.0,0.0,0.0,0.0,,,0.0,,0.0
2016-07-01,34,434686.0,0,0,0.0,0.0,0.0,0.0,,,0.0,,0.0
2016-07-05,34,434686.0,0,0,0.0,0.0,0.0,0.0,,,0.0,,0.0
2016-07-06,34,434686.0,0,0,0.0,0.00561,0.00561,0.00561,,,20876.0,,20876.0
2016-07-07,34,436474.0,0,0,0.0,0.0,0.0,0.0,,,0.0,,0.0
2016-07-08,34,436474.0,0,0,0.0,0.00051,0.00051,0.00051,,,41157.0,,41157.0
2016-07-11,34,436652.0,0,0,0.0,0.01336,0.01336,0.01336,,,194751.0,,194751.0
2016-07-12,34,437007.0,2,0,0.05882,0.01572,0.01398,0.01572,,,139252.0,,139252.0
2016-07-13,36,431656.0,0,0,0.0,0.0,0.0,0.0,,,0.0,,0.0
2016-07-14,36,431656.0,0,0,0.0,0.04627,0.04627,0.04627,,,275834.0,,275834.0
2016-07-15,36,426136.0,0,0,0.0,0.00376,0.00376,0.00376,,,102993.0,,102993.0
2016-07-18,36,427338.0,0,0,0.0,0.0,0.0,0.0,,,0.0,,0.0
2016-07-19,36,427338.0,0,0,0.0,0.00103,0.00103,0.00103,,,28636.0,,28636.0
2016-07-20,36,427166.0,0,0,0.0,0.0,0.0,0.0,,,0.0,,0.0
2016-07-21,36,427166.0,0,0,0.0,0.0,0.0,0.0,,,0.0,,0.0
2016-07-22,36,427166.0,0,0,0.0,0.0,0.0,0.0,,,0.0,,0.0
2016-07-25,36,427166.0,0,0,0.0,0.00388,0.00388,0.00388,,,120713.0,,120713.0
2016-07-26,36,426480.0,0,0,0.0,0.0,0.0,0.0,,,0.0,,0.0
2016-07-27,36,426480.0,0,0,0.0,0.00979,0.00979,0.00979,,,160025.0,,160025.0
2016-07-28,36,424238.0,0,0,0.0,0.0,0.0,0.0,,,0.0,,0.0
2016-07-29,36,424238.0,0,0,0.0,0.0,0.0,0.0,,,0.0,,0.0
2016-08-01,36,424238.0,0,0,0.0,0.00863,0.00863,0.00863,,,56558.0,,56558.0
2016-08-02,36,426569.0,0,0,0.0,0.0048,0.0048,0.0048,,,51097.0,,51097.0
2016-08-03,36,428218.0,0,0,0.0,0.00554,0.00554,0.00554,,,75879.0,,75879.0
2016-08-04,36,429870.0,0,0,0.0,0.03095,0.03095,0.03095,,,83419.0,,83419.0
2016-08-05,36,419028.0,0,0,0.0,0.0,0.0,0.0,,,0.0,,0.0
2016-08-08,36,419028.0,0,0,0.0,0.01285,0.01285,0.01285,,,66316.0,,66316.0
2016-08-09,36,414740.0,0,0,0.0,0.00795,0.00795,0.00795,,,133822.0,,133822.0
2016-08-10,36,416746.0,0,0,0.0,0.00125,0.00125,0.00125,,,35663.0,,35663.0
2016-08-11,36,416525.0,0,0,0.0,0.0,0.0,0.0,,,0.0,,0.0
2016-08-12,36,416525.0,0,0,0.0,0.02204,0.02204,0.02204,,,25033.0,,25033.0
2016-08-15,36,409705.0,0,0,0.0,0.0,0.0,0.0,,,0.0,,0.0
2016-08-16,36,409705.0,0,0,0.0,0.0,0.0,0.0,,,0.0,,0.0
2016-08-17,36,409705.0,0,0,0.0,0.0,0.0,0.0,,,0.0,,0.0
2016-08-18,36,409705.0,0,0,0.0,0.0,0.0,0.0,,,0.0,,0.0
2016-08-19,36,409705.0,0,0,0.0,0.00219,0.00219,0.00219,,,136419.0,,136419.0
2016-08-22,36,409320.0,0,0,0.0,0.00175,0.00175,0.00175,,,87582.0,,87582.0
2016-08-23,36,410038.0,2,0,0.05556,0.0242,0.01534,0.0242,,,156684.0,,156684.0
2016-08-24,38,407376.0,0,0,0.0,0.0,0.0,0.0,,,0.0,,0.0
2016-08-25,38,407376.0,0,1,0.02632,0.09472,0.09245,0.09472,,,308292.0,,308292.0
2016-08-26,37,393875.0,0,0,0.0,0.0,0.0,0.0,,,0.0,,0.0
2016-08-29,37,393875.0,0,0,0.0,0.01338,0.01338,0.01338,,,39528.0,,39528.0
2016-08-30,37,393377.0,0,2,0.05405,0.01978,0.00757,0.01978,,,211605.0,,211605.0
2016-08-31,35,391477.0,0,0,0.0,0.00801,0.00801,0.00801,,,34311.0,,34311.0
2016-09-01,35,389981.0,0,0,0.0,0.0,0.0,0.0,,,0.0,,0.0
2016-09-02,35,389981.0,0,0,0.0,0.0,0.0,0.0,,,0.0,,0.0
2016-09-06,35,389981.0,0,0,0.0,0.0,0.0,0.0,,,0.0,,0.0
2016-09-07,35,389981.0,0,0,0.0,0.06045,0.06045,0.06045,,,688439.0,,688439.0
2016-09-08,35,400591.0,0,1,0.02857,0.01266,0.01012,0.01266,,,107335.0,,107335.0
2016-09-09,34,403607.0,0,0,0.0,0.00172,0.00172,0.00172,,,4560.0,,4560.0
2016-09-12,34,402913.0,0,1,0.02941,0.02262,0.01736,0.02262,,,463100.0,,463100.0
2016-09-13,33,407715.0,0,0,0.0,0.02994,0.02994,0.02994,,,149590.0,,149590.0
2016-09-14,33,397780.0,0,0,0.0,0.0,0.0,0.0,,,0.0,,0.0
2016-09-15,33,397780.0,0,0,0.0,0.0,0.0,0.0,,,0.0,,0.0
2016-09-16,33,397780.0,0,0,0.0,0.0,0.0,0.0,,,0.0,,0.0
2016-09-19,33,397780.0,0,0,0.0,0.0,0.0,0.0,,,0.0,,0.0
2016-09-20,33,397780.0,1,0,0.0303,0.01791,0.01015,0.01791,,,122436.0,,122436.0
2016-09-21,34,402714.0,0,0,0.0,0.0,0.0,0.0,,,0.0,,0.0
2016-09-22,34,402714.0,0,0,0.0,0.0,0.0,0.0,,,0.0,,0.0
2016-09-23,34,402714.0,0,0,0.0,0.0,0.0,0.0,,,0.0,,0.0
2016-09-26,34,402714.0,0,0,0.0,0.0,0.0,0.0,,,0.0,,0.0
2016-09-27,34,402714.0,0,0,0.0,0.0,0.0,0.0,,,0.0,,0.0
2016-09-28,34,402714.0,0,0,0.0,0.0,0.0,0.0,,,0.0,,0.0
2016-09-29,34,402714.0,0,0,0.0,0.0,0.0,0.0,,,0.0,,0.0
2016-09-30,34,402714.0,0,1,0.02941,0.03142,0.01418,0.03142,,,148758.0,,148758.0
2016-10-03,33,401281.0,0,0,0.0,0.00798,0.00798,0.00798,,,157533.0,,157533.0
2016-10-04,33,398478.0,0,0,0.0,0.0,0.0,0.0,,,0.0,,0.0
2016-10-05,33,398478.0,0,0,0.0,0.0,0.0,0.0,,,0.0,,0.0
2016-10-06,33,398478.0,0,0,0.0,0.02932,0.02932,0.02932,,,38438.0,,38438.0
2016-10-07,33,387283.0,0,1,0.0303,0.01971,0.01443,0.01971,,,197842.0,,197842.0
2016-10-10,32,385529.0,0,0,0.0,0.0243,0.0243,0.0243,,,39735.0,,39735.0
2016-10-11,32,377269.0,0,1,0.03125,0.02527,0.01653,0.02527,,,322909.0,,322909.0
2016-10-12,31,380100.0,0,0,0.0,0.0078,0.0078,0.0078,,,264710.0,,264710.0
2016-10-13,31,379109.0,0,0,0.0,0.0,0.0,0.0,,,0.0,,0.0
2016-10-14,31,379109.0,0,0,0.0,0.00446,0.00446,0.00446,,,34940.0,,34940.0
2016-10-17,31,380258.0,0,0,0.0,0.0,0.0,0.0,,,0.0,,0.0
2016-10-18,31,380258.0,0,0,0.0,0.0,0.0,0.0,,,0.0,,0.0
2016-10-19,31,380258.0,0,0,0.0,0.00089,0.00089,0.00089,,,2241.0,,2241.0
2016-10-20,31,380128.0,0,0,0.0,0.00408,0.00408,0.00408,,,116690.0,,116690.0
2016-10-21,31,381278.0,0,0,0.0,0.0051,0.0051,0.0051,,,28867.0,,28867.0
2016-10-24,31,379842.0,0,0,0.0,0.01574,0.01574,0.01574,,,138661.0,,138661.0
2016-10-25,31,375062.0,0,0,0.0,0.0,0.0,0.0,,,0.0,,0.0
2016-10-26,31,375062.0,0,0,0.0,0.0,0.0,0.0,,,0.0,,0.0
2016-10-27,31,375062.0,0,0,0.0,0.0,0.0,0.0,,,0.0,,0.0
2016-10-28,31,375062.0,0,1,0.03226,0.00624,0.00054,0.00624,,,100119.0,,100119.0
2016-10-31,30,373121.0,0,0,0.0,0.001,0.001,0.001,,,38538.0,,38538.0
2016-11-01,30,373494.0,0,0,0.0,0.0,0.0,0.0,,,0.0,,0.0
2016-11-02,30,373494.0,0,0,0.0,0.00434,0.00434,0.00434,,,123139.0,,123139.0
2016-11-03,30,372710.0,0,0,0.0,0.12314,0.12314,0.12314,,,801898.0,,801898.0
2016-11-04,30,329573.0,0,0,0.0,0.14084,0.14084,0.14084,,,832148.0,,832148.0
2016-11-07,30,373121.0,0,0,0.0,0.17567,0.17567,0.17567,,,821268.0,,821268.0
2016-11-08,30,310443.0,0,0,0.0,0.0,0.0,0.0,,,0.0,,0.0
2016-11-09,30,310443.0,0,0,0.0,0.00547,0.00547,0.00547,,,37673.0,,37673.0
2016-11-10,30,310265.0,0,0,0.0,0.14314,0.14314,0.14314,,,964086.0,,964086.0
2016-11-11,30,354509.0,0,0,0.0,0.0,0.0,0.0,,,0.0,,0.0
2016-11-14,30,354509.0,0,0,0.0,0.0,0.0,0.0,,,0.0,,0.0
2016-11-15,30,354509.0,0,0,0.0,0.0,0.0,0.0,,,0.0,,0.0
2016-11-16,30,354509.0,0,0,0.0,0.0,0.0,0.0,,,0.0,,0.0
2016-11-17,30,354509.0,0,0,0.0,0.01229,0.01229,0.01229,,,29203.0,,29203.0
2016-11-18,30,354616.0,0,0,0.0,0.01959,0.01959,0.01959,,,67608.0,,67608.0
2016-11-21,30,359094.0,0,0,0.0,0.0,0.0,0.0,,,0.0,,0.0
2016-11-22,30,359094.0,0,0,0.0,0.12342,0.12342,0.12342,,,932581.0,,932581.0
2016-11-23,30,403414.0,0,0,0.0,0.0,0.0,0.0,,,0.0,,0.0
2016-11-25,30,403414.0,0,0,0.0,0.01905,0.01905,0.01905,,,302674.0,,302674.0
2016-11-28,30,403953.0,0,0,0.0,0.0,0.0,0.0,,,0.0,,0.0
2016-11-29,30,403953.0,0,0,0.0,0.02178,0.02178,0.02178,,,36445.0,,36445.0
2016-11-30,30,396751.0,0,0,0.0,0.0007,0.0007,0.0007,,,47434.0,,47434.0
2016-12-01,30,396991.0,0,0,0.0,0.0,0.0,0.0,,,0.0,,0.0
2016-12-02,30,396991.0,0,0,0.0,0.01864,0.01864,0.01864,,,184145.0,,184145.0
2016-12-05,30,393737.0,0,0,0.0,0.0,0.0,0.0,,,0.0,,0.0
2016-12-06,30,393737.0,0,0,0.0,0.0,0.0,0.0,,,0.0,,0.0
2016-12-07,30,393737.0,0,0,0.0,0.0,0.0,0.0,,,0.0,,0.0
2016-12-08,30,393737.0,0,1,0.03333,0.02126,0.02082,0.02126,,,288422.0,,288422.0
2016-12-09,29,393381.0,0,0,0.0,0.0,0.0,0.0,,,0.0,,0.0
2016-12-12,29,393381.0,0,0,0.0,0.0,0.0,0.0,,,0.0,,0.0
2016-12-13,29,393381.0,0,0,0.0,0.0,0.0,0.0,,,0.0,,0.0
2016-12-14,29,393381.0,0,0,0.0,0.0,0.0,0.0,,,0.0,,0.0
2016-12-15,29,393381.0,0,0,0.0,0.0,0.0,0.0,,,0.0,,0.0
2016-12-16,29,393381.0,0,0,0.0,0.0,0.0,0.0,,,0.0,,0.0
2016-12-19,29,393381.0,0,0,0.0,0.00269,0.00269,0.00269,,,69589.0,,69589.0
2016-12-20,29,393830.0,0,0,0.0,0.0,0.0,0.0,,,0.0,,0.0
2016-12-21,29,393830.0,0,0,0.0,0.0,0.0,0.0,,,0.0,,0.0
2016-12-22,29,393830.0,0,0,0.0,0.0,0.0,0.0,,,0.0,,0.0
2016-12-23,29,393830.0,0,0,0.0,0.0,0.0,0.0,,,0.0,,0.0
2016-12-27,29,393830.0,0,0,0.0,0.0,0.0,0.0,,,0.0,,0.0
2016-12-28,29,393830.0,0,0,0.0,0.0073,0.0073,0.0073,,,26272.0,,26272.0
2016-12-29,29,396205.0,0,0,0.0,0.0056,0.0056,0.0056,,,31080.0,,31080.0
2016-12-30,29,395632.0,0,0,0.0,0.00998,0.00998,0.00998,,,42276.0,,42276.0
2017-01-03,29,394032.0,0,0,0.0,0.0,0.0,0.0,,,0.0,,0.0
2017-01-04,29,394032.0,0,0,0.0,0.02632,0.02632,0.02632,,,42848.0,,42848.0
2017-01-05,29,399662.0,0,0,0.0,0.0,0.0,0.0,,,0.0,,0.0
2017-01-06,29,399662.0,0,0,0.0,0.0,0.0,0.0,,,0.0,,0.0
2017-01-09,29,399662.0,0,0,0.0,0.0,0.0,0.0,,,0.0,,0.0
2017-01-10,29,399662.0,0,0,0.0,0.00217,0.00217,0.00217,,,54590.0,,54590.0
2017-01-11,29,400063.0,0,0,0.0,0.0,0.0,0.0,,,0.0,,0.0
2017-01-12,29,400063.0,0,0,0.0,0.0,0.0,0.0,,,0.0,,0.0
2017-01-13,29,400063.0,0,0,0.0,0.00223,0.00223,0.00223,,,48800.0,,48800.0
2017-01-17,29,400554.0,0,0,0.0,0.00135,0.00135,0.00135,,,4171.0,,4171.0
2017-01-18,29,400013.0,1,0,0.03448,0.03064,0.02048,0.03064,,,405516.0,,405516.0
2017-01-19,30,409752.0,0,0,0.0,0.0,0.0,0.0,,,0.0,,0.0
2017-01-20,30,409752.0,0,0,0.0,0.00108,0.00108,0.00108,,,111119.0,,111119.0
2017-01-23,30,409394.0,0,0,0.0,0.0,0.0,0.0,,,0.0,,0.0
2017-01-24,30,409394.0,0,0,0.0,0.0,0.0,0.0,,,0.0,,0.0
2017-01-25,30,409394.0,0,0,0.0,0.0,0.0,0.0,,,0.0,,0.0
2017-01-26,30,409394.0,0,0,0.0,0.0,0.0,0.0,,,0.0,,0.0
2017-01-27,30,409394.0,0,0,0.0,0.0,0.0,0.0,,,0.0,,0.0
2017-01-30,30,409394.0,0,0,0.0,0.0,0.0,0.0,,,0.0,,0.0
2017-01-31,30,409394.0,0,0,0.0,0.002,0.002,0.002,,,51834.0,,51834.0
2017-02-01,30,409813.0,0,0,0.0,0.0,0.0,0.0,,,0.0,,0.0
2017-02-02,30,409813.0,1,0,0.03333,0.00713,0.00526,0.00713,,,68208.0,,68208.0
2017-02-03,31,411975.0,0,0,0.0,0.0,0.0,0.0,,,0.0,,0.0
2017-02-06,31,411975.0,0,0,0.0,0.00767,0.00767,0.00767,,,177974.0,,177974.0
2017-02-07,31,410417.0,1,0,0.03226,0.11576,0.11135,0.11576,,,970988.0,,970988.0
2017-02-08,32,456563.0,0,0,0.0,0.0,0.0,0.0,,,0.0,,0.0
2017-02-09,32,456563.0,1,0,0.03125,0.00495,0.00248,0.00495,,,52152.0,,52152.0
2017-02-10,33,456561.0,0,0,0.0,0.0,0.0,0.0,,,0.0,,0.0
2017-02-13,33,456561.0,0,1,0.0303,0.00425,0.00407,0.00425,,,69014.0,,69014.0
2017-02-14,32,455803.0,0,0,0.0,0.00472,0.00472,0.00472,,,28961.0,,28961.0
2017-02-15,32,454125.0,0,0,0.0,0.0,0.0,0.0,,,0.0,,0.0
2017-02-16,32,454125.0,0,0,0.0,0.00838,0.00838,0.00838,,,67646.0,,67646.0
2017-02-17,32,457369.0,1,0,0.03125,0.02744,0.02628,0.02744,,,211151.0,,211151.0
2017-02-21,33,447239.0,0,0,0.0,0.0,0.0,0.0,,,0.0,,0.0
2017-02-22,33,447239.0,1,0,0.0303,0.00828,0.00051,0.00828,,,178236.0,,178236.0
2017-02-23,34,450487.0,0,0,0.0,0.0,0.0,0.0,,,0.0,,0.0
2017-02-24,34,450487.0,0,0,0.0,0.00109,0.00109,0.00109,,,27770.0,,27770.0
2017-02-27,34,450960.0,0,0,0.0,0.0,0.0,0.0,,,0.0,,0.0
2017-02-28,34,450960.0,0,0,0.0,0.02102,0.02102,0.02102,,,197558.0,,197558.0
2017-03-01,34,454508.0,0,0,0.0,0.0,0.0,0.0,,,0.0,,0.0
2017-03-02,34,454508.0,0,0,0.0,0.0,0.0,0.0,,,0.0,,0.0
2017-03-03,34,454508.0,0,0,0.0,0.04831,0.04831,0.04831,,,173810.0,,173810.0
2017-03-06,34,474419.0,0,0,0.0,0.00354,0.00354,0.00354,,,50496.0,,50496.0
2017-03-07,34,475101.0,0,0,0.0,0.0,0.0,0.0,,,0.0,,0.0
2017-03-08,34,475101.0,0,0,0.0,0.01188,0.01188,0.01188,,,156854.0,,156854.0
2017-03-09,34,476275.0,0,0,0.0,0.0,0.0,0.0,,,0.0,,0.0
2017-03-10,34,476275.0,0,0,0.0,0.00363,0.00363,0.00363,,,56376.0,,56376.0
2017-03-13,34,476798.0,0,0,0.0,0.00944,0.00944,0.00944,,,205391.0,,205391.0
2017-03-14,34,477269.0,0,0,0.0,0.0,0.0,0.0,,,0.0,,0.0
2017-03-15,34,477269.0,0,0,0.0,0.00292,0.00292,0.00292,,,102131.0,,102131.0
2017-03-16,34,476453.0,0,0,0.0,0.0,0.0,0.0,,,0.0,,0.0
2017-03-17,34,476453.0,0,1,0.02941,0.04698,0.04485,0.04698,,,373838.0,,373838.0
2017-03-20,33,495152.0,0,0,0.0,0.00496,0.00496,0.00496,,,81814.0,,81814.0
2017-03-21,33,496286.0,0,0,0.0,0.0,0.0,0.0,,,0.0,,0.0
2017-03-22,33,496286.0,0,0,0.0,0.0074,0.0074,0.0074,,,109585.0,,109585.0
2017-03-23,33,499293.0,0,0,0.0,0.0,0.0,0.0,,,0.0,,0.0
2017-03-24,33,499293.0,0,0,0.0,0.0,0.0,0.0,,,0.0,,0.0
2017-03-27,33,499293.0,0,0,0.0,0.00402,0.00402,0.00402,,,50428.0,,50428.0
2017-03-28,33,499802.0,0,0,0.0,0.0,0.0,0.0,,,0.0,,0.0
2017-03-29,33,499802.0,0,0,0.0,0.0,0.0,0.0,,,0.0,,0.0
2017-03-30,33,499802.0,0,0,0.0,0.0,0.0,0.0,,,0.0,,0.0
2017-03-31,33,499802.0,0,0,0.0,0.0234,0.0234,0.0234,,,336593.0,,336593.0
2017-04-03,33,504989.0,0,0,0.0,0.0,0.0,0.0,,,0.0,,0.0
2017-04-04,33,504989.0,1,0,0.0303,0.01986,0.01503,0.01986,,,152598.0,,152598.0
2017-04-05,34,503111.0,0,0,0.0,0.05134,0.05134,0.05134,,,226167.0,,226167.0
2017-04-06,34,514047.0,0,0,0.0,0.0,0.0,0.0,,,0.0,,0.0
2017-04-07,34,514047.0,0,0,0.0,0.0,0.0,0.0,,,0.0,,0.0
2017-04-10,34,514047.0,0,0,0.0,0.00115,0.00115,0.00115,,,5033.0,,5033.0
2017-04-11,34,513457.0,0,0,0.0,0.00815,0.00815,0.00815,,,157526.0,,157526.0
2017-04-12,34,512451.0,0,0,0.0,0.0,0.0,0.0,,,0.0,,0.0
2017-04-13,34,512451.0,0,0,0.0,0.0,0.0,0.0,,,0.0,,0.0
2017-04-17,34,512451.0,0,0,0.0,0.0,0.0,0.0,,,0.0,,0.0
2017-04-18,34,512451.0,0,0,0.0,0.0019,0.0019,0.0019,,,50193.0,,50193.0
2017-04-19,34,511879.0,0,0,0.0,0.0,0.0,0.0,,,0.0,,0.0
2017-04-20,34,511879.0,0,0,0.0,0.00078,0.00078,0.00078,,,67892.0,,67892.0
2017-04-21,34,511879.0,0,0,0.0,0.0,0.0,0.0,,,0.0,,0.0
2017-04-24,34,511879.0,0,0,0.0,0.0,0.0,0.0,,,0.0,,0.0
2017-04-25,34,511879.0,0,0,0.0,0.0,0.0,0.0,,,0.0,,0.0
2017-04-26,34,511879.0,0,0,0.0,0.0,0.0,0.0,,,0.0,,0.0
2017-04-27,34,511879.0,0,0,0.0,0.0,0.0,0.0,,,0.0,,0.0
2017-04-28,34,511879.0,0,0,0.0,0.0,0.0,0.0,,,0.0,,0.0
2017-05-01,34,511879.0,0,0,0.0,0.00585,0.00585,0.00585,,,279003.0,,279003.0
2017-05-02,34,511693.0,0,0,0.0,0.29978,0.29978,0.29978,,,3050222.0,,3050222.0
2017-05-03,34,665089.0,0,0,0.0,0.00741,0.00741,0.00741,,,18980.0,,18980.0
2017-05-04,34,670019.0,0,0,0.0,0.07632,0.07632,0.07632,,,1021531.0,,1021531.0
2017-05-05,34,721157.0,0,0,0.0,0.01593,0.01593,0.01593,,,111103.0,,111103.0
2017-05-08,34,732063.0,0,0,0.0,0.00484,0.00484,0.00484,,,91633.0,,91633.0
2017-05-09,34,731934.0,0,1,0.02941,0.0096,0.00768,0.0096,,,391210.0,,391210.0
2017-05-10,33,736125.0,0,0,0.0,0.01694,0.01694,0.01694,,,160509.0,,160509.0
2017-05-11,33,745280.0,0,0,0.0,0.0,0.0,0.0,,,0.0,,0.0
2017-05-12,33,745280.0,1,0,0.0303,0.0017,0.00027,0.0017,,,51005.0,,51005.0
2017-05-15,34,746149.0,0,0,0.0,0.0,0.0,0.0,,,0.0,,0.0
2017-05-16,34,746149.0,0,0,0.0,0.00325,0.00325,0.00325,,,196663.0,,196663.0
2017-05-17,34,746566.0,0,0,0.0,0.0,0.0,0.0,,,0.0,,0.0
2017-05-18,34,746566.0,0,0,0.0,0.0,0.0,0.0,,,0.0,,0.0
2017-05-19,34,746566.0,1,0,0.02941,0.00666,0.00156,0.00666,,,297879.0,,297879.0
2017-05-22,35,749202.0,0,0,0.0,0.01076,0.01076,0.01076,,,411810.0,,411810.0
2017-05-23,35,754120.0,0,0,0.0,0.00843,0.00843,0.00843,,,147104.0,,147104.0
2017-05-24,35,757662.0,0,0,0.0,0.03887,0.03887,0.03887,,,245931.0,,245931.0
2017-05-25,35,784995.0,0,0,0.0,0.0,0.0,0.0,,,0.0,,0.0
2017-05-26,35,784995.0,0,0,0.0,0.0,0.0,0.0,,,0.0,,0.0
2017-05-30,35,784995.0,0,0,0.0,0.01213,0.01213,0.01213,,,212006.0,,212006.0
2017-05-31,35,791179.0,0,0,0.0,0.00779,0.00779,0.00779,,,142536.0,,142536.0
2017-06-01,35,796278.0,0,0,0.0,0.07091,0.07091,0.07091,,,1034676.0,,1034676.0
2017-06-02,35,852738.0,0,0,0.0,0.00291,0.00291,0.00291,,,61155.0,,61155.0
2017-06-05,35,853674.0,0,0,0.0,0.06621,0.06621,0.06621,,,1037479.0,,1037479.0
2017-06-06,35,910196.0,0,0,0.0,0.0038,0.0038,0.0038,,,193903.0,,193903.0
2017-06-07,35,912263.0,0,0,0.0,0.00985,0.00985,0.00985,,,193807.0,,193807.0
2017-06-08,35,916511.0,0,0,0.0,0.0,0.0,0.0,,,0.0,,0.0
2017-06-09,35,916511.0,0,0,0.0,0.0,0.0,0.0,,,0.0,,0.0
2017-06-12,35,916511.0,0,0,0.0,0.00317,0.00317,0.00317,,,101387.0,,101387.0
2017-06-13,35,918261.0,1,0,0.02857,0.01,0.00887,0.01,,,344625.0,,344625.0
2017-06-14,36,925009.0,0,0,0.0,0.0,0.0,0.0,,,0.0,,0.0
2017-06-15,36,925009.0,0,0,0.0,0.0,0.0,0.0,,,0.0,,0.0
2017-06-16,36,925009.0,0,0,0.0,0.0,0.0,0.0,,,0.0,,0.0
2017-06-19,36,925009.0,0,0,0.0,0.0,0.0,0.0,,,0.0,,0.0
2017-06-20,36,925009.0,0,0,0.0,0.0,0.0,0.0,,,0.0,,0.0
2017-06-21,36,925009.0,0,0,0.0,0.00877,0.00877,0.00877,,,259657.0,,259657.0
2017-06-22,36,931387.0,0,0,0.0,0.06942,0.06942,0.06942,,,1142172.0,,1142172.0
2017-06-23,36,996042.0,0,0,0.0,0.0,0.0,0.0,,,0.0,,0.0
2017-06-26,36,996042.0,0,0,0.0,0.05779,0.05779,0.05779,,,1188753.0,,1188753.0
2017-06-27,36,1053162.0,0,0,0.0,0.0,0.0,0.0,,,0.0,,0.0
2017-06-28,36,1053162.0,0,0,0.0,0.0,0.0,0.0,,,0.0,,0.0
2017-06-29,36,1053162.0,0,0,0.0,0.0,0.0,0.0,,,0.0,,0.0
2017-06-30,36,1053162.0,0,0,0.0,0.0,0.0,0.0,,,0.0,,0.0
2017-07-03,36,1053162.0,0,0,0.0,0.0,0.0,0.0,,,0.0,,0.0
2017-07-05,36,1053162.0,0,0,0.0,0.0,0.0,0.0,,,0.0,,0.0
2017-07-06,36,1053162.0,0,0,0.0,0.0,0.0,0.0,,,0.0,,0.0
2017-07-07,36,1053162.0,0,0,0.0,0.0,0.0,0.0,,,0.0,,0.0
2017-07-10,36,1053162.0,0,0,0.0,0.11048,0.11048,0.11048,,,2184630.0,,2184630.0
2017-07-11,36,1169515.0,0,0,0.0,0.0,0.0,0.0,,,0.0,,0.0
2017-07-12,36,1169515.0,0,0,0.0,0.04974,0.04974,0.04974,,,1114406.0,,1114406.0
2017-07-13,36,1227690.0,0,0,0.0,0.0,0.0,0.0,,,0.0,,0.0
2017-07-14,36,1227690.0,0,0,0.0,0.00584,0.00584,0.00584,,,244236.0,,244236.0
2017-07-17,36,1229604.0,0,0,0.0,0.00265,0.00265,0.00265,,,139656.0,,139656.0
2017-07-18,36,1231501.0,0,0,0.0,0.0,0.0,0.0,,,0.0,,0.0
2017-07-19,36,1231501.0,0,0,0.0,0.00496,0.00496,0.00496,,,170933.0,,170933.0
2017-07-20,36,1236009.0,0,0,0.0,0.0,0.0,0.0,,,0.0,,0.0
2017-07-21,36,1236009.0,0,0,0.0,0.0048,0.0048,0.0048,,,245580.0,,245580.0
2017-07-24,36,1233443.0,0,0,0.0,0.0,0.0,0.0,,,0.0,,0.0
2017-07-25,36,1233443.0,0,0,0.0,0.0,0.0,0.0,,,0.0,,0.0
2017-07-26,36,1233443.0,0,0,0.0,0.00293,0.00293,0.00293,,,26577.0,,26577.0
2017-07-27,36,1236300.0,0,0,0.0,0.00808,0.00808,0.00808,,,232067.0,,232067.0
2017-07-28,36,1238334.0,0,0,0.0,0.01687,0.01687,0.01687,,,94607.0,,94607.0
2017-07-31,36,1258063.0,0,0,0.0,0.01163,0.01163,0.01163,,,66406.0,,66406.0
2017-08-01,36,1272070.0,0,0,0.0,0.0079,0.0079,0.0079,,,187382.0,,187382.0
2017-08-02,36,1279821.0,0,0,0.0,0.0,0.0,0.0,,,0.0,,0.0
2017-08-03,36,1279821.0,0,0,0.0,0.01792,0.01792,0.01792,,,283596.0,,283596.0
2017-08-04,36,1301007.0,0,0,0.0,0.00045,0.00045,0.00045,,,126863.0,,126863.0
2017-08-07,36,1300496.0,0,0,0.0,0.0,0.0,0.0,,,0.0,,0.0
2017-08-08,36,1300496.0,0,0,0.0,0.0,0.0,0.0,,,0.0,,0.0
2017-08-09,36,1300496.0,0,0,0.0,0.05132,0.05132,0.05132,,,1119135.0,,1119135.0
2017-08-10,36,1367242.0,0,0,0.0,0.00433,0.00433,0.00433,,,151778.0,,151778.0
2017-08-11,36,1372482.0,0,0,0.0,0.0,0.0,0.0,,,0.0,,0.0
2017-08-14,36,1372482.0,0,0,0.0,0.01448,0.01448,0.01448,,,154479.0,,154479.0
2017-08-15,36,1390286.0,0,0,0.0,0.0,0.0,0.0,,,0.0,,0.0
2017-08-16,36,1390286.0,0,0,0.0,0.0,0.0,0.0,,,0.0,,0.0
2017-08-17,36,1390286.0,0,0,0.0,0.00259,0.00259,0.00259,,,81733.0,,81733.0
2017-08-18,36,1393206.0,0,0,0.0,0.0,0.0,0.0,,,0.0,,0.0
2017-08-21,36,1393206.0,0,0,0.0,0.0,0.0,0.0,,,0.0,,0.0
2017-08-22,36,1393206.0,0,0,0.0,0.0,0.0,0.0,,,0.0,,0.0
2017-08-23,36,1393206.0,0,0,0.0,0.00083,0.00083,0.00083,,,68461.0,,68461.0
2017-08-24,36,1393867.0,0,0,0.0,0.0,0.0,0.0,,,0.0,,0.0
2017-08-25,36,1393867.0,0,0,0.0,0.0,0.0,0.0,,,0.0,,0.0
2017-08-28,36,1393867.0,0,0,0.0,0.0,0.0,0.0,,,0.0,,0.0
2017-08-29,36,1393867.0,0,0,0.0,0.00123,0.00123,0.00123,,,181558.0,,181558.0
2017-08-30,36,1392737.0,0,0,0.0,0.0,0.0,0.0,,,0.0,,0.0
2017-08-31,36,1392737.0,0,0,0.0,0.0,0.0,0.0,,,0.0,,0.0
2017-09-01,36,1392737.0,2,1,0.08333,0.00643,0.00056,0.00643,,,419675.0,,419675.0
2017-09-05,37,1398491.0,0,0,0.0,0.1357,0.1357,0.1357,,,3764031.0,,3764031.0
2017-09-06,37,1588269.0,0,0,0.0,0.00781,0.00781,0.00781,,,492250.0,,492250.0
2017-09-07,37,1597873.0,0,0,0.0,0.01481,0.01481,0.01481,,,255562.0,,255562.0
2017-09-08,37,1620154.0,0,0,0.0,0.00606,0.00606,0.00606,,,484898.0,,484898.0
2017-09-11,37,1626998.0,0,0,0.0,0.001,0.001,0.001,,,203011.0,,203011.0
2017-09-12,37,1627112.0,1,0,0.02703,0.0034,0.00109,0.0034,,,634006.0,,634006.0
2017-09-13,38,1629095.0,0,0,0.0,0.00618,0.00618,0.00618,,,690153.0,,690153.0
2017-09-14,38,1631658.0,0,0,0.0,0.0,0.0,0.0,,,0.0,,0.0
2017-09-15,38,1631658.0,0,0,0.0,0.0,0.0,0.0,,,0.0,,0.0
2017-09-18,38,1631658.0,0,0,0.0,0.00085,0.00085,0.00085,,,158064.0,,158064.0
2017-09-19,38,1632146.0,1,0,0.02632,0.00145,0.0,0.00145,,,74049.0,,74049.0
2017-09-20,39,1634508.0,0,0,0.0,0.07966,0.07966,0.07966,,,2571388.0,,2571388.0
2017-09-21,39,1764710.0,0,0,0.0,0.03874,0.03874,0.03874,,,1525754.0,,1525754.0
2017-09-22,39,1831643.0,0,0,0.0,0.00228,0.00228,0.00228,,,353805.0,,353805.0
2017-09-25,39,1833252.0,0,1,0.02564,0.00643,0.0055,0.00643,,,616001.0,,616001.0
2017-09-26,38,1841603.0,1,0,0.02632,0.02755,0.0087,0.02755,,,830857.0,,830857.0
2017-09-27,39,1883226.0,0,0,0.0,0.00661,0.00661,0.00661,,,220964.0,,220964.0
2017-09-28,39,1879788.0,0,0,0.0,0.00603,0.00603,0.00603,,,284970.0,,284970.0
2017-09-29,39,1888414.0,0,0,0.0,0.0,0.0,0.0,,,0.0,,0.0
2017-10-02,39,1888414.0,0,0,0.0,0.03558,0.03558,0.03558,,,1315927.0,,1315927.0
2017-10-03,39,1955597.0,0,0,0.0,0.01715,0.01715,0.01715,,,1263999.0,,1263999.0
2017-10-04,39,1957434.0,0,0,0.0,0.0,0.0,0.0,,,0.0,,0.0
2017-10-05,39,1957434.0,0,0,0.0,0.03435,0.03435,0.03435,,,1338156.0,,1338156.0
2017-10-06,39,2024676.0,0,0,0.0,0.0,0.0,0.0,,,0.0,,0.0
2017-10-09,39,2024676.0,0,0,0.0,0.0,0.0,0.0,,,0.0,,0.0
2017-10-10,39,2024676.0,0,0,0.0,0.0,0.0,0.0,,,0.0,,0.0
2017-10-11,39,2024676.0,0,0,0.0,0.0,0.0,0.0,,,0.0,,0.0
2017-10-12,39,2024676.0,0,0,0.0,0.03321,0.03321,0.03321,,,1323984.0,,1323984.0
2017-10-13,39,2091918.0,0,0,0.0,0.01704,0.01704,0.01704,,,611146.0,,611146.0
2017-10-16,39,2113560.0,0,0,0.0,0.00611,0.00611,0.00611,,,366741.0,,366741.0
2017-10-17,39,2119322.0,0,0,0.0,0.00728,0.00728,0.00728,,,582069.0,,582069.0
2017-10-18,39,2116715.0,0,0,0.0,0.0,0.0,0.0,,,0.0,,0.0
2017-10-19,39,2116715.0,0,0,0.0,0.08612,0.08612,0.08612,,,2610237.0,,2610237.0
2017-10-20,39,2299012.0,0,0,0.0,0.00715,0.00715,0.00715,,,532579.0,,532579.0
2017-10-23,39,2303487.0,0,0,0.0,0.00319,0.00319,0.00319,,,568408.0,,568408.0
2017-10-24,39,2300682.0,0,0,0.0,0.01356,0.01356,0.01356,,,481521.0,,481521.0
2017-10-25,39,2327746.0,0,0,0.0,0.00365,0.00365,0.00365,,,504483.0,,504483.0
2017-10-26,39,2326583.0,0,0,0.0,0.00329,0.00329,0.00329,,,431313.0,,431313.0
2017-10-27,39,2329542.0,0,0,0.0,0.00231,0.00231,0.00231,,,479679.0,,479679.0
2017-10-30,39,2329814.0,0,0,0.0,0.06767,0.06767,0.06767,,,3206466.0,,3206466.0
2017-10-31,39,2460984.0,0,0,0.0,0.03821,0.03821,0.03821,,,1669523.0,,1669523.0
2017-11-01,39,2511532.0,0,1,0.02564,0.00784,0.00758,0.00784,,,159794.0,,159794.0
2017-11-02,38,2500712.0,0,0,0.0,0.01518,0.01518,0.01518,,,646311.0,,646311.0
2017-11-03,38,2488368.0,0,0,0.0,0.04021,0.04021,0.04021,,,1945664.0,,1945664.0
2017-11-06,38,2578997.0,0,0,0.0,0.01902,0.01902,0.01902,,,442790.0,,442790.0
2017-11-07,38,2618722.0,0,0,0.0,0.0,0.0,0.0,,,0.0,,0.0
2017-11-08,38,2618722.0,0,0,0.0,0.06561,0.06561,0.06561,,,2672801.0,,2672801.0
2017-11-09,38,2770580.0,0,0,0.0,0.02118,0.02118,0.02118,,,1105912.0,,1105912.0
2017-11-10,38,2808551.0,0,0,0.0,0.0,0.0,0.0,,,0.0,,0.0
2017-11-13,38,2808551.0,0,0,0.0,0.00708,0.00708,0.00708,,,378702.0,,378702.0
2017-11-14,38,2799281.0,0,0,0.0,0.00387,0.00387,0.00387,,,94706.0,,94706.0
2017-11-15,38,2792108.0,0,0,0.0,0.0,0.0,0.0,,,0.0,,0.0
2017-11-16,38,2792108.0,0,0,0.0,0.0,0.0,0.0,,,0.0,,0.0
2017-11-17,38,2792108.0,0,0,0.0,0.0,0.0,0.0,,,0.0,,0.0
2017-11-20,38,2792108.0,0,0,0.0,0.0,0.0,0.0,,,0.0,,0.0
2017-11-21,38,2792108.0,0,0,0.0,0.00426,0.00426,0.00426,,,476117.0,,476117.0
2017-11-22,38,2799944.0,0,0,0.0,0.0,0.0,0.0,,,0.0,,0.0
2017-11-27,38,2799944.0,0,0,0.0,0.0,0.0,0.0,,,0.0,,0.0
2017-11-28,38,2799944.0,0,0,0.0,0.02624,0.02624,0.02624,,,1259633.0,,1259633.0
2017-11-29,38,2873415.0,0,0,0.0,0.0,0.0,0.0,,,0.0,,0.0
2017-11-30,38,2873415.0,1,0,0.02632,0.01412,0.00472,0.01412,,,751767.0,,751767.0
2017-12-01,39,2890501.0,0,0,0.0,0.0,0.0,0.0,,,0.0,,0.0
2017-12-04,39,2890501.0,0,0,0.0,0.01132,0.01132,0.01132,,,503125.0,,503125.0
2017-12-05,39,2915386.0,0,0,0.0,0.05112,0.05112,0.05112,,,2463690.0,,2463690.0
2017-12-06,39,3064428.0,0,0,0.0,0.00646,0.00646,0.00646,,,112902.0,,112902.0
2017-12-07,39,3052222.0,0,2,0.05128,0.00561,0.00459,0.00561,,,1075558.0,,1075558.0
2017-12-08,37,3063084.0,0,0,0.0,0.0,0.0,0.0,,,0.0,,0.0
2017-12-11,37,3063084.0,0,0,0.0,0.0,0.0,0.0,,,0.0,,0.0
2017-12-12,37,3063084.0,0,0,0.0,0.01897,0.01897,0.01897,,,1234499.0,,1234499.0
2017-12-13,37,3106612.0,0,1,0.02703,0.01271,0.01011,0.01271,,,1076274.0,,1076274.0
2017-12-14,36,3120461.0,0,0,0.0,0.00319,0.00319,0.00319,,,295204.0,,295204.0
2017-12-15,36,3127484.0,0,1,0.02778,0.02325,0.01837,0.02325,,,1556701.0,,1556701.0
2017-12-18,35,3169113.0,0,0,0.0,0.00121,0.00121,0.00121,,,32610.0,,32610.0
2017-12-19,35,3172954.0,0,0,0.0,0.0,0.0,0.0,,,0.0,,0.0
2017-12-20,35,3172954.0,0,0,0.0,0.0,0.0,0.0,,,0.0,,0.0
2017-12-21,35,3172954.0,0,0,0.0,0.04865,0.04865,0.04865,,,2460251.0,,2460251.0
2017-12-22,35,3327318.0,0,0,0.0,0.0,0.0,0.0,,,0.0,,0.0
2017-12-26,35,3327318.0,0,0,0.0,0.0,0.0,0.0,,,0.0,,0.0
2017-12-27,35,3327318.0,0,0,0.0,0.0,0.0,0.0,,,0.0,,0.0
2017-12-28,35,3327318.0,0,0,0.0,0.01196,0.01196,0.01196,,,712347.0,,712347.0
2017-12-29,35,3287532.0,0,0,0.0,0.0,0.0,0.0,,,0.0,,0.0
2018-01-02,35,3287532.0,0,0,0.0,0.00201,0.00201,0.00201,,,216577.0,,216577.0
2018-01-03,35,3292555.0,0,0,0.0,0.0232,0.0232,0.0232,,,1273932.0,,1273932.0
2018-01-04,35,3368938.0,0,0,0.0,0.02267,0.02267,0.02267,,,1281385.0,,1281385.0
2018-01-05,35,3445316.0,0,0,0.0,0.0,0.0,0.0,,,0.0,,0.0
2018-01-08,35,3445316.0,0,0,0.0,0.0,0.0,0.0,,,0.0,,0.0
2018-01-09,35,3445316.0,0,0,0.0,0.058,0.058,0.058,,,2849881.0,,2849881.0
2018-01-10,35,3483560.0,0,0,0.0,0.0409,0.0409,0.0409,,,1116976.0,,1116976.0
2018-01-11,35,3559815.0,0,0,0.0,0.0,0.0,0.0,,,0.0,,0.0
2018-01-12,35,3559815.0,0,0,0.0,0.03198,0.03198,0.03198,,,629005.0,,629005.0
2018-01-16,35,3601263.0,0,0,0.0,0.05529,0.05529,0.05529,,,2873395.0,,2873395.0
2018-01-17,35,3800243.0,0,0,0.0,0.0,0.0,0.0,,,0.0,,0.0
2018-01-18,35,3800243.0,1,0,0.02857,0.047,0.04156,0.047,,,2585423.0,,2585423.0
2018-01-19,36,3978850.0,0,0,0.0,0.02639,0.02639,0.02639,,,1502544.0,,1502544.0
2018-01-22,36,4062729.0,0,0,0.0,0.0,0.0,0.0,,,0.0,,0.0
2018-01-23,36,4062729.0,0,0,0.0,0.07981,0.07981,0.07981,,,5609686.0,,5609686.0
2018-01-24,36,4386992.0,1,0,0.02778,0.07966,0.06873,0.07966,,,10915070.0,,10915070.0
2018-01-25,37,4608402.0,0,0,0.0,0.07367,0.07367,0.07367,,,5384333.0,,5384333.0
2018-01-26,37,4935342.0,0,0,0.0,0.03502,0.03502,0.03502,,,2853106.0,,2853106.0
2018-01-29,37,5108169.0,0,0,0.0,0.05075,0.05075,0.05075,,,4373388.0,,4373388.0
2018-01-30,37,5367406.0,0,0,0.0,0.01408,0.01408,0.01408,,,1196779.0,,1196779.0
2018-01-31,37,5409597.0,0,0,0.0,0.04915,0.04915,0.04915,,,3690348.0,,3690348.0
2018-02-01,37,5661607.0,0,0,0.0,0.0,0.0,0.0,,,0.0,,0.0
2018-02-02,37,5661607.0,0,0,0.0,0.0,0.0,0.0,,,0.0,,0.0
2018-02-05,37,5661607.0,0,1,0.02703,0.0175,0.01743,0.0175,,,543821.0,,543821.0
2018-02-06,36,5752302.0,0,0,0.0,0.00892,0.00892,0.00892,,,933211.0,,933211.0
2018-02-07,36,5782433.0,0,0,0.0,0.0184,0.0184,0.0184,,,995667.0,,995667.0
2018-02-08,36,5854111.0,0,0,0.0,0.00282,0.00282,0.00282,,,171805.0,,171805.0
2018-02-09,36,5866121.0,0,0,0.0,0.00146,0.00146,0.00146,,,594647.0,,594647.0
2018-02-12,36,5867148.0,0,0,0.0,0.00311,0.00311,0.00311,,,353979.0,,353979.0
2018-02-13,36,5864790.0,0,0,0.0,0.02473,0.02473,0.02473,,,1636590.0,,1636590.0
2018-02-14,36,5962287.0,0,0,0.0,0.00424,0.00424,0.00424,,,62412.0,,62412.0
2018-02-15,36,5987555.0,0,0,0.0,0.01637,0.01637,0.01637,,,1741921.0,,1741921.0
2018-02-16,36,6080497.0,0,0,0.0,0.00274,0.00274,0.00274,,,1037331.0,,1037331.0
2018-02-20,36,6071508.0,0,0,0.0,0.0,0.0,0.0,,,0.0,,0.0
2018-02-21,36,6071508.0,0,0,0.0,0.01535,0.01535,0.01535,,,1326289.0,,1326289.0
2018-02-22,36,6164733.0,0,0,0.0,0.03024,0.03024,0.03024,,,2650559.0,,2650559.0
2018-02-23,36,6351182.0,0,0,0.0,0.01468,0.01468,0.01468,,,1348936.0,,1348936.0
2018-02-26,36,6444406.0,0,0,0.0,0.0,0.0,0.0,,,0.0,,0.0
2018-02-27,36,6444406.0,0,0,0.0,0.01447,0.01447,0.01447,,,1364075.0,,1364075.0
2018-02-28,36,6537631.0,0,0,0.0,0.02301,0.02301,0.02301,,,1720545.0,,1720545.0
2018-03-01,36,6483023.0,0,0,0.0,0.08703,0.08703,0.08703,,,8180814.0,,8180814.0
2018-03-02,36,7045743.0,0,0,0.0,0.0,0.0,0.0,,,0.0,,0.0
2018-03-05,36,7045743.0,0,0,0.0,0.0,0.0,0.0,,,0.0,,0.0
2018-03-06,36,7045743.0,0,0,0.0,0.0,0.0,0.0,,,0.0,,0.0
2018-03-07,36,7045743.0,0,0,0.0,0.0,0.0,0.0,,,0.0,,0.0
2018-03-08,36,7045743.0,0,0,0.0,0.02627,0.02627,0.02627,,,2911916.0,,2911916.0
2018-03-09,36,7230826.0,0,0,0.0,0.0,0.0,0.0,,,0.0,,0.0
2018-03-12,36,7230826.0,0,0,0.0,0.01723,0.01723,0.01723,,,1661706.0,,1661706.0
2018-03-13,36,7350205.0,0,0,0.0,0.06318,0.06318,0.06318,,,7426057.0,,7426057.0
2018-03-14,36,7814612.0,0,0,0.0,0.01189,0.01189,0.01189,,,1462557.0,,1462557.0
2018-03-15,36,7907494.0,0,0,0.0,0.00951,0.00951,0.00951,,,2393622.0,,2393622.0
2018-03-16,36,7918555.0,0,0,0.0,0.01717,0.01717,0.01717,,,3369709.0,,3369709.0
2018-03-19,36,7898390.0,0,0,0.0,0.00697,0.00697,0.00697,,,598679.0,,598679.0
2018-03-20,36,7843477.0,0,0,0.0,0.0,0.0,0.0,,,0.0,,0.0
2018-03-21,36,7843477.0,0,0,0.0,0.0,0.0,0.0,,,0.0,,0.0
2018-03-22,36,7843477.0,0,0,0.0,0.0,0.0,0.0,,,0.0,,0.0
2018-03-23,36,7843477.0,0,0,0.0,0.0,0.0,0.0,,,0.0,,0.0
2018-03-26,36,7843477.0,0,0,0.0,0.0,0.0,0.0,,,0.0,,0.0
2018-03-27,36,7843477.0,0,0,0.0,0.01244,0.01244,0.01244,,,1270808.0,,1270808.0
2018-03-28,36,7816390.0,0,1,0.02778,0.01814,0.01749,0.01814,,,2603610.0,,2603610.0
2018-03-29,35,7945577.0,0,0,0.0,0.02866,0.02866,0.02866,,,1906551.0,,1906551.0
2018-04-02,35,8100992.0,0,0,0.0,0.02011,0.02011,0.02011,,,1566289.0,,1566289.0
2018-04-03,35,8184090.0,0,0,0.0,0.0053,0.0053,0.0053,,,2637652.0,,2637652.0
2018-04-04,35,8196763.0,0,0,0.0,0.00525,0.00525,0.00525,,,981285.0,,981285.0
2018-04-05,35,8228648.0,0,0,0.0,0.0,0.0,0.0,,,0.0,,0.0
2018-04-06,35,8228648.0,0,0,0.0,0.00864,0.00864,0.00864,,,1365333.0,,1365333.0
2018-04-09,35,8204813.0,0,0,0.0,0.0,0.0,0.0,,,0.0,,0.0
2018-04-10,35,8204813.0,0,0,0.0,0.01498,0.01498,0.01498,,,1008439.0,,1008439.0
2018-04-11,35,8144455.0,0,0,0.0,0.0,0.0,0.0,,,0.0,,0.0
2018-04-12,35,8144455.0,0,0,0.0,0.0,0.0,0.0,,,0.0,,0.0
2018-04-13,35,8144455.0,0,0,0.0,0.0,0.0,0.0,,,0.0,,0.0
2018-04-16,35,8144455.0,0,0,0.0,0.0,0.0,0.0,,,0.0,,0.0
2018-04-17,35,8144455.0,0,0,0.0,0.01258,0.01258,0.01258,,,1642291.0,,1642291.0
2018-04-18,35,8190066.0,1,0,0.02857,0.00854,0.00766,0.00854,,,1137222.0,,1137222.0
2018-04-19,36,8134554.0,0,0,0.0,0.06971,0.06971,0.06971,,,8122661.0,,8122661.0
2018-04-20,36,8698339.0,0,0,0.0,0.02172,0.02172,0.02172,,,2632266.0,,2632266.0
2018-04-23,36,8887231.0,0,0,0.0,0.00383,0.00383,0.00383,,,1324123.0,,1324123.0
2018-04-24,36,8885137.0,0,0,0.0,0.03398,0.03398,0.03398,,,4241720.0,,4241720.0
2018-04-25,36,9181384.0,0,0,0.0,0.02219,0.02219,0.02219,,,3373103.0,,3373103.0
2018-04-26,36,9337745.0,0,0,0.0,0.01075,0.01075,0.01075,,,2137939.0,,2137939.0
2018-04-27,36,9428162.0,0,0,0.0,0.00999,0.00999,0.00999,,,1287154.0,,1287154.0
2018-04-30,36,9522346.0,0,0,0.0,0.02027,0.02027,0.02027,,,3483515.0,,3483515.0
2018-05-01,36,9663841.0,0,0,0.0,0.0,0.0,0.0,,,0.0,,0.0
2018-05-02,36,9663841.0,0,0,0.0,0.00048,0.00048,0.00048,,,643505.0,,643505.0
2018-05-03,36,9661334.0,0,0,0.0,0.00394,0.00394,0.00394,,,639030.0,,639030.0
2018-05-04,36,9632990.0,0,0,0.0,0.06015,0.06015,0.06015,,,5192122.0,,5192122.0
2018-05-07,36,10110712.0,0,0,0.0,0.0,0.0,0.0,,,0.0,,0.0
2018-05-08,36,10110712.0,0,0,0.0,0.00907,0.00907,0.00907,,,2194761.0,,2194761.0
2018-05-09,36,10042188.0,0,0,0.0,0.00102,0.00102,0.00102,,,565947.0,,565947.0
2018-05-10,36,10045234.0,1,0,0.02778,0.01332,0.01288,0.01332,,,4073008.0,,4073008.0
2018-05-11,37,10152433.0,0,0,0.0,0.01892,0.01892,0.01892,,,3068309.0,,3068309.0
2018-05-14,37,10296801.0,0,0,0.0,0.00917,0.00917,0.00917,,,1396403.0,,1396403.0
2018-05-15,37,10391172.0,0,0,0.0,0.0,0.0,0.0,,,0.0,,0.0
2018-05-16,37,10391172.0,0,0,0.0,0.00449,0.00449,0.00449,,,924127.0,,924127.0
2018-05-17,37,10359524.0,0,0,0.0,0.00908,0.00908,0.00908,,,1414122.0,,1414122.0
2018-05-18,37,10453603.0,0,0,0.0,0.02967,0.02967,0.02967,,,4533935.0,,4533935.0
2018-05-21,37,10741385.0,0,0,0.0,0.0,0.0,0.0,,,0.0,,0.0
2018-05-22,37,10741385.0,0,0,0.0,0.01308,0.01308,0.01308,,,4803674.0,,4803674.0
2018-05-23,37,10646757.0,0,0,0.0,0.05236,0.05236,0.05236,,,9484260.0,,9484260.0
2018-05-24,37,10865829.0,0,0,0.0,0.02821,0.02821,0.02821,,,4514973.0,,4514973.0
2018-05-25,37,11157489.0,0,0,0.0,0.01651,0.01651,0.01651,,,2872373.0,,2872373.0
2018-05-29,37,11341738.0,0,0,0.0,0.0,0.0,0.0,,,0.0,,0.0
2018-05-30,37,11341738.0,0,0,0.0,0.01197,0.01197,0.01197,,,1464943.0,,1464943.0
2018-05-31,37,11356753.0,0,0,0.0,0.00812,0.00812,0.00812,,,1453818.0,,1453818.0
2018-06-01,37,11449001.0,0,0,0.0,0.00255,0.00255,0.00255,,,1110206.0,,1110206.0
2018-06-04,37,11437379.0,0,0,0.0,0.02424,0.02424,0.02424,,,4368800.0,,4368800.0
2018-06-05,37,11714607.0,0,0,0.0,0.01993,0.01993,0.01993,,,5866973.0,,5866973.0
2018-06-06,37,11707808.0,0,0,0.0,0.0078,0.0078,0.0078,,,1487868.0,,1487868.0
2018-06-07,37,11799167.0,0,0,0.0,0.0,0.0,0.0,,,0.0,,0.0
2018-06-08,37,11799167.0,0,0,0.0,0.0,0.0,0.0,,,0.0,,0.0
2018-06-11,37,11799167.0,0,0,0.0,0.00774,0.00774,0.00774,,,1462744.0,,1462744.0
2018-06-12,37,11890517.0,0,0,0.0,0.0018,0.0018,0.0018,,,1135714.0,,1135714.0
2018-06-13,37,11887870.0,0,0,0.0,0.0,0.0,0.0,,,0.0,,0.0
2018-06-14,37,11887870.0,0,0,0.0,0.0,0.0,0.0,,,0.0,,0.0
2018-06-15,37,11887870.0,0,0,0.0,0.03073,0.03073,0.03073,,,6027079.0,,6027079.0
2018-06-18,37,12253162.0,0,0,0.0,0.0,0.0,0.0,,,0.0,,0.0
2018-06-19,37,12253162.0,0,0,0.0,0.00745,0.00745,0.00745,,,1531934.0,,1531934.0
2018-06-20,37,12344485.0,0,0,0.0,0.0,0.0,0.0,,,0.0,,0.0
2018-06-21,37,12344485.0,0,0,0.0,0.0,0.0,0.0,,,0.0,,0.0
2018-06-22,37,12344485.0,0,0,0.0,0.02959,0.02959,0.02959,,,6109972.0,,6109972.0
2018-06-25,37,12709777.0,0,0,0.0,0.0,0.0,0.0,,,0.0,,0.0
2018-06-26,37,12709777.0,0,0,0.0,0.01603,0.01603,0.01603,,,7125870.0,,7125870.0
2018-06-27,37,12814675.0,1,0,0.02703,0.00348,0.00051,0.00348,,,3942790.0,,3942790.0
2018-06-28,38,12846345.0,0,0,0.0,0.00047,0.00047,0.00047,,,518227.0,,518227.0
2018-06-29,38,12850693.0,0,2,0.05263,0.00058,0.0,0.00058,,,74895.0,,74895.0
2018-07-02,36,12843259.0,0,0,0.0,0.0,0.0,0.0,,,0.0,,0.0
2018-07-03,36,12843259.0,0,0,0.0,0.01021,0.01021,0.01021,,,2935152.0,,2935152.0
2018-07-05,36,12778860.0,0,0,0.0,0.01468,0.01468,0.01468,,,3306169.0,,3306169.0
2018-07-06,36,12850650.0,0,0,0.0,0.00708,0.00708,0.00708,,,1546126.0,,1546126.0
2018-07-09,36,12941693.0,0,0,0.0,0.0,0.0,0.0,,,0.0,,0.0
2018-07-10,36,12941693.0,0,0,0.0,0.01413,0.01413,0.01413,,,3300193.0,,3300193.0
2018-07-11,36,13124587.0,0,0,0.0,0.01391,0.01391,0.01391,,,3236451.0,,3236451.0
2018-07-12,36,13307193.0,0,0,0.0,0.0,0.0,0.0,,,0.0,,0.0
2018-07-13,36,13307193.0,0,0,0.0,0.01368,0.01368,0.01368,,,3153827.0,,3153827.0
2018-07-16,36,13489260.0,0,0,0.0,0.0,0.0,0.0,,,0.0,,0.0
2018-07-17,36,13489260.0,0,0,0.0,0.0,0.0,0.0,,,0.0,,0.0
2018-07-18,36,13489260.0,0,0,0.0,0.00047,0.00047,0.00047,,,115827.0,,115827.0
2018-07-19,36,13483003.0,0,0,0.0,0.0321,0.0321,0.0321,,,7134087.0,,7134087.0
2018-07-20,36,13911064.0,0,0,0.0,0.00657,0.00657,0.00657,,,1552550.0,,1552550.0
2018-07-23,36,14002469.0,0,0,0.0,0.0,0.0,0.0,,,0.0,,0.0
2018-07-24,36,14002469.0,1,0,0.02778,0.00911,0.00862,0.00911,,,3113505.0,,3113505.0
2018-07-25,37,14026278.0,0,1,0.02703,0.01606,0.01441,0.01606,,,5692975.0,,5692975.0
2018-07-26,36,13867140.0,0,0,0.0,0.00293,0.00293,0.00293,,,1179238.0,,1179238.0
2018-07-27,36,13841811.0,0,0,0.0,0.02618,0.02618,0.02618,,,6598375.0,,6598375.0
2018-07-30,36,14198728.0,0,0,0.0,0.01034,0.01034,0.01034,,,2562596.0,,2562596.0
2018-07-31,36,14122411.0,0,2,0.05556,0.00828,0.00443,0.00828,,,11062811.0,,11062811.0
2018-08-01,34,14117170.0,0,0,0.0,0.0,0.0,0.0,,,0.0,,0.0
2018-08-02,34,14117170.0,1,0,0.02941,0.00393,0.00047,0.00393,,,2024931.0,,2024931.0
2018-08-03,35,14159289.0,0,0,0.0,0.00068,0.00068,0.00068,,,353990.0,,353990.0
2018-08-06,35,14166607.0,0,0,0.0,0.00107,0.00107,0.00107,,,77900.0,,77900.0
2018-08-07,35,14181709.0,0,0,0.0,0.0,0.0,0.0,,,0.0,,0.0
2018-08-08,35,14181709.0,1,0,0.02857,0.0088,0.00731,0.0088,,,6027408.0,,6027408.0
2018-08-09,36,14213401.0,0,0,0.0,0.0,0.0,0.0,,,0.0,,0.0
2018-08-10,36,14213401.0,0,0,0.0,0.0,0.0,0.0,,,0.0,,0.0
2018-08-13,36,14213401.0,0,0,0.0,0.0,0.0,0.0,,,0.0,,0.0
2018-08-14,36,14213401.0,0,0,0.0,0.0,0.0,0.0,,,0.0,,0.0
2018-08-15,36,14213401.0,0,0,0.0,0.00645,0.00645,0.00645,,,2297923.0,,2297923.0
2018-08-16,36,14224609.0,0,0,0.0,0.01897,0.01897,0.01897,,,4629407.0,,4629407.0
2018-08-17,36,14494380.0,0,0,0.0,0.01241,0.01241,0.01241,,,3073576.0,,3073576.0
2018-08-20,36,14674242.0,0,0,0.0,0.01709,0.01709,0.01709,,,1531316.0,,1531316.0
2018-08-21,36,14670028.0,0,0,0.0,0.0,0.0,0.0,,,0.0,,0.0
2018-08-22,36,14670028.0,0,0,0.0,0.0,0.0,0.0,,,0.0,,0.0
2018-08-23,36,14670028.0,0,0,0.0,0.00613,0.00613,0.00613,,,1591888.0,,1591888.0
2018-08-24,36,14759929.0,0,0,0.0,0.03045,0.03045,0.03045,,,8031522.0,,8031522.0
2018-08-27,36,15209304.0,0,0,0.0,0.01182,0.01182,0.01182,,,3276882.0,,3276882.0
2018-08-28,36,15389117.0,0,0,0.0,0.0,0.0,0.0,,,0.0,,0.0
2018-08-29,36,15389117.0,0,0,0.0,0.00584,0.00584,0.00584,,,1677446.0,,1677446.0
2018-08-30,36,15479018.0,0,0,0.0,0.01162,0.01162,0.01162,,,3396347.0,,3396347.0
2018-08-31,36,15658821.0,0,0,0.0,0.01147,0.01147,0.01147,,,3427548.0,,3427548.0
2018-09-04,36,15838491.0,0,0,0.0,0.01135,0.01135,0.01135,,,3401571.0,,3401571.0
2018-09-05,36,16018307.0,0,0,0.0,0.01101,0.01101,0.01101,,,4359219.0,,4359219.0
2018-09-06,36,16008050.0,0,0,0.0,0.01342,0.01342,0.01342,,,5843487.0,,5843487.0
2018-09-07,36,15809962.0,0,0,0.0,0.03203,0.03203,0.03203,,,10827497.0,,10827497.0
2018-09-10,36,16268376.0,0,0,0.0,0.00578,0.00578,0.00578,,,1687546.0,,1687546.0
2018-09-11,36,16316229.0,0,0,0.0,0.01206,0.01206,0.01206,,,3065586.0,,3065586.0
2018-09-12,36,16216645.0,0,0,0.0,0.00431,0.00431,0.00431,,,1136159.0,,1136159.0
2018-09-13,36,16167950.0,0,0,0.0,0.0,0.0,0.0,,,0.0,,0.0
2018-09-14,36,16167950.0,0,0,0.0,0.03257,0.03257,0.03257,,,10052110.0,,10052110.0
2018-09-17,36,16694619.0,0,0,0.0,0.0105,0.0105,0.0105,,,3284379.0,,3284379.0
2018-09-18,36,16869923.0,0,0,0.0,0.01041,0.01041,0.01041,,,3387692.0,,3387692.0
2018-09-19,36,17045478.0,0,0,0.0,0.0103,0.0103,0.0103,,,3334306.0,,3334306.0
2018-09-20,36,17221032.0,0,0,0.0,0.00509,0.00509,0.00509,,,1670307.0,,1670307.0
2018-09-21,36,17308679.0,0,0,0.0,0.00373,0.00373,0.00373,,,1844027.0,,1844027.0
2018-09-24,36,17292243.0,0,0,0.0,0.01407,0.01407,0.01407,,,9761384.0,,9761384.0
2018-09-25,36,17424131.0,0,0,0.0,0.00505,0.00505,0.00505,,,1655498.0,,1655498.0
2018-09-26,36,17512071.0,0,0,0.0,0.01506,0.01506,0.01506,,,4945212.0,,4945212.0
2018-09-27,36,17775820.0,0,0,0.0,0.0,0.0,0.0,,,0.0,,0.0
2018-09-28,36,17775820.0,0,0,0.0,0.00495,0.00495,0.00495,,,1663525.0,,1663525.0
2018-10-01,36,17863736.0,0,0,0.0,0.0,0.0,0.0,,,0.0,,0.0
2018-10-02,36,17863736.0,0,0,0.0,0.01151,0.01151,0.01151,,,5152640.0,,5152640.0
2018-10-03,36,18055003.0,0,0,0.0,0.00194,0.00194,0.00194,,,1533623.0,,1533623.0
2018-10-04,36,18081793.0,0,0,0.0,0.00243,0.00243,0.00243,,,1548785.0,,1548785.0
2018-10-05,36,18103760.0,0,0,0.0,0.0,0.0,0.0,,,0.0,,0.0
2018-10-08,36,18103760.0,1,0,0.02778,0.01043,0.00542,0.01043,,,4504986.0,,4504986.0
2018-10-09,37,18096090.0,0,0,0.0,0.00115,0.00115,0.00115,,,1419498.0,,1419498.0
2018-10-10,37,18105108.0,0,0,0.0,0.00047,0.00047,0.00047,,,61440.0,,61440.0
2018-10-11,37,18113536.0,0,0,0.0,0.00356,0.00356,0.00356,,,1430942.0,,1430942.0
2018-10-12,37,18070923.0,0,0,0.0,0.01867,0.01867,0.01867,,,7942557.0,,7942557.0
2018-10-15,37,17866251.0,0,0,0.0,0.00308,0.00308,0.00308,,,195250.0,,195250.0
2018-10-16,37,17921251.0,0,1,0.02703,0.00218,0.00195,0.00218,,,914229.0,,914229.0
2018-10-17,36,17952135.0,0,0,0.0,0.00293,0.00293,0.00293,,,839585.0,,839585.0
2018-10-18,36,17998024.0,0,0,0.0,0.00785,0.00785,0.00785,,,3438721.0,,3438721.0
2018-10-19,36,18131503.0,0,0,0.0,5e-05,5e-05,5e-05,,,167694.0,,167694.0
2018-10-22,36,18130631.0,0,1,0.02778,0.0016,0.00158,0.0016,,,1748238.0,,1748238.0
2018-10-23,35,18126831.0,0,0,0.0,0.00166,0.00166,0.00166,,,1497693.0,,1497693.0
2018-10-24,35,18128836.0,0,1,0.02857,0.00146,0.00057,0.00146,,,2262759.0,,2262759.0
2018-10-25,34,18109914.0,0,0,0.0,0.0,0.0,0.0,,,0.0,,0.0
2018-10-26,34,18109914.0,0,0,0.0,0.00845,0.00845,0.00845,,,3212383.0,,3212383.0
2018-10-29,34,18203417.0,0,0,0.0,7e-05,7e-05,7e-05,,,27153.0,,27153.0
2018-10-30,34,18204431.0,0,0,0.0,0.0,0.0,0.0,,,0.0,,0.0
2018-10-31,34,18204431.0,0,0,0.0,0.00356,0.00356,0.00356,,,1294691.0,,1294691.0
2018-11-01,34,18233628.0,0,1,0.02941,0.00125,0.0,0.00125,,,6962002.0,,6962002.0
2018-11-02,33,18210747.0,1,0,0.0303,0.00126,0.0,0.00126,,,7156835.0,,7156835.0
2018-11-05,34,18233618.0,3,0,0.08824,0.18962,0.1842,0.18962,,,38794861.0,,38794861.0
2018-11-06,37,16514000.0,0,0,0.0,0.03549,0.03549,0.03549,,,8986874.0,,8986874.0
2018-11-07,37,16386284.0,0,0,0.0,0.03751,0.03751,0.03751,,,7087577.0,,7087577.0
2018-11-08,37,16268546.0,0,0,0.0,0.01969,0.01969,0.01969,,,6067664.0,,6067664.0
2018-11-09,37,16588855.0,0,0,0.0,0.01448,0.01448,0.01448,,,4452191.0,,4452191.0
2018-11-12,37,16829050.0,0,0,0.0,0.00476,0.00476,0.00476,,,1427901.0,,1427901.0
2018-11-13,37,16909118.0,0,0,0.0,0.00265,0.00265,0.00265,,,560590.0,,560590.0
2018-11-14,37,16902128.0,0,0,0.0,0.00352,0.00352,0.00352,,,723010.0,,723010.0
2018-11-15,37,16896613.0,0,0,0.0,0.01014,0.01014,0.01014,,,1566444.0,,1566444.0
2018-11-16,37,17035929.0,0,0,0.0,0.00376,0.00376,0.00376,,,1919548.0,,1919548.0
2018-11-19,37,17061132.0,0,0,0.0,0.02953,0.02953,0.02953,,,4528125.0,,4528125.0
2018-11-20,37,17465217.0,0,1,0.02703,0.02393,0.02308,0.02393,,,9619099.0,,9619099.0
2018-11-21,36,17852497.0,0,0,0.0,0.01208,0.01208,0.01208,,,1895852.0,,1895852.0
2018-11-23,36,17981777.0,0,1,0.02778,0.0001,0.0,0.0001,,,14081.0,,14081.0
2018-11-26,35,17979892.0,0,0,0.0,0.00947,0.00947,0.00947,,,2876387.0,,2876387.0
2018-11-27,35,18150144.0,0,0,0.0,0.00938,0.00938,0.00938,,,2833950.0,,2833950.0
2018-11-28,35,18320342.0,0,0,0.0,0.01887,0.01887,0.01887,,,8215505.0,,8215505.0
2018-11-29,35,18588251.0,0,0,0.0,0.0,0.0,0.0,,,0.0,,0.0
2018-11-30,35,18588251.0,0,0,0.0,2e-05,2e-05,2e-05,,,66196.0,,66196.0
2018-12-03,35,18587917.0,0,0,0.0,0.0,0.0,0.0,,,0.0,,0.0
2018-12-04,35,18587917.0,0,0,0.0,0.00651,0.00651,0.00651,,,3238567.0,,3238567.0
2018-12-06,35,18468381.0,0,0,0.0,0.01501,0.01501,0.01501,,,4797398.0,,4797398.0
2018-12-07,35,18745525.0,0,0,0.0,3e-05,3e-05,3e-05,,,115164.0,,115164.0
2018-12-10,35,18744895.0,0,0,0.0,0.0,0.0,0.0,,,0.0,,0.0
2018-12-11,35,18744895.0,0,0,0.0,0.0023,0.0023,0.0023,,,2288157.0,,2288157.0
2018-12-12,35,18754034.0,0,0,0.0,1e-05,1e-05,1e-05,,,22872.0,,22872.0
2018-12-13,35,18753919.0,0,1,0.02857,0.0,0.0,0.0,,,7872.0,,7872.0
2018-12-14,34,18753879.0,0,0,0.0,0.0,0.0,0.0,,,0.0,,0.0
2018-12-17,34,18753879.0,0,0,0.0,0.00904,0.00904,0.00904,,,2616220.0,,2616220.0
2018-12-18,34,18584322.0,0,0,0.0,0.00121,0.00121,0.00121,,,1850796.0,,1850796.0
2018-12-19,34,18600494.0,0,0,0.0,0.0,0.0,0.0,,,0.0,,0.0
2018-12-20,34,18600494.0,0,0,0.0,0.00982,0.00982,0.00982,,,1072462.0,,1072462.0
2018-12-21,34,18745313.0,0,0,0.0,0.0036,0.0036,0.0036,,,2377532.0,,2377532.0
2018-12-24,34,18787239.0,0,0,0.0,0.03733,0.03733,0.03733,,,11365513.0,,11365513.0
2018-12-26,34,18248341.0,0,0,0.0,0.00388,0.00388,0.00388,,,5111989.0,,5111989.0
2018-12-27,34,18227288.0,0,0,0.0,0.00365,0.00365,0.00365,,,1876007.0,,1876007.0
2018-12-28,34,18272457.0,0,0,0.0,0.00167,0.00167,0.00167,,,855792.0,,855792.0
2018-12-31,34,18295184.0,0,0,0.0,0.00022,0.00022,0.00022,,,32154.0,,32154.0
2019-01-02,34,18299264.0,0,0,0.0,0.01339,0.01339,0.01339,,,3663696.0,,3663696.0
2019-01-03,34,18054190.0,0,0,0.0,0.0,0.0,0.0,,,0.0,,0.0
2019-01-04,34,18054190.0,1,0,0.02941,0.00759,0.00447,0.00759,,,7789153.0,,7789153.0
2019-01-07,35,18101150.0,0,0,0.0,0.0,0.0,0.0,,,0.0,,0.0
2019-01-08,35,18101150.0,0,0,0.0,0.01753,0.01753,0.01753,,,16030465.0,,16030465.0
2019-01-09,35,18316291.0,0,0,0.0,0.01081,0.01081,0.01081,,,8857963.0,,8857963.0
2019-01-10,35,18488706.0,0,0,0.0,0.0,0.0,0.0,,,0.0,,0.0
2019-01-11,35,18488706.0,0,0,0.0,0.0,0.0,0.0,,,0.0,,0.0
2019-01-14,35,18488706.0,0,0,0.0,0.01421,0.01421,0.01421,,,4086859.0,,4086859.0
2019-01-15,35,18751352.0,1,0,0.02857,0.00501,0.00493,0.00501,,,2565458.0,,2565458.0
2019-01-16,36,18815261.0,0,0,0.0,0.00063,0.00063,0.00063,,,456724.0,,456724.0
2019-01-17,36,18821778.0,0,0,0.0,0.00493,0.00493,0.00493,,,1540222.0,,1540222.0
2019-01-18,36,18913305.0,0,0,0.0,0.02012,0.02012,0.02012,,,6508736.0,,6508736.0
2019-01-22,36,19286707.0,0,0,0.0,0.00399,0.00399,0.00399,,,1169875.0,,1169875.0
2019-01-23,36,19280820.0,0,3,0.08333,0.01798,0.01797,0.01798,,,12188953.0,,12188953.0
2019-01-24,33,19477113.0,0,0,0.0,0.01125,0.01125,0.01125,,,4447138.0,,4447138.0
2019-01-25,33,19648987.0,0,0,0.0,0.00147,0.00147,0.00147,,,961870.0,,961870.0
2019-01-28,33,19677959.0,0,0,0.0,0.0,0.0,0.0,,,0.0,,0.0
2019-01-29,33,19677959.0,0,0,0.0,0.02167,0.02167,0.02167,,,2568981.0,,2568981.0
2019-01-30,33,20013519.0,0,0,0.0,0.0,0.0,0.0,,,0.0,,0.0
2019-01-31,33,20013519.0,0,0,0.0,0.00274,0.00274,0.00274,,,4955502.0,,4955502.0
2019-02-01,33,19976147.0,0,0,0.0,0.0,0.0,0.0,,,0.0,,0.0
2019-02-04,33,19976147.0,0,0,0.0,0.0,0.0,0.0,,,0.0,,0.0
2019-02-05,33,19976147.0,0,0,0.0,0.02345,0.02345,0.02345,,,7390959.0,,7390959.0
2019-02-06,33,19517112.0,0,0,0.0,0.00335,0.00335,0.00335,,,1732232.0,,1732232.0
2019-02-07,33,19547452.0,0,0,0.0,0.00112,0.00112,0.00112,,,750499.0,,750499.0
2019-02-08,33,19559300.0,0,0,0.0,0.0,0.0,0.0,,,0.0,,0.0
2019-02-11,33,19559300.0,0,0,0.0,0.0,0.0,0.0,,,0.0,,0.0
2019-02-12,33,19559300.0,0,0,0.0,0.00133,0.00133,0.00133,,,1046494.0,,1046494.0
2019-02-13,33,19536664.0,0,0,0.0,0.00261,0.00261,0.00261,,,3728325.0,,3728325.0
2019-02-14,33,19529956.0,0,0,0.0,0.0,0.0,0.0,,,0.0,,0.0
2019-02-15,33,19529956.0,0,0,0.0,0.00267,0.00267,0.00267,,,3498487.0,,3498487.0
2019-02-19,33,19555148.0,0,0,0.0,0.0,0.0,0.0,,,0.0,,0.0
2019-02-20,33,19555148.0,0,0,0.0,0.00925,0.00925,0.00925,,,2925182.0,,2925182.0
2019-02-21,33,19736053.0,0,0,0.0,0.0,0.0,0.0,,,0.0,,0.0
2019-02-22,33,19736053.0,0,0,0.0,0.00051,0.00051,0.00051,,,234573.0,,234573.0
2019-02-25,33,19732591.0,0,0,0.0,0.0,0.0,0.0,,,0.0,,0.0
2019-02-26,33,19732591.0,0,0,0.0,0.00458,0.00458,0.00458,,,1507847.0,,1507847.0
2019-02-27,33,19823028.0,0,0,0.0,0.0,0.0,0.0,,,0.0,,0.0
2019-02-28,33,19823028.0,0,0,0.0,0.00912,0.00912,0.00912,,,3061410.0,,3061410.0
2019-03-01,33,20003904.0,0,0,0.0,0.0,0.0,0.0,,,0.0,,0.0
2019-03-04,33,20003904.0,0,0,0.0,0.0,0.0,0.0,,,0.0,,0.0
2019-03-05,33,20003904.0,0,0,0.0,0.00174,0.00174,0.00174,,,1291340.0,,1291340.0
2019-03-06,33,19973331.0,0,0,0.0,0.01808,0.01808,0.01808,,,6061915.0,,6061915.0
2019-03-07,33,20334523.0,0,0,0.0,0.00444,0.00444,0.00444,,,1515816.0,,1515816.0
2019-03-08,33,20424822.0,0,0,0.0,0.00082,0.00082,0.00082,,,1386601.0,,1386601.0
2019-03-11,33,20431292.0,0,0,0.0,0.00296,0.00296,0.00296,,,990617.0,,990617.0
2019-03-12,33,20464666.0,0,0,0.0,0.00389,0.00389,0.00389,,,542464.0,,542464.0
2019-03-13,33,20544323.0,0,0,0.0,0.0096,0.0096,0.0096,,,3447936.0,,3447936.0
2019-03-14,33,20552757.0,0,0,0.0,0.01212,0.01212,0.01212,,,5124035.0,,5124035.0
2019-03-15,33,20721440.0,0,0,0.0,0.00873,0.00873,0.00873,,,3248543.0,,3248543.0
2019-03-18,33,20902252.0,0,0,0.0,0.00854,0.00854,0.00854,,,3058187.0,,3058187.0
2019-03-19,33,20935698.0,0,0,0.0,0.00431,0.00431,0.00431,,,1627313.0,,1627313.0
2019-03-20,33,21025859.0,0,0,0.0,0.00429,0.00429,0.00429,,,1636614.0,,1636614.0
2019-03-21,33,21116026.0,0,0,0.0,0.0,0.0,0.0,,,0.0,,0.0
2019-03-22,33,21116026.0,0,0,0.0,0.02445,0.02445,0.02445,,,9021460.0,,9021460.0
2019-03-25,33,21542715.0,0,0,0.0,0.00422,0.00422,0.00422,,,1598686.0,,1598686.0
2019-03-26,33,21633551.0,0,0,0.0,0.0,0.0,0.0,,,0.0,,0.0
2019-03-27,33,21633551.0,0,0,0.0,0.0042,0.0042,0.0042,,,1585489.0,,1585489.0
2019-03-28,33,21724376.0,0,0,0.0,0.00418,0.00418,0.00418,,,1611907.0,,1611907.0
2019-03-29,33,21815202.0,0,0,0.0,0.00341,0.00341,0.00341,,,2670575.0,,2670575.0
2019-04-01,33,21778119.0,0,0,0.0,0.0,0.0,0.0,,,0.0,,0.0
2019-04-02,33,21778119.0,0,0,0.0,0.01393,0.01393,0.01393,,,3148129.0,,3148129.0
2019-04-03,33,21541690.0,2,0,0.06061,0.02312,0.01792,0.02312,,,11652784.0,,11652784.0
2019-04-04,35,21659604.0,0,0,0.0,0.00993,0.00993,0.00993,,,2469981.0,,2469981.0
2019-04-05,35,21675806.0,0,0,0.0,0.02918,0.02918,0.02918,,,10904798.0,,10904798.0
2019-04-08,35,22262327.0,0,0,0.0,0.00505,0.00505,0.00505,,,1355273.0,,1355273.0
2019-04-09,35,22322142.0,0,0,0.0,0.01859,0.01859,0.01859,,,9452982.0,,9452982.0
2019-04-10,35,22674540.0,0,0,0.0,0.0,0.0,0.0,,,0.0,,0.0
2019-04-11,35,22674540.0,0,0,0.0,0.00395,0.00395,0.00395,,,1688660.0,,1688660.0
2019-04-12,35,22764113.0,0,0,0.0,0.00294,0.00294,0.00294,,,515354.0,,515354.0
2019-04-15,35,22714223.0,0,0,0.0,0.0003,0.0003,0.0003,,,195138.0,,195138.0
2019-04-16,35,22721046.0,0,0,0.0,0.02859,0.02859,0.02859,,,14118854.0,,14118854.0
2019-04-17,35,22977888.0,0,0,0.0,0.00384,0.00384,0.00384,,,1591039.0,,1591039.0
2019-04-18,35,23066212.0,0,0,0.0,0.02055,0.02055,0.02055,,,6794684.0,,6794684.0
2019-04-22,35,22739568.0,0,0,0.0,0.0,0.0,0.0,,,0.0,,0.0
2019-04-23,35,22739568.0,0,0,0.0,0.00383,0.00383,0.00383,,,1649272.0,,1649272.0
2019-04-24,35,22652494.0,0,0,0.0,0.0,0.0,0.0,,,0.0,,0.0
2019-04-25,35,22652494.0,0,0,0.0,0.00942,0.00942,0.00942,,,4352529.0,,4352529.0
2019-04-26,35,22451830.0,0,0,0.0,0.00769,0.00769,0.00769,,,3323121.0,,3323121.0
2019-04-29,35,22624407.0,0,0,0.0,0.00632,0.00632,0.00632,,,6681145.0,,6681145.0
2019-04-30,35,22669018.0,0,0,0.0,0.00605,0.00605,0.00605,,,11287371.0,,11287371.0
2019-05-01,35,22655969.0,0,0,0.0,0.0,0.0,0.0,,,0.0,,0.0
2019-05-02,35,22655969.0,0,0,0.0,0.00496,0.00496,0.00496,,,3383676.0,,3383676.0
2019-05-03,35,22627660.0,0,0,0.0,0.0,0.0,0.0,,,0.0,,0.0
2019-05-06,35,22627660.0,0,0,0.0,0.0038,0.0038,0.0038,,,1690932.0,,1690932.0
2019-05-07,35,22713632.0,1,0,0.02857,0.00234,0.00095,0.00234,,,1816266.0,,1816266.0
2019-05-08,36,22723585.0,0,0,0.0,0.01134,0.01134,0.01134,,,7561833.0,,7561833.0
2019-05-09,36,22737974.0,0,1,0.02778,0.0226,0.0226,0.0226,,,10888348.0,,10888348.0
2019-05-10,35,23209057.0,0,0,0.0,0.01097,0.01097,0.01097,,,7325032.0,,7325032.0
2019-05-13,35,23311330.0,0,0,0.0,0.0,0.0,0.0,,,0.0,,0.0
2019-05-14,35,23311330.0,1,0,0.02857,0.01151,0.01031,0.01151,,,12228656.0,,12228656.0
2019-05-15,36,23469313.0,0,0,0.0,0.0,0.0,0.0,,,0.0,,0.0
2019-05-16,36,23469313.0,0,0,0.0,0.0,0.0,0.0,,,0.0,,0.0
2019-05-17,36,23469313.0,0,0,0.0,0.0,0.0,0.0,,,0.0,,0.0
2019-05-20,36,23469313.0,0,0,0.0,0.0,0.0,0.0,,,0.0,,0.0
2019-05-21,36,23469313.0,0,0,0.0,0.00371,0.00371,0.00371,,,4371480.0,,4371480.0
2019-05-22,36,23440525.0,0,0,0.0,0.00206,0.00206,0.00206,,,1213552.0,,1213552.0
2019-05-23,36,23457490.0,0,0,0.0,0.0006,0.0006,0.0006,,,1058687.0,,1058687.0
2019-05-24,36,23471455.0,0,0,0.0,0.0,0.0,0.0,,,0.0,,0.0
2019-05-28,36,23471455.0,0,0,0.0,0.0,0.0,0.0,,,0.0,,0.0
2019-05-29,36,23471455.0,0,0,0.0,0.0,0.0,0.0,,,0.0,,0.0
2019-05-30,36,23471455.0,0,0,0.0,0.00168,0.00168,0.00168,,,1192024.0,,1192024.0
2019-05-31,36,23466558.0,0,0,0.0,0.0,0.0,0.0,,,0.0,,0.0
2019-06-03,36,23466558.0,0,0,0.0,0.0009,0.0009,0.0009,,,600847.0,,600847.0
2019-06-04,36,23487685.0,0,0,0.0,0.0,0.0,0.0,,,0.0,,0.0
2019-06-05,36,23487685.0,0,0,0.0,0.00376,0.00376,0.00376,,,1491844.0,,1491844.0
2019-06-06,36,23399453.0,0,0,0.0,0.0,0.0,0.0,,,0.0,,0.0
2019-06-07,36,23399453.0,0,0,0.0,0.0,0.0,0.0,,,0.0,,0.0
2019-06-10,36,23399453.0,0,0,0.0,0.0,0.0,0.0,,,0.0,,0.0
2019-06-11,36,23399453.0,0,0,0.0,0.0,0.0,0.0,,,0.0,,0.0
2019-06-12,36,23399453.0,0,0,0.0,0.0,0.0,0.0,,,0.0,,0.0
2019-06-13,36,23399453.0,0,0,0.0,0.01073,0.01073,0.01073,,,6234305.0,,6234305.0
2019-06-14,36,23593607.0,0,0,0.0,0.00465,0.00465,0.00465,,,1832088.0,,1832088.0
2019-06-17,36,23532753.0,0,0,0.0,0.02033,0.02033,0.02033,,,3271853.0,,3271853.0
2019-06-18,36,23783070.0,0,0,0.0,0.0,0.0,0.0,,,0.0,,0.0
2019-06-19,36,23783070.0,0,0,0.0,0.01081,0.01081,0.01081,,,11811412.0,,11811412.0
2019-06-20,36,23750005.0,0,0,0.0,0.0,0.0,0.0,,,0.0,,0.0
2019-06-21,36,23750005.0,1,0,0.02778,0.01002,0.0016,0.01002,,,9511256.0,,9511256.0
2019-06-24,37,23911919.0,0,0,0.0,0.0,0.0,0.0,,,0.0,,0.0
2019-06-25,37,23911919.0,0,1,0.02703,0.01459,0.01273,0.01459,,,11505245.0,,11505245.0
2019-06-26,36,23644812.0,0,0,0.0,0.00172,0.00172,0.00172,,,584112.0,,584112.0
2019-06-27,36,23685460.0,0,0,0.0,0.0,0.0,0.0,,,0.0,,0.0
2019-06-28,36,23685460.0,0,0,0.0,0.00031,0.00031,0.00031,,,125152.0,,125152.0
2019-07-01,36,23678098.0,0,0,0.0,0.00057,0.00057,0.00057,,,220286.0,,220286.0
2019-07-02,36,23664500.0,0,0,0.0,0.00625,0.00625,0.00625,,,6089543.0,,6089543.0
2019-07-03,36,23681150.0,0,0,0.0,0.00214,0.00214,0.00214,,,943846.0,,943846.0
2019-07-05,36,23723196.0,0,0,0.0,0.0,0.0,0.0,,,0.0,,0.0
2019-07-08,36,23723196.0,0,0,0.0,0.0,0.0,0.0,,,0.0,,0.0
2019-07-09,36,23723196.0,0,0,0.0,0.00385,0.00385,0.00385,,,1715700.0,,1715700.0
2019-07-10,36,23814413.0,0,0,0.0,0.00031,0.00031,0.00031,,,131511.0,,131511.0
2019-07-11,36,23806983.0,0,0,0.0,0.02681,0.02681,0.02681,,,11965027.0,,11965027.0
2019-07-12,36,24445301.0,0,0,0.0,0.0,0.0,0.0,,,0.0,,0.0
2019-07-15,36,24445301.0,0,0,0.0,0.00422,0.00422,0.00422,,,5580353.0,,5580353.0
2019-07-16,36,24359712.0,0,0,0.0,0.00493,0.00493,0.00493,,,3053269.0,,3053269.0
2019-07-17,36,24378256.0,0,0,0.0,0.00081,0.00081,0.00081,,,329836.0,,329836.0
2019-07-18,36,24358623.0,0,0,0.0,0.0116,0.0116,0.0116,,,5274726.0,,5274726.0
2019-07-19,36,24619687.0,0,0,0.0,0.00428,0.00428,0.00428,,,2579916.0,,2579916.0
2019-07-22,36,24631431.0,0,0,0.0,0.0,0.0,0.0,,,0.0,,0.0
2019-07-23,36,24631431.0,1,0,0.02778,0.00861,0.00788,0.00861,,,7484304.0,,7484304.0
2019-07-24,37,24547359.0,0,0,0.0,0.00569,0.00569,0.00569,,,2782395.0,,2782395.0
2019-07-25,37,24567246.0,0,0,0.0,0.00288,0.00288,0.00288,,,587671.0,,587671.0
2019-07-26,37,24617515.0,1,0,0.02703,0.01423,0.00814,0.01423,,,9406146.0,,9406146.0
2019-07-29,38,24567112.0,0,0,0.0,0.00417,0.00417,0.00417,,,4813594.0,,4813594.0
2019-07-30,38,24480133.0,1,0,0.02632,0.00588,0.00397,0.00588,,,9001233.0,,9001233.0
2019-07-31,39,24429503.0,0,0,0.0,0.00694,0.00694,0.00694,,,4429460.0,,4429460.0
2019-08-01,39,24490235.0,0,0,0.0,0.0,0.0,0.0,,,0.0,,0.0
2019-08-02,39,24490235.0,0,0,0.0,0.01393,0.01393,0.01393,,,7224645.0,,7224645.0
2019-08-05,39,24825369.0,0,1,0.02564,0.00197,0.00196,0.00197,,,2234231.0,,2234231.0
2019-08-06,38,24873435.0,0,0,0.0,0.0,0.0,0.0,,,0.0,,0.0
2019-08-07,38,24873435.0,0,0,0.0,0.0,0.0,0.0,,,0.0,,0.0
2019-08-08,38,24873435.0,0,0,0.0,0.00892,0.00892,0.00892,,,4236337.0,,4236337.0
2019-08-09,38,25006995.0,0,0,0.0,0.00169,0.00169,0.00169,,,1037163.0,,1037163.0
2019-08-12,38,24974684.0,0,0,0.0,0.0,0.0,0.0,,,0.0,,0.0
2019-08-13,38,24974684.0,0,0,0.0,0.02523,0.02523,0.02523,,,5716143.0,,5716143.0
2019-08-14,38,24369272.0,0,0,0.0,0.00225,0.00225,0.00225,,,673423.0,,673423.0
2019-08-15,38,24424135.0,0,0,0.0,0.0,0.0,0.0,,,0.0,,0.0
2019-08-16,38,24424135.0,0,0,0.0,0.0,0.0,0.0,,,0.0,,0.0
2019-08-19,38,24424135.0,0,0,0.0,0.0,0.0,0.0,,,0.0,,0.0
2019-08-20,38,24424135.0,0,0,0.0,0.0,0.0,0.0,,,0.0,,0.0
2019-08-21,38,24424135.0,0,0,0.0,0.0,0.0,0.0,,,0.0,,0.0
2019-08-22,38,24424135.0,0,0,0.0,0.00069,0.00069,0.00069,,,382064.0,,382064.0
2019-08-23,38,24440929.0,0,0,0.0,0.0,0.0,0.0,,,2350.0,,2350.0
2019-08-26,38,24441029.0,0,0,0.0,0.00405,0.00405,0.00405,,,1709908.0,,1709908.0
2019-08-27,38,24539987.0,0,1,0.02632,0.00982,0.00792,0.00982,,,7864579.0,,7864579.0
2019-08-28,37,24686731.0,0,0,0.0,0.05852,0.05852,0.05852,,,10112176.0,,10112176.0
2019-08-29,37,23648607.0,0,0,0.0,0.01935,0.01935,0.01935,,,3032654.0,,3032654.0
2019-08-30,37,23337348.0,1,0,0.02703,0.00233,0.00178,0.00233,,,1038062.0,,1038062.0
2019-09-03,38,23312729.0,0,0,0.0,0.00584,0.00584,0.00584,,,3108910.0,,3108910.0
2019-09-04,38,23316366.0,0,0,0.0,0.00689,0.00689,0.00689,,,1928662.0,,1928662.0
2019-09-05,38,23477122.0,0,0,0.0,0.00624,0.00624,0.00624,,,1866298.0,,1866298.0
2019-09-06,38,23452712.0,0,1,0.02632,0.01463,0.01197,0.01463,,,3511461.0,,3511461.0
2019-09-09,37,23464278.0,0,0,0.0,0.00246,0.00246,0.00246,,,320851.0,,320851.0
2019-09-10,37,23522089.0,0,0,0.0,0.00354,0.00354,0.00354,,,1695039.0,,1695039.0
2019-09-11,37,23560495.0,0,0,0.0,0.00554,0.00554,0.00554,,,1934873.0,,1934873.0
2019-09-12,37,23628790.0,0,0,0.0,0.01671,0.01671,0.01671,,,4673177.0,,4673177.0
2019-09-13,37,23790674.0,0,0,0.0,0.0,0.0,0.0,,,0.0,,0.0
2019-09-16,37,23790674.0,0,0,0.0,0.0,0.0,0.0,,,0.0,,0.0
2019-09-17,37,23790674.0,0,0,0.0,0.0,0.0,0.0,,,0.0,,0.0
2019-09-18,37,23790674.0,0,0,0.0,0.0,0.0,0.0,,,0.0,,0.0
2019-09-19,37,23790674.0,0,0,0.0,0.01107,0.01107,0.01107,,,4770981.0,,4770981.0
2019-09-20,37,23527397.0,0,0,0.0,0.0,0.0,0.0,,,0.0,,0.0
2019-09-23,37,23527397.0,0,0,0.0,0.0,0.0,0.0,,,0.0,,0.0
2019-09-24,37,23527397.0,0,0,0.0,0.0,0.0,0.0,,,0.0,,0.0
2019-09-25,37,23527397.0,0,0,0.0,0.0,0.0,0.0,,,0.0,,0.0
2019-09-26,37,23527397.0,0,0,0.0,0.00364,0.00364,0.00364,,,435802.0,,435802.0
2019-09-27,37,23441787.0,0,0,0.0,0.0023,0.0023,0.0023,,,562680.0,,562680.0
2019-09-30,37,23495787.0,0,0,0.0,0.0,0.0,0.0,,,0.0,,0.0
2019-10-01,37,23495787.0,0,0,0.0,0.00532,0.00532,0.00532,,,4269381.0,,4269381.0
2019-10-02,37,23491189.0,0,0,0.0,0.0,0.0,0.0,,,0.0,,0.0
2019-10-03,37,23491189.0,0,0,0.0,0.01053,0.01053,0.01053,,,7604761.0,,7604761.0
2019-10-04,37,23431486.0,0,0,0.0,0.00231,0.00231,0.00231,,,894585.0,,894585.0
2019-10-07,37,23485720.0,0,0,0.0,0.00855,0.00855,0.00855,,,3428920.0,,3428920.0
2019-10-08,37,23417918.0,0,0,0.0,0.003,0.003,0.003,,,1200320.0,,1200320.0
2019-10-09,37,23416201.0,0,0,0.0,0.00913,0.00913,0.00913,,,3508146.0,,3508146.0
2019-10-10,37,23382850.0,0,0,0.0,0.00123,0.00123,0.00123,,,639882.0,,639882.0
2019-10-11,37,23399264.0,0,0,0.0,0.00322,0.00322,0.00322,,,744888.0,,744888.0
2019-10-14,37,23364149.0,0,0,0.0,0.00214,0.00214,0.00214,,,438381.0,,438381.0
2019-10-15,37,23340601.0,0,0,0.0,0.00799,0.00799,0.00799,,,4734393.0,,4734393.0
2019-10-16,37,23409415.0,0,0,0.0,0.00311,0.00311,0.00311,,,1125224.0,,1125224.0
2019-10-17,37,23437908.0,0,0,0.0,0.00644,0.00644,0.00644,,,2419942.0,,2419942.0
2019-10-18,37,23383911.0,0,0,0.0,0.0,0.0,0.0,,,0.0,,0.0
2019-10-21,37,23383911.0,0,0,0.0,0.00525,0.00525,0.00525,,,5643067.0,,5643067.0
2019-10-22,37,23486265.0,0,0,0.0,0.00718,0.00718,0.00718,,,2307445.0,,2307445.0
2019-10-23,37,23618752.0,0,0,0.0,0.00702,0.00702,0.00702,,,3408340.0,,3408340.0
2019-10-24,37,23774618.0,0,0,0.0,0.00052,0.00052,0.00052,,,66968.0,,66968.0
2019-10-25,37,23786951.0,0,0,0.0,0.01038,0.01038,0.01038,,,3322770.0,,3322770.0
2019-10-28,37,24022758.0,0,0,0.0,0.0,0.0,0.0,,,0.0,,0.0
2019-10-29,37,24022758.0,0,0,0.0,0.00818,0.00818,0.00818,,,3487781.0,,3487781.0
2019-10-30,37,24156923.0,0,0,0.0,0.00379,0.00379,0.00379,,,1496593.0,,1496593.0
2019-10-31,37,24248398.0,0,0,0.0,0.01365,0.01365,0.01365,,,3823244.0,,3823244.0
2019-11-01,37,24509515.0,0,0,0.0,0.0,0.0,0.0,,,0.0,,0.0
2019-11-04,37,24509515.0,0,0,0.0,0.01803,0.01803,0.01803,,,9227579.0,,9227579.0
2019-11-05,37,24846868.0,0,0,0.0,0.00154,0.00154,0.00154,,,1004580.0,,1004580.0
2019-11-06,37,24864468.0,0,0,0.0,0.00382,0.00382,0.00382,,,685490.0,,685490.0
2019-11-07,37,24959407.0,0,0,0.0,0.00589,0.00589,0.00589,,,2955429.0,,2955429.0
2019-11-08,37,25097796.0,0,0,0.0,0.00356,0.00356,0.00356,,,2811685.0,,2811685.0
2019-11-11,37,25179057.0,0,0,0.0,0.00032,0.00032,0.00032,,,142315.0,,142315.0
2019-11-12,37,25187012.0,0,0,0.0,0.0079,0.0079,0.0079,,,3610323.0,,3610323.0
2019-11-13,37,25335226.0,0,0,0.0,0.00308,0.00308,0.00308,,,734676.0,,734676.0
2019-11-14,37,25402944.0,0,0,0.0,0.00144,0.00144,0.00144,,,158696.0,,158696.0
2019-11-15,37,25439510.0,0,0,0.0,0.0,0.0,0.0,,,0.0,,0.0
2019-11-18,37,25439510.0,0,0,0.0,0.0,0.0,0.0,,,0.0,,0.0
2019-11-19,37,25439510.0,0,0,0.0,0.0,0.0,0.0,,,0.0,,0.0
2019-11-20,37,25439510.0,0,0,0.0,0.0,0.0,0.0,,,0.0,,0.0
2019-11-21,37,25439510.0,0,0,0.0,0.00373,0.00373,0.00373,,,1618504.0,,1618504.0
2019-11-22,37,25534406.0,0,0,0.0,0.00372,0.00372,0.00372,,,1634856.0,,1634856.0
2019-11-25,37,25629302.0,0,0,0.0,0.0,0.0,0.0,,,0.0,,0.0
2019-11-26,37,25629302.0,0,0,0.0,0.0,0.0,0.0,,,0.0,,0.0
2019-11-27,37,25629302.0,0,0,0.0,0.0037,0.0037,0.0037,,,1729504.0,,1729504.0
2019-11-29,37,25724196.0,0,0,0.0,0.01107,0.01107,0.01107,,,5230134.0,,5230134.0
2019-12-02,37,26008883.0,0,0,0.0,0.0,0.0,0.0,,,0.0,,0.0
2019-12-03,37,26008883.0,0,0,0.0,0.00038,0.00038,0.00038,,,968327.0,,968327.0
2019-12-04,37,26010683.0,0,0,0.0,0.0037,0.0037,0.0037,,,2736993.0,,2736993.0
2019-12-05,37,26054704.0,0,0,0.0,0.00393,0.00393,0.00393,,,644713.0,,644713.0
2019-12-06,37,26157141.0,0,0,0.0,0.00365,0.00365,0.00365,,,1726057.0,,1726057.0
2019-12-09,37,26061706.0,0,0,0.0,0.0,0.0,0.0,,,0.0,,0.0
2019-12-10,37,26061706.0,0,0,0.0,0.0026,0.0026,0.0026,,,1355328.0,,1355328.0
2019-12-11,37,26066801.0,0,0,0.0,0.0,0.0,0.0,,,0.0,,0.0
2019-12-12,37,26066801.0,0,0,0.0,0.01831,0.01831,0.01831,,,8616605.0,,8616605.0
2019-12-13,37,26544061.0,0,0,0.0,0.00205,0.00205,0.00205,,,1475541.0,,1475541.0
2019-12-16,37,26576165.0,0,0,0.0,0.0,0.0,0.0,,,0.0,,0.0
2019-12-17,37,26576165.0,0,0,0.0,0.0,0.0,0.0,,,0.0,,0.0
2019-12-18,37,26576165.0,0,0,0.0,0.0,0.0,0.0,,,0.0,,0.0
2019-12-19,37,26576165.0,0,0,0.0,0.01971,0.01971,0.01971,,,8227294.0,,8227294.0
2019-12-20,37,27036362.0,0,0,0.0,0.00301,0.00301,0.00301,,,1162621.0,,1162621.0
2019-12-23,37,27081406.0,0,0,0.0,0.01452,0.01452,0.01452,,,7533191.0,,7533191.0
2019-12-24,37,27469891.0,0,0,0.0,0.02424,0.02424,0.02424,,,10699212.0,,10699212.0
2019-12-26,37,28106131.0,0,0,0.0,0.00517,0.00517,0.00517,,,13008288.0,,13008288.0
2019-12-27,37,28151015.0,0,1,0.02703,0.00319,0.00118,0.00319,,,3761988.0,,3761988.0
2019-12-30,36,28127558.0,0,0,0.0,0.0,0.0,0.0,,,0.0,,0.0
2019-12-31,36,28127558.0,0,0,0.0,0.00212,0.00212,0.00212,,,2052652.0,,2052652.0
2020-01-02,36,28161479.0,0,0,0.0,0.01718,0.01718,0.01718,,,8326968.0,,8326968.0
2020-01-03,36,27677695.0,0,0,0.0,0.00627,0.00627,0.00627,,,4178196.0,,4178196.0
2020-01-06,36,27748889.0,0,0,0.0,0.00121,0.00121,0.00121,,,2197088.0,,2197088.0
2020-01-07,36,27743098.0,0,0,0.0,0.00018,0.00018,0.00018,,,64599.0,,64599.0
2020-01-08,36,27738090.0,0,0,0.0,0.00017,0.00017,0.00017,,,63891.0,,63891.0
2020-01-09,36,27733286.0,0,0,0.0,0.00038,0.00038,0.00038,,,146712.0,,146712.0
2020-01-10,36,27722881.0,0,0,0.0,0.00395,0.00395,0.00395,,,1915011.0,,1915011.0
2020-01-13,36,27806995.0,0,0,0.0,0.00226,0.00226,0.00226,,,1238767.0,,1238767.0
2020-01-14,36,27835873.0,0,0,0.0,0.00092,0.00092,0.00092,,,718588.0,,718588.0
2020-01-15,36,27849263.0,0,0,0.0,0.01451,0.01451,0.01451,,,11637900.0,,11637900.0
2020-01-16,36,28126017.0,0,0,0.0,0.00666,0.00666,0.00666,,,2607288.0,,2607288.0
2020-01-17,36,28280269.0,0,0,0.0,0.01034,0.01034,0.01034,,,5248301.0,,5248301.0
2020-01-21,36,28572738.0,0,0,0.0,0.0,0.0,0.0,,,0.0,,0.0
2020-01-22,36,28572738.0,0,0,0.0,0.0,0.0,0.0,,,0.0,,0.0
2020-01-23,36,28572738.0,0,0,0.0,0.0,0.0,0.0,,,0.0,,0.0
2020-01-24,36,28572738.0,0,0,0.0,0.0,0.0,0.0,,,0.0,,0.0
2020-01-27,36,28572738.0,0,0,0.0,0.00813,0.00813,0.00813,,,5720721.0,,5720721.0
2020-01-28,36,28774689.0,1,0,0.02778,0.00683,0.00283,0.00683,,,5224304.0,,5224304.0
2020-01-29,37,28893951.0,0,1,0.02703,0.00526,0.00427,0.00526,,,4393348.0,,4393348.0
2020-01-30,36,28800161.0,0,0,0.0,0.00812,0.00812,0.00812,,,1128618.0,,1128618.0
2020-01-31,36,29034030.0,0,0,0.0,0.00527,0.00527,0.00527,,,6691532.0,,6691532.0
2020-02-03,36,29040679.0,0,0,0.0,0.0,0.0,0.0,,,0.0,,0.0
2020-02-04,36,29040679.0,0,0,0.0,0.00049,0.00049,0.00049,,,393494.0,,393494.0
2020-02-05,36,29026771.0,0,0,0.0,0.00379,0.00379,0.00379,,,3478283.0,,3478283.0
2020-02-06,36,29057379.0,0,0,0.0,0.00255,0.00255,0.00255,,,1612505.0,,1612505.0
2020-02-07,36,29014916.0,0,0,0.0,0.00659,0.00659,0.00659,,,3418125.0,,3418125.0
2020-02-10,36,29173525.0,0,0,0.0,0.00606,0.00606,0.00606,,,1520414.0,,1520414.0
2020-02-11,36,29322298.0,0,0,0.0,0.01304,0.01304,0.01304,,,4610795.0,,4610795.0
2020-02-12,36,29688825.0,0,0,0.0,0.01566,0.01566,0.01566,,,6019276.0,,6019276.0
2020-02-13,36,30146113.0,0,0,0.0,0.00095,0.00095,0.00095,,,304883.0,,304883.0
2020-02-14,36,30117578.0,0,0,0.0,0.00332,0.00332,0.00332,,,1838854.0,,1838854.0
2020-02-18,36,30217612.0,0,0,0.0,0.01986,0.01986,0.01986,,,11063773.0,,11063773.0
2020-02-19,36,30817865.0,0,0,0.0,0.01476,0.01476,0.01476,,,7031670.0,,7031670.0
2020-02-20,36,31227808.0,0,0,0.0,0.00323,0.00323,0.00323,,,1853075.0,,1853075.0
2020-02-21,36,31328521.0,0,0,0.0,0.01608,0.01608,0.01608,,,9081493.0,,9081493.0
2020-02-24,36,31742104.0,0,0,0.0,0.01003,0.01003,0.01003,,,4085922.0,,4085922.0
2020-02-25,36,31817986.0,0,0,0.0,0.00452,0.00452,0.00452,,,3869491.0,,3869491.0
2020-02-26,36,31873232.0,0,0,0.0,0.02271,0.02271,0.02271,,,13088587.0,,13088587.0
2020-02-27,36,32527416.0,0,0,0.0,0.01005,0.01005,0.01005,,,3850081.0,,3850081.0
2020-02-28,36,32477851.0,0,0,0.0,0.02699,0.02699,0.02699,,,22762552.0,,22762552.0
2020-03-02,36,32899710.0,0,0,0.0,0.0112,0.0112,0.0112,,,6637698.0,,6637698.0
2020-03-03,36,33010869.0,0,0,0.0,0.00157,0.00157,0.00157,,,763195.0,,763195.0
2020-03-04,36,33054293.0,0,0,0.0,0.00176,0.00176,0.00176,,,1150854.0,,1150854.0
2020-03-05,36,33107090.0,0,0,0.0,0.00743,0.00743,0.00743,,,5609365.0,,5609365.0
2020-03-06,36,33334132.0,0,0,0.0,0.00362,0.00362,0.00362,,,3649365.0,,3649365.0
2020-03-09,36,33406499.0,0,0,0.0,0.0262,0.0262,0.0262,,,23209354.0,,23209354.0
2020-03-10,36,34079099.0,0,0,0.0,0.01686,0.01686,0.01686,,,13294187.0,,13294187.0
2020-03-11,36,34535035.0,0,0,0.0,0.00354,0.00354,0.00354,,,2391528.0,,2391528.0
2020-03-12,36,34557171.0,0,0,0.0,0.02841,0.02841,0.02841,,,11037756.0,,11037756.0
2020-03-13,36,35504666.0,0,0,0.0,0.02509,0.02509,0.02509,,,8216395.0,,8216395.0
2020-03-16,36,35571737.0,0,0,0.0,0.00064,0.00064,0.00064,,,293404.0,,293404.0
2020-03-17,36,35579939.0,0,0,0.0,0.00386,0.00386,0.00386,,,1325091.0,,1325091.0
2020-03-18,36,35603835.0,0,1,0.02778,0.01425,0.01061,0.01425,,,4774553.0,,4774553.0
2020-03-19,35,35808513.0,0,0,0.0,0.01355,0.01355,0.01355,,,6816140.0,,6816140.0
2020-03-20,35,36247058.0,0,0,0.0,0.00828,0.00828,0.00828,,,4100383.0,,4100383.0
2020-03-23,35,35965956.0,0,0,0.0,0.00307,0.00307,0.00307,,,1346985.0,,1346985.0
2020-03-24,35,35855553.0,0,0,0.0,0.00979,0.00979,0.00979,,,6103387.0,,6103387.0
2020-03-25,35,36075983.0,0,0,0.0,0.01147,0.01147,0.01147,,,1717115.0,,1717115.0
2020-03-26,35,35715192.0,0,0,0.0,0.01062,0.01062,0.01062,,,5178667.0,,5178667.0
2020-03-27,35,36034815.0,0,0,0.0,0.0,0.0,0.0,,,0.0,,0.0
2020-03-30,35,36034815.0,0,0,0.0,0.00124,0.00124,0.00124,,,209216.0,,209216.0
2020-03-31,35,36079615.0,0,0,0.0,0.00732,0.00732,0.00732,,,3332071.0,,3332071.0
2020-04-01,35,36343745.0,0,0,0.0,0.01301,0.01301,0.01301,,,5937982.0,,5937982.0
2020-04-02,35,36816422.0,0,0,0.0,0.00846,0.00846,0.00846,,,3914038.0,,3914038.0
2020-04-03,35,37095048.0,0,0,0.0,0.01117,0.01117,0.01117,,,7481598.0,,7481598.0
2020-04-06,35,37454597.0,0,0,0.0,0.00747,0.00747,0.00747,,,1585075.0,,1585075.0
2020-04-07,35,37712006.0,1,0,0.02857,0.0014,0.00025,0.0014,,,5323201.0,,5323201.0
2020-04-08,36,37745735.0,0,0,0.0,0.0,0.0,0.0,,,0.0,,0.0
2020-04-09,36,37745735.0,0,0,0.0,0.0,0.0,0.0,,,0.0,,0.0
2020-04-13,36,37745735.0,0,0,0.0,0.01201,0.01201,0.01201,,,6690322.0,,6690322.0
2020-04-14,36,38199052.0,0,0,0.0,0.0,0.0,0.0,,,0.0,,0.0
2020-04-15,36,38199052.0,0,0,0.0,0.00593,0.00593,0.00593,,,3497557.0,,3497557.0
2020-04-16,36,38425695.0,0,0,0.0,0.00885,0.00885,0.00885,,,5439532.0,,5439532.0
2020-04-17,36,38765655.0,0,0,0.0,0.02174,0.02174,0.02174,,,12934414.0,,12934414.0
2020-04-20,36,39209084.0,0,0,0.0,0.00578,0.00578,0.00578,,,3848357.0,,3848357.0
2020-04-21,36,39435715.0,0,1,0.02778,0.01586,0.01586,0.01586,,,12215154.0,,12215154.0
2020-04-22,35,39972202.0,0,0,0.0,0.00283,0.00283,0.00283,,,1943750.0,,1943750.0
2020-04-23,35,40085403.0,0,0,0.0,0.01977,0.01977,0.01977,,,14532092.0,,14532092.0
2020-04-24,35,40808987.0,0,0,0.0,0.00831,0.00831,0.00831,,,6002012.0,,6002012.0
2020-04-27,35,41148041.0,0,0,0.0,0.00449,0.00449,0.00449,,,3164274.0,,3164274.0
2020-04-28,35,41175019.0,1,0,0.02857,0.03506,0.03211,0.03506,,,27539858.0,,27539858.0
2020-04-29,36,42583263.0,0,0,0.0,0.0154,0.0154,0.0154,,,12213086.0,,12213086.0
2020-04-30,36,43238957.0,0,0,0.0,0.00274,0.00274,0.00274,,,6016393.0,,6016393.0
2020-05-01,36,43333191.0,0,0,0.0,0.00014,0.00014,0.00014,,,288579.0,,288579.0
2020-05-04,36,43327236.0,0,0,0.0,0.00146,0.00146,0.00146,,,2245324.0,,2245324.0
2020-05-05,36,43332715.0,0,0,0.0,0.00219,0.00219,0.00219,,,5963358.0,,5963358.0
2020-05-06,36,43340411.0,0,0,0.0,0.00796,0.00796,0.00796,,,7690214.0,,7690214.0
2020-05-07,36,43587542.0,0,0,0.0,0.03307,0.03307,0.03307,,,21569709.0,,21569709.0
2020-05-08,36,44878041.0,0,0,0.0,0.01199,0.01199,0.01199,,,4722036.0,,4722036.0
2020-05-11,36,45275306.0,0,0,0.0,0.00874,0.00874,0.00874,,,7356062.0,,7356062.0
2020-05-12,36,45635282.0,0,0,0.0,0.01665,0.01665,0.01665,,,14928920.0,,14928920.0
2020-05-13,36,46394967.0,0,0,0.0,0.00751,0.00751,0.00751,,,6965563.0,,6965563.0
2020-05-14,36,46743316.0,1,0,0.02778,0.01587,0.01405,0.01587,,,23003882.0,,23003882.0
2020-05-15,37,47374535.0,0,0,0.0,0.0,0.0,0.0,,,0.0,,0.0
2020-05-18,37,47374535.0,0,0,0.0,0.00115,0.00115,0.00115,,,4032697.0,,4032697.0
2020-05-19,37,47383056.0,0,0,0.0,0.00633,0.00633,0.00633,,,8720505.0,,8720505.0
2020-05-20,37,47601870.0,0,0,0.0,0.02,0.02,0.02,,,18788373.0,,18788373.0
2020-05-21,37,48554057.0,0,0,0.0,0.01989,0.01989,0.01989,,,20628092.0,,20628092.0
2020-05-22,37,49496909.0,0,0,0.0,0.01866,0.01866,0.01866,,,19547461.0,,19547461.0
2020-05-26,37,50420377.0,0,0,0.0,0.01268,0.01268,0.01268,,,13021750.0,,13021750.0
2020-05-27,37,50910302.0,0,0,0.0,0.01457,0.01457,0.01457,,,17336019.0,,17336019.0
2020-05-28,37,51634864.0,0,0,0.0,0.00264,0.00264,0.00264,,,3913074.0,,3913074.0
2020-05-29,37,51771305.0,0,0,0.0,0.0,0.0,0.0,,,0.0,,0.0
2020-06-01,37,51771305.0,0,0,0.0,0.01495,0.01495,0.01495,,,16017718.0,,16017718.0
2020-06-02,37,52545372.0,0,0,0.0,0.01062,0.01062,0.01062,,,19759028.0,,19759028.0
2020-06-03,37,52532244.0,0,0,0.0,0.00388,0.00388,0.00388,,,4926211.0,,4926211.0
2020-06-04,37,52579561.0,0,0,0.0,0.01039,0.01039,0.01039,,,9673324.0,,9673324.0
2020-06-05,37,52962654.0,0,0,0.0,0.00507,0.00507,0.00507,,,4627839.0,,4627839.0
2020-06-08,37,53231188.0,0,0,0.0,0.00026,0.00026,0.00026,,,102378.0,,102378.0
2020-06-09,37,53245174.0,0,0,0.0,0.00141,0.00141,0.00141,,,912000.0,,912000.0
2020-06-10,37,53170174.0,0,0,0.0,0.00329,0.00329,0.00329,,,5255250.0,,5255250.0
2020-06-11,37,53295174.0,0,0,0.0,0.00749,0.00749,0.00749,,,6801969.0,,6801969.0
2020-06-12,37,53530964.0,0,0,0.0,4e-05,4e-05,4e-05,,,63020.0,,63020.0
2020-06-15,37,53532964.0,0,0,0.0,0.00401,0.00401,0.00401,,,3439847.0,,3439847.0
2020-06-16,37,53452445.0,0,0,0.0,0.00364,0.00364,0.00364,,,1818912.0,,1818912.0
2020-06-17,37,53352860.0,0,0,0.0,0.00368,0.00368,0.00368,,,733292.0,,733292.0
2020-06-18,37,53549453.0,0,0,0.0,0.00561,0.00561,0.00561,,,8235548.0,,8235548.0
2020-06-19,37,53731676.0,0,0,0.0,0.00714,0.00714,0.00714,,,10251059.0,,10251059.0
2020-06-22,37,53942085.0,0,0,0.0,0.0038,0.0038,0.0038,,,6264526.0,,6264526.0
2020-06-23,37,53978563.0,0,0,0.0,0.04711,0.04711,0.04711,,,68492357.0,,68492357.0
2020-06-24,37,55592537.0,0,0,0.0,0.0203,0.0203,0.0203,,,23894861.0,,23894861.0
2020-06-25,37,56720949.0,0,0,0.0,0.01893,0.01893,0.01893,,,24014689.0,,24014689.0
2020-06-26,37,57794831.0,0,0,0.0,0.00226,0.00226,0.00226,,,3072614.0,,3072614.0
2020-06-29,37,57895737.0,0,0,0.0,0.00802,0.00802,0.00802,,,10178850.0,,10178850.0
2020-06-30,37,58360215.0,1,0,0.02703,0.00422,0.00383,0.00422,,,8555325.0,,8555325.0
2020-07-01,38,58446831.0,0,0,0.0,0.00445,0.00445,0.00445,,,6323501.0,,6323501.0
2020-07-02,38,58685809.0,0,0,0.0,0.01034,0.01034,0.01034,,,16857717.0,,16857717.0
2020-07-06,38,59278941.0,0,0,0.0,0.00558,0.00558,0.00558,,,7883435.0,,7883435.0
2020-07-07,38,59609460.0,0,0,0.0,0.01114,0.01114,0.01114,,,16183668.0,,16183668.0
2020-07-08,38,60273444.0,0,0,0.0,0.02056,0.02056,0.02056,,,30702634.0,,30702634.0
2020-07-09,38,61512469.0,0,0,0.0,0.01334,0.01334,0.01334,,,20810282.0,,20810282.0
2020-07-10,38,62297272.0,0,0,0.0,0.00702,0.00702,0.00702,,,10470481.0,,10470481.0
2020-07-13,38,62734717.0,0,0,0.0,0.00351,0.00351,0.00351,,,5213303.0,,5213303.0
2020-07-14,38,62955189.0,2,0,0.05263,0.01621,0.01419,0.01621,,,62973976.0,,62973976.0
2020-07-15,40,63715063.0,0,0,0.0,0.00659,0.00659,0.00659,,,18943271.0,,18943271.0
2020-07-16,40,63682175.0,0,0,0.0,0.0297,0.0297,0.0297,,,46414995.0,,46414995.0
2020-07-17,40,65573801.0,0,0,0.0,0.00671,0.00671,0.00671,,,10969765.0,,10969765.0
2020-07-20,40,66013793.0,1,0,0.025,0.00212,0.00167,0.00212,,,4675618.0,,4675618.0
2020-07-21,41,66153793.0,0,1,0.02439,0.01365,0.01365,0.01365,,,22837674.0,,22837674.0
2020-07-22,40,67055449.0,0,0,0.0,0.0072,0.0072,0.0072,,,13956491.0,,13956491.0
2020-07-23,40,67410667.0,0,0,0.0,0.00141,0.00141,0.00141,,,3783979.0,,3783979.0
2020-07-24,40,67431283.0,0,0,0.0,0.00679,0.00679,0.00679,,,10810086.0,,10810086.0
2020-07-27,40,67889103.0,0,0,0.0,2e-05,2e-05,2e-05,,,24565.0,,24565.0
2020-07-28,40,67890532.0,0,0,0.0,0.00292,0.00292,0.00292,,,4386763.0,,4386763.0
2020-07-29,40,67911175.0,0,0,0.0,0.00162,0.00162,0.00162,,,2590084.0,,2590084.0
2020-07-30,40,68021225.0,0,0,0.0,0.00014,0.00014,0.00014,,,174588.0,,174588.0
2020-07-31,40,68011535.0,0,0,0.0,0.00029,0.00029,0.00029,,,307767.0,,307767.0
2020-08-03,40,68031138.0,0,0,0.0,0.0,0.0,0.0,,,0.0,,0.0
2020-08-04,40,68031138.0,2,0,0.05,0.00854,0.00723,0.00854,,,24817391.0,,24817391.0
2020-08-05,42,68004622.0,0,0,0.0,0.01682,0.01682,0.01682,,,32582026.0,,32582026.0
2020-08-06,42,68942174.0,0,0,0.0,0.01837,0.01837,0.01837,,,37088445.0,,37088445.0
2020-08-07,42,69908857.0,0,0,0.0,0.00676,0.00676,0.00676,,,13144382.0,,13144382.0
2020-08-10,42,70197775.0,0,0,0.0,0.02342,0.02342,0.02342,,,39879238.0,,39879238.0
2020-08-11,42,71055725.0,0,0,0.0,0.01174,0.01174,0.01174,,,20043843.0,,20043843.0
2020-08-12,42,70822478.0,0,0,0.0,0.00653,0.00653,0.00653,,,23659556.0,,23659556.0
2020-08-13,42,70847085.0,0,0,0.0,0.03097,0.03097,0.03097,,,41940399.0,,41940399.0
2020-08-14,42,72085095.0,0,0,0.0,0.0055,0.0055,0.0055,,,9630116.0,,9630116.0
2020-08-17,42,72319307.0,0,0,0.0,0.00211,0.00211,0.00211,,,5501332.0,,5501332.0
2020-08-18,42,72350552.0,0,0,0.0,0.00485,0.00485,0.00485,,,8252419.0,,8252419.0
2020-08-19,42,72592282.0,0,0,0.0,0.00263,0.00263,0.00263,,,5190132.0,,5190132.0
2020-08-20,42,72720738.0,0,0,0.0,0.02014,0.02014,0.02014,,,36901529.0,,36901529.0
2020-08-21,42,74070375.0,0,0,0.0,0.01165,0.01165,0.01165,,,22150039.0,,22150039.0
2020-08-24,42,74881740.0,0,0,0.0,0.00431,0.00431,0.00431,,,9303118.0,,9303118.0
2020-08-25,42,75114189.0,1,0,0.02381,0.01565,0.01358,0.01565,,,53817695.0,,53817695.0
2020-08-26,43,75533651.0,0,0,0.0,0.00857,0.00857,0.00857,,,15955619.0,,15955619.0
2020-08-27,43,75954149.0,0,0,0.0,0.02582,0.02582,0.02582,,,48164022.0,,48164022.0
2020-08-28,43,77898718.0,0,0,0.0,0.01402,0.01402,0.01402,,,26782360.0,,26782360.0
2020-08-31,43,78982752.0,0,0,0.0,0.00738,0.00738,0.00738,,,14378550.0,,14378550.0
2020-09-01,43,79528382.0,1,1,0.04651,0.01645,0.01591,0.01645,,,36134870.0,,36134870.0
2020-09-02,43,80734407.0,0,1,0.02326,0.0128,0.0128,0.0128,,,31656889.0,,31656889.0
2020-09-03,42,81130953.0,0,0,0.0,0.05802,0.05802,0.05802,,,16108948.0,,16108948.0
2020-09-04,42,85838094.0,0,0,0.0,0.00161,0.00161,0.00161,,,9105926.0,,9105926.0
2020-09-08,42,85894517.0,0,0,0.0,0.01641,0.01641,0.01641,,,43443037.0,,43443037.0
2020-09-09,42,84731381.0,0,0,0.0,0.00453,0.00453,0.00453,,,8638760.0,,8638760.0
2020-09-10,42,84347146.0,0,0,0.0,0.00493,0.00493,0.00493,,,8670424.0,,8670424.0
2020-09-11,42,84676156.0,0,0,0.0,0.0042,0.0042,0.0042,,,9725627.0,,9725627.0
2020-09-14,42,84440656.0,0,0,0.0,0.00529,0.00529,0.00529,,,11686078.0,,11686078.0
2020-09-15,42,84881381.0,0,0,0.0,0.00494,0.00494,0.00494,,,24298349.0,,24298349.0
2020-09-16,42,85137835.0,0,0,0.0,0.01382,0.01382,0.01382,,,31967983.0,,31967983.0
2020-09-17,42,86250050.0,0,0,0.0,0.01287,0.01287,0.01287,,,71193534.0,,71193534.0
2020-09-18,42,86875361.0,0,0,0.0,0.0019,0.0019,0.0019,,,22284365.0,,22284365.0
2020-09-21,42,86937417.0,0,0,0.0,0.00146,0.00146,0.00146,,,8383618.0,,8383618.0
2020-09-22,42,86950972.0,0,0,0.0,0.00035,0.00035,0.00035,,,573438.0,,573438.0
2020-09-23,42,86920142.0,0,0,0.0,0.00761,0.00761,0.00761,,,16218855.0,,16218855.0
2020-09-24,42,87552898.0,0,0,0.0,0.00857,0.00857,0.00857,,,16526812.0,,16526812.0
2020-09-25,42,88295245.0,0,0,0.0,0.01959,0.01959,0.01959,,,19284205.0,,19284205.0
2020-09-28,42,89823395.0,0,0,0.0,0.01699,0.01699,0.01699,,,6100525.0,,6100525.0
2020-09-29,42,88297741.0,0,0,0.0,0.0017,0.0017,0.0017,,,5231235.0,,5231235.0
2020-09-30,42,88428067.0,0,0,0.0,0.00413,0.00413,0.00413,,,11274071.0,,11274071.0
2020-10-01,42,88793387.0,0,0,0.0,0.01363,0.01363,0.01363,,,32001593.0,,32001593.0
2020-10-02,42,89987277.0,1,0,0.02381,0.0116,0.00827,0.0116,,,29610873.0,,29610873.0
2020-10-05,43,91031078.0,0,0,0.0,0.00028,0.00028,0.00028,,,464688.0,,464688.0
2020-10-06,43,91005878.0,0,0,0.0,0.00744,0.00744,0.00744,,,26033421.0,,26033421.0
2020-10-07,43,91442344.0,0,0,0.0,0.01369,0.01369,0.01369,,,38733663.0,,38733663.0
2020-10-08,43,92651911.0,0,0,0.0,0.00827,0.00827,0.00827,,,24034611.0,,24034611.0
2020-10-09,43,93378023.0,0,0,0.0,0.01414,0.01414,0.01414,,,43726365.0,,43726365.0
2020-10-12,43,94698645.0,0,0,0.0,0.00486,0.00486,0.00486,,,19700009.0,,19700009.0
2020-10-13,43,95148679.0,0,0,0.0,0.01746,0.01746,0.01746,,,60561932.0,,60561932.0
2020-10-14,43,96802369.0,0,0,0.0,0.01238,0.01238,0.01238,,,43382064.0,,43382064.0
2020-10-15,43,97995025.0,2,0,0.04651,0.01435,0.01274,0.01435,,,75410885.0,,75410885.0
2020-10-16,45,99398234.0,0,0,0.0,0.00227,0.00227,0.00227,,,20255163.0,,20255163.0
2020-10-19,45,99621933.0,0,0,0.0,1e-05,1e-05,1e-05,,,22350.0,,22350.0
2020-10-20,45,99620717.0,2,0,0.04444,0.0071,0.00663,0.0071,,,34081445.0,,34081445.0
2020-10-21,47,100312478.0,0,0,0.0,0.00903,0.00903,0.00903,,,55203716.0,,55203716.0
2020-10-22,47,100842789.0,1,0,0.02128,0.00368,0.0026,0.00368,,,23213793.0,,23213793.0
2020-10-23,48,101022744.0,0,1,0.02083,0.00804,0.00698,0.00804,,,37440129.0,,37440129.0
2020-10-26,47,100805353.0,0,1,0.02128,0.00085,0.00082,0.00085,,,3020364.0,,3020364.0
2020-10-27,46,100719772.0,0,0,0.0,0.0,0.0,0.0,,,0.0,,0.0
2020-10-28,46,100719772.0,0,0,0.0,0.001,0.001,0.001,,,16932474.0,,16932474.0
2020-10-29,46,100775114.0,0,0,0.0,0.00505,0.00505,0.00505,,,17203180.0,,17203180.0
2020-10-30,46,101283586.0,0,0,0.0,0.00963,0.00963,0.00963,,,57831365.0,,57831365.0
2020-11-02,46,101341436.0,0,0,0.0,0.0,0.0,0.0,,,0.0,,0.0
2020-11-03,46,101341436.0,0,0,0.0,0.00253,0.00253,0.00253,,,34491793.0,,34491793.0
2020-11-04,46,101366969.0,0,0,0.0,0.00048,0.00048,0.00048,,,2617389.0,,2617389.0
2020-11-05,46,101323552.0,0,1,0.02174,0.00821,0.00821,0.00821,,,32820421.0,,32820421.0
2020-11-06,45,101913638.0,0,0,0.0,0.00904,0.00904,0.00904,,,32812415.0,,32812415.0
2020-11-09,45,102746811.0,0,0,0.0,0.00466,0.00466,0.00466,,,16861273.0,,16861273.0
2020-11-10,45,103225371.0,0,0,0.0,0.02046,0.02046,0.02046,,,78584322.0,,78584322.0
2020-11-11,45,105215750.0,0,0,0.0,0.0045,0.0045,0.0045,,,27492666.0,,27492666.0
2020-11-12,45,105619352.0,0,0,0.0,0.00458,0.00458,0.00458,,,15569889.0,,15569889.0
2020-11-13,45,105910167.0,0,0,0.0,0.00224,0.00224,0.00224,,,8067340.0,,8067340.0
2020-11-16,45,106052859.0,0,0,0.0,0.00314,0.00314,0.00314,,,14481210.0,,14481210.0
2020-11-17,45,106343436.0,0,0,0.0,0.01148,0.01148,0.01148,,,60059430.0,,60059430.0
2020-11-18,45,107163129.0,0,0,0.0,0.00358,0.00358,0.00358,,,15561510.0,,15561510.0
2020-11-19,45,107519919.0,0,0,0.0,0.01072,0.01072,0.01072,,,44697164.0,,44697164.0
2020-11-20,45,108672759.0,0,0,0.0,0.00783,0.00783,0.00783,,,89762249.0,,89762249.0
2020-11-23,45,109287750.0,0,0,0.0,0.00846,0.00846,0.00846,,,38796093.0,,38796093.0
2020-11-24,45,109968280.0,1,0,0.02222,0.01652,0.01234,0.01652,,,74919898.0,,74919898.0
2020-11-25,46,111672795.0,0,0,0.0,0.00833,0.00833,0.00833,,,57251144.0,,57251144.0
2020-11-27,46,112502870.0,0,0,0.0,0.00276,0.00276,0.00276,,,12754400.0,,12754400.0
2020-11-30,46,112812922.0,0,0,0.0,0.0001,0.0001,0.0001,,,91965.0,,91965.0
2020-12-01,46,112801638.0,2,0,0.04348,0.01916,0.01592,0.01916,,,106148518.0,,106148518.0
2020-12-02,48,114594655.0,0,0,0.0,0.02364,0.02364,0.02364,,,121036380.0,,121036380.0
2020-12-03,48,117219239.0,0,0,0.0,0.00676,0.00676,0.00676,,,27810826.0,,27810826.0
2020-12-04,48,118006307.0,0,0,0.0,0.00269,0.00269,0.00269,,,15043758.0,,15043758.0
2020-12-07,48,118323734.0,0,0,0.0,0.02349,0.02349,0.02349,,,137346100.0,,137346100.0
2020-12-08,48,121025991.0,0,0,0.0,0.02526,0.02526,0.02526,,,180344695.0,,180344695.0
2020-12-09,48,123147917.0,0,0,0.0,0.02111,0.02111,0.02111,,,119106965.0,,119106965.0
2020-12-10,48,125481345.0,0,0,0.0,0.02056,0.02056,0.02056,,,118283684.0,,118283684.0
2020-12-11,48,127922712.0,1,0,0.02083,0.01054,0.01048,0.01054,,,98281912.0,,98281912.0
2020-12-14,49,128994151.0,0,0,0.0,0.0182,0.0182,0.0182,,,140737459.0,,140737459.0
2020-12-15,49,131328101.0,0,0,0.0,0.01624,0.01624,0.01624,,,117120606.0,,117120606.0
2020-12-16,49,133435592.0,0,0,0.0,0.01161,0.01161,0.01161,,,117077773.0,,117077773.0
2020-12-17,49,134971175.0,0,0,0.0,0.01794,0.01794,0.01794,,,131904666.0,,131904666.0
2020-12-18,49,137392380.0,0,1,0.02041,0.01864,0.01863,0.01864,,,137706170.0,,137706170.0
2020-12-21,48,139412902.0,1,0,0.02083,0.01783,0.01532,0.01783,,,134091482.0,,134091482.0
2020-12-22,49,141768562.0,0,0,0.0,0.03011,0.03011,0.03011,,,264643368.0,,264643368.0
2020-12-23,49,145875433.0,1,0,0.02041,0.03646,0.03549,0.03646,,,390946132.0,,390946132.0
2020-12-24,50,150370779.0,0,0,0.0,0.02223,0.02223,0.02223,,,248805013.0,,248805013.0
2020-12-28,50,153714161.0,0,0,0.0,0.01006,0.01006,0.01006,,,110099804.0,,110099804.0
2020-12-29,50,155260782.0,0,0,0.0,0.03087,0.03087,0.03087,,,317199520.0,,317199520.0
2020-12-30,50,160053176.0,0,0,0.0,0.01659,0.01659,0.01659,,,166009786.0,,166009786.0
2020-12-31,50,162708282.0,0,0,0.0,0.01638,0.01638,0.01638,,,157433451.0,,157433451.0
2021-01-04,50,165373466.0,0,0,0.0,0.00394,0.00394,0.00394,,,69401832.0,,69401832.0
2021-01-05,50,165273266.0,0,0,0.0,0.00757,0.00757,0.00757,,,111825803.0,,111825803.0
2021-01-06,50,166525162.0,0,0,0.0,0.00631,0.00631,0.00631,,,70134069.0,,70134069.0
2021-01-07,50,167248087.0,0,0,0.0,0.01182,0.01182,0.01182,,,149358333.0,,149358333.0
2021-01-08,50,169224916.0,0,0,0.0,0.00959,0.00959,0.00959,,,109546968.0,,109546968.0
2021-01-11,50,170804724.0,0,0,0.0,0.02403,0.02403,0.02403,,,299026557.0,,299026557.0
2021-01-12,50,174908943.0,1,0,0.02,0.02163,0.01762,0.02163,,,232323550.0,,232323550.0
2021-01-13,51,177439391.0,0,0,0.0,0.01111,0.01111,0.01111,,,149496034.0,,149496034.0
2021-01-14,51,178652563.0,0,0,0.0,0.0122,0.0122,0.0122,,,165207312.0,,165207312.0
2021-01-15,51,180398344.0,0,0,0.0,0.01246,0.01246,0.01246,,,171801322.0,,171801322.0
2021-01-19,51,182474795.0,0,0,0.0,0.02087,0.02087,0.02087,,,320876284.0,,320876284.0
2021-01-20,51,186043580.0,1,0,0.01961,0.02034,0.0194,0.02034,,,274977333.0,,274977333.0
2021-01-21,52,189461506.0,0,0,0.0,0.02116,0.02116,0.02116,,,250715535.0,,250715535.0
2021-01-22,52,192924927.0,0,0,0.0,0.01716,0.01716,0.01716,,,227546865.0,,227546865.0
2021-01-25,52,196148611.0,0,0,0.0,0.01573,0.01573,0.01573,,,213243556.0,,213243556.0
2021-01-26,52,199002030.0,0,0,0.0,0.01722,0.01722,0.01722,,,208016285.0,,208016285.0
2021-01-27,52,202142221.0,0,0,0.0,0.00387,0.00387,0.00387,,,67331728.0,,67331728.0
2021-01-28,52,202881781.0,1,0,0.01923,0.01646,0.01419,0.01646,,,196636624.0,,196636624.0
2021-01-29,53,201838876.0,0,0,0.0,0.00554,0.00554,0.00554,,,65177421.0,,65177421.0
2021-02-01,53,201362402.0,0,0,0.0,0.00241,0.00241,0.00241,,,24199699.0,,24199699.0
2021-02-02,53,201427342.0,0,0,0.0,0.0,0.0,0.0,,,0.0,,0.0
2021-02-03,53,201427342.0,0,0,0.0,0.01074,0.01074,0.01074,,,172809522.0,,172809522.0
2021-02-04,53,203590158.0,0,0,0.0,0.00781,0.00781,0.00781,,,137366250.0,,137366250.0
2021-02-05,53,205067510.0,0,0,0.0,0.00819,0.00819,0.00819,,,130456101.0,,130456101.0
2021-02-08,53,206745989.0,0,0,0.0,0.00306,0.00306,0.00306,,,102681983.0,,102681983.0
2021-02-09,53,207379455.0,0,0,0.0,0.01125,0.01125,0.01125,,,227636446.0,,227636446.0
2021-02-10,53,209711710.0,0,0,0.0,0.00966,0.00966,0.00966,,,169760354.0,,169760354.0
2021-02-11,53,211624007.0,0,0,0.0,0.0057,0.0057,0.0057,,,79412570.0,,79412570.0
2021-02-12,53,212736531.0,1,0,0.01887,0.01323,0.00596,0.01323,,,111086142.0,,111086142.0
2021-02-16,54,214217258.0,0,0,0.0,0.00374,0.00374,0.00374,,,55366794.0,,55366794.0
2021-02-17,54,215018368.0,2,0,0.03704,0.00755,0.0053,0.00755,,,113685232.0,,113685232.0
2021-02-18,56,216560818.0,0,0,0.0,0.00827,0.00827,0.00827,,,148403378.0,,148403378.0
2021-02-19,56,217152588.0,0,0,0.0,0.00963,0.00963,0.00963,,,168687620.0,,168687620.0
2021-02-22,56,218433733.0,0,0,0.0,0.00463,0.00463,0.00463,,,87372177.0,,87372177.0
2021-02-23,56,218929816.0,0,0,0.0,0.00545,0.00545,0.00545,,,85131032.0,,85131032.0
2021-02-24,56,219639401.0,0,0,0.0,0.02558,0.02558,0.02558,,,272108739.0,,272108739.0
2021-02-25,56,217078097.0,0,0,0.0,0.01631,0.01631,0.01631,,,165830801.0,,165830801.0
2021-02-26,56,214436427.0,0,0,0.0,0.0184,0.0184,0.0184,,,200296295.0,,200296295.0
2021-03-01,56,211924838.0,0,0,0.0,0.01686,0.01686,0.01686,,,251520598.0,,251520598.0
2021-03-02,56,209877805.0,0,0,0.0,0.0063,0.0063,0.0063,,,82031597.0,,82031597.0
2021-03-03,56,210385157.0,0,0,0.0,0.00348,0.00348,0.00348,,,33517143.0,,33517143.0
2021-03-04,56,210735962.0,0,0,0.0,0.02082,0.02082,0.02082,,,210079561.0,,210079561.0
2021-03-05,56,209083783.0,0,0,0.0,0.03712,0.03712,0.03712,,,406184952.0,,406184952.0
2021-03-08,56,205409396.0,1,0,0.01786,0.02472,0.0234,0.02472,,,238813975.0,,238813975.0
2021-03-09,57,202037234.0,0,0,0.0,0.01414,0.01414,0.01414,,,150959274.0,,150959274.0
2021-03-10,57,200235568.0,0,0,0.0,0.00219,0.00219,0.00219,,,13995210.0,,13995210.0
2021-03-11,57,199903179.0,0,0,0.0,0.00436,0.00436,0.00436,,,71772144.0,,71772144.0
2021-03-12,57,200643533.0,0,0,0.0,0.00372,0.00372,0.00372,,,48668390.0,,48668390.0
2021-03-15,57,201246182.0,0,0,0.0,0.00783,0.00783,0.00783,,,96607406.0,,96607406.0
2021-03-16,57,202778694.0,0,1,0.01754,0.00135,0.00127,0.00135,,,15997145.0,,15997145.0
2021-03-17,56,202967675.0,0,1,0.01786,0.00392,0.00392,0.00392,,,38169322.0,,38169322.0
2021-03-18,55,203744765.0,0,0,0.0,0.00289,0.00289,0.00289,,,31316062.0,,31316062.0
2021-03-19,55,204254560.0,0,0,0.0,0.00419,0.00419,0.00419,,,37045998.0,,37045998.0
2021-03-22,55,203584092.0,0,0,0.0,0.00182,0.00182,0.00182,,,21739216.0,,21739216.0
2021-03-23,55,203875645.0,0,0,0.0,0.00208,0.00208,0.00208,,,22883097.0,,22883097.0
2021-03-24,55,204299017.0,0,0,0.0,0.00471,0.00471,0.00471,,,35719039.0,,35719039.0
2021-03-25,55,204936673.0,0,0,0.0,0.00964,0.00964,0.00964,,,88814104.0,,88814104.0
2021-03-26,55,203974331.0,0,0,0.0,0.00833,0.00833,0.00833,,,94304193.0,,94304193.0
2021-03-29,55,203424176.0,0,0,0.0,0.0089,0.0089,0.0089,,,70663524.0,,70663524.0
2021-03-30,55,202273621.0,0,0,0.0,0.01124,0.01124,0.01124,,,86299293.0,,86299293.0
2021-03-31,55,201181406.0,0,0,0.0,0.00727,0.00727,0.00727,,,58646594.0,,58646594.0
2021-04-01,55,201578633.0,0,0,0.0,0.00511,0.00511,0.00511,,,28274448.0,,28274448.0
2021-04-05,55,202209613.0,0,0,0.0,0.01239,0.01239,0.01239,,,139519539.0,,139519539.0
2021-04-06,55,204197547.0,0,0,0.0,0.00256,0.00256,0.00256,,,10338475.0,,10338475.0
2021-04-07,55,204493319.0,0,0,0.0,0.0007,0.0007,0.0007,,,4556567.0,,4556567.0
2021-04-08,55,204568938.0,0,0,0.0,0.00159,0.00159,0.00159,,,22889093.0,,22889093.0
2021-04-09,55,204890180.0,0,0,0.0,0.00042,0.00042,0.00042,,,3278112.0,,3278112.0
2021-04-12,55,204902951.0,0,0,0.0,0.00146,0.00146,0.00146,,,11159120.0,,11159120.0
2021-04-13,55,204711976.0,0,0,0.0,0.0038,0.0038,0.0038,,,36214814.0,,36214814.0
2021-04-14,55,204357846.0,0,0,0.0,0.00145,0.00145,0.00145,,,13402098.0,,13402098.0
2021-04-15,55,204413672.0,0,0,0.0,0.00206,0.00206,0.00206,,,17905715.0,,17905715.0
2021-04-16,55,204438625.0,0,0,0.0,0.00028,0.00028,0.00028,,,2611899.0,,2611899.0
2021-04-19,55,204393080.0,1,0,0.01818,0.00599,0.0011,0.00599,,,38425660.0,,38425660.0
2021-04-20,56,205220943.0,0,0,0.0,0.00721,0.00721,0.00721,,,70666179.0,,70666179.0
2021-04-21,56,205978495.0,0,0,0.0,0.00293,0.00293,0.00293,,,30767958.0,,30767958.0
2021-04-22,56,205543492.0,1,0,0.01786,0.0131,0.01047,0.0131,,,148839087.0,,148839087.0
2021-04-23,57,204052484.0,1,0,0.01754,0.0037,0.00223,0.0037,,,40540751.0,,40540751.0
2021-04-26,58,204498400.0,0,0,0.0,0.00166,0.00166,0.00166,,,12433585.0,,12433585.0
2021-04-27,58,204396810.0,0,0,0.0,0.00279,0.00279,0.00279,,,18345427.0,,18345427.0
2021-04-28,58,204270246.0,1,0,0.01724,0.0043,0.00342,0.0043,,,21093984.0,,21093984.0
2021-04-29,59,204316413.0,0,0,0.0,0.00086,0.00086,0.00086,,,5559354.0,,5559354.0
2021-04-30,59,204287553.0,0,0,0.0,0.00904,0.00904,0.00904,,,112233881.0,,112233881.0
2021-05-03,59,203814230.0,0,0,0.0,0.0,0.0,0.0,,,0.0,,0.0
2021-05-04,59,203814230.0,0,0,0.0,0.0089,0.0089,0.0089,,,106237991.0,,106237991.0
2021-05-05,59,203591870.0,0,0,0.0,0.01664,0.01664,0.01664,,,133814693.0,,133814693.0
2021-05-06,59,201841149.0,0,0,0.0,0.01287,0.01287,0.01287,,,125016089.0,,125016089.0
2021-05-07,59,201069152.0,0,0,0.0,0.02559,0.02559,0.02559,,,240677300.0,,240677300.0
2021-05-10,59,197846069.0,0,0,0.0,0.00614,0.00614,0.00614,,,44527615.0,,44527615.0
2021-05-11,59,197460321.0,0,0,0.0,0.02149,0.02149,0.02149,,,178579264.0,,178579264.0
2021-05-12,59,194745033.0,0,0,0.0,0.00919,0.00919,0.00919,,,72914279.0,,72914279.0
2021-05-13,59,193433019.0,0,0,0.0,0.01843,0.01843,0.01843,,,171446628.0,,171446628.0
2021-05-14,59,193206288.0,0,0,0.0,0.03244,0.03244,0.03244,,,254809746.0,,254809746.0
2021-05-17,59,193849993.0,0,0,0.0,0.00773,0.00773,0.00773,,,51417298.0,,51417298.0
2021-05-18,59,193739664.0,0,2,0.0339,0.00502,0.00502,0.00502,,,45267810.0,,45267810.0
2021-05-19,57,193735798.0,0,0,0.0,0.00319,0.00319,0.00319,,,11325331.0,,11325331.0
2021-05-20,57,193578564.0,0,0,0.0,0.00216,0.00216,0.00216,,,12007307.0,,12007307.0
2021-05-21,57,193883926.0,0,0,0.0,0.0052,0.0052,0.0052,,,47184450.0,,47184450.0
2021-05-24,57,194278916.0,0,0,0.0,0.01005,0.01005,0.01005,,,78667777.0,,78667777.0
2021-05-25,57,195984896.0,1,0,0.01754,0.0048,0.00444,0.0048,,,48796531.0,,48796531.0
2021-05-26,58,195421021.0,0,0,0.0,0.00136,0.00136,0.00136,,,10719124.0,,10719124.0
2021-05-27,58,195587852.0,1,0,0.01724,0.00551,0.00448,0.00551,,,52676880.0,,52676880.0
2021-05-28,59,196110704.0,0,0,0.0,0.00113,0.00113,0.00113,,,7486481.0,,7486481.0
2021-06-01,59,196107170.0,0,0,0.0,0.00184,0.00184,0.00184,,,13610269.0,,13610269.0
2021-06-02,59,196277486.0,0,0,0.0,0.00353,0.00353,0.00353,,,45533693.0,,45533693.0
2021-06-03,59,196696691.0,0,0,0.0,0.00476,0.00476,0.00476,,,44622614.0,,44622614.0
2021-06-04,59,197426477.0,0,0,0.0,0.004,0.004,0.004,,,33105794.0,,33105794.0
2021-06-07,59,196688797.0,0,0,0.0,0.00212,0.00212,0.00212,,,9978475.0,,9978475.0
2021-06-08,59,196345068.0,0,0,0.0,0.00468,0.00468,0.00468,,,42333358.0,,42333358.0
2021-06-09,59,196984684.0,0,0,0.0,0.00294,0.00294,0.00294,,,25676207.0,,25676207.0
2021-06-10,59,196884004.0,0,1,0.01695,0.01045,0.01045,0.01045,,,92679415.0,,92679415.0
2021-06-11,58,198801826.0,0,0,0.0,0.00911,0.00911,0.00911,,,84719643.0,,84719643.0
2021-06-14,58,197477006.0,0,0,0.0,0.00292,0.00292,0.00292,,,48923783.0,,48923783.0
2021-06-15,58,197962172.0,0,1,0.01724,0.00039,0.00039,0.00039,,,1221002.0,,1221002.0
2021-06-16,57,197982600.0,0,0,0.0,0.00321,0.00321,0.00321,,,37960047.0,,37960047.0
2021-06-17,57,197784304.0,0,0,0.0,0.01222,0.01222,0.01222,,,64289942.0,,64289942.0
2021-06-18,57,198020817.0,2,0,0.03509,0.0139,0.00775,0.0139,,,80329358.0,,80329358.0
2021-06-21,59,199088595.0,0,0,0.0,0.0039,0.0039,0.0039,,,30865424.0,,30865424.0
2021-06-22,59,198325900.0,0,0,0.0,0.00079,0.00079,0.00079,,,4583002.0,,4583002.0
2021-06-23,59,198350453.0,0,0,0.0,0.00017,0.00017,0.00017,,,967644.0,,967644.0
2021-06-24,59,198353866.0,0,0,0.0,0.00478,0.00478,0.00478,,,37153450.0,,37153450.0
2021-06-25,59,199106320.0,0,0,0.0,0.00613,0.00613,0.00613,,,55621476.0,,55621476.0
2021-06-28,59,200276603.0,0,0,0.0,0.00604,0.00604,0.00604,,,49655033.0,,49655033.0
2021-06-29,59,199739311.0,0,0,0.0,0.01809,0.01809,0.01809,,,162241700.0,,162241700.0
2021-06-30,59,203268180.0,0,0,0.0,0.00715,0.00715,0.00715,,,73735827.0,,73735827.0
2021-07-01,59,204596295.0,0,0,0.0,0.0018,0.0018,0.0018,,,8979344.0,,8979344.0
2021-07-02,59,204910635.0,0,0,0.0,0.00355,0.00355,0.00355,,,22064857.0,,22064857.0
2021-07-06,59,204979692.0,0,0,0.0,0.0033,0.0033,0.0033,,,26438015.0,,26438015.0
2021-07-07,59,205493393.0,0,0,0.0,0.00715,0.00715,0.00715,,,84162124.0,,84162124.0
2021-07-08,59,205458501.0,0,0,0.0,0.00837,0.00837,0.00837,,,79507912.0,,79507912.0
2021-07-09,59,204976860.0,0,0,0.0,0.005,0.005,0.005,,,38910444.0,,38910444.0
2021-07-12,59,204651473.0,0,0,0.0,0.00113,0.00113,0.00113,,,8605534.0,,8605534.0
2021-07-13,59,204883267.0,0,0,0.0,0.00478,0.00478,0.00478,,,49023616.0,,49023616.0
2021-07-14,59,205194394.0,0,0,0.0,0.00824,0.00824,0.00824,,,68838898.0,,68838898.0
2021-07-15,59,204853800.0,0,0,0.0,0.01519,0.01519,0.01519,,,118470478.0,,118470478.0
2021-07-16,59,203007538.0,0,0,0.0,0.01096,0.01096,0.01096,,,96330287.0,,96330287.0
2021-07-19,59,201820676.0,0,0,0.0,0.00425,0.00425,0.00425,,,30237049.0,,30237049.0
2021-07-20,59,201719761.0,0,0,0.0,0.00757,0.00757,0.00757,,,82263642.0,,82263642.0
2021-07-21,59,202669363.0,0,0,0.0,0.00832,0.00832,0.00832,,,107084536.0,,107084536.0
2021-07-22,59,203299822.0,0,0,0.0,0.00381,0.00381,0.00381,,,34944197.0,,34944197.0
2021-07-23,59,203777295.0,0,0,0.0,0.00721,0.00721,0.00721,,,46636363.0,,46636363.0
2021-07-26,59,204957595.0,1,0,0.01695,0.01535,0.00803,0.01535,,,101216666.0,,101216666.0
2021-07-27,60,206204427.0,0,1,0.01667,0.01041,0.01041,0.01041,,,58893114.0,,58893114.0
2021-07-28,59,205982352.0,0,0,0.0,0.01153,0.01153,0.01153,,,90977936.0,,90977936.0
2021-07-29,59,206109783.0,0,0,0.0,0.01296,0.01296,0.01296,,,65841224.0,,65841224.0
2021-07-30,59,205490673.0,0,0,0.0,0.00938,0.00938,0.00938,,,61184600.0,,61184600.0
2021-08-02,59,204394341.0,0,0,0.0,0.00618,0.00618,0.00618,,,47772413.0,,47772413.0
2021-08-03,59,203600449.0,0,0,0.0,0.00675,0.00675,0.00675,,,51748889.0,,51748889.0
2021-08-04,59,204242501.0,1,0,0.01695,0.00372,0.0037,0.00372,,,44888621.0,,44888621.0
2021-08-05,60,204050776.0,0,0,0.0,0.02175,0.02175,0.02175,,,157880535.0,,157880535.0
2021-08-06,60,206349353.0,0,0,0.0,0.00274,0.00274,0.00274,,,21367061.0,,21367061.0
2021-08-09,60,206220457.0,0,0,0.0,0.00379,0.00379,0.00379,,,24562204.0,,24562204.0
2021-08-10,60,206879037.0,0,0,0.0,0.00989,0.00989,0.00989,,,106300179.0,,106300179.0
2021-08-11,60,205918187.0,0,0,0.0,0.00969,0.00969,0.00969,,,82322186.0,,82322186.0
2021-08-12,60,205909019.0,0,0,0.0,0.00467,0.00467,0.00467,,,44091266.0,,44091266.0
2021-08-13,60,205732895.0,1,0,0.01667,0.01348,0.00508,0.01348,,,119650596.0,,119650596.0
2021-08-16,61,207137013.0,0,0,0.0,0.01384,0.01384,0.01384,,,67932496.0,,67932496.0
2021-08-17,61,208057722.0,0,0,0.0,0.01963,0.01963,0.01963,,,128257264.0,,128257264.0
2021-08-18,61,209088573.0,0,0,0.0,0.01626,0.01626,0.01626,,,116330561.0,,116330561.0
2021-08-19,61,208763954.0,1,0,0.01639,0.00767,0.00691,0.00767,,,79466530.0,,79466530.0
2021-08-20,62,209347290.0,0,0,0.0,0.00792,0.00792,0.00792,,,61910010.0,,61910010.0
2021-08-23,62,208447866.0,0,0,0.0,0.00637,0.00637,0.00637,,,54830948.0,,54830948.0
2021-08-24,62,207677635.0,0,0,0.0,0.00446,0.00446,0.00446,,,38619632.0,,38619632.0
2021-08-25,62,207652414.0,0,0,0.0,0.00606,0.00606,0.00606,,,62130311.0,,62130311.0
2021-08-26,62,207700106.0,0,0,0.0,0.00618,0.00618,0.00618,,,50711495.0,,50711495.0
2021-08-27,62,208301932.0,0,0,0.0,0.00302,0.00302,0.00302,,,25383177.0,,25383177.0
2021-08-30,62,208374281.0,0,0,0.0,0.00706,0.00706,0.00706,,,42251088.0,,42251088.0
2021-08-31,62,207762568.0,0,0,0.0,0.00565,0.00565,0.00565,,,44058140.0,,44058140.0
2021-09-01,62,208768202.0,0,0,0.0,0.00313,0.00313,0.00313,,,36599795.0,,36599795.0
2021-09-02,62,208608708.0,0,0,0.0,0.00803,0.00803,0.00803,,,51289735.0,,51289735.0
2021-09-03,62,207918270.0,1,1,0.03226,0.00873,0.00432,0.00873,,,42227874.0,,42227874.0
2021-09-07,62,208486129.0,0,0,0.0,0.00244,0.00244,0.00244,,,23360289.0,,23360289.0
2021-09-08,62,208451337.0,0,0,0.0,0.01225,0.01225,0.01225,,,83618493.0,,83618493.0
2021-09-09,62,208761671.0,0,1,0.01613,0.01,0.01,0.01,,,71153206.0,,71153206.0
2021-09-10,61,208236356.0,0,1,0.01639,0.00565,0.00564,0.00565,,,56320619.0,,56320619.0
2021-09-13,60,207949069.0,0,0,0.0,0.00322,0.00322,0.00322,,,26997893.0,,26997893.0
2021-09-14,60,207694273.0,0,3,0.05,0.01113,0.01113,0.01113,,,85325918.0,,85325918.0
2021-09-15,57,207105750.0,0,0,0.0,0.00522,0.00522,0.00522,,,31317422.0,,31317422.0
2021-09-16,57,207513265.0,0,1,0.01754,0.00639,0.00639,0.00639,,,50033916.0,,50033916.0
2021-09-17,56,208149340.0,0,0,0.0,0.00258,0.00258,0.00258,,,19374905.0,,19374905.0
2021-09-20,56,208415538.0,0,0,0.0,0.00111,0.00111,0.00111,,,8631637.0,,8631637.0
2021-09-21,56,208565074.0,0,0,0.0,0.00764,0.00764,0.00764,,,54004259.0,,54004259.0
2021-09-22,56,207662260.0,0,0,0.0,0.00496,0.00496,0.00496,,,40741353.0,,40741353.0
2021-09-23,56,207244684.0,0,0,0.0,0.00684,0.00684,0.00684,,,56961735.0,,56961735.0
2021-09-24,56,207896624.0,0,0,0.0,0.00354,0.00354,0.00354,,,24199392.0,,24199392.0
2021-09-27,56,208230301.0,0,0,0.0,0.01191,0.01191,0.01191,,,86990021.0,,86990021.0
2021-09-28,56,206277277.0,0,0,0.0,0.00316,0.00316,0.00316,,,32899554.0,,32899554.0
2021-09-29,56,205964010.0,0,0,0.0,0.01084,0.01084,0.01084,,,81178566.0,,81178566.0
2021-09-30,56,205232936.0,0,0,0.0,0.00823,0.00823,0.00823,,,44373963.0,,44373963.0
2021-10-01,56,205162492.0,0,1,0.01786,0.00508,0.00508,0.00508,,,28004181.0,,28004181.0
2021-10-04,55,204595673.0,0,3,0.05455,0.09233,0.01279,0.09233,,,427675064.0,,427675064.0
2021-10-05,52,186230207.0,3,1,0.07692,0.09383,0.00717,0.09383,,,402608968.0,,402608968.0
2021-10-06,54,202710754.0,0,0,0.0,0.00585,0.00585,0.00585,,,38034029.0,,38034029.0
2021-10-07,54,203604724.0,0,0,0.0,0.00879,0.00879,0.00879,,,73767174.0,,73767174.0
2021-10-08,54,203398052.0,0,1,0.01852,0.04393,0.04393,0.04393,,,89837091.0,,89837091.0
2021-10-11,53,195262797.0,0,0,0.0,0.00567,0.00567,0.00567,,,66882227.0,,66882227.0
2021-10-12,53,195853840.0,0,0,0.0,0.00743,0.00743,0.00743,,,62907218.0,,62907218.0
2021-10-13,53,197039775.0,0,0,0.0,0.00712,0.00712,0.00712,,,56764367.0,,56764367.0
2021-10-14,53,196806032.0,0,0,0.0,0.00363,0.00363,0.00363,,,50638872.0,,50638872.0
2021-10-15,53,197356875.0,0,0,0.0,0.00261,0.00261,0.00261,,,14095310.0,,14095310.0
2021-10-18,53,197871880.0,0,1,0.01887,0.00614,0.00613,0.00614,,,47338786.0,,47338786.0
2021-10-19,52,197253603.0,0,0,0.0,0.00185,0.00185,0.00185,,,5777119.0,,5777119.0
2021-10-20,52,197601074.0,0,0,0.0,0.01429,0.01429,0.01429,,,101828832.0,,101828832.0
2021-10-21,52,200415874.0,0,0,0.0,0.0012,0.0012,0.0012,,,8310246.0,,8310246.0
2021-10-22,52,200657199.0,0,0,0.0,0.00232,0.00232,0.00232,,,11147931.0,,11147931.0
2021-10-25,52,201122373.0,0,0,0.0,0.00625,0.00625,0.00625,,,46592345.0,,46592345.0
2021-10-26,52,202317498.0,0,0,0.0,0.00138,0.00138,0.00138,,,17973185.0,,17973185.0
2021-10-27,52,202536334.0,0,0,0.0,0.00213,0.00213,0.00213,,,41222584.0,,41222584.0
2021-10-28,52,202805927.0,0,0,0.0,0.00188,0.00188,0.00188,,,19811340.0,,19811340.0
2021-11-12,52,202792991.0,1,2,0.05769,0.06212,0.04959,0.06212,,,528920183.0,,528920183.0
2021-11-15,51,199458707.0,0,0,0.0,0.00528,0.00528,0.00528,,,40364445.0,,40364445.0
2021-11-16,51,198542120.0,0,0,0.0,0.01319,0.01319,0.01319,,,86967470.0,,86967470.0
2021-11-17,51,198041404.0,1,0,0.01961,0.01503,0.01493,0.01503,,,92541313.0,,92541313.0
2021-11-18,52,195804575.0,0,0,0.0,0.01206,0.01206,0.01206,,,77007261.0,,77007261.0
2021-11-19,52,194129564.0,0,0,0.0,0.01396,0.01396,0.01396,,,82117882.0,,82117882.0
2021-11-22,52,191970359.0,0,0,0.0,0.0177,0.0177,0.0177,,,103013935.0,,103013935.0
2021-11-23,52,189696515.0,0,0,0.0,0.01881,0.01881,0.01881,,,138660220.0,,138660220.0
2021-11-24,52,188690175.0,0,0,0.0,0.01664,0.01664,0.01664,,,105656484.0,,105656484.0
2021-11-26,52,188876986.0,0,0,0.0,0.007,0.007,0.007,,,55037562.0,,55037562.0
2021-11-29,52,189609706.0,0,0,0.0,0.00084,0.00084,0.00084,,,2371096.0,,2371096.0
2021-11-30,52,189744041.0,0,0,0.0,0.00728,0.00728,0.00728,,,49899578.0,,49899578.0
2021-12-01,52,188949777.0,0,0,0.0,0.00504,0.00504,0.00504,,,28793891.0,,28793891.0
2021-12-02,52,189208559.0,0,0,0.0,0.01075,0.01075,0.01075,,,63279137.0,,63279137.0
2021-12-03,52,188827508.0,0,0,0.0,0.00681,0.00681,0.00681,,,38559702.0,,38559702.0
2021-12-06,52,187889875.0,0,0,0.0,0.01602,0.01602,0.01602,,,81298263.0,,81298263.0
2021-12-07,52,184932207.0,0,0,0.0,0.01497,0.01497,0.01497,,,52869889.0,,52869889.0
2021-12-08,52,182860210.0,0,0,0.0,0.02368,0.02368,0.02368,,,117122667.0,,117122667.0
2021-12-09,52,185854432.0,0,0,0.0,0.01277,0.01277,0.01277,,,71014692.0,,71014692.0
2021-12-10,52,188227122.0,0,0,0.0,0.00259,0.00259,0.00259,,,18121950.0,,18121950.0
2021-12-13,52,188341669.0,0,0,0.0,0.002,0.002,0.002,,,14326610.0,,14326610.0
2021-12-14,52,188313378.0,0,0,0.0,0.01154,0.01154,0.01154,,,73568845.0,,73568845.0
2021-12-15,52,186944519.0,0,0,0.0,0.01869,0.01869,0.01869,,,82066239.0,,82066239.0
2021-12-16,52,184337090.0,0,0,0.0,0.00309,0.00309,0.00309,,,16825415.0,,16825415.0
2021-12-17,52,184086080.0,0,0,0.0,0.00081,0.00081,0.00081,,,1499077.0,,1499077.0
2021-12-20,52,184234876.0,0,0,0.0,0.00114,0.00114,0.00114,,,6260697.0,,6260697.0
2021-12-21,52,184051058.0,1,0,0.01923,0.00736,0.00727,0.00736,,,40394950.0,,40394950.0
2021-12-22,53,185354920.0,0,0,0.0,0.00648,0.00648,0.00648,,,36369022.0,,36369022.0
2021-12-23,53,184153006.0,0,0,0.0,0.00046,0.00046,0.00046,,,2647089.0,,2647089.0
2021-12-27,53,184125504.0,0,0,0.0,0.00019,0.00019,0.00019,,,1166262.0,,1166262.0
2021-12-28,53,184090236.0,0,0,0.0,0.01079,0.01079,0.01079,,,64601419.0,,64601419.0
2021-12-29,53,182103821.0,0,0,0.0,0.00497,0.00497,0.00497,,,27710414.0,,27710414.0
2021-12-30,53,181575361.0,0,0,0.0,0.01005,0.01005,0.01005,,,58724104.0,,58724104.0
2021-12-31,53,179860531.0,0,1,0.01887,0.00492,0.00492,0.00492,,,28508814.0,,28508814.0
2022-01-03,52,179079200.0,0,0,0.0,0.00711,0.00711,0.00711,,,36344980.0,,36344980.0
2022-01-04,52,177923590.0,0,0,0.0,0.02116,0.02116,0.02116,,,109493585.0,,109493585.0
2022-01-05,52,181689122.0,0,0,0.0,0.02379,0.02379,0.02379,,,106206756.0,,106206756.0
2022-01-06,52,184463483.0,0,0,0.0,0.01737,0.01737,0.01737,,,72961121.0,,72961121.0
2022-01-07,52,182965420.0,0,0,0.0,0.01906,0.01906,0.01906,,,80894719.0,,80894719.0
2022-01-10,52,179584788.0,0,0,0.0,0.00776,0.00776,0.00776,,,25958129.0,,25958129.0
2022-01-11,52,179069094.0,0,0,0.0,0.01544,0.01544,0.01544,,,59231932.0,,59231932.0
2022-01-12,52,176503531.0,0,0,0.0,0.01796,0.01796,0.01796,,,62916214.0,,62916214.0
2022-01-13,52,177914723.0,0,0,0.0,0.00446,0.00446,0.00446,,,15295715.0,,15295715.0
2022-01-14,52,177469745.0,0,0,0.0,0.00483,0.00483,0.00483,,,27929203.0,,27929203.0
2022-01-18,52,176659576.0,0,0,0.0,0.00611,0.00611,0.00611,,,26631564.0,,26631564.0
2022-01-19,52,176097783.0,0,0,0.0,0.00632,0.00632,0.00632,,,23843201.0,,23843201.0
2022-01-20,52,176022830.0,0,0,0.0,0.00863,0.00863,0.00863,,,32989489.0,,32989489.0
2022-01-21,52,174538305.0,0,0,0.0,0.01837,0.01837,0.01837,,,69802001.0,,69802001.0
2022-01-24,52,172138744.0,0,0,0.0,0.0132,0.0132,0.0132,,,46873221.0,,46873221.0
2022-01-25,52,170593074.0,0,0,0.0,0.00489,0.00489,0.00489,,,14687419.0,,14687419.0
2022-01-26,52,170506449.0,0,0,0.0,0.00791,0.00791,0.00791,,,30098654.0,,30098654.0
2022-01-27,52,171839181.0,0,0,0.0,0.02106,0.02106,0.02106,,,79777948.0,,79777948.0
2022-01-28,52,175457384.0,0,0,0.0,0.01043,0.01043,0.01043,,,36951032.0,,36951032.0
2022-01-31,52,174030829.0,0,0,0.0,0.00398,0.00398,0.00398,,,18784584.0,,18784584.0
2022-02-01,52,173649490.0,0,0,0.0,0.01432,0.01432,0.01432,,,45183356.0,,45183356.0
2022-02-02,52,172941596.0,0,0,0.0,0.00291,0.00291,0.00291,,,10266755.0,,10266755.0
2022-02-03,52,172569057.0,0,0,0.0,0.00195,0.00195,0.00195,,,4226172.0,,4226172.0
2022-02-04,52,172620610.0,0,1,0.01923,0.00152,0.00152,0.00152,,,2402033.0,,2402033.0
2022-02-07,51,172882649.0,0,0,0.0,0.01047,0.01047,0.01047,,,46191581.0,,46191581.0
2022-02-08,51,171223194.0,0,0,0.0,0.00174,0.00174,0.00174,,,1298583.0,,1298583.0
2022-02-09,51,171089695.0,1,0,0.01961,0.00527,0.00479,0.00527,,,20530879.0,,20530879.0
2022-02-10,52,170734011.0,0,0,0.0,0.00576,0.00576,0.00576,,,11851739.0,,11851739.0
2022-02-11,52,170729776.0,0,0,0.0,0.00449,0.00449,0.00449,,,13219159.0,,13219159.0
2022-02-14,52,170854979.0,0,0,0.0,0.00998,0.00998,0.00998,,,40780241.0,,40780241.0
2022-02-15,52,169433827.0,0,0,0.0,0.00369,0.00369,0.00369,,,11099478.0,,11099478.0
2022-02-16,52,169148458.0,0,0,0.0,0.00248,0.00248,0.00248,,,7674897.0,,7674897.0
2022-02-17,52,168729020.0,0,0,0.0,0.00335,0.00335,0.00335,,,5589994.0,,5589994.0
2022-02-18,52,168569279.0,0,0,0.0,0.00244,0.00244,0.00244,,,20289690.0,,20289690.0
2022-02-22,52,168348886.0,0,0,0.0,0.0086,0.0086,0.0086,,,25379941.0,,25379941.0
2022-02-23,52,166901141.0,0,0,0.0,0.01891,0.01891,0.01891,,,62850199.0,,62850199.0
2022-02-24,52,164439640.0,0,0,0.0,0.02595,0.02595,0.02595,,,79069837.0,,79069837.0
2022-02-25,52,167904795.0,0,0,0.0,0.0123,0.0123,0.0123,,,35915224.0,,35915224.0
2022-02-28,52,168695032.0,0,1,0.01923,0.00594,0.00593,0.00594,,,6427190.0,,6427190.0
2022-03-01,51,168688204.0,0,0,0.0,0.03244,0.03244,0.03244,,,80266879.0,,80266879.0
2022-03-02,51,170150210.0,0,0,0.0,0.00431,0.00431,0.00431,,,17683759.0,,17683759.0
2022-03-03,51,170431496.0,0,0,0.0,0.00171,0.00171,0.00171,,,2369753.0,,2369753.0
2022-03-04,51,170560847.0,0,0,0.0,0.01503,0.01503,0.01503,,,70636158.0,,70636158.0
2022-03-07,51,169037896.0,0,0,0.0,0.02821,0.02821,0.02821,,,97023586.0,,97023586.0
2022-03-08,51,164651237.0,0,0,0.0,0.01021,0.01021,0.01021,,,32134759.0,,32134759.0
2022-03-09,51,163586789.0,0,2,0.03922,0.01398,0.01398,0.01398,,,24406757.0,,24406757.0
2022-03-10,49,161676218.0,0,0,0.0,0.00169,0.00169,0.00169,,,1256055.0,,1256055.0
2022-03-11,49,161441089.0,0,0,0.0,0.00132,0.00132,0.00132,,,2151743.0,,2151743.0
2022-03-14,49,161596612.0,0,0,0.0,0.00664,0.00664,0.00664,,,16019811.0,,16019811.0
2022-03-15,49,162646223.0,0,0,0.0,0.01176,0.01176,0.01176,,,40996294.0,,40996294.0
2022-03-16,49,162693314.0,0,0,0.0,0.00443,0.00443,0.00443,,,12825202.0,,12825202.0
2022-03-17,49,163414554.0,0,0,0.0,0.00331,0.00331,0.00331,,,10710925.0,,10710925.0
2022-03-18,49,162873199.0,0,0,0.0,0.0097,0.0097,0.0097,,,33543523.0,,33543523.0
2022-03-21,49,164423272.0,0,0,0.0,0.00517,0.00517,0.00517,,,16539856.0,,16539856.0
2022-03-22,49,165269582.0,0,0,0.0,0.00094,0.00094,0.00094,,,2477007.0,,2477007.0
2022-03-23,49,165408720.0,0,1,0.02041,0.00159,0.00159,0.00159,,,8288925.0,,8288925.0
2022-03-24,48,165238504.0,0,0,0.0,0.00311,0.00311,0.00311,,,11892917.0,,11892917.0
2022-03-25,48,165654682.0,0,0,0.0,0.0009,0.0009,0.0009,,,3709701.0,,3709701.0
2022-03-28,48,165785332.0,0,0,0.0,0.00147,0.00147,0.00147,,,7229812.0,,7229812.0
2022-03-29,48,165927412.0,0,0,0.0,0.00992,0.00992,0.00992,,,35680798.0,,35680798.0
2022-03-30,48,164555378.0,0,0,0.0,0.0193,0.0193,0.0193,,,64278111.0,,64278111.0
2022-03-31,48,167731898.0,0,0,0.0,0.00537,0.00537,0.00537,,,18998936.0,,18998936.0
2022-04-01,48,167721933.0,0,0,0.0,0.01864,0.01864,0.01864,,,76827386.0,,76827386.0
2022-04-04,48,166772642.0,0,0,0.0,0.0015,0.0015,0.0015,,,2288901.0,,2288901.0
2022-04-05,48,167022029.0,0,0,0.0,0.00256,0.00256,0.00256,,,7431352.0,,7431352.0
2022-04-06,48,167415477.0,0,0,0.0,0.00091,0.00091,0.00091,,,4158108.0,,4158108.0
2022-04-07,48,167568121.0,0,0,0.0,0.00316,0.00316,0.00316,,,11272780.0,,11272780.0
2022-04-08,48,167038485.0,0,0,0.0,0.00053,0.00053,0.00053,,,658113.0,,658113.0
2022-04-11,48,167126468.0,0,0,0.0,0.00761,0.00761,0.00761,,,26118785.0,,26118785.0
2022-04-12,48,165854668.0,0,0,0.0,0.00743,0.00743,0.00743,,,26531811.0,,26531811.0
2022-04-13,48,164747547.0,0,0,0.0,0.0058,0.0058,0.0058,,,18791790.0,,18791790.0
2022-04-14,48,164143241.0,0,0,0.0,0.00551,0.00551,0.00551,,,21741764.0,,21741764.0
2022-04-18,48,165027775.0,0,0,0.0,0.0047,0.0047,0.0047,,,16926322.0,,16926322.0
2022-04-19,48,165803169.0,0,0,0.0,0.00824,0.00824,0.00824,,,25715905.0,,25715905.0
2022-04-20,48,167085202.0,0,0,0.0,0.00336,0.00336,0.00336,,,12076127.0,,12076127.0
2022-04-21,48,166706209.0,0,0,0.0,0.00377,0.00377,0.00377,,,14035163.0,,14035163.0
2022-04-22,48,166244894.0,0,0,0.0,0.00871,0.00871,0.00871,,,25849572.0,,25849572.0
2022-04-25,48,165089763.0,0,0,0.0,0.00548,0.00548,0.00548,,,17658631.0,,17658631.0
2022-04-26,48,164692439.0,0,0,0.0,0.00356,0.00356,0.00356,,,9375609.0,,9375609.0
2022-04-27,48,164392166.0,0,0,0.0,0.00872,0.00872,0.00872,,,25523108.0,,25523108.0
2022-04-28,48,162976681.0,0,0,0.0,0.00172,0.00172,0.00172,,,2425036.0,,2425036.0
2022-04-29,48,163241089.0,0,0,0.0,0.00139,0.00139,0.00139,,,4694568.0,,4694568.0
2022-05-02,48,163460795.0,0,0,0.0,0.01088,0.01088,0.01088,,,18637506.0,,18637506.0
2022-05-03,48,164806479.0,0,0,0.0,0.00262,0.00262,0.00262,,,7151756.0,,7151756.0
2022-05-04,48,165236081.0,0,0,0.0,0.00521,0.00521,0.00521,,,14223097.0,,14223097.0
2022-05-05,48,166097238.0,0,0,0.0,0.00298,0.00298,0.00298,,,7804499.0,,7804499.0
2022-05-06,48,166592005.0,0,0,0.0,0.00129,0.00129,0.00129,,,3428634.0,,3428634.0
2022-05-09,48,166376642.0,0,0,0.0,0.01036,0.01036,0.01036,,,26118913.0,,26118913.0
2022-05-10,48,164653575.0,0,0,0.0,0.0074,0.0074,0.0074,,,16647813.0,,16647813.0
2022-05-11,48,163995423.0,0,0,0.0,0.02115,0.02115,0.02115,,,42911045.0,,42911045.0
2022-05-12,48,165973341.0,0,0,0.0,0.01016,0.01016,0.01016,,,20735842.0,,20735842.0
2022-05-13,48,167238035.0,0,0,0.0,0.01805,0.01805,0.01805,,,41210431.0,,41210431.0
2022-05-16,48,170023866.0,0,1,0.02083,0.0014,0.0014,0.0014,,,3502195.0,,3502195.0
2022-05-17,47,170207686.0,0,0,0.0,0.00342,0.00342,0.00342,,,5989700.0,,5989700.0
2022-05-18,47,169625340.0,0,0,0.0,0.00456,0.00456,0.00456,,,12310329.0,,12310329.0
2022-05-19,47,168894915.0,0,0,0.0,0.00423,0.00423,0.00423,,,12634580.0,,12634580.0
2022-05-20,47,169575379.0,0,0,0.0,0.00157,0.00157,0.00157,,,4330433.0,,4330433.0
2022-05-23,47,169692018.0,0,0,0.0,0.00394,0.00394,0.00394,,,10645876.0,,10645876.0
2022-05-24,47,169043142.0,0,0,0.0,0.00888,0.00888,0.00888,,,31611231.0,,31611231.0
2022-05-25,47,169416332.0,0,0,0.0,0.00725,0.00725,0.00725,,,23672759.0,,23672759.0
2022-05-26,47,169734423.0,0,0,0.0,0.00496,0.00496,0.00496,,,19266335.0,,19266335.0
2022-05-27,47,169636117.0,0,0,0.0,0.00709,0.00709,0.00709,,,18338984.0,,18338984.0
2022-05-31,47,169112024.0,0,0,0.0,0.01831,0.01831,0.01831,,,49869319.0,,49869319.0
2022-06-01,47,166363882.0,0,0,0.0,0.01439,0.01439,0.01439,,,35736494.0,,35736494.0
2022-06-02,47,165035880.0,0,0,0.0,0.00651,0.00651,0.00651,,,17192183.0,,17192183.0
2022-06-03,47,165852366.0,0,0,0.0,0.00051,0.00051,0.00051,,,1990826.0,,1990826.0
2022-06-06,47,165768468.0,0,0,0.0,0.00944,0.00944,0.00944,,,20421434.0,,20421434.0
2022-06-07,47,167295553.0,0,0,0.0,0.00437,0.00437,0.00437,,,10718867.0,,10718867.0
2022-06-08,47,166570308.0,0,1,0.02128,0.00097,0.00097,0.00097,,,1371192.0,,1371192.0
2022-06-09,46,166409269.0,1,0,0.02174,0.0055,0.00446,0.0055,,,50355235.0,,50355235.0
2022-06-10,47,166646494.0,0,0,0.0,0.00618,0.00618,0.00618,,,15656629.0,,15656629.0
2022-06-13,47,167526277.0,0,0,0.0,0.00783,0.00783,0.00783,,,1981309.0,,1981309.0
2022-06-14,47,168838402.0,0,0,0.0,0.00298,0.00298,0.00298,,,2760893.0,,2760893.0
2022-06-15,47,169260960.0,0,0,0.0,0.00338,0.00338,0.00338,,,5581196.0,,5581196.0
2022-06-16,47,169023646.0,0,0,0.0,0.00522,0.00522,0.00522,,,10462814.0,,10462814.0
2022-06-17,47,169861891.0,0,0,0.0,0.00739,0.00739,0.00739,,,12936035.0,,12936035.0
2022-06-21,47,169219042.0,0,0,0.0,0.00712,0.00712,0.00712,,,16092993.0,,16092993.0
2022-06-22,47,168014982.0,0,0,0.0,0.01215,0.01215,0.01215,,,23437720.0,,23437720.0
2022-06-23,47,165973172.0,0,0,0.0,0.00691,0.00691,0.00691,,,3789634.0,,3789634.0
2022-06-28,47,165043339.0,0,0,0.0,0.01088,0.01088,0.01088,,,27355345.0,,27355345.0
2022-06-29,47,163247825.0,0,0,0.0,0.01063,0.01063,0.01063,,,25827053.0,,25827053.0
2022-06-30,47,161512340.0,0,0,0.0,0.00336,0.00336,0.00336,,,8019326.0,,8019326.0
2022-07-01,47,160970020.0,0,0,0.0,0.00999,0.00999,0.00999,,,22419235.0,,22419235.0
2022-07-05,47,162578274.0,0,0,0.0,0.00405,0.00405,0.00405,,,10465626.0,,10465626.0
2022-07-06,47,161938873.0,0,0,0.0,0.02514,0.02514,0.02514,,,67762608.0,,67762608.0
2022-07-07,47,165735123.0,0,1,0.02128,0.01714,0.01714,0.01714,,,39155837.0,,39155837.0
2022-07-08,46,168541847.0,0,0,0.0,0.02261,0.02261,0.02261,,,53626712.0,,53626712.0
2022-07-11,46,172346241.0,0,0,0.0,0.00289,0.00289,0.00289,,,3956682.0,,3956682.0
2022-07-12,46,172787587.0,0,0,0.0,0.00813,0.00813,0.00813,,,13428981.0,,13428981.0
2022-07-13,46,173445946.0,0,0,0.0,0.00845,0.00845,0.00845,,,19103199.0,,19103199.0
2022-07-14,46,174744763.0,0,0,0.0,0.00733,0.00733,0.00733,,,19273337.0,,19273337.0
2022-07-15,46,175817438.0,0,0,0.0,0.00314,0.00314,0.00314,,,4434741.0,,4434741.0
2022-07-18,46,176313435.0,0,0,0.0,0.00525,0.00525,0.00525,,,16721479.0,,16721479.0
2022-07-19,46,176433514.0,0,0,0.0,0.00254,0.00254,0.00254,,,4158965.0,,4158965.0
2022-07-20,46,176855847.0,0,0,0.0,0.00632,0.00632,0.00632,,,15255536.0,,15255536.0
2022-07-21,46,176182917.0,0,0,0.0,0.00754,0.00754,0.00754,,,21436557.0,,21436557.0
2022-07-22,46,177294577.0,0,0,0.0,0.00114,0.00114,0.00114,,,4268544.0,,4268544.0
2022-07-25,46,177497028.0,0,0,0.0,0.02295,0.02295,0.02295,,,60277563.0,,60277563.0
2022-07-26,46,174780382.0,1,0,0.02174,0.01072,0.01026,0.01072,,,35468393.0,,35468393.0
2022-07-27,47,174083483.0,0,0,0.0,0.01849,0.01849,0.01849,,,62481693.0,,62481693.0
2022-07-28,47,172257356.0,0,0,0.0,0.01261,0.01261,0.01261,,,35937945.0,,35937945.0
2022-07-29,47,170749323.0,0,0,0.0,0.00804,0.00804,0.00804,,,21566185.0,,21566185.0
2022-08-01,47,170802879.0,0,0,0.0,0.00916,0.00916,0.00916,,,27969754.0,,27969754.0
2022-08-02,47,169597534.0,0,0,0.0,0.00266,0.00266,0.00266,,,7418264.0,,7418264.0
2022-08-03,47,170037121.0,0,0,0.0,0.00034,0.00034,0.00034,,,838132.0,,838132.0
2022-08-04,47,170061578.0,0,0,0.0,0.00176,0.00176,0.00176,,,4007627.0,,4007627.0
2022-08-05,47,169762914.0,0,0,0.0,0.00235,0.00235,0.00235,,,6161806.0,,6161806.0
2022-08-08,47,170058125.0,0,0,0.0,0.01072,0.01072,0.01072,,,33064821.0,,33064821.0
2022-08-09,47,171547526.0,0,0,0.0,0.00837,0.00837,0.00837,,,28122842.0,,28122842.0
2022-08-10,47,170727072.0,0,0,0.0,0.00188,0.00188,0.00188,,,4155258.0,,4155258.0
2022-08-11,47,170704825.0,0,0,0.0,0.00135,0.00135,0.00135,,,1274904.0,,1274904.0
2022-08-12,47,170765561.0,0,0,0.0,0.0072,0.0072,0.0072,,,16887130.0,,16887130.0
2022-08-15,47,170143992.0,0,0,0.0,0.00666,0.00666,0.00666,,,15194805.0,,15194805.0
2022-08-16,47,170555328.0,0,0,0.0,0.00538,0.00538,0.00538,,,12068613.0,,12068613.0
2022-08-17,47,169638218.0,0,0,0.0,0.00879,0.00879,0.00879,,,26158987.0,,26158987.0
2022-08-18,47,168618207.0,0,0,0.0,0.01098,0.01098,0.01098,,,24109748.0,,24109748.0
2022-08-19,47,168696394.0,0,0,0.0,0.00777,0.00777,0.00777,,,19868041.0,,19868041.0
2022-08-22,47,168250798.0,0,0,0.0,0.00365,0.00365,0.00365,,,9950468.0,,9950468.0
2022-08-23,47,167970534.0,1,0,0.02128,0.01725,0.01698,0.01725,,,53325094.0,,53325094.0
2022-08-24,48,168816220.0,0,0,0.0,0.01039,0.01039,0.01039,,,34568684.0,,34568684.0
2022-08-25,48,167599044.0,0,0,0.0,0.00673,0.00673,0.00673,,,21814128.0,,21814128.0
2022-08-26,48,167374950.0,0,0,0.0,0.00315,0.00315,0.00315,,,10480562.0,,10480562.0
2022-08-29,48,167461790.0,0,0,0.0,0.01386,0.01386,0.01386,,,33846172.0,,33846172.0
2022-08-30,48,169622089.0,0,0,0.0,0.0131,0.0131,0.0131,,,38218744.0,,38218744.0
2022-08-31,48,171674478.0,0,0,0.0,0.01396,0.01396,0.01396,,,37099871.0,,37099871.0
2022-09-01,48,169668447.0,0,0,0.0,0.00619,0.00619,0.00619,,,17465195.0,,17465195.0
2022-09-02,48,168617480.0,0,0,0.0,0.0035,0.0035,0.0035,,,9293389.0,,9293389.0
2022-09-06,48,168857516.0,0,0,0.0,0.00478,0.00478,0.00478,,,12406717.0,,12406717.0
2022-09-07,48,169469177.0,0,0,0.0,0.01164,0.01164,0.01164,,,25328830.0,,25328830.0
2022-09-08,48,169815495.0,0,0,0.0,0.0051,0.0051,0.0051,,,10547015.0,,10547015.0
2022-09-09,48,169142511.0,0,0,0.0,0.00368,0.00368,0.00368,,,7434580.0,,7434580.0
2022-09-12,48,168520652.0,0,0,0.0,0.00213,0.00213,0.00213,,,5898802.0,,5898802.0
2022-09-13,48,168848720.0,0,0,0.0,0.00511,0.00511,0.00511,,,11732019.0,,11732019.0
2022-09-14,48,169357813.0,0,0,0.0,0.0093,0.0093,0.0093,,,37169382.0,,37169382.0
2022-09-15,48,169607186.0,0,1,0.02083,0.00497,0.00497,0.00497,,,18973343.0,,18973343.0
2022-09-16,47,169710826.0,0,1,0.02128,0.00422,0.00422,0.00422,,,11602194.0,,11602194.0
2022-09-19,46,169121843.0,0,0,0.0,0.01119,0.01119,0.01119,,,35149223.0,,35149223.0
2022-09-20,46,167638054.0,0,0,0.0,0.00284,0.00284,0.00284,,,13768377.0,,13768377.0
2022-09-21,46,167604296.0,0,0,0.0,0.00835,0.00835,0.00835,,,29866308.0,,29866308.0
2022-09-22,46,167494596.0,0,0,0.0,0.00767,0.00767,0.00767,,,19435217.0,,19435217.0
2022-09-23,46,166225396.0,0,0,0.0,0.0096,0.0096,0.0096,,,30732412.0,,30732412.0
2022-09-26,46,164701950.0,0,0,0.0,0.00968,0.00968,0.00968,,,32888827.0,,32888827.0
2022-09-27,46,163424373.0,1,0,0.02174,0.01448,0.01334,0.01448,,,68465830.0,,68465830.0
2022-09-28,47,163873526.0,0,0,0.0,0.00015,0.00015,0.00015,,,502476.0,,502476.0
2022-09-29,47,163897723.0,0,0,0.0,0.0146,0.0146,0.0146,,,35724562.0,,35724562.0
2022-09-30,47,166236186.0,0,0,0.0,0.00153,0.00153,0.00153,,,8413186.0,,8413186.0
2022-10-03,47,166439350.0,0,0,0.0,0.00817,0.00817,0.00817,,,19268788.0,,19268788.0
2022-10-04,47,165334531.0,0,0,0.0,0.01022,0.01022,0.01022,,,24427189.0,,24427189.0
2022-10-05,47,163644666.0,0,0,0.0,0.01885,0.01885,0.01885,,,48025445.0,,48025445.0
2022-10-06,47,166729958.0,0,0,0.0,0.00066,0.00066,0.00066,,,1733913.0,,1733913.0
2022-10-07,47,166621750.0,0,0,0.0,0.00332,0.00332,0.00332,,,8494626.0,,8494626.0
2022-10-10,47,166078416.0,0,0,0.0,0.00918,0.00918,0.00918,,,21055571.0,,21055571.0
2022-10-11,47,164702752.0,0,0,0.0,0.00696,0.00696,0.00696,,,18365000.0,,18365000.0
2022-10-12,47,163907772.0,0,0,0.0,0.0049,0.0049,0.0049,,,14925306.0,,14925306.0
2022-10-13,47,164156934.0,0,0,0.0,0.00975,0.00975,0.00975,,,24340166.0,,24340166.0
2022-10-14,47,163373684.0,0,0,0.0,0.0079,0.0079,0.0079,,,19136491.0,,19136491.0
2022-10-17,47,162279965.0,0,0,0.0,0.01223,0.01223,0.01223,,,26802442.0,,26802442.0
2022-10-18,47,161080045.0,0,0,0.0,0.00212,0.00212,0.00212,,,5843417.0,,5843417.0
2022-10-19,47,160758968.0,0,0,0.0,0.00446,0.00446,0.00446,,,10381706.0,,10381706.0
2022-10-20,47,161409531.0,0,0,0.0,0.00448,0.00448,0.00448,,,9481549.0,,9481549.0
2022-10-21,47,162080381.0,1,1,0.04255,0.05703,0.00764,0.05703,,,65554211.0,,65554211.0
2022-10-24,47,156223143.0,0,0,0.0,0.00716,0.00716,0.00716,,,16222883.0,,16222883.0
2022-10-25,47,155104010.0,0,0,0.0,0.00677,0.00677,0.00677,,,21495694.0,,21495694.0
2022-10-26,47,154714414.0,0,0,0.0,0.00282,0.00282,0.00282,,,7687879.0,,7687879.0
2022-10-27,47,154367827.0,0,0,0.0,0.00224,0.00224,0.00224,,,5661170.0,,5661170.0
2022-10-28,47,154320382.0,0,0,0.0,0.00127,0.00127,0.00127,,,3007293.0,,3007293.0
2022-10-31,47,154445433.0,0,0,0.0,0.00105,0.00105,0.00105,,,5214659.0,,5214659.0
2022-11-01,47,154383180.0,0,0,0.0,0.00184,0.00184,0.00184,,,4951611.0,,4951611.0
2022-11-02,47,154205755.0,0,0,0.0,0.00071,0.00071,0.00071,,,4142631.0,,4142631.0
2022-11-03,47,154184841.0,0,0,0.0,0.00762,0.00762,0.00762,,,17399659.0,,17399659.0
2022-11-04,47,155278968.0,0,0,0.0,0.01136,0.01136,0.01136,,,22666494.0,,22666494.0
2022-11-07,47,155403111.0,0,0,0.0,0.00387,0.00387,0.00387,,,6133006.0,,6133006.0
2022-11-08,47,155954042.0,0,0,0.0,0.0031,0.0031,0.0031,,,8400990.0,,8400990.0
2022-11-09,47,156337862.0,0,0,0.0,0.00061,0.00061,0.00061,,,2117864.0,,2117864.0
2022-11-10,47,156382347.0,0,0,0.0,0.00264,0.00264,0.00264,,,5629935.0,,5629935.0
2022-11-11,47,156189844.0,0,0,0.0,0.01293,0.01293,0.01293,,,30707269.0,,30707269.0
2022-11-14,47,158209530.0,0,0,0.0,0.01351,0.01351,0.01351,,,34482011.0,,34482011.0
2022-11-15,47,160324772.0,0,0,0.0,0.00124,0.00124,0.00124,,,2880673.0,,2880673.0
2022-11-16,47,160473604.0,0,0,0.0,0.00791,0.00791,0.00791,,,20746562.0,,20746562.0
2022-11-17,47,161569076.0,0,0,0.0,0.00177,0.00177,0.00177,,,5063284.0,,5063284.0
2022-11-18,47,161726660.0,0,0,0.0,0.0096,0.0096,0.0096,,,27989484.0,,27989484.0
2022-11-21,47,163103060.0,0,0,0.0,0.01126,0.01126,0.01126,,,26701601.0,,26701601.0
2022-11-22,47,161300183.0,0,0,0.0,0.00721,0.00721,0.00721,,,17294344.0,,17294344.0
2022-11-23,47,161378493.0,0,0,0.0,0.00634,0.00634,0.00634,,,14427784.0,,14427784.0
2022-11-25,47,160385565.0,0,0,0.0,0.0,0.0,0.0,,,0.0,,0.0
2022-11-28,47,160385565.0,0,0,0.0,0.00012,0.00012,0.00012,,,505246.0,,505246.0
2022-11-29,47,160366209.0,0,0,0.0,0.00845,0.00845,0.00845,,,18478659.0,,18478659.0
2022-11-30,47,159051839.0,0,0,0.0,0.01283,0.01283,0.01283,,,27498203.0,,27498203.0
2022-12-01,47,157011438.0,0,0,0.0,0.01663,0.01663,0.01663,,,37605475.0,,37605475.0
2022-12-02,47,154573219.0,0,0,0.0,0.00021,0.00021,0.00021,,,1155558.0,,1155558.0
2022-12-05,47,154540062.0,0,0,0.0,0.00124,0.00124,0.00124,,,5143967.0,,5143967.0
2022-12-06,47,154348870.0,0,0,0.0,0.00899,0.00899,0.00899,,,17516389.0,,17516389.0
2022-12-07,47,154884817.0,0,0,0.0,0.00613,0.00613,0.00613,,,13375844.0,,13375844.0
2022-12-08,47,154063021.0,0,0,0.0,0.00506,0.00506,0.00506,,,10591929.0,,10591929.0
2022-12-09,47,153304366.0,0,1,0.02128,0.00013,0.00013,0.00013,,,614445.0,,614445.0
2022-12-12,46,153321879.0,0,0,0.0,0.00996,0.00996,0.00996,,,20063415.0,,20063415.0
2022-12-13,46,151797908.0,0,0,0.0,9e-05,9e-05,9e-05,,,276879.0,,276879.0
2022-12-14,46,151809594.0,0,0,0.0,0.00963,0.00963,0.00963,,,19901190.0,,19901190.0
2022-12-15,46,153158829.0,0,0,0.0,0.00088,0.00088,0.00088,,,1774662.0,,1774662.0
2022-12-16,46,153284468.0,0,0,0.0,0.00291,0.00291,0.00291,,,5860821.0,,5860821.0
2022-12-19,46,152849257.0,0,0,0.0,0.00206,0.00206,0.00206,,,4846464.0,,4846464.0
2022-12-20,46,152536037.0,0,0,0.0,0.00293,0.00293,0.00293,,,6095050.0,,6095050.0
2022-12-21,46,152115670.0,0,0,0.0,0.00618,0.00618,0.00618,,,13846496.0,,13846496.0
2022-12-22,46,153056297.0,0,0,0.0,0.01268,0.01268,0.01268,,,25269868.0,,25269868.0
2022-12-23,46,151281516.0,0,0,0.0,0.00855,0.00855,0.00855,,,17328724.0,,17328724.0
2022-12-27,46,152575381.0,0,0,0.0,0.00438,0.00438,0.00438,,,7998681.0,,7998681.0
2022-12-28,46,151906610.0,0,0,0.0,0.00261,0.00261,0.00261,,,4773901.0,,4773901.0
2022-12-29,46,151524196.0,0,0,0.0,0.00098,0.00098,0.00098,,,2034769.0,,2034769.0
2022-12-30,46,151616799.0,0,0,0.0,0.01038,0.01038,0.01038,,,17810873.0,,17810873.0
2023-01-03,46,150061778.0,0,0,0.0,0.01161,0.01161,0.01161,,,20791883.0,,20791883.0
2023-01-04,46,148318927.0,0,0,0.0,0.02567,0.02567,0.02567,,,39505168.0,,39505168.0
2023-01-05,46,147577736.0,0,0,0.0,0.00712,0.00712,0.00712,,,10924154.0,,10924154.0
2023-01-06,46,147620540.0,0,0,0.0,0.00889,0.00889,0.00889,,,12873963.0,,12873963.0
2023-01-09,46,148933123.0,0,0,0.0,0.00849,0.00849,0.00849,,,12493140.0,,12493140.0
2023-01-10,46,150185805.0,0,0,0.0,0.00367,0.00367,0.00367,,,7051058.0,,7051058.0
2023-01-11,46,150538167.0,0,0,0.0,0.01349,0.01349,0.01349,,,24002178.0,,24002178.0
2023-01-12,46,150900105.0,0,0,0.0,0.00365,0.00365,0.00365,,,4687437.0,,4687437.0
2023-01-13,46,151292176.0,0,0,0.0,0.01171,0.01171,0.01171,,,10175828.0,,10175828.0
2023-01-17,46,150699876.0,0,0,0.0,0.0027,0.0027,0.0027,,,6392075.0,,6392075.0
2023-01-18,46,151025062.0,0,0,0.0,0.01074,0.01074,0.01074,,,10872996.0,,10872996.0
2023-01-19,46,150290925.0,0,0,0.0,0.0144,0.0144,0.0144,,,14746766.0,,14746766.0
2023-01-20,46,150280926.0,0,0,0.0,0.01226,0.01226,0.01226,,,12708393.0,,12708393.0
2023-01-23,46,151315284.0,0,0,0.0,0.0099,0.0099,0.0099,,,16720360.0,,16720360.0
2023-01-24,46,150634790.0,0,1,0.02174,0.00701,0.00701,0.00701,,,10988463.0,,10988463.0
2023-01-25,45,150978211.0,0,0,0.0,0.00241,0.00241,0.00241,,,6255975.0,,6255975.0
2023-01-26,45,151011894.0,0,0,0.0,0.00716,0.00716,0.00716,,,24595580.0,,24595580.0
2023-01-27,45,150811503.0,0,0,0.0,0.00243,0.00243,0.00243,,,6446856.0,,6446856.0
2023-01-30,45,151136910.0,0,0,0.0,0.00265,0.00265,0.00265,,,6873227.0,,6873227.0
2023-01-31,45,150985867.0,0,0,0.0,0.00463,0.00463,0.00463,,,10910208.0,,10910208.0
2023-02-01,45,150889360.0,0,0,0.0,0.00964,0.00964,0.00964,,,9539437.0,,9539437.0
2023-02-02,45,151680429.0,0,0,0.0,0.00538,0.00538,0.00538,,,12780421.0,,12780421.0
2023-02-03,45,151029132.0,0,0,0.0,0.01523,0.01523,0.01523,,,36580886.0,,36580886.0
2023-02-06,45,153319909.0,0,0,0.0,0.00403,0.00403,0.00403,,,10607519.0,,10607519.0
2023-02-07,45,152851270.0,0,0,0.0,0.00238,0.00238,0.00238,,,7644650.0,,7644650.0
2023-02-08,45,153123838.0,0,0,0.0,0.00459,0.00459,0.00459,,,10720583.0,,10720583.0
2023-02-09,45,153826666.0,0,0,0.0,0.00377,0.00377,0.00377,,,8422062.0,,8422062.0
2023-02-10,45,153527082.0,0,0,0.0,0.00465,0.00465,0.00465,,,10680560.0,,10680560.0
2023-02-13,45,152996728.0,0,0,0.0,0.00122,0.00122,0.00122,,,3867367.0,,3867367.0
2023-02-14,45,153117277.0,0,0,0.0,0.00674,0.00674,0.00674,,,15017812.0,,15017812.0
2023-02-15,45,152085533.0,0,0,0.0,0.0038,0.0038,0.0038,,,8305739.0,,8305739.0
2023-02-16,45,151507941.0,0,0,0.0,0.00304,0.00304,0.00304,,,6703244.0,,6703244.0
2023-02-17,45,151046627.0,0,0,0.0,0.0053,0.0053,0.0053,,,11353096.0,,11353096.0
2023-02-21,45,150246253.0,0,0,0.0,0.0137,0.0137,0.0137,,,29186765.0,,29186765.0
2023-02-22,45,148187948.0,0,0,0.0,0.00919,0.00919,0.00919,,,16211496.0,,16211496.0
2023-02-23,45,149549824.0,0,0,0.0,0.0093,0.0093,0.0093,,,18632598.0,,18632598.0
2023-02-24,45,150928607.0,0,0,0.0,0.00062,0.00062,0.00062,,,735802.0,,735802.0
2023-02-27,45,150930121.0,0,0,0.0,0.00878,0.00878,0.00878,,,22874676.0,,22874676.0
2023-02-28,45,149897521.0,0,0,0.0,0.00286,0.00286,0.00286,,,5446898.0,,5446898.0
2023-03-01,45,149877736.0,0,0,0.0,0.00422,0.00422,0.00422,,,6426735.0,,6426735.0
2023-03-02,45,149285109.0,0,0,0.0,0.00255,0.00255,0.00255,,,2440788.0,,2440788.0
2023-03-03,45,149473346.0,0,0,0.0,0.00344,0.00344,0.00344,,,7225349.0,,7225349.0
2023-03-06,45,149078706.0,0,0,0.0,0.00435,0.00435,0.00435,,,3958571.0,,3958571.0
2023-03-07,45,149177849.0,0,0,0.0,0.00354,0.00354,0.00354,,,4988355.0,,4988355.0
2023-03-08,45,149031233.0,0,0,0.0,0.00504,0.00504,0.00504,,,7621044.0,,7621044.0
2023-03-09,45,149488028.0,0,1,0.02222,0.00719,0.00719,0.00719,,,13405983.0,,13405983.0
2023-03-10,44,150522464.0,0,0,0.0,0.01318,0.01318,0.01318,,,23429513.0,,23429513.0
2023-03-13,44,152506464.0,0,0,0.0,0.00416,0.00416,0.00416,,,6120594.0,,6120594.0
2023-03-14,44,152438141.0,0,0,0.0,0.00415,0.00415,0.00415,,,7048600.0,,7048600.0
2023-03-15,44,153063624.0,0,0,0.0,0.0033,0.0033,0.0033,,,5953989.0,,5953989.0
2023-03-16,44,153551346.0,0,0,0.0,0.00388,0.00388,0.00388,,,7446681.0,,7446681.0
2023-03-17,44,152997244.0,0,0,0.0,0.00152,0.00152,0.00152,,,2897605.0,,2897605.0
2023-03-20,44,153229580.0,0,0,0.0,0.00218,0.00218,0.00218,,,4246677.0,,4246677.0
2023-03-21,44,152910855.0,0,0,0.0,0.01514,0.01514,0.01514,,,30472952.0,,30472952.0
2023-03-22,44,150603961.0,0,0,0.0,0.00031,0.00031,0.00031,,,1620591.0,,1620591.0
2023-03-23,44,150579181.0,0,0,0.0,0.00321,0.00321,0.00321,,,6245754.0,,6245754.0
2023-03-24,44,151045005.0,0,0,0.0,0.00059,0.00059,0.00059,,,1166131.0,,1166131.0
2023-03-27,44,151030857.0,0,0,0.0,0.0,0.0,0.0,,,0.0,,0.0
2023-03-28,44,151030857.0,0,0,0.0,0.00237,0.00237,0.00237,,,4570298.0,,4570298.0
2023-03-29,44,150711817.0,0,0,0.0,0.01021,0.01021,0.01021,,,9151275.0,,9151275.0
2023-03-30,44,149332716.0,0,0,0.0,0.01187,0.01187,0.01187,,,22325948.0,,22325948.0
2023-03-31,44,147765238.0,0,0,0.0,0.00901,0.00901,0.00901,,,11248831.0,,11248831.0
2023-04-03,44,149086607.0,0,0,0.0,0.01579,0.01579,0.01579,,,26922177.0,,26922177.0
2023-04-04,44,151409525.0,0,1,0.02273,0.00261,0.00261,0.00261,,,2738057.0,,2738057.0
2023-04-05,43,151598139.0,0,0,0.0,0.02757,0.02757,0.02757,,,32792829.0,,32792829.0
2023-04-06,43,152507477.0,0,0,0.0,0.01514,0.01514,0.01514,,,21817454.0,,21817454.0
2023-04-10,43,152772544.0,0,0,0.0,0.00111,0.00111,0.00111,,,4190254.0,,4190254.0
2023-04-11,43,152833594.0,0,0,0.0,0.00038,0.00038,0.00038,,,1276454.0,,1276454.0
2023-04-12,43,152873300.0,0,0,0.0,0.00312,0.00312,0.00312,,,6512746.0,,6512746.0
2023-04-13,43,152396725.0,0,0,0.0,0.00308,0.00308,0.00308,,,5810564.0,,5810564.0
2023-04-14,43,151991426.0,0,0,0.0,0.00594,0.00594,0.00594,,,12817815.0,,12817815.0
2023-04-17,43,151088312.0,0,0,0.0,0.00605,0.00605,0.00605,,,11112828.0,,11112828.0
2023-04-18,43,152001995.0,0,0,0.0,0.00908,0.00908,0.00908,,,17230900.0,,17230900.0
2023-04-19,43,153381945.0,0,0,0.0,0.00879,0.00879,0.00879,,,13027867.0,,13027867.0
2023-04-20,43,154729773.0,0,0,0.0,0.00833,0.00833,0.00833,,,13071318.0,,13071318.0
2023-04-21,43,156018737.0,0,0,0.0,4e-05,4e-05,4e-05,,,222799.0,,222799.0
2023-04-24,43,156024181.0,0,0,0.0,0.00838,0.00838,0.00838,,,16951427.0,,16951427.0
2023-04-25,43,154728248.0,0,0,0.0,0.00449,0.00449,0.00449,,,9492740.0,,9492740.0
2023-04-26,43,155392012.0,0,0,0.0,0.00119,0.00119,0.00119,,,2064761.0,,2064761.0
2023-04-27,43,155570247.0,0,0,0.0,0.00753,0.00753,0.00753,,,15788544.0,,15788544.0
2023-04-28,43,154420187.0,0,0,0.0,0.00094,0.00094,0.00094,,,2940257.0,,2940257.0
2023-05-01,43,154290685.0,0,0,0.0,0.00418,0.00418,0.00418,,,11599011.0,,11599011.0
2023-05-02,43,154136353.0,0,0,0.0,0.00826,0.00826,0.00826,,,15217715.0,,15217715.0
2023-05-03,43,152863188.0,0,0,0.0,0.00215,0.00215,0.00215,,,1596491.0,,1596491.0
2023-05-04,43,153191198.0,0,0,0.0,0.00555,0.00555,0.00555,,,11516674.0,,11516674.0
2023-05-05,43,152472366.0,0,0,0.0,0.00019,0.00019,0.00019,,,635657.0,,635657.0
2023-05-08,43,152490898.0,0,0,0.0,0.00457,0.00457,0.00457,,,15083550.0,,15083550.0
2023-05-09,43,152145116.0,0,0,0.0,0.00674,0.00674,0.00674,,,11706157.0,,11706157.0
2023-05-10,43,153123882.0,0,0,0.0,0.00457,0.00457,0.00457,,,11676412.0,,11676412.0
2023-05-11,43,153348600.0,0,0,0.0,0.00597,0.00597,0.00597,,,9964818.0,,9964818.0
2023-05-12,43,154246185.0,0,0,0.0,0.00853,0.00853,0.00853,,,16880721.0,,16880721.0
2023-05-15,43,155443464.0,0,0,0.0,0.00453,0.00453,0.00453,,,8783774.0,,8783774.0
2023-05-16,43,154820909.0,0,0,0.0,0.02016,0.02016,0.02016,,,39052579.0,,39052579.0
2023-05-17,43,157942597.0,0,0,0.0,0.00384,0.00384,0.00384,,,7417821.0,,7417821.0
2023-05-18,43,158549140.0,0,0,0.0,0.0,0.0,0.0,,,0.0,,0.0
2023-05-19,43,158549140.0,0,0,0.0,0.00765,0.00765,0.00765,,,15185948.0,,15185948.0
2023-05-22,43,157336025.0,0,0,0.0,0.0,0.0,0.0,,,0.0,,0.0
2023-05-23,43,157336025.0,0,0,0.0,0.01394,0.01394,0.01394,,,29953538.0,,29953538.0
2023-05-24,43,155143343.0,0,0,0.0,0.00857,0.00857,0.00857,,,16657239.0,,16657239.0
2023-05-25,43,156464407.0,0,0,0.0,0.00218,0.00218,0.00218,,,5545042.0,,5545042.0
2023-05-26,43,156678581.0,0,0,0.0,0.00688,0.00688,0.00688,,,23781054.0,,23781054.0
2023-05-30,43,157671190.0,0,0,0.0,0.00046,0.00046,0.00046,,,1440876.0,,1440876.0
2023-05-31,43,157684452.0,0,0,0.0,0.00094,0.00094,0.00094,,,1726724.0,,1726724.0
2023-06-01,43,157792927.0,0,0,0.0,0.01382,0.01382,0.01382,,,29144338.0,,29144338.0
2023-06-02,43,155797837.0,0,0,0.0,0.00103,0.00103,0.00103,,,3305196.0,,3305196.0
2023-06-05,43,155803036.0,0,0,0.0,0.00434,0.00434,0.00434,,,8186868.0,,8186868.0
2023-06-06,43,156479148.0,0,0,0.0,0.00685,0.00685,0.00685,,,11499426.0,,11499426.0
2023-06-07,43,157548786.0,0,0,0.0,0.00193,0.00193,0.00193,,,6164265.0,,6164265.0
2023-06-08,43,157767020.0,0,0,0.0,0.00931,0.00931,0.00931,,,20132843.0,,20132843.0
2023-06-09,43,156297986.0,0,0,0.0,8e-05,8e-05,8e-05,,,520147.0,,520147.0
2023-06-12,43,156309982.0,0,0,0.0,0.00157,0.00157,0.00157,,,3307975.0,,3307975.0
2023-06-13,43,156064780.0,0,0,0.0,0.0,0.0,0.0,,,0.0,,0.0
2023-06-14,43,156064780.0,0,0,0.0,0.00157,0.00157,0.00157,,,3504421.0,,3504421.0
2023-06-15,43,155819616.0,0,0,0.0,0.0,0.0,0.0,,,0.0,,0.0
2023-06-16,43,155819616.0,0,0,0.0,0.00083,0.00083,0.00083,,,1875220.0,,1875220.0
2023-06-20,43,155707541.0,0,0,0.0,0.00254,0.00254,0.00254,,,4696231.0,,4696231.0
2023-06-21,43,155642886.0,0,0,0.0,0.01747,0.01747,0.01747,,,24221984.0,,24221984.0
2023-06-22,43,153428124.0,0,0,0.0,0.02155,0.02155,0.02155,,,21727488.0,,21727488.0
2023-06-23,43,150912664.0,0,0,0.0,0.00259,0.00259,0.00259,,,839575.0,,839575.0
2023-06-26,43,150804354.0,0,0,0.0,0.01272,0.01272,0.01272,,,12950934.0,,12950934.0
2023-06-27,43,151745692.0,0,0,0.0,0.01044,0.01044,0.01044,,,17504181.0,,17504181.0
2023-06-28,43,153272012.0,0,0,0.0,0.0039,0.0039,0.0039,,,4556059.0,,4556059.0
2023-06-29,43,152923966.0,0,0,0.0,0.00347,0.00347,0.00347,,,8495767.0,,8495767.0
2023-06-30,43,153354864.0,0,0,0.0,0.0019,0.0019,0.0019,,,3690815.0,,3690815.0
2023-07-03,43,153646857.0,0,0,0.0,0.00084,0.00084,0.00084,,,1850044.0,,1850044.0
2023-07-05,43,153557058.0,0,0,0.0,0.0004,0.0004,0.0004,,,127333.0,,127333.0
2023-07-06,43,153619074.0,0,0,0.0,0.00621,0.00621,0.00621,,,7300184.0,,7300184.0
2023-07-07,43,153686923.0,0,0,0.0,0.00069,0.00069,0.00069,,,542131.0,,542131.0
2023-07-10,43,153793504.0,0,0,0.0,0.00368,0.00368,0.00368,,,5176594.0,,5176594.0
2023-07-11,43,153246295.0,0,0,0.0,0.00636,0.00636,0.00636,,,10105526.0,,10105526.0
2023-07-12,43,153317476.0,0,0,0.0,0.00328,0.00328,0.00328,,,6888197.0,,6888197.0
2023-07-13,43,153259979.0,0,0,0.0,0.01402,0.01402,0.01402,,,28179651.0,,28179651.0
2023-07-14,43,154853077.0,0,0,0.0,0.01381,0.01381,0.01381,,,13027629.0,,13027629.0
2023-07-17,43,156756218.0,0,0,0.0,0.00313,0.00313,0.00313,,,6639029.0,,6639029.0
2023-07-18,43,157086577.0,0,0,0.0,0.00184,0.00184,0.00184,,,324303.0,,324303.0
2023-07-19,43,156811369.0,0,0,0.0,0.00755,0.00755,0.00755,,,16979383.0,,16979383.0
2023-07-20,43,157810251.0,0,0,0.0,0.0031,0.0031,0.0031,,,7597872.0,,7597872.0
2023-07-21,43,158292003.0,0,0,0.0,0.00919,0.00919,0.00919,,,21822011.0,,21822011.0
2023-07-24,43,156836608.0,0,0,0.0,0.00389,0.00389,0.00389,,,9236139.0,,9236139.0
2023-07-25,43,157439048.0,0,0,0.0,0.00225,0.00225,0.00225,,,15116884.0,,15116884.0
2023-07-26,43,157242691.0,0,0,0.0,0.0029,0.0029,0.0029,,,19162792.0,,19162792.0
2023-07-27,43,157083200.0,0,0,0.0,0.00536,0.00536,0.00536,,,11005808.0,,11005808.0
2023-07-28,43,157670931.0,0,0,0.0,0.00016,0.00016,0.00016,,,355204.0,,355204.0
2023-07-31,43,157695093.0,0,0,0.0,0.00278,0.00278,0.00278,,,4141099.0,,4141099.0
2023-08-01,43,157256498.0,0,0,0.0,0.01198,0.01198,0.01198,,,28842938.0,,28842938.0
2023-08-02,43,158995784.0,0,1,0.02326,0.0,0.0,0.0,,,782.0,,782.0
2023-08-03,42,158995619.0,0,0,0.0,0.00036,0.00036,0.00036,,,615746.0,,615746.0
2023-08-04,42,158995378.0,0,0,0.0,0.00307,0.00307,0.00307,,,8245283.0,,8245283.0
2023-08-07,42,159444886.0,0,0,0.0,0.00493,0.00493,0.00493,,,13622703.0,,13622703.0
2023-08-08,42,159100438.0,0,0,0.0,0.00373,0.00373,0.00373,,,8380594.0,,8380594.0
2023-08-09,42,159252448.0,0,0,0.0,0.00338,0.00338,0.00338,,,7544664.0,,7544664.0
2023-08-10,42,159214051.0,0,0,0.0,0.0061,0.0061,0.0061,,,12634517.0,,12634517.0
2023-08-11,42,159988581.0,0,0,0.0,0.004,0.004,0.004,,,11968730.0,,11968730.0
2023-08-14,42,160261729.0,0,0,0.0,0.00116,0.00116,0.00116,,,774043.0,,774043.0
2023-08-15,42,160093909.0,0,1,0.02381,0.01174,0.01174,0.01174,,,23819467.0,,23819467.0
2023-08-16,41,158214304.0,0,0,0.0,0.00567,0.00567,0.00567,,,12162270.0,,12162270.0
2023-08-17,41,158026436.0,0,0,0.0,0.01357,0.01357,0.01357,,,27654527.0,,27654527.0
2023-08-18,41,156169396.0,0,0,0.0,0.00428,0.00428,0.00428,,,7275778.0,,7275778.0
2023-08-21,41,156634202.0,0,0,0.0,0.00973,0.00973,0.00973,,,4337861.0,,4337861.0
2023-08-22,41,155235249.0,0,0,0.0,0.00384,0.00384,0.00384,,,1985471.0,,1985471.0
2023-08-23,41,154832862.0,0,0,0.0,0.00991,0.00991,0.00991,,,11670863.0,,11670863.0
2023-08-24,41,155194102.0,0,0,0.0,0.02217,0.02217,0.02217,,,21705446.0,,21705446.0
2023-08-25,41,154623086.0,0,0,0.0,0.00515,0.00515,0.00515,,,7281508.0,,7281508.0
2023-08-28,41,154791070.0,0,0,0.0,0.0,0.0,0.0,,,0.0,,0.0
2023-08-29,41,154791070.0,0,0,0.0,0.00096,0.00096,0.00096,,,798417.0,,798417.0
2023-08-30,41,154700831.0,0,0,0.0,0.00313,0.00313,0.00313,,,6389241.0,,6389241.0
2023-08-31,41,154216514.0,0,0,0.0,0.00615,0.00615,0.00615,,,12802969.0,,12802969.0
2023-09-01,41,153267756.0,0,1,0.02439,0.00035,0.00035,0.00035,,,842546.0,,842546.0
2023-09-05,40,153314945.0,0,0,0.0,0.00312,0.00312,0.00312,,,6511740.0,,6511740.0
2023-09-06,40,152835959.0,0,0,0.0,0.0017,0.0017,0.0017,,,5478596.0,,5478596.0
2023-09-07,40,152650735.0,0,0,0.0,0.00645,0.00645,0.00645,,,7786122.0,,7786122.0
2023-09-08,40,152878556.0,0,1,0.025,0.00286,0.00286,0.00286,,,10355433.0,,10355433.0
2023-09-11,39,153284357.0,0,0,0.0,0.005,0.005,0.005,,,11947082.0,,11947082.0
2023-09-12,39,152517702.0,0,0,0.0,0.00655,0.00655,0.00655,,,14260655.0,,14260655.0
2023-09-13,39,151518322.0,0,0,0.0,0.00797,0.00797,0.00797,,,15887626.0,,15887626.0
2023-09-14,39,150426957.0,0,0,0.0,0.00415,0.00415,0.00415,,,8545015.0,,8545015.0
2023-09-15,39,149846228.0,0,0,0.0,0.00243,0.00243,0.00243,,,4649329.0,,4649329.0
2023-09-18,39,149527758.0,0,0,0.0,0.00297,0.00297,0.00297,,,5237062.0,,5237062.0
2023-09-19,39,149293877.0,0,0,0.0,0.00145,0.00145,0.00145,,,2702134.0,,2702134.0
2023-09-20,39,149494462.0,0,0,0.0,0.00178,0.00178,0.00178,,,10954177.0,,10954177.0
2023-09-21,39,149721689.0,0,0,0.0,0.00376,0.00376,0.00376,,,7343028.0,,7343028.0
2023-09-22,39,150279880.0,0,0,0.0,0.00235,0.00235,0.00235,,,4453685.0,,4453685.0
2023-09-25,39,150359701.0,0,0,0.0,0.00249,0.00249,0.00249,,,4309812.0,,4309812.0
2023-09-26,39,150734371.0,0,0,0.0,0.00012,0.00012,0.00012,,,200449.0,,200449.0
2023-09-27,39,150748276.0,0,0,0.0,0.00091,0.00091,0.00091,,,1554345.0,,1554345.0
2023-09-28,39,150653626.0,0,0,0.0,0.00567,0.00567,0.00567,,,9496777.0,,9496777.0
2023-09-29,39,151508184.0,0,0,0.0,0.00318,0.00318,0.00318,,,5557741.0,,5557741.0
2023-10-02,39,151990604.0,0,0,0.0,0.0,0.0,0.0,,,0.0,,0.0
2023-10-03,39,151990604.0,0,0,0.0,0.00393,0.00393,0.00393,,,8093503.0,,8093503.0
2023-10-04,39,152570295.0,0,0,0.0,0.00097,0.00097,0.00097,,,557768.0,,557768.0
2023-10-05,39,152717891.0,0,0,0.0,0.00549,0.00549,0.00549,,,14998027.0,,14998027.0
2023-10-06,39,151884972.0,0,0,0.0,0.00065,0.00065,0.00065,,,5371306.0,,5371306.0
2023-10-09,39,151966772.0,0,0,0.0,0.00096,0.00096,0.00096,,,1888885.0,,1888885.0
2023-10-10,39,151880997.0,0,0,0.0,0.0005,0.0005,0.0005,,,2551349.0,,2551349.0
2023-10-11,39,151956467.0,0,0,0.0,5e-05,5e-05,5e-05,,,256215.0,,256215.0
2023-10-12,39,151963753.0,0,0,0.0,0.00035,0.00035,0.00035,,,1586347.0,,1586347.0
2023-10-13,39,152017368.0,0,0,0.0,0.00767,0.00767,0.00767,,,11958475.0,,11958475.0
2023-10-16,39,150896298.0,0,0,0.0,0.00158,0.00158,0.00158,,,6222738.0,,6222738.0
2023-10-17,39,150994503.0,0,0,0.0,0.00702,0.00702,0.00702,,,11024653.0,,11024653.0
2023-10-18,39,150180278.0,0,0,0.0,0.00121,0.00121,0.00121,,,5199852.0,,5199852.0
2023-10-19,39,150264490.0,0,0,0.0,0.00058,0.00058,0.00058,,,3075113.0,,3075113.0
2023-10-20,39,150301514.0,0,0,0.0,0.00091,0.00091,0.00091,,,5276610.0,,5276610.0
2023-10-23,39,150299610.0,0,0,0.0,0.00203,0.00203,0.00203,,,3176935.0,,3176935.0
2023-10-24,39,150170687.0,0,0,0.0,0.00476,0.00476,0.00476,,,16900216.0,,16900216.0
2023-10-25,39,150075375.0,0,0,0.0,0.0047,0.0047,0.0047,,,7092897.0,,7092897.0
2023-10-26,39,150664524.0,0,0,0.0,0.01396,0.01396,0.01396,,,19477952.0,,19477952.0
2023-10-27,39,152767383.0,0,0,0.0,3e-05,3e-05,3e-05,,,39235.0,,39235.0
2023-10-30,39,152771513.0,0,0,0.0,0.00224,0.00224,0.00224,,,3837202.0,,3837202.0
2023-10-31,39,152642994.0,0,0,0.0,0.00548,0.00548,0.00548,,,9069424.0,,9069424.0
2023-11-01,39,152131529.0,0,0,0.0,0.00292,0.00292,0.00292,,,6683546.0,,6683546.0
2023-11-02,39,152222350.0,0,0,0.0,0.00402,0.00402,0.00402,,,5979696.0,,5979696.0
2023-11-03,39,152833590.0,0,0,0.0,0.00804,0.00804,0.00804,,,19061521.0,,19061521.0
2023-11-06,39,153943480.0,0,0,0.0,0.00274,0.00274,0.00274,,,6477942.0,,6477942.0
2023-11-07,39,154246357.0,0,0,0.0,0.0079,0.0079,0.0079,,,17525323.0,,17525323.0
2023-11-08,39,153414990.0,0,0,0.0,0.0012,0.0012,0.0012,,,3898167.0,,3898167.0
2023-11-09,39,153384777.0,0,0,0.0,0.00728,0.00728,0.00728,,,12237960.0,,12237960.0
2023-11-10,39,152835487.0,0,0,0.0,0.00935,0.00935,0.00935,,,9674059.0,,9674059.0
2023-11-13,39,152909688.0,0,0,0.0,0.00433,0.00433,0.00433,,,9230471.0,,9230471.0
2023-11-14,39,152259670.0,0,0,0.0,0.00879,0.00879,0.00879,,,12520484.0,,12520484.0
2023-11-15,39,153578167.0,0,0,0.0,0.01607,0.01607,0.01607,,,25669295.0,,25669295.0
2023-11-16,39,156046105.0,0,0,0.0,0.00317,0.00317,0.00317,,,5296672.0,,5296672.0
2023-11-17,39,155551941.0,0,0,0.0,0.00318,0.00318,0.00318,,,5174518.0,,5174518.0
2023-11-20,39,156046109.0,0,0,0.0,0.00238,0.00238,0.00238,,,4118710.0,,4118710.0
2023-11-21,39,156416744.0,0,0,0.0,0.00079,0.00079,0.00079,,,1403099.0,,1403099.0
2023-11-22,39,156293203.0,0,0,0.0,0.00432,0.00432,0.00432,,,7700554.0,,7700554.0
2023-11-24,39,156967946.0,0,0,0.0,7e-05,7e-05,7e-05,,,216446.0,,216446.0
2023-11-27,39,156978209.0,0,0,0.0,0.0001,0.0001,0.0001,,,279283.0,,279283.0
2023-11-28,39,156992668.0,0,0,0.0,5e-05,5e-05,5e-05,,,158503.0,,158503.0
2023-11-29,39,156998274.0,0,0,0.0,0.0,0.0,0.0,,,3898.0,,3898.0
2023-11-30,39,156998214.0,0,0,0.0,0.00329,0.00329,0.00329,,,6494291.0,,6494291.0
2023-12-01,39,157499330.0,0,0,0.0,0.00385,0.00385,0.00385,,,6662892.0,,6662892.0
2023-12-04,39,156892405.0,0,0,0.0,0.00868,0.00868,0.00868,,,15947413.0,,15947413.0
2023-12-05,39,158253623.0,0,0,0.0,0.0,0.0,0.0,,,0.0,,0.0
2023-12-06,39,158253623.0,0,0,0.0,0.00436,0.00436,0.00436,,,9984244.0,,9984244.0
2023-12-07,39,157595026.0,0,0,0.0,0.0025,0.0025,0.0025,,,7597407.0,,7597407.0
2023-12-08,39,157233383.0,0,0,0.0,0.00019,0.00019,0.00019,,,155470.0,,155470.0
2023-12-11,39,157262716.0,0,0,0.0,0.00222,0.00222,0.00222,,,8067550.0,,8067550.0
2023-12-12,39,157327324.0,0,0,0.0,0.00236,0.00236,0.00236,,,6748474.0,,6748474.0
2023-12-13,39,157409933.0,0,0,0.0,0.00408,0.00408,0.00408,,,7954034.0,,7954034.0
2023-12-14,39,157004881.0,0,0,0.0,0.03846,0.03846,0.03846,,,72073236.0,,72073236.0
2023-12-15,39,150965960.0,0,0,0.0,0.00164,0.00164,0.00164,,,3152572.0,,3152572.0
2023-12-18,39,151213600.0,0,0,0.0,0.00328,0.00328,0.00328,,,6174545.0,,6174545.0
2023-12-19,39,151709009.0,0,0,0.0,0.0,0.0,0.0,,,0.0,,0.0
2023-12-20,39,151709009.0,0,0,0.0,0.0302,0.0302,0.0302,,,60342889.0,,60342889.0
2023-12-21,39,156291126.0,0,0,0.0,0.00872,0.00872,0.00872,,,17042097.0,,17042097.0
2023-12-22,39,157653388.0,0,0,0.0,0.0,0.0,0.0,,,0.0,,0.0
2023-12-26,39,157653388.0,0,0,0.0,0.00314,0.00314,0.00314,,,6548248.0,,6548248.0
2023-12-27,39,158148784.0,0,0,0.0,0.00313,0.00313,0.00313,,,6707238.0,,6707238.0
2023-12-28,39,158644141.0,0,0,0.0,0.01952,0.01952,0.01952,,,41956762.0,,41956762.0
2023-12-29,39,161740169.0,0,0,0.0,0.03828,0.03828,0.03828,,,85313033.0,,85313033.0
2024-01-02,39,167932225.0,0,0,0.0,0.00077,0.00077,0.00077,,,1645464.0,,1645464.0
2024-01-03,39,168041418.0,0,0,0.0,0.00213,0.00213,0.00213,,,4795540.0,,4795540.0
2024-01-04,39,168346386.0,0,0,0.0,0.00147,0.00147,0.00147,,,3107401.0,,3107401.0
2024-01-05,39,168540926.0,0,0,0.0,0.00164,0.00164,0.00164,,,4829714.0,,4829714.0
2024-01-08,39,168304255.0,0,0,0.0,0.00391,0.00391,0.00391,,,8157407.0,,8157407.0
2024-01-09,39,167645833.0,1,1,0.05128,0.17795,0.00061,0.17795,,,70012944.0,,70012944.0
2024-01-10,39,169150766.0,1,0,0.02564,0.00451,0.00347,0.00451,,,24121614.0,,24121614.0
2024-01-11,40,169313464.0,0,0,0.0,0.00976,0.00976,0.00976,,,24752196.0,,24752196.0
2024-01-12,40,168126618.0,0,0,0.0,0.02253,0.02253,0.02253,,,46385018.0,,46385018.0
2024-01-16,40,165065300.0,0,0,0.0,0.01847,0.01847,0.01847,,,37439296.0,,37439296.0
2024-01-17,40,162041510.0,1,0,0.025,0.00986,0.00967,0.00986,,,37516853.0,,37516853.0
2024-01-18,41,160530745.0,0,0,0.0,0.02424,0.02424,0.02424,,,46434608.0,,46434608.0
2024-01-19,41,156638974.0,0,0,0.0,0.0072,0.0072,0.0072,,,14637090.0,,14637090.0
2024-01-22,41,155673673.0,0,0,0.0,0.00363,0.00363,0.00363,,,7501451.0,,7501451.0
2024-01-23,41,156194129.0,0,0,0.0,5e-05,5e-05,5e-05,,,336771.0,,336771.0
2024-01-24,41,156189547.0,0,0,0.0,0.01416,0.01416,0.01416,,,26290220.0,,26290220.0
2024-01-25,41,153978394.0,0,0,0.0,0.00587,0.00587,0.00587,,,10333057.0,,10333057.0
2024-01-26,41,153080566.0,0,0,0.0,3e-05,3e-05,3e-05,,,144450.0,,144450.0
2024-01-29,41,153085911.0,0,0,0.0,0.0,0.0,0.0,,,3253.0,,3253.0
2024-01-30,41,153086410.0,0,0,0.0,0.01312,0.01312,0.01312,,,24418627.0,,24418627.0
2024-01-31,41,151078109.0,0,0,0.0,0.0147,0.0147,0.0147,,,26301275.0,,26301275.0
2024-02-01,41,148857618.0,0,0,0.0,0.01914,0.01914,0.01914,,,32406243.0,,32406243.0
2024-02-02,41,146009135.0,0,0,0.0,0.0345,0.0345,0.0345,,,60915348.0,,60915348.0
2024-02-05,41,150826332.0,0,0,0.0,0.00109,0.00109,0.00109,,,6050608.0,,6050608.0
2024-02-06,41,150779266.0,0,0,0.0,0.00337,0.00337,0.00337,,,6620392.0,,6620392.0
2024-02-07,41,151155218.0,0,0,0.0,0.00332,0.00332,0.00332,,,5922922.0,,5922922.0
2024-02-08,41,151657042.0,0,0,0.0,0.0577,0.0577,0.0577,,,13393168.0,,13393168.0
2024-02-09,41,143291117.0,0,0,0.0,0.00789,0.00789,0.00789,,,11337088.0,,11337088.0
2024-02-12,41,142161397.0,0,0,0.0,0.00201,0.00201,0.00201,,,4571079.0,,4571079.0
2024-02-13,41,141947414.0,0,0,0.0,0.00027,0.00027,0.00027,,,1552023.0,,1552023.0
2024-02-14,41,141969116.0,0,0,0.0,0.01377,0.01377,0.01377,,,26892067.0,,26892067.0
2024-02-15,41,143900402.0,0,0,0.0,0.00089,0.00089,0.00089,,,2236406.0,,2236406.0
2024-02-16,41,143809329.0,0,0,0.0,0.00479,0.00479,0.00479,,,9102487.0,,9102487.0
2024-02-20,41,144406819.0,0,0,0.0,0.00121,0.00121,0.00121,,,3740331.0,,3740331.0
2024-02-21,41,144475832.0,0,0,0.0,0.00572,0.00572,0.00572,,,10320670.0,,10320670.0
2024-02-22,41,143651329.0,0,0,0.0,0.00987,0.00987,0.00987,,,17396245.0,,17396245.0
2024-02-23,41,142232835.0,1,0,0.02439,0.00236,0.00212,0.00236,,,16413185.0,,16413185.0
2024-02-26,42,142325146.0,0,1,0.02381,0.00233,0.00231,0.00233,,,12184744.0,,12184744.0
2024-02-27,41,142436337.0,0,0,0.0,0.00897,0.00897,0.00897,,,19336592.0,,19336592.0
2024-02-28,41,141208969.0,0,0,0.0,0.00197,0.00197,0.00197,,,10330613.0,,10330613.0
2024-02-29,41,140989074.0,0,0,0.0,0.03023,0.03023,0.03023,,,37673535.0,,37673535.0
2024-03-01,41,144209539.0,0,0,0.0,0.00061,0.00061,0.00061,,,4402621.0,,4402621.0
2024-03-04,41,144182968.0,0,0,0.0,0.00277,0.00277,0.00277,,,6481351.0,,6481351.0
2024-03-05,41,143987091.0,0,0,0.0,0.00718,0.00718,0.00718,,,18639127.0,,18639127.0
2024-03-06,41,143157388.0,0,0,0.0,0.01499,0.01499,0.01499,,,28893213.0,,28893213.0
2024-03-07,41,141223373.0,0,0,0.0,0.00364,0.00364,0.00364,,,6679944.0,,6679944.0
2024-03-08,41,140856996.0,0,0,0.0,0.00048,0.00048,0.00048,,,328125.0,,328125.0
2024-03-11,41,140911324.0,0,0,0.0,0.01363,0.01363,0.01363,,,24226594.0,,24226594.0
2024-03-12,41,138990695.0,0,0,0.0,0.00284,0.00284,0.00284,,,1862659.0,,1862659.0
2024-03-13,41,139361988.0,0,1,0.02439,0.00318,0.00318,0.00318,,,2609514.0,,2609514.0
2024-03-14,40,139571640.0,0,0,0.0,0.0102,0.0102,0.0102,,,15940420.0,,15940420.0
2024-03-15,40,138626692.0,0,0,0.0,0.00323,0.00323,0.00323,,,1473214.0,,1473214.0
2024-03-18,40,139014979.0,0,0,0.0,0.00312,0.00312,0.00312,,,4548925.0,,4548925.0
2024-03-19,40,139167821.0,0,0,0.0,0.01205,0.01205,0.01205,,,21672890.0,,21672890.0
2024-03-20,40,140687273.0,0,0,0.0,0.00211,0.00211,0.00211,,,4306477.0,,4306477.0
2024-03-21,40,140937752.0,0,0,0.0,0.00376,0.00376,0.00376,,,3273320.0,,3273320.0
2024-03-22,40,141030194.0,0,0,0.0,0.00291,0.00291,0.00291,,,9020092.0,,9020092.0
2024-03-25,40,141373478.0,0,0,0.0,0.00494,0.00494,0.00494,,,6725804.0,,6725804.0
2024-03-26,40,141558200.0,0,0,0.0,0.01079,0.01079,0.01079,,,19967925.0,,19967925.0
2024-03-27,40,140030483.0,0,0,0.0,0.00466,0.00466,0.00466,,,8883245.0,,8883245.0
2024-03-28,40,139568560.0,0,0,0.0,0.00043,0.00043,0.00043,,,463675.0,,463675.0
2024-04-01,40,139628803.0,0,0,0.0,0.00292,0.00292,0.00292,,,5024710.0,,5024710.0
2024-04-02,40,140036234.0,0,0,0.0,0.00235,0.00235,0.00235,,,3656161.0,,3656161.0
2024-04-03,40,139938373.0,0,0,0.0,0.00339,0.00339,0.00339,,,10378636.0,,10378636.0
2024-04-04,40,140254650.0,0,0,0.0,0.00139,0.00139,0.00139,,,1741181.0,,1741181.0
2024-04-05,40,140449448.0,0,0,0.0,0.00061,0.00061,0.00061,,,1500207.0,,1500207.0
2024-04-08,40,140534571.0,0,0,0.0,0.00185,0.00185,0.00185,,,2652934.0,,2652934.0
2024-04-09,40,140314976.0,0,0,0.0,0.01182,0.01182,0.01182,,,20476464.0,,20476464.0
2024-04-10,40,138657537.0,0,0,0.0,0.00091,0.00091,0.00091,,,2470380.0,,2470380.0
2024-04-11,40,138671592.0,0,0,0.0,0.0042,0.0042,0.0042,,,8861121.0,,8861121.0
2024-04-12,40,139201898.0,0,0,0.0,0.00742,0.00742,0.00742,,,14110182.0,,14110182.0
2024-04-15,40,138243930.0,0,0,0.0,0.00511,0.00511,0.00511,,,9369163.0,,9369163.0
2024-04-16,40,137935204.0,0,1,0.025,0.00459,0.00458,0.00459,,,6040196.0,,6040196.0
2024-04-17,39,138501970.0,0,0,0.0,0.01046,0.01046,0.01046,,,13277605.0,,13277605.0
2024-04-18,39,139951387.0,0,0,0.0,0.0009,0.0009,0.0009,,,1174850.0,,1174850.0
2024-04-19,39,139824865.0,0,0,0.0,0.01254,0.01254,0.01254,,,15261870.0,,15261870.0
2024-04-22,39,141576820.0,0,0,0.0,0.00824,0.00824,0.00824,,,11191870.0,,11191870.0
2024-04-23,39,142743640.0,0,0,0.0,0.00177,0.00177,0.00177,,,2352937.0,,2352937.0
2024-04-24,39,142490351.0,0,0,0.0,0.00356,0.00356,0.00356,,,4780736.0,,4780736.0
2024-04-25,39,142996917.0,0,0,0.0,0.00354,0.00354,0.00354,,,4722525.0,,4722525.0
2024-04-26,39,143503487.0,0,0,0.0,0.00265,0.00265,0.00265,,,3436380.0,,3436380.0
2024-04-29,39,143123560.0,0,0,0.0,0.0,0.0,0.0,,,0.0,,0.0
2024-04-30,39,143123560.0,0,0,0.0,0.0,0.0,0.0,,,0.0,,0.0
2024-05-01,39,143123560.0,0,0,0.0,0.0,0.0,0.0,,,0.0,,0.0
2024-05-02,39,143123560.0,0,0,0.0,0.00424,0.00424,0.00424,,,8294141.0,,8294141.0
2024-05-03,39,143673327.0,0,0,0.0,0.00298,0.00298,0.00298,,,4838380.0,,4838380.0
2024-05-06,39,143258631.0,0,0,0.0,0.00574,0.00574,0.00574,,,16202548.0,,16202548.0
2024-05-07,39,143850034.0,0,0,0.0,0.00532,0.00532,0.00532,,,7701203.0,,7701203.0
2024-05-08,39,143084725.0,0,0,0.0,0.0,0.0,0.0,,,0.0,,0.0
2024-05-09,39,143084725.0,0,0,0.0,0.00531,0.00531,0.00531,,,7357270.0,,7357270.0
2024-05-10,39,142325105.0,0,0,0.0,0.00322,0.00322,0.00322,,,9382703.0,,9382703.0
2024-05-13,39,142253935.0,0,0,0.0,0.01265,0.01265,0.01265,,,18552260.0,,18552260.0
2024-05-14,39,143906695.0,0,0,0.0,0.00029,0.00029,0.00029,,,263664.0,,263664.0
2024-05-15,39,143870825.0,0,0,0.0,0.00103,0.00103,0.00103,,,1505880.0,,1505880.0
2024-05-16,39,143731035.0,0,0,0.0,0.02037,0.02037,0.02037,,,30604732.0,,30604732.0
2024-05-17,39,140803084.0,0,0,0.0,0.00604,0.00604,0.00604,,,9567154.0,,9567154.0
2024-05-20,39,140023685.0,0,0,0.0,0.00593,0.00593,0.00593,,,9160917.0,,9160917.0
2024-05-21,39,140765119.0,0,0,0.0,0.01444,0.01444,0.01444,,,22982916.0,,22982916.0
2024-05-22,39,142739149.0,0,0,0.0,0.00146,0.00146,0.00146,,,2728670.0,,2728670.0
2024-05-23,39,142809768.0,0,0,0.0,0.0136,0.0136,0.0136,,,20636905.0,,20636905.0
2024-05-24,39,140867331.0,0,0,0.0,0.00451,0.00451,0.00451,,,6394645.0,,6394645.0
2024-05-28,39,140327854.0,0,0,0.0,0.00786,0.00786,0.00786,,,11343104.0,,11343104.0
2024-05-29,39,139225561.0,0,0,0.0,0.01032,0.01032,0.01032,,,18014493.0,,18014493.0
2024-05-30,39,140634949.0,0,0,0.0,0.00329,0.00329,0.00329,,,6536388.0,,6536388.0
2024-05-31,39,141038548.0,0,0,0.0,0.00304,0.00304,0.00304,,,16809609.0,,16809609.0
2024-06-03,39,140986779.0,0,0,0.0,0.01314,0.01314,0.01314,,,20339812.0,,20339812.0
2024-06-04,39,142723431.0,0,0,0.0,0.00406,0.00406,0.00406,,,5663174.0,,5663174.0
2024-06-05,39,143273905.0,0,0,0.0,0.00177,0.00177,0.00177,,,3301824.0,,3301824.0
2024-06-06,39,143170953.0,0,0,0.0,0.00292,0.00292,0.00292,,,4357483.0,,4357483.0
2024-06-07,39,142763685.0,0,0,0.0,0.00304,0.00304,0.00304,,,5033849.0,,5033849.0
2024-06-10,39,143136075.0,0,0,0.0,0.00118,0.00118,0.00118,,,3266860.0,,3266860.0
2024-06-11,39,143102413.0,0,0,0.0,0.0047,0.0047,0.0047,,,9295491.0,,9295491.0
2024-06-12,39,142540992.0,0,0,0.0,0.00612,0.00612,0.00612,,,9756142.0,,9756142.0
2024-06-13,39,143320683.0,0,0,0.0,0.00217,0.00217,0.00217,,,3916898.0,,3916898.0
2024-06-14,39,143591322.0,0,0,0.0,0.0003,0.0003,0.0003,,,368575.0,,368575.0
2024-06-17,39,143563044.0,1,0,0.02564,0.00302,0.00198,0.00302,,,13342185.0,,13342185.0
2024-06-18,40,143475090.0,0,0,0.0,0.01989,0.01989,0.01989,,,27575450.0,,27575450.0
2024-06-20,40,140766190.0,0,0,0.0,0.00577,0.00577,0.00577,,,9267995.0,,9267995.0
2024-06-21,40,140347981.0,0,0,0.0,0.00729,0.00729,0.00729,,,20175903.0,,20175903.0
2024-06-24,40,140532739.0,0,0,0.0,0.01169,0.01169,0.01169,,,14187848.0,,14187848.0
2024-06-25,40,139578189.0,0,0,0.0,0.00487,0.00487,0.00487,,,7170432.0,,7170432.0
2024-06-26,40,139282781.0,0,0,0.0,0.01222,0.01222,0.01222,,,15409372.0,,15409372.0
2024-06-27,40,140822424.0,0,0,0.0,0.00346,0.00346,0.00346,,,4721327.0,,4721327.0
2024-06-28,40,140817602.0,0,0,0.0,0.01199,0.01199,0.01199,,,15299581.0,,15299581.0
2024-07-01,40,140355594.0,0,0,0.0,0.00354,0.00354,0.00354,,,4603440.0,,4603440.0
2024-07-02,40,140196540.0,0,0,0.0,0.00886,0.00886,0.00886,,,7187764.0,,7187764.0
2024-07-03,40,140528522.0,0,0,0.0,0.00759,0.00759,0.00759,,,10980356.0,,10980356.0
2024-07-05,40,139596848.0,0,0,0.0,0.00658,0.00658,0.00658,,,8055316.0,,8055316.0
2024-07-08,40,138678565.0,0,0,0.0,0.0034,0.0034,0.0034,,,4799196.0,,4799196.0
2024-07-09,40,138239396.0,0,0,0.0,0.00705,0.00705,0.00705,,,9460948.0,,9460948.0
2024-07-10,40,139161893.0,0,0,0.0,0.0029,0.0029,0.0029,,,6198012.0,,6198012.0
2024-07-11,40,139023395.0,0,0,0.0,0.00511,0.00511,0.00511,,,10376721.0,,10376721.0
2024-07-12,40,139610703.0,0,0,0.0,0.01498,0.01498,0.01498,,,19744645.0,,19744645.0
2024-07-15,40,141702210.0,0,0,0.0,0.00428,0.00428,0.00428,,,7503081.0,,7503081.0
2024-07-16,40,141236689.0,0,0,0.0,0.00728,0.00728,0.00728,,,18252453.0,,18252453.0
2024-07-17,40,140598407.0,0,0,0.0,0.00045,0.00045,0.00045,,,1070103.0,,1070103.0
2024-07-18,40,140541839.0,0,0,0.0,0.00577,0.00577,0.00577,,,8747688.0,,8747688.0
2024-07-19,40,141352490.0,0,0,0.0,0.00059,0.00059,0.00059,,,2061734.0,,2061734.0
2024-07-22,40,141435998.0,0,0,0.0,0.01301,0.01301,0.01301,,,17881108.0,,17881108.0
2024-07-23,40,139595327.0,0,0,0.0,0.00798,0.00798,0.00798,,,11139955.0,,11139955.0
2024-07-24,40,138500401.0,0,0,0.0,0.00414,0.00414,0.00414,,,6026765.0,,6026765.0
2024-07-25,40,139002161.0,0,0,0.0,0.00636,0.00636,0.00636,,,9425181.0,,9425181.0
2024-07-26,40,139807631.0,0,0,0.0,0.00814,0.00814,0.00814,,,12642810.0,,12642810.0
2024-07-29,40,140707627.0,0,0,0.0,0.00125,0.00125,0.00125,,,2245622.0,,2245622.0
2024-07-30,40,140536507.0,0,0,0.0,0.00346,0.00346,0.00346,,,6879495.0,,6879495.0
2024-07-31,40,140185765.0,0,0,0.0,0.00367,0.00367,0.00367,,,13186360.0,,13186360.0
2024-08-01,40,140000685.0,0,0,0.0,0.01055,0.01055,0.01055,,,20022780.0,,20022780.0
2024-08-02,40,141007978.0,0,0,0.0,0.00945,0.00945,0.00945,,,41909001.0,,41909001.0
2024-08-05,40,140072339.0,0,0,0.0,0.00197,0.00197,0.00197,,,8644195.0,,8644195.0
2024-08-06,40,139978080.0,0,0,0.0,0.00723,0.00723,0.00723,,,13676058.0,,13676058.0
2024-08-07,40,139875584.0,0,0,0.0,0.01183,0.01183,0.01183,,,14832931.0,,14832931.0
2024-08-08,40,138263214.0,0,0,0.0,0.00758,0.00758,0.00758,,,12952450.0,,12952450.0
2024-08-09,40,137672309.0,0,0,0.0,0.00482,0.00482,0.00482,,,10264215.0,,10264215.0
2024-08-12,40,137318141.0,0,1,0.025,0.00424,0.00424,0.00424,,,8513462.0,,8513462.0
2024-08-13,39,137279673.0,0,0,0.0,0.00762,0.00762,0.00762,,,7335056.0,,7335056.0
2024-08-14,39,136502162.0,0,0,0.0,0.01213,0.01213,0.01213,,,8218239.0,,8218239.0
2024-08-15,39,135023523.0,0,0,0.0,0.01257,0.01257,0.01257,,,10869033.0,,10869033.0
2024-08-16,39,134036348.0,0,0,0.0,0.02668,0.02668,0.02668,,,35111671.0,,35111671.0
2024-08-19,39,136471825.0,0,0,0.0,0.02717,0.02717,0.02717,,,40665244.0,,40665244.0
2024-08-20,39,134580275.0,0,0,0.0,0.0101,0.0101,0.0101,,,10510905.0,,10510905.0
2024-08-21,39,134370883.0,0,0,0.0,0.00494,0.00494,0.00494,,,6143423.0,,6143423.0
2024-08-22,39,134290451.0,0,0,0.0,0.00668,0.00668,0.00668,,,9669006.0,,9669006.0
2024-08-23,39,134857232.0,0,0,0.0,0.01502,0.01502,0.01502,,,22707090.0,,22707090.0
2024-08-26,39,133384877.0,0,0,0.0,0.01224,0.01224,0.01224,,,18736295.0,,18736295.0
2024-08-27,39,131752342.0,0,0,0.0,0.01003,0.01003,0.01003,,,13253122.0,,13253122.0
2024-08-28,39,130557062.0,0,0,0.0,0.003,0.003,0.003,,,2532899.0,,2532899.0
2024-08-29,39,130408925.0,0,2,0.05128,0.00171,0.00171,0.00171,,,1754212.0,,1754212.0
2024-08-30,37,130339765.0,0,0,0.0,0.00195,0.00195,0.00195,,,2592653.0,,2592653.0
2024-09-03,37,130101652.0,0,0,0.0,0.01343,0.01343,0.01343,,,19061445.0,,19061445.0
2024-09-04,37,128354045.0,0,0,0.0,0.01429,0.01429,0.01429,,,17337788.0,,17337788.0
2024-09-05,37,130188066.0,0,0,0.0,0.0044,0.0044,0.0044,,,4625472.0,,4625472.0
2024-09-06,37,130711631.0,0,0,0.0,0.00394,0.00394,0.00394,,,5673257.0,,5673257.0
2024-09-09,37,130249541.0,0,0,0.0,0.01035,0.01035,0.01035,,,12352191.0,,12352191.0
2024-09-10,37,131499468.0,0,0,0.0,0.00396,0.00396,0.00396,,,6185870.0,,6185870.0
2024-09-11,37,131030592.0,0,1,0.02703,0.00747,0.00747,0.00747,,,11482018.0,,11482018.0
2024-09-12,36,130721241.0,0,0,0.0,0.01279,0.01279,0.01279,,,16934743.0,,16934743.0
2024-09-13,36,130066741.0,0,0,0.0,0.01469,0.01469,0.01469,,,18204571.0,,18204571.0
2024-09-16,36,128542879.0,0,0,0.0,0.01768,0.01768,0.01768,,,24439711.0,,24439711.0
2024-09-17,36,130815688.0,0,0,0.0,0.00818,0.00818,0.00818,,,16283882.0,,16283882.0
2024-09-18,36,130139395.0,0,0,0.0,0.0072,0.0072,0.0072,,,8350289.0,,8350289.0
2024-09-19,36,130481249.0,0,0,0.0,0.0008,0.0008,0.0008,,,1210961.0,,1210961.0
2024-09-20,36,130377026.0,0,0,0.0,0.00983,0.00983,0.00983,,,13364954.0,,13364954.0
2024-09-23,36,129095444.0,0,0,0.0,0.00195,0.00195,0.00195,,,2612548.0,,2612548.0
2024-09-24,36,129347154.0,0,0,0.0,0.00673,0.00673,0.00673,,,7761839.0,,7761839.0
2024-09-25,36,130216666.0,0,0,0.0,0.00554,0.00554,0.00554,,,5424140.0,,5424140.0
2024-09-26,36,130937813.0,0,0,0.0,0.0233,0.0233,0.0233,,,29789669.0,,29789669.0
2024-09-27,36,127886730.0,0,0,0.0,0.01709,0.01709,0.01709,,,21969152.0,,21969152.0
2024-09-30,36,125701356.0,0,0,0.0,0.04194,0.04194,0.04194,,,53567077.0,,53567077.0
2024-10-01,36,130972963.0,0,0,0.0,0.00231,0.00231,0.00231,,,2639900.0,,2639900.0
2024-10-02,36,131141044.0,0,0,0.0,0.0048,0.0048,0.0048,,,6182305.0,,6182305.0
2024-10-03,36,130511074.0,0,0,0.0,0.0,0.0,0.0,,,0.0,,0.0
2024-10-04,36,130511074.0,0,0,0.0,0.0029,0.0029,0.0029,,,3635263.0,,3635263.0
2024-10-07,36,130133098.0,0,0,0.0,0.0,0.0,0.0,,,0.0,,0.0
2024-10-08,36,130133098.0,0,0,0.0,0.00338,0.00338,0.00338,,,7528802.0,,7528802.0
2024-10-09,36,130472915.0,0,0,0.0,0.00657,0.00657,0.00657,,,9327031.0,,9327031.0
2024-10-10,36,129615101.0,0,0,0.0,0.00074,0.00074,0.00074,,,847092.0,,847092.0
2024-10-11,36,129711024.0,0,0,0.0,0.00296,0.00296,0.00296,,,6389322.0,,6389322.0
2024-10-14,36,130036960.0,0,0,0.0,0.00018,0.00018,0.00018,,,1376460.0,,1376460.0
2024-10-15,36,130013346.0,0,0,0.0,0.01071,0.01071,0.01071,,,13794835.0,,13794835.0
2024-10-16,36,128620614.0,0,0,0.0,0.00314,0.00314,0.00314,,,4972169.0,,4972169.0
2024-10-17,36,128246030.0,0,0,0.0,0.00493,0.00493,0.00493,,,6478482.0,,6478482.0
2024-10-18,36,127614322.0,0,0,0.0,0.01019,0.01019,0.01019,,,12549861.0,,12549861.0
2024-10-21,36,126322988.0,0,0,0.0,0.01675,0.01675,0.01675,,,21332231.0,,21332231.0
2024-10-22,36,128406783.0,0,0,0.0,0.00238,0.00238,0.00238,,,2775205.0,,2775205.0
2024-10-23,36,128711882.0,0,0,0.0,0.00114,0.00114,0.00114,,,3758833.0,,3758833.0
2024-10-24,36,128790402.0,0,0,0.0,0.00117,0.00117,0.00117,,,1434864.0,,1434864.0
2024-10-25,36,128697433.0,0,0,0.0,0.02357,0.02357,0.02357,,,29531481.0,,29531481.0
2024-10-28,36,131722329.0,0,0,0.0,0.00957,0.00957,0.00957,,,10011968.0,,10011968.0
2024-10-29,36,132982126.0,0,0,0.0,0.00726,0.00726,0.00726,,,9214328.0,,9214328.0
2024-10-30,36,132974304.0,1,0,0.02778,0.0154,0.01524,0.0154,,,19096774.0,,19096774.0
2024-10-31,37,131772752.0,0,0,0.0,0.01713,0.01713,0.01713,,,11120841.0,,11120841.0
2024-11-01,37,131816191.0,0,0,0.0,0.01989,0.01989,0.01989,,,27264951.0,,27264951.0
2024-11-04,37,129217697.0,0,0,0.0,0.0029,0.0029,0.0029,,,7665283.0,,7665283.0
2024-11-05,37,129340922.0,0,0,0.0,0.00576,0.00576,0.00576,,,7834121.0,,7834121.0
2024-11-06,37,128887303.0,0,0,0.0,0.0152,0.0152,0.0152,,,19013969.0,,19013969.0
2024-11-07,37,129702041.0,0,0,0.0,0.01075,0.01075,0.01075,,,22928466.0,,22928466.0
2024-11-08,37,128935553.0,0,0,0.0,0.01364,0.01364,0.01364,,,20947845.0,,20947845.0
2024-11-11,37,127241536.0,0,0,0.0,0.00439,0.00439,0.00439,,,8275327.0,,8275327.0
2024-11-12,37,127671579.0,0,0,0.0,0.00361,0.00361,0.00361,,,6845490.0,,6845490.0
2024-11-13,37,127896983.0,0,0,0.0,0.00833,0.00833,0.00833,,,16071808.0,,16071808.0
2024-11-14,37,128194720.0,0,0,0.0,0.00767,0.00767,0.00767,,,12637179.0,,12637179.0
2024-11-15,37,128961624.0,0,0,0.0,0.00894,0.00894,0.00894,,,12303247.0,,12303247.0
2024-11-18,37,129934616.0,0,0,0.0,0.01876,0.01876,0.01876,,,23600926.0,,23600926.0
2024-11-19,37,127501987.0,0,0,0.0,0.013,0.013,0.013,,,11728646.0,,11728646.0
2024-11-20,37,125857048.0,0,0,0.0,0.01941,0.01941,0.01941,,,19492666.0,,19492666.0
2024-11-21,37,123429757.0,0,0,0.0,0.01213,0.01213,0.01213,,,11158627.0,,11158627.0
2024-11-22,37,121932804.0,0,1,0.02703,0.00457,0.00457,0.00457,,,4717174.0,,4717174.0
2024-11-25,36,121401834.0,0,0,0.0,0.00211,0.00211,0.00211,,,2390011.0,,2390011.0
2024-11-26,36,121146165.0,0,0,0.0,0.00881,0.00881,0.00881,,,8765708.0,,8765708.0
2024-11-27,36,121735360.0,0,0,0.0,0.00275,0.00275,0.00275,,,1932025.0,,1932025.0
2024-11-29,36,122044740.0,0,0,0.0,0.00684,0.00684,0.00684,,,4986404.0,,4986404.0
2024-12-02,36,122330972.0,0,0,0.0,0.00107,0.00107,0.00107,,,1312021.0,,1312021.0
2024-12-03,36,122200202.0,0,0,0.0,0.00457,0.00457,0.00457,,,3563563.0,,3563563.0
2024-12-04,36,122097632.0,0,0,0.0,0.01809,0.01809,0.01809,,,18528309.0,,18528309.0
2024-12-05,36,120479044.0,0,0,0.0,0.00471,0.00471,0.00471,,,4537613.0,,4537613.0
2024-12-06,36,120136661.0,0,0,0.0,0.02881,0.02881,0.02881,,,35931393.0,,35931393.0
2024-12-09,36,116675293.0,0,0,0.0,0.0165,0.0165,0.0165,,,18197749.0,,18197749.0
2024-12-10,36,114776960.0,0,0,0.0,0.00991,0.00991,0.00991,,,12420282.0,,12420282.0
2024-12-11,36,115912134.0,0,0,0.0,0.00539,0.00539,0.00539,,,6617351.0,,6617351.0
2024-12-12,36,115287484.0,0,0,0.0,0.00862,0.00862,0.00862,,,14423130.0,,14423130.0
2024-12-13,36,114432420.0,0,0,0.0,0.01851,0.01851,0.01851,,,21566539.0,,21566539.0
2024-12-16,36,112314277.0,0,0,0.0,0.04088,0.04088,0.04088,,,46076383.0,,46076383.0
2024-12-17,36,116905182.0,0,0,0.0,0.00128,0.00128,0.00128,,,1404625.0,,1404625.0
2024-12-18,36,117017248.0,0,0,0.0,0.01717,0.01717,0.01717,,,21117414.0,,21117414.0
2024-12-19,36,115112323.0,0,0,0.0,0.05242,0.05242,0.05242,,,59695165.0,,59695165.0
2024-12-20,36,109078396.0,0,0,0.0,0.01108,0.01108,0.01108,,,12654134.0,,12654134.0
2024-12-23,36,110220406.0,0,1,0.02778,0.05769,0.05769,0.05769,,,58094047.0,,58094047.0
2024-12-24,35,116578459.0,0,0,0.0,0.01621,0.01621,0.01621,,,17997704.0,,17997704.0
2024-12-26,35,118468232.0,0,0,0.0,0.00707,0.00707,0.00707,,,8244862.0,,8244862.0
2024-12-27,35,119305661.0,0,0,0.0,0.00152,0.00152,0.00152,,,1570742.0,,1570742.0
2024-12-30,35,119355866.0,0,0,0.0,0.02674,0.02674,0.02674,,,24451055.0,,24451055.0
2024-12-31,35,116430294.0,0,0,0.0,0.03972,0.03972,0.03972,,,44007103.0,,44007103.0
2025-01-02,35,111805678.0,0,0,0.0,0.00564,0.00564,0.00564,,,5877960.0,,5877960.0
2025-01-03,35,111174545.0,0,0,0.0,0.01001,0.01001,0.01001,,,10920027.0,,10920027.0
2025-01-06,35,110061366.0,0,0,0.0,0.02117,0.02117,0.02117,,,24684736.0,,24684736.0
2025-01-07,35,111816912.0,0,0,0.0,0.00951,0.00951,0.00951,,,12437416.0,,12437416.0
2025-01-08,35,111026042.0,0,0,0.0,0.00355,0.00355,0.00355,,,3563864.0,,3563864.0
2025-01-10,35,111184325.0,0,0,0.0,0.02229,0.02229,0.02229,,,23114048.0,,23114048.0
2025-01-13,35,109639902.0,0,0,0.0,0.01014,0.01014,0.01014,,,10840284.0,,10840284.0
2025-01-14,35,108565477.0,0,0,0.0,0.0171,0.0171,0.0171,,,20428612.0,,20428612.0
2025-01-15,35,110337703.0,0,0,0.0,0.01005,0.01005,0.01005,,,10959782.0,,10959782.0
2025-01-16,35,111446615.0,0,0,0.0,0.01409,0.01409,0.01409,,,15595284.0,,15595284.0
2025-01-17,35,113016352.0,0,0,0.0,0.0106,0.0106,0.0106,,,10914583.0,,10914583.0
2025-01-21,35,111822523.0,0,0,0.0,0.04291,0.04291,0.04291,,,44651214.0,,44651214.0
2025-01-22,35,107023863.0,0,0,0.0,0.02458,0.02458,0.02458,,,28083259.0,,28083259.0
2025-01-23,35,108890434.0,0,0,0.0,0.00481,0.00481,0.00481,,,5618697.0,,5618697.0
2025-01-24,35,109324832.0,0,0,0.0,0.01023,0.01023,0.01023,,,12499829.0,,12499829.0
2025-01-27,35,108206592.0,0,0,0.0,0.00906,0.00906,0.00906,,,10799157.0,,10799157.0
2025-01-28,35,109187120.0,0,0,0.0,0.00898,0.00898,0.00898,,,10584642.0,,10584642.0
2025-01-29,35,110167600.0,0,0,0.0,0.00213,0.00213,0.00213,,,1941885.0,,1941885.0
2025-01-30,35,110320820.0,0,0,0.0,0.00127,0.00127,0.00127,,,1262517.0,,1262517.0
2025-01-31,35,110255878.0,0,0,0.0,0.01237,0.01237,0.01237,,,8763225.0,,8763225.0
2025-02-03,35,110450911.0,0,0,0.0,0.02137,0.02137,0.02137,,,23605101.0,,23605101.0
2025-02-04,35,108107801.0,0,0,0.0,0.00103,0.00103,0.00103,,,672005.0,,672005.0
2025-02-05,35,108057104.0,0,0,0.0,0.00965,0.00965,0.00965,,,11163193.0,,11163193.0
2025-02-06,35,107030112.0,0,0,0.0,0.01538,0.01538,0.01538,,,19576009.0,,19576009.0
2025-02-07,35,108550959.0,0,0,0.0,0.01404,0.01404,0.01404,,,16435876.0,,16435876.0
2025-02-10,35,109516376.0,0,0,0.0,0.00616,0.00616,0.00616,,,7256483.0,,7256483.0
2025-02-11,35,108921560.0,0,0,0.0,0.0124,0.0124,0.0124,,,15614870.0,,15614870.0
2025-02-12,35,107669938.0,0,0,0.0,0.00964,0.00964,0.00964,,,15937915.0,,15937915.0
2025-02-13,35,107241859.0,0,0,0.0,0.0019,0.0019,0.0019,,,1527864.0,,1527864.0
2025-02-14,35,107445875.0,0,0,0.0,0.0091,0.0091,0.0091,,,11260620.0,,11260620.0
2025-02-18,35,108423728.0,0,0,0.0,0.02124,0.02124,0.02124,,,27857509.0,,27857509.0
2025-02-19,35,110726163.0,0,0,0.0,0.0296,0.0296,0.0296,,,39811527.0,,39811527.0
2025-02-20,35,114003633.0,0,0,0.0,0.01563,0.01563,0.01563,,,26301713.0,,26301713.0
2025-02-21,35,114550391.0,0,0,0.0,0.01331,0.01331,0.01331,,,17177571.0,,17177571.0
2025-02-24,35,113028093.0,0,0,0.0,0.00848,0.00848,0.00848,,,10786193.0,,10786193.0
2025-02-25,35,113987092.0,0,0,0.0,0.00211,0.00211,0.00211,,,2641722.0,,2641722.0
2025-02-26,35,114227858.0,0,0,0.0,0.02754,0.02754,0.02754,,,32888885.0,,32888885.0
2025-02-27,35,115702955.0,0,0,0.0,0.00086,0.00086,0.00086,,,489652.0,,489652.0
2025-02-28,35,115753623.0,0,0,0.0,0.01792,0.01792,0.01792,,,20903554.0,,20903554.0
2025-03-03,35,113678910.0,0,0,0.0,0.0178,0.0178,0.0178,,,23749396.0,,23749396.0
2025-03-04,35,114917891.0,0,1,0.02857,0.00997,0.00997,0.00997,,,10604065.0,,10604065.0
2025-03-05,34,113771819.0,0,0,0.0,0.03971,0.03971,0.03971,,,49404437.0,,49404437.0
2025-03-06,34,118288770.0,0,0,0.0,0.00543,0.00543,0.00543,,,6114666.0,,6114666.0
2025-03-07,34,117651088.0,0,1,0.02941,0.00612,0.00612,0.00612,,,8423503.0,,8423503.0
2025-03-10,33,117426458.0,0,0,0.0,0.0086,0.0086,0.0086,,,8855982.0,,8855982.0
2025-03-11,33,118090484.0,0,0,0.0,0.03312,0.03312,0.03312,,,33232352.0,,33232352.0
2025-03-12,33,114218770.0,0,0,0.0,0.00289,0.00289,0.00289,,,2998583.0,,2998583.0
2025-03-13,33,114376709.0,0,0,0.0,0.00453,0.00453,0.00453,,,4705522.0,,4705522.0
2025-03-14,33,113858427.0,0,0,0.0,0.01421,0.01421,0.01421,,,14290585.0,,14290585.0
2025-03-17,33,112240593.0,0,0,0.0,0.00607,0.00607,0.00607,,,6519417.0,,6519417.0
2025-03-18,33,111559132.0,0,0,0.0,0.00144,0.00144,0.00144,,,3211889.0,,3211889.0
2025-03-19,33,111606039.0,0,0,0.0,0.01439,0.01439,0.01439,,,15583815.0,,15583815.0
2025-03-20,33,110040248.0,0,0,0.0,0.00542,0.00542,0.00542,,,5286583.0,,5286583.0
2025-03-21,33,110349904.0,0,0,0.0,0.0152,0.0152,0.0152,,,15989237.0,,15989237.0
2025-03-24,33,108947999.0,0,0,0.0,0.0098,0.0098,0.0098,,,10104848.0,,10104848.0
2025-03-25,33,109918594.0,0,0,0.0,0.01811,0.01811,0.01811,,,19768215.0,,19768215.0
2025-03-26,33,107927434.0,0,0,0.0,0.02537,0.02537,0.02537,,,27401725.0,,27401725.0
2025-03-27,33,110646367.0,0,0,0.0,0.04643,0.04643,0.04643,,,47175978.0,,47175978.0
2025-03-28,33,105509536.0,0,0,0.0,0.01354,0.01354,0.01354,,,12523311.0,,12523311.0
2025-03-31,33,104081075.0,0,0,0.0,0.03968,0.03968,0.03968,,,37493879.0,,37493879.0
2025-04-01,33,108207465.0,0,0,0.0,0.02342,0.02342,0.02342,,,25943086.0,,25943086.0
2025-04-02,33,110636138.0,0,0,0.0,0.00091,0.00091,0.00091,,,102748.0,,102748.0
2025-04-03,33,110535405.0,0,0,0.0,0.01971,0.01971,0.01971,,,18744525.0,,18744525.0
2025-04-04,33,112606150.0,0,0,0.0,0.00529,0.00529,0.00529,,,4052089.0,,4052089.0
2025-04-07,33,112010045.0,0,0,0.0,0.00552,0.00552,0.00552,,,4747676.0,,4747676.0
2025-04-08,33,112572047.0,0,0,0.0,0.00036,0.00036,0.00036,,,38489.0,,38489.0
2025-04-09,33,112531942.0,0,0,0.0,0.02115,0.02115,0.02115,,,18245609.0,,18245609.0
2025-04-10,33,110151501.0,0,0,0.0,0.00777,0.00777,0.00777,,,6277280.0,,6277280.0
2025-04-11,33,110712160.0,0,0,0.0,0.00566,0.00566,0.00566,,,4848654.0,,4848654.0
2025-04-14,33,110085280.0,0,0,0.0,0.00472,0.00472,0.00472,,,3505848.0,,3505848.0
2025-04-15,33,109565362.0,0,0,0.0,0.00831,0.00831,0.00831,,,5657302.0,,5657302.0
2025-04-16,33,108654798.0,0,0,0.0,0.00739,0.00739,0.00739,,,6476196.0,,6476196.0
2025-04-17,33,107852200.0,0,0,0.0,0.00559,0.00559,0.00559,,,5200764.0,,5200764.0
2025-04-21,33,107249254.0,0,0,0.0,0.00331,0.00331,0.00331,,,3088776.0,,3088776.0
2025-04-22,33,106894211.0,0,0,0.0,0.04529,0.04529,0.04529,,,41520046.0,,41520046.0
2025-04-23,33,102052987.0,0,0,0.0,0.01844,0.01844,0.01844,,,13149694.0,,13149694.0
2025-04-24,33,102529202.0,0,1,0.0303,0.00535,0.00534,0.00535,,,5203364.0,,5203364.0
2025-04-25,32,102340334.0,0,0,0.0,0.00993,0.00993,0.00993,,,9457045.0,,9457045.0
2025-04-28,32,101324213.0,0,0,0.0,0.00582,0.00582,0.00582,,,5569935.0,,5569935.0
2025-04-29,32,101914138.0,0,0,0.0,0.00093,0.00093,0.00093,,,1716831.0,,1716831.0
2025-04-30,32,101885068.0,0,0,0.0,0.00458,0.00458,0.00458,,,4913547.0,,4913547.0
2025-05-01,32,102232090.0,0,0,0.0,0.00076,0.00076,0.00076,,,420524.0,,420524.0
2025-05-02,32,102298828.0,0,0,0.0,0.00251,0.00251,0.00251,,,2237854.0,,2237854.0
2025-05-05,32,102555318.0,0,0,0.0,0.00464,0.00464,0.00464,,,7807256.0,,7807256.0
2025-05-06,32,102236268.0,0,0,0.0,0.00129,0.00129,0.00129,,,1151584.0,,1151584.0
2025-05-07,32,102148803.0,0,0,0.0,0.02108,0.02108,0.02108,,,18281034.0,,18281034.0
2025-05-08,32,100348854.0,0,0,0.0,0.00948,0.00948,0.00948,,,9991064.0,,9991064.0
2025-05-09,32,101139000.0,0,0,0.0,0.00698,0.00698,0.00698,,,6918670.0,,6918670.0
2025-05-12,32,101756657.0,0,0,0.0,0.00595,0.00595,0.00595,,,13964744.0,,13964744.0
2025-05-13,32,101316125.0,0,0,0.0,0.0,0.0,0.0,,,0.0,,0.0
2025-05-14,32,101316125.0,0,0,0.0,0.00233,0.00233,0.00233,,,2183611.0,,2183611.0
2025-05-15,32,101552063.0,0,0,0.0,0.00116,0.00116,0.00116,,,1052574.0,,1052574.0
2025-05-16,32,101434094.0,0,0,0.0,0.00349,0.00349,0.00349,,,3162028.0,,3162028.0
2025-05-19,32,101787998.0,0,0,0.0,0.01027,0.01027,0.01027,,,9620197.0,,9620197.0
2025-05-20,32,102833555.0,0,0,0.0,0.0,0.0,0.0,,,0.0,,0.0
2025-05-21,32,102833555.0,0,0,0.0,0.03326,0.03326,0.03326,,,31516171.0,,31516171.0
2025-05-22,32,99412976.0,0,0,0.0,0.00119,0.00119,0.00119,,,1029293.0,,1029293.0
2025-05-23,32,99295026.0,0,0,0.0,0.00594,0.00594,0.00594,,,5182396.0,,5182396.0
2025-05-27,32,99884771.0,0,0,0.0,0.01653,0.01653,0.02235,0.00353,1.0,20825176.0,5336928.0,14565014.0
2025-05-28,32,101536057.0,0,0,0.0,0.00348,0.00348,0.00488,0.00366,1.0,10663563.0,5782730.0,5473021.0
2025-05-29,32,101322649.0,0,0,0.0,0.00889,0.00889,0.01083,0.00289,1.0,15366527.0,5007430.0,10037713.0
2025-05-30,32,101642826.0,0,0,0.0,0.04565,0.04565,0.04715,0.00237,1.0,41142012.0,2189598.0,39830294.0
2025-06-02,32,97003226.0,0,0,0.0,0.00468,0.00468,0.00855,0.00399,1.0,18434908.0,9109420.0,4093802.0
2025-06-03,32,97149511.0,0,0,0.0,0.00399,0.00399,0.00399,0.0007,1.0,9087398.0,855002.0,9087398.0
2025-06-04,32,96956835.0,0,0,0.0,0.0043,0.0043,0.0043,0.0,,4026907.0,0.0,4026907.0
2025-06-05,32,96544054.0,0,0,0.0,0.02906,0.02906,0.02906,0.0,,26983329.0,0.0,26983329.0
2025-06-06,32,99349558.0,0,0,0.0,0.01412,0.01412,0.01412,0.0,,13269583.0,0.0,13269583.0
2025-06-09,32,97946818.0,0,0,0.0,0.01074,0.01074,0.01074,0.0,,10441874.0,0.0,10441874.0
2025-06-10,32,96894727.0,0,0,0.0,0.00603,0.00603,0.00603,0.0,,5921875.0,0.0,5921875.0
2025-06-11,32,96310257.0,0,0,0.0,0.02063,0.02063,0.02063,0.0,,20489681.0,0.0,20489681.0
2025-06-12,32,94323025.0,0,0,0.0,0.02355,0.02355,0.02355,0.0,,22933670.0,0.0,22933670.0
2025-06-13,32,96544049.0,0,0,0.0,0.00363,0.00363,0.00363,0.0,,3535617.0,0.0,3535617.0
2025-06-16,32,96193361.0,0,0,0.0,0.01701,0.01701,0.01701,0.0,,16340038.0,0.0,16340038.0
2025-06-17,32,97829989.0,0,0,0.0,0.02031,0.02031,0.02031,0.0,,20230922.0,0.0,20230922.0
2025-06-18,32,99817255.0,0,0,0.0,0.00703,0.00703,0.00938,0.00117,1.0,11194355.0,2066632.0,7061092.0
2025-06-20,32,100518631.0,1,0,0.03125,0.04866,0.04817,0.04892,0.00013,1.0,51387669.0,137722.0,51112224.0
2025-06-23,33,105409503.0,0,0,0.0,0.00788,0.00788,0.00788,0.00019,1.0,8434764.0,209821.0,8434764.0
2025-06-24,33,104578448.0,0,0,0.0,0.00131,0.00131,0.00131,0.0001,1.0,1386348.0,104956.0,1386348.0
2025-06-25,33,104441376.0,0,0,0.0,0.0303,0.0303,0.0303,0.0,,32563271.0,0.0,32563271.0
2025-06-26,33,101276784.0,0,0,0.0,0.00807,0.00807,0.00807,0.0,,8450070.0,0.0,8450070.0
2025-06-27,33,100459016.0,0,0,0.0,0.0093,0.0093,0.0093,0.0,,9793275.0,0.0,9793275.0
2025-06-30,33,99524408.0,0,0,0.0,0.01174,0.01174,0.01174,0.0,,12112044.0,0.0,12112044.0
2025-07-01,33,98356068.0,0,0,0.0,0.0,0.0,0.02651,0.01326,1.0,8542635.0,4271318.0,0.0
2025-07-02,33,98356068.0,1,0,0.0303,0.01326,0.0036,0.01591,0.00221,1.0,8561765.0,2171623.0,5080133.0
2025-07-03,34,99258889.0,0,0,0.0,0.00661,0.00661,0.00817,0.00187,1.0,7321232.0,873950.0,6797832.0
2025-07-07,34,99607386.0,0,0,0.0,0.01318,0.01318,0.01499,0.00158,1.0,16916389.0,2665339.0,13210004.0
2025-07-08,34,98502811.0,0,0,0.0,0.01654,0.01654,0.01654,0.00063,1.0,17177970.0,399388.0,17177970.0
2025-07-09,34,96990643.0,0,0,0.0,0.00307,0.00307,0.00359,0.00026,1.0,8312543.0,2724848.0,2927954.0
2025-07-10,34,96692604.0,0,0,0.0,0.03555,0.03555,0.03555,2e-05,1.0,39412966.0,130430.0,39412966.0
2025-07-11,34,100122469.0,0,0,0.0,0.01057,0.01057,0.01057,0.0,,11569415.0,0.0,11569415.0
2025-07-14,34,99064448.0,0,0,0.0,0.0,0.0,0.00162,0.00081,1.0,5555666.0,2777833.0,0.0
2025-07-15,34,99064448.0,0,0,0.0,0.00081,0.00081,0.00081,0.00051,1.0,2828158.0,1690195.0,2828158.0
2025-07-16,34,99089406.0,0,0,0.0,0.00526,0.00526,0.00644,0.0012,1.0,9797677.0,3432354.0,6527733.0
2025-07-17,34,98642165.0,0,0,0.0,0.00335,0.00335,0.00335,0.00034,1.0,5546232.0,1161425.0,5546232.0
2025-07-18,34,98845490.0,0,0,0.0,0.0039,0.0039,0.0039,0.00016,1.0,4772765.0,550286.0,4772765.0
2025-07-21,34,98487915.0,0,0,0.0,0.03712,0.03712,0.03712,0.0,,38606840.0,0.0,38606840.0
2025-07-22,34,94844991.0,0,0,0.0,0.02609,0.02609,0.02805,0.00105,1.0,37223676.0,6077692.0,26334375.0
2025-07-23,34,97319610.0,0,0,0.0,0.03054,0.03054,0.03054,0.0,,35231255.0,0.0,35231255.0
2025-07-24,34,100228647.0,0,0,0.0,0.0188,0.0188,0.0188,0.0,,21170356.0,0.0,21170356.0
2025-07-25,34,102113383.0,0,0,0.0,0.00231,0.00231,0.04923,0.02368,1.0,31975542.0,14770639.0,2592256.0
2025-07-28,34,102348975.0,0,0,0.0,0.02363,0.02363,0.0332,0.00521,1.0,16762766.0,4564111.0,13265944.0
2025-07-29,34,104427144.0,0,0,0.0,0.02657,0.02657,0.02657,0.00128,1.0,28572419.0,444868.0,28572419.0
2025-07-30,34,102589464.0,0,0,0.0,0.01388,0.01388,0.01388,0.0,,13792913.0,0.0,13792913.0
2025-07-31,34,101395336.0,0,0,0.0,0.00596,0.00596,0.06032,0.02769,1.0,37993509.0,17146974.0,6106704.0
2025-08-01,34,100790951.0,0,0,0.0,0.04181,0.04181,0.04446,0.00201,1.0,42273767.0,8790862.0,26738247.0
2025-08-04,34,104628167.0,0,0,0.0,0.00419,0.00419,0.0055,0.00081,1.0,15593822.0,2801229.0,10633227.0
2025-08-05,34,104308487.0,0,0,0.0,0.00535,0.00535,0.00535,0.00016,1.0,6991156.0,507135.0,6991156.0
2025-08-06,34,103801802.0,0,0,0.0,0.00254,0.00254,0.0133,0.0058,1.0,19753514.0,9181939.0,2821900.0
2025-08-07,34,104065187.0,1,0,0.02941,0.0089,0.00868,0.0172,0.00691,1.0,52524910.0,22039562.0,13680838.0
2025-08-08,35,104492374.0,1,0,0.02857,0.00688,0.00481,0.00709,0.0016,1.0,22482003.0,1647834.0,22203578.0
2025-08-11,36,104716243.0,0,0,0.0,0.0016,0.0016,0.002,0.0008,1.0,1829853.0,377775.0,1643115.0
2025-08-12,36,104868009.0,0,0,0.0,0.0008,0.0008,0.00873,0.00465,1.0,45025161.0,22645870.0,376017.0
2025-08-13,36,104951466.0,0,0,0.0,0.006,0.006,0.00753,0.002,1.0,25723083.0,4869384.0,24681620.0
2025-08-14,36,104929030.0,0,0,0.0,0.002,0.002,0.00425,0.00127,1.0,6257368.0,678778.0,5117179.0
2025-08-15,36,104899215.0,0,0,0.0,0.005,0.005,0.00645,0.00217,1.0,5350958.0,1136883.0,4596126.0
2025-08-18,36,104995886.0,0,0,0.0,0.00217,0.00217,0.00221,3e-05,1.0,1698613.0,366444.0,1125444.0
2025-08-19,36,105223819.0,0,0,0.0,0.00946,0.00946,0.01071,0.00064,1.0,12793700.0,1513579.0,10186292.0
2025-08-20,36,104232671.0,0,0,0.0,0.00168,0.00168,0.00168,8e-05,1.0,2241021.0,128100.0,2241021.0
2025-08-21,36,104175603.0,0,0,0.0,0.0035,0.0035,0.00357,4e-05,1.0,3530778.0,37471.0,3455836.0
2025-08-22,36,103811059.0,0,0,0.0,0.00955,0.00955,0.00955,0.0,,9626110.0,0.0,9626110.0
2025-08-25,36,102819969.0,0,0,0.0,0.01935,0.01935,0.01935,0.0,,20099290.0,0.0,20099290.0
2025-08-26,36,104809729.0,0,0,0.0,0.0,0.0,0.0,0.0,,0.0,0.0,0.0
2025-08-27,36,104809729.0,0,0,0.0,0.00119,0.00119,0.00119,0.0,,1237025.0,0.0,1237025.0
2025-08-28,36,104934037.0,0,0,0.0,0.00355,0.00355,0.00355,0.0,,3681996.0,0.0,3681996.0
2025-08-29,36,104561113.0,0,0,0.0,0.01189,0.01189,0.01189,0.0,,12298004.0,0.0,12298004.0
2025-09-02,36,103318033.0,0,0,0.0,0.01805,0.01805,0.01805,0.0,,18417282.0,0.0,18417282.0
2025-09-03,36,101453383.0,0,0,0.0,0.00245,0.00245,0.00245,0.0,,2464040.0,0.0,2464040.0
2025-09-04,36,101204763.0,0,0,0.0,0.00246,0.00246,0.00246,0.0,,2471898.0,0.0,2471898.0
2025-09-05,36,100956141.0,0,0,0.0,0.00985,0.00985,0.00985,0.0,,9898623.0,0.0,9898623.0
2025-09-08,36,99961653.0,0,0,0.0,0.0,0.0,0.0,0.0,,0.0,0.0,0.0
2025-09-09,36,99961653.0,0,0,0.0,0.00249,0.00249,0.0058,0.00169,1.0,4456527.0,1260326.0,2530786.0
2025-09-10,36,99713029.0,0,0,0.0,0.0017,0.0017,0.00317,0.00237,1.0,1899583.0,1367831.0,1295245.0
2025-09-11,36,99869538.0,0,0,0.0,0.00236,0.00236,0.00244,9e-05,1.0,1880812.0,692810.0,1300083.0
2025-09-12,36,100095144.0,0,0,0.0,0.0163,0.0163,0.01681,0.00028,1.0,18658049.0,697832.0,17730432.0
2025-09-15,36,98464023.0,0,0,0.0,0.00029,0.00029,0.00042,0.00035,1.0,1532383.0,1102689.0,672995.0
2025-09-16,36,98487097.0,0,0,0.0,0.00693,0.00693,0.00751,0.00069,1.0,7428207.0,1630554.0,5600819.0
2025-09-17,36,99169359.0,0,0,0.0,0.01949,0.01949,0.0269,0.00425,1.0,20472750.0,2266663.0,17057204.0
2025-09-18,36,101102232.0,0,0,0.0,0.01108,0.01108,0.01135,0.00091,1.0,9965341.0,742906.0,9472323.0
2025-09-19,36,100776962.0,0,0,0.0,0.00667,0.00667,0.00667,0.0,,7082956.0,0.0,7082956.0
2025-09-22,36,100244209.0,0,0,0.0,0.00121,0.00121,0.00138,0.0001,1.0,1652819.0,214932.0,1312610.0
2025-09-23,36,100365998.0,0,0,0.0,0.00739,0.00739,0.00748,0.00028,1.0,8343904.0,594560.0,8149545.0
2025-09-24,36,101107237.0,0,0,0.0,0.00267,0.00267,0.00267,0.0,,3116791.0,0.0,3116791.0
2025-09-25,36,100885281.0,0,0,0.0,0.0,0.0,0.00053,0.00026,1.0,1085322.0,542661.0,0.0
2025-09-26,36,100885281.0,0,0,0.0,0.01103,0.01103,0.01137,0.00017,1.0,12193338.0,288649.0,11616041.0
2025-09-29,36,99785476.0,0,0,0.0,0.00493,0.00493,0.00604,0.0006,1.0,7011185.0,974669.0,5196567.0
2025-09-30,36,99302122.0,0,0,0.0,0.01493,0.01493,0.01554,0.00051,1.0,16928792.0,849756.0,15897654.0
2025-10-01,36,97859421.0,0,0,0.0,0.02612,0.02612,0.02612,0.0,,28469099.0,0.0,28469099.0
2025-10-02,36,100415283.0,0,0,0.0,0.00499,0.00499,0.00499,0.0,,5734707.0,0.0,5734707.0
2025-10-03,36,99913903.0,0,0,0.0,0.0,0.0,0.0,0.0,,0.0,0.0,0.0
2025-10-06,36,99913903.0,0,0,0.0,0.00627,0.00627,0.01512,0.00455,1.0,19789826.0,6273025.0,7463839.0
2025-10-07,36,100540628.0,0,0,0.0,0.00803,0.00803,0.00803,0.0,,10586275.0,0.0,10586275.0
2025-10-08,36,101011011.0,0,0,0.0,0.0,0.0,0.0,0.0,,0.0,0.0,0.0
2025-10-09,36,101011011.0,0,0,0.0,0.01863,0.01863,0.01863,0.0,,23966105.0,0.0,23966105.0
2025-10-10,36,102892941.0,0,0,0.0,0.00732,0.00732,0.00732,0.0,,9461186.0,0.0,9461186.0
2025-10-13,36,103645713.0,0,0,0.0,0.0,0.0,0.0,0.0,,0.0,0.0,0.0
2025-10-14,36,103645713.0,0,0,0.0,0.00363,0.00363,0.00363,0.0,,4518658.0,0.0,4518658.0
2025-10-15,36,104022099.0,0,0,0.0,0.01568,0.01568,0.01568,0.0,,19742478.0,0.0,19742478.0
2025-10-16,36,102391093.0,0,0,0.0,0.01715,0.01715,0.02719,0.00503,1.0,28736759.0,3313055.0,22447818.0
2025-10-17,36,104147561.0,0,0,0.0,0.01008,0.01008,0.02556,0.00919,1.0,26634410.0,8223336.0,11037934.0
2025-10-20,36,104293937.0,0,0,0.0,0.02644,0.02644,0.03253,0.00317,1.0,60158293.0,16644561.0,29011873.0
2025-10-21,36,107034993.0,0,0,0.0,0.00508,0.00508,0.00508,0.0,,20494805.0,0.0,20494805.0
2025-10-22,36,107194472.0,0,0,0.0,0.00117,0.00117,0.00933,0.0041,1.0,18193329.0,8336685.0,1625244.0
2025-10-23,36,107319829.0,0,0,0.0,0.02098,0.02098,0.02338,0.00472,1.0,30672213.0,6952337.0,27668022.0
2025-10-24,36,105446417.0,0,0,0.0,0.01811,0.01811,0.01852,0.00049,1.0,25287366.0,2108092.0,24706206.0
2025-10-27,36,104071183.0,0,0,0.0,0.01073,0.01073,0.01346,0.00143,1.0,22993088.0,4185118.0,15597319.0
2025-10-28,36,102954689.0,0,0,0.0,0.02915,0.02915,0.02939,0.00102,1.0,38083045.0,2232467.0,36290557.0
2025-10-29,36,105956040.0,0,0,0.0,0.01506,0.01506,0.01506,0.00027,1.0,19045483.0,388247.0,19045483.0
2025-10-30,36,107544710.0,0,0,0.0,0.00356,0.00356,0.00373,8e-05,1.0,4782091.0,116151.0,4549788.0
2025-10-31,36,107196516.0,0,0,0.0,0.01635,0.01635,0.01644,5e-05,1.0,20806185.0,63410.0,20679365.0
2025-11-03,36,105444169.0,0,0,0.0,0.00482,0.00482,0.00686,0.00111,1.0,12763162.0,3481165.0,6270619.0
2025-11-04,36,105952583.0,0,0,0.0,0.00682,0.00682,0.00758,0.00108,1.0,15502760.0,4268111.0,10586796.0
2025-11-05,36,105320195.0,0,0,0.0,0.00556,0.00556,0.00792,0.00146,1.0,21157676.0,7605037.0,9055428.0
2025-11-06,36,105852677.0,0,0,0.0,0.00368,0.00368,0.01087,0.00433,1.0,37979496.0,16357396.0,10078874.0
2025-11-07,36,106017933.0,0,0,0.0,0.01365,0.01365,0.01655,0.00378,1.0,36454123.0,9509493.0,25466245.0
2025-11-10,36,107262129.0,0,0,0.0,0.00458,0.00458,0.00474,0.00026,1.0,10671045.0,1313531.0,9572090.0
2025-11-11,36,107460054.0,0,0,0.0,0.0,0.0,0.00043,0.00021,1.0,2816051.0,1408025.0,0.0
2025-11-12,36,107460054.0,0,0,0.0,0.00048,0.00048,0.00056,0.00022,1.0,3017615.0,1310309.0,2748263.0
2025-11-13,36,107482647.0,0,0,0.0,0.01057,0.01057,0.0253,0.00751,1.0,45101554.0,17920442.0,12883222.0
2025-11-14,36,106346023.0,0,0,0.0,0.03103,0.03103,0.03255,0.00095,1.0,52696462.0,4437302.0,46528826.0
2025-11-17,36,103046047.0,0,1,0.02778,0.0085,0.0085,0.00992,0.00096,1.0,15323629.0,3829666.0,9189892.0
2025-11-18,35,102214516.0,0,0,0.0,0.01829,0.01829,0.0183,0.00059,1.0,22549617.0,1653679.0,21896267.0
2025-11-19,35,104083536.0,0,0,0.0,0.02272,0.02272,0.02291,0.00012,1.0,24818842.0,743407.0,24392585.0
2025-11-20,35,101718831.0,0,0,0.0,0.00761,0.00761,0.01174,0.00303,1.0,44674077.0,20491570.0,8097481.0
2025-11-21,35,102491738.0,0,0,0.0,0.02295,0.02295,0.02353,0.00073,1.0,42266426.0,6465734.0,38700352.0
2025-11-24,35,100161798.0,0,0,0.0,0.02999,0.02999,0.02999,0.00024,1.0,39055586.0,1996330.0,39055586.0
2025-11-25,35,103092723.0,0,0,0.0,0.00518,0.00518,0.00579,0.00052,1.0,14440279.0,4477120.0,8059679.0
2025-11-26,35,103620683.0,0,0,0.0,0.01123,0.01123,0.01124,4e-05,1.0,16318537.0,425938.0,16249003.0
2025-11-28,35,102457451.0,0,0,0.0,0.00377,0.00377,0.00377,0.0,1.0,4917737.0,49203.0,4917737.0
2025-12-01,35,102071507.0,0,1,0.02857,0.01,0.01,0.01,5e-05,1.0,12320673.0,251095.0,12320673.0
2025-12-02,34,103091590.0,0,0,0.0,0.00747,0.00747,0.00747,0.0,,9062760.0,0.0,9062760.0
2025-12-03,34,103861712.0,0,0,0.0,0.01474,0.01474,0.015,0.00015,1.0,21816766.0,2419278.0,17560224.0
2025-12-04,34,105392636.0,0,0,0.0,0.00256,0.00256,0.00256,6e-05,1.0,5354822.0,967542.0,5354822.0
2025-12-05,34,105152546.0,0,0,0.0,0.01583,0.01583,0.02163,0.00383,1.0,37936442.0,12774874.0,21442549.0
2025-12-08,34,106817314.0,0,0,0.0,0.00718,0.00718,0.00718,0.00159,1.0,16510136.0,3511241.0,16510136.0
2025-12-09,34,107212942.0,0,0,0.0,0.01294,0.01294,0.01315,0.00103,1.0,18490447.0,1753817.0,18145431.0
2025-12-10,34,108441632.0,0,0,0.0,0.00671,0.00671,0.00675,0.00043,1.0,9129006.0,747468.0,9048382.0
2025-12-11,34,108961491.0,0,0,0.0,0.00628,0.00628,0.00741,0.00058,1.0,10602606.0,1183837.0,8315804.0
2025-12-12,34,108281224.0,0,0,0.0,0.00942,0.00942,0.01009,0.00051,1.0,13540109.0,995645.0,12214045.0
2025-12-15,34,107321930.0,0,0,0.0,0.00051,0.00051,0.00051,0.00013,1.0,991252.0,253476.0,991252.0
2025-12-16,34,107376847.0,0,0,0.0,0.00245,0.00245,0.00307,0.00031,1.0,4858715.0,887695.0,3083325.0
2025-12-17,34,107132076.0,0,0,0.0,0.02278,0.02278,0.02983,0.00376,1.0,32020560.0,2514336.0,28405505.0
2025-12-18,34,104742424.0,0,0,0.0,0.01612,0.01612,0.01855,0.00281,1.0,26690004.0,5350191.0,19459153.0
2025-12-19,34,103487138.0,0,0,0.0,0.01122,0.01122,0.01122,9e-05,1.0,16538234.0,693081.0,16538234.0
2025-12-22,34,102488851.0,0,0,0.0,0.00851,0.00851,0.01008,0.00189,1.0,12315729.0,2425272.0,10172447.0
2025-12-23,34,103351227.0,0,0,0.0,0.00416,0.00416,0.00416,0.0005,1.0,5112110.0,430319.0,5112110.0
2025-12-24,34,103707931.0,0,0,0.0,0.00771,0.00771,0.00771,1e-05,1.0,9199736.0,81302.0,9199736.0
2025-12-26,34,104507323.0,0,0,0.0,0.00981,0.00981,0.00987,3e-05,1.0,12278424.0,181756.0,11914913.0
2025-12-29,34,103481795.0,0,0,0.0,0.00245,0.00245,0.00245,0.0,,2776587.0,0.0,2776587.0
2025-12-30,34,103228256.0,0,0,0.0,0.00135,0.00135,0.00337,0.00101,1.0,4930711.0,1729059.0,1557531.0
2025-12-31,34,103088648.0,0,0,0.0,0.00212,0.00212,0.00244,0.00038,1.0,3382743.0,1318068.0,2945107.0
2026-01-02,34,103262147.0,0,0,0.0,0.00038,0.00038,0.00251,0.00122,1.0,8216521.0,4143776.0,1315143.0
2026-01-05,34,103283523.0,0,0,0.0,0.00626,0.00626,0.00702,0.00088,1.0,13077769.0,3957767.0,8950501.0
2026-01-06,34,102719191.0,0,0,0.0,0.00219,0.00219,0.00255,0.00024,1.0,8748616.0,2361851.0,5328849.0
2026-01-07,34,102902321.0,0,0,0.0,0.02167,0.02167,0.02167,0.0,,25652148.0,0.0,25652148.0
2026-01-08,34,105125986.0,0,0,0.0,0.00356,0.00356,0.00356,0.00021,1.0,4662188.0,209393.0,4662188.0
2026-01-09,34,105500647.0,0,0,0.0,0.02744,0.02744,0.02843,0.0028,1.0,35627745.0,2544137.0,34609135.0
2026-01-12,34,108395443.0,0,0,0.0,0.00555,0.00555,0.00665,0.00094,1.0,14547535.0,4755016.0,6319567.0
2026-01-13,34,108305620.0,0,0,0.0,0.0018,0.0018,0.0018,6e-05,1.0,5775116.0,69460.0,5775116.0
2026-01-14,34,108196951.0,0,0,0.0,0.00828,0.00828,0.00828,0.0,,11046385.0,0.0,11046385.0
2026-01-15,34,107301505.0,0,0,0.0,0.0036,0.0036,0.0036,8e-05,1.0,4849360.0,103264.0,4849360.0
2026-01-16,34,107687893.0,0,0,0.0,0.01443,0.01443,0.01443,0.0,,19218582.0,0.0,19218582.0
2026-01-20,34,109242036.0,0,0,0.0,0.00472,0.00472,0.00472,0.0,,6323346.0,0.0,6323346.0
2026-01-21,34,108726812.0,0,0,0.0,0.00355,0.00355,0.00409,0.00033,1.0,7090076.0,1599984.0,4715508.0
2026-01-22,34,109113230.0,0,0,0.0,0.00485,0.00485,0.00512,0.00025,1.0,8283761.0,928220.0,7364040.0
2026-01-23,34,109621257.0,0,0,0.0,0.01506,0.01506,0.01506,7e-05,1.0,21402466.0,514272.0,21402466.0
2026-01-26,34,111272383.0,0,0,0.0,0.02771,0.02771,0.02773,1e-05,1.0,38628259.0,77861.0,38472536.0
2026-01-27,34,108189402.0,0,0,0.0,0.00198,0.00198,0.00198,0.0,,2759454.0,0.0,2759454.0
2026-01-28,34,108403750.0,0,0,0.0,0.01781,0.01781,0.01886,0.00059,1.0,29566312.0,3818699.0,24192014.0
2026-01-29,34,106472830.0,0,0,0.0,0.00698,0.00698,0.00731,0.00029,1.0,11386730.0,2193109.0,9602216.0
2026-01-30,34,105742086.0,0,0,0.0,0.02573,0.02573,0.02573,0.0,,32889060.0,0.0,32889060.0
2026-02-02,34,108463246.0,0,0,0.0,0.00594,0.00594,0.00748,0.00081,1.0,25347735.0,9347175.0,7562285.0
2026-02-03,34,107819251.0,0,0,0.0,0.00438,0.00438,0.00438,0.00032,1.0,13918792.0,3443014.0,13918792.0
2026-02-04,34,107416866.0,0,0,0.0,0.00628,0.00628,0.00815,0.00101,1.0,25676911.0,8470289.0,10570908.0
2026-02-05,34,106798150.0,0,0,0.0,0.00451,0.00451,0.00451,0.00052,1.0,11697096.0,3370749.0,11697096.0
2026-02-06,34,106435263.0,0,0,0.0,0.02701,0.02701,0.02714,7e-05,1.0,33232130.0,703620.0,31836009.0
2026-02-09,34,109309753.0,0,0,0.0,0.0095,0.0095,0.0095,0.0,1.0,12198648.0,3954.0,12190741.0
2026-02-10,34,108271674.0,0,0,0.0,0.0119,0.0119,0.01191,1e-05,1.0,14531434.0,36500.0,14458435.0
2026-02-11,34,106982966.0,0,0,0.0,0.01928,0.01928,0.01928,1e-05,1.0,23206376.0,61412.0,23206376.0
2026-02-12,34,109045653.0,0,0,0.0,0.02601,0.02601,0.02678,0.00097,1.0,35648409.0,4609444.0,31505852.0
2026-02-13,34,111882090.0,0,0,0.0,0.01751,0.01751,0.01797,0.00059,1.0,23887925.0,2365747.0,21394354.0
2026-02-17,34,113837235.0,0,0,0.0,0.00058,0.00058,0.00108,0.0005,1.0,5344177.0,2873514.0,2446594.0
2026-02-18,34,113846884.0,0,0,0.0,0.02177,0.02177,0.02552,0.00203,1.0,30947649.0,2002130.0,28864202.0
2026-02-19,34,111368397.0,0,0,0.0,0.01183,0.01183,0.02805,0.00857,1.0,43258013.0,13858247.0,16479001.0
2026-02-20,34,110145812.0,0,0,0.0,0.01747,0.01747,0.02147,0.002,1.0,28915225.0,1093732.0,26727761.0
2026-02-23,34,109731944.0,0,0,0.0,0.00922,0.00922,0.00922,0.0,,11101566.0,0.0,11101566.0
2026-02-24,34,108910900.0,0,0,0.0,0.00838,0.00838,0.00838,0.0,,10013717.0,0.0,10013717.0
2026-02-25,34,107997988.0,0,0,0.0,0.00121,0.00121,0.00326,0.00105,1.0,12955648.0,5865262.0,1469520.0
2026-02-26,34,107867572.0,0,0,0.0,0.00105,0.00105,0.02274,0.01124,1.0,14228583.0,5089159.0,5651855.0
2026-02-27,34,107964364.0,0,0,0.0,0.05194,0.05194,0.06443,0.00723,1.0,91530826.0,18239560.0,61102733.0
2026-03-02,34,112775888.0,1,0,0.02941,0.08002,0.07595,0.08021,0.00035,1.0,108442218.0,548508.0,108157882.0
2026-03-03,35,104670106.0,0,1,0.02857,0.00388,0.00388,0.07388,0.03512,1.0,171816343.0,83763577.0,4656526.0
2026-03-04,34,104316280.0,2,0,0.05882,0.03875,0.03745,0.03875,0.00642,1.0,86061308.0,6252997.0,86061308.0
2026-03-05,36,104343134.0,0,0,0.0,0.00642,0.00642,0.01354,0.00626,1.0,9287542.0,3432942.0,6359243.0
2026-03-06,36,103984036.0,0,2,0.05556,0.01303,0.01303,0.01802,0.00467,1.0,12358364.0,911837.0,11829763.0
2026-03-09,34,103463238.0,0,2,0.05882,0.00469,0.00469,0.00469,0.0018,1.0,915370.0,188240.0,915370.0
2026-03-10,32,103153634.0,0,0,0.0,0.00306,0.00306,0.00416,0.0019,1.0,7282226.0,3152901.0,1618081.0
2026-03-11,32,103096942.0,0,0,0.0,0.00542,0.00542,0.00786,0.00233,1.0,11241295.0,2994615.0,6569781.0
2026-03-12,32,103378254.0,0,0,0.0,0.00232,0.00232,0.00389,0.00118,1.0,14755315.0,7065858.0,3008399.0
2026-03-13,32,103186860.0,0,0,0.0,0.01171,0.01171,0.01183,0.0002,1.0,15007575.0,1087393.0,14390347.0
2026-03-16,32,102016016.0,0,0,0.0,0.00763,0.00763,0.00763,0.0,,7932984.0,0.0,7932984.0
2026-03-17,32,101237709.0,0,0,0.0,0.00128,0.00128,0.00128,0.0,,1322273.0,0.0,1322273.0
2026-03-18,32,101108429.0,0,0,0.0,0.00384,0.00384,0.00455,0.00045,1.0,6458309.0,1260011.0,4061589.0
2026-03-19,32,101496269.0,0,1,0.03125,0.00045,0.00045,0.00071,0.0002,1.0,1701072.0,271749.0,1248029.0
2026-03-20,31,101518187.0,0,0,0.0,0.00246,0.00246,0.00683,0.00238,1.0,6515680.0,2234465.0,2572635.0
2026-03-23,31,101279532.0,0,0,0.0,0.00807,0.00807,0.0082,0.00014,1.0,7977711.0,264448.0,7742062.0
2026-03-24,31,100490889.0,0,0,0.0,0.02585,0.02585,0.02585,8e-05,1.0,26754817.0,94842.0,26754817.0
2026-03-25,31,103088289.0,0,0,0.0,0.00744,0.00744,0.00793,0.00026,1.0,10802314.0,1631495.0,7845359.0
2026-03-26,31,102321131.0,0,0,0.0,0.00278,0.00278,0.00278,9e-05,1.0,4214713.0,425142.0,4214713.0
2026-03-27,31,102577588.0,0,0,0.0,9e-05,9e-05,0.00104,0.00047,1.0,1102970.0,344506.0,413959.0
2026-03-30,31,102586680.0,0,0,0.0,0.00764,0.00764,0.00807,0.00037,1.0,9329892.0,1204727.0,7512275.0
2026-03-31,31,101860211.0,0,0,0.0,0.00038,0.00038,0.00101,0.00053,1.0,3205929.0,1711643.0,1238713.0
2026-04-01,31,101858785.0,0,0,0.0,0.01064,0.01064,0.01089,0.00015,1.0,12854075.0,474850.0,12080177.0
2026-04-02,31,100774673.0,0,0,0.0,0.00256,0.00256,0.00257,2e-05,1.0,2955199.0,90627.0,2951964.0
2026-04-06,31,100525924.0,0,0,0.0,0.00512,0.00512,0.00512,0.0,,5350562.0,0.0,5350562.0
2026-04-07,31,100011087.0,0,0,0.0,0.0,0.0,4e-05,2e-05,1.0,266040.0,133020.0,0.0
2026-04-08,31,100011087.0,0,0,0.0,0.01423,0.01423,0.01433,0.00016,1.0,15308072.0,594322.0,14989401.0
2026-04-09,31,101434262.0,0,0,0.0,0.0014,0.0014,0.00156,0.00017,1.0,2910161.0,954840.0,1892467.0
2026-04-10,31,101569187.0,0,0,0.0,0.00272,0.00272,0.00272,0.0,,3566539.0,0.0,3566539.0
2026-04-13,31,101845161.0,0,0,0.0,0.00888,0.00888,0.00888,0.0,,9289624.0,0.0,9289624.0
2026-04-14,31,100940551.0,0,0,0.0,0.00512,0.00512,0.00512,0.0,,5562510.0,0.0,5562510.0
2026-04-15,31,101457471.0,0,0,0.0,0.02165,0.02165,0.02165,0.0,,24830437.0,0.0,24830437.0
2026-04-16,31,103654381.0,0,0,0.0,0.02868,0.02868,0.03154,0.00203,1.0,39532453.0,3700260.0,34316552.0
2026-04-17,31,100682091.0,0,0,0.0,0.01364,0.01364,0.03056,0.00925,1.0,49616621.0,17325486.0,18108742.0
2026-04-20,31,99308420.0,1,0,0.03226,0.04184,0.03643,0.04184,0.00031,1.0,55866287.0,1834791.0,55866287.0
2026-04-21,32,96228346.0,0,0,0.0,0.00807,0.00807,0.00807,0.0,,9445682.0,0.0,9445682.0
2026-04-22,32,96972569.0,0,0,0.0,0.03195,0.03195,0.03195,0.0,,36684298.0,0.0,36684298.0
2026-04-23,32,100071185.0,0,0,0.0,0.01677,0.01677,0.01677,0.0,,19996213.0,0.0,19996213.0
2026-04-24,32,101749602.0,0,0,0.0,0.01396,0.01396,0.01396,0.0,,16276348.0,0.0,16276348.0
2026-04-27,32,100329403.0,0,0,0.0,0.00151,0.00151,0.00206,0.00027,1.0,2485045.0,373816.0,1737413.0
2026-04-28,32,100391846.0,0,0,0.0,0.00027,0.00027,0.00139,0.00083,1.0,1820462.0,1089049.0,357635.0
2026-04-29,32,100419272.0,0,0,0.0,0.01882,0.01882,0.02415,0.00401,1.0,34541687.0,8211731.0,21688720.0
2026-04-30,32,102309586.0,0,0,0.0,0.00394,0.00394,0.00394,0.0,,7800836.0,0.0,7800836.0
2026-05-01,32,102586380.0,0,0,0.0,0.04419,0.04419,0.04419,0.0,,52059105.0,0.0,52059105.0
2026-05-04,32,107119335.0,0,0,0.0,0.04353,0.04353,0.04353,0.0,,54362657.0,0.0,54362657.0
2026-05-05,32,102456867.0,0,0,0.0,0.0,0.0,0.00191,0.00096,1.0,9669311.0,4834656.0,0.0
2026-05-06,32,102456867.0,0,0,0.0,0.03358,0.03358,0.03401,0.00037,1.0,43160679.0,2081042.0,40781923.0
2026-05-07,32,99096622.0,0,0,0.0,0.00416,0.00416,0.00601,0.00117,1.0,9925165.0,3319978.0,5940198.0
2026-05-08,32,99491459.0,0,0,0.0,0.00117,0.00117,0.0017,0.00028,1.0,3551603.0,217169.0,3248981.0
2026-05-11,32,99421704.0,0,0,0.0,0.02369,0.02369,0.02481,0.00087,1.0,31994939.0,4605659.0,27318098.0
2026-05-12,32,101776796.0,0,0,0.0,0.00328,0.00328,0.00328,0.00021,1.0,6816277.0,804638.0,6816277.0
2026-05-13,32,101494548.0,0,0,0.0,0.00021,0.00021,0.00077,0.00049,1.0,5694300.0,3249624.0,804948.0
2026-05-14,32,101474959.0,0,0,0.0,0.00557,0.00557,0.00581,0.00049,1.0,8872664.0,806430.0,8541657.0
2026-05-15,32,100928913.0,0,0,0.0,0.00049,0.00049,0.00049,7e-05,1.0,804783.0,187897.0,804783.0
2026-05-18,32,100879080.0,0,0,0.0,0.00648,0.00648,0.00648,0.00011,1.0,7188097.0,217513.0,7188097.0
2026-05-19,32,100225055.0,0,0,0.0,0.00845,0.00845,0.00845,0.0,,9620652.0,0.0,9620652.0
2026-05-20,32,99378643.0,0,0,0.0,0.0067,0.0067,0.0067,0.0,,7237188.0,0.0,7237188.0
2026-05-21,32,98712393.0,0,0,0.0,0.0,0.0,0.0,0.0,,0.0,0.0,0.0
2026-05-22,32,98712393.0,0,0,0.0,0.00658,0.00658,0.00658,0.0,,7641319.0,0.0,7641319.0
2026-05-26,32,98063113.0,0,0,0.0,0.00395,0.00395,0.00395,0.0,,4570210.0,0.0,4570210.0
2026-05-27,32,97676068.0,0,0,0.0,0.00132,0.00132,0.00185,0.00027,1.0,3972329.0,1208961.0,1554407.0
2026-05-28,32,97547053.0,0,0,0.0,0.00155,0.00155,0.00155,0.0,,2758287.0,0.0,2758287.0
2026-05-29,32,97697809.0,0,0,0.0,0.00268,0.00268,0.00268,0.0,,3456182.0,0.0,3456182.0
2026-06-01,32,97435557.0,0,0,0.0,0.00132,0.00132,0.00132,0.0,,1722277.0,0.0,1722277.0
2026-06-02,32,97306519.0,0,0,0.0,0.00406,0.00406,0.00406,0.0,,5298417.0,0.0,5298417.0
2026-06-03,32,96911089.0,0,0,0.0,0.00399,0.00399,0.00399,0.0,,5079708.0,0.0,5079708.0
2026-06-04,32,96524008.0,0,0,0.0,0.01294,0.01294,0.01294,0.0,,16313970.0,0.0,16313970.0
2026-06-05,32,97772808.0,0,0,0.0,0.00536,0.00536,0.00536,0.0,,7340632.0,0.0,7340632.0
2026-06-08,32,97248730.0,0,0,0.0,0.01193,0.01193,0.01193,0.0,,14948792.0,0.0,14948792.0
2026-06-09,32,96088072.0,0,0,0.0,0.00667,0.00667,0.00667,0.0,,8184072.0,0.0,8184072.0
2026-06-10,32,96696144.0,0,0,0.0,0.01067,0.01067,0.01067,0.0,,13344065.0,0.0,13344065.0
2026-06-11,32,95664840.0,0,0,0.0,0.00653,0.00653,0.00653,0.0,,7915865.0,0.0,7915865.0
2026-06-12,32,96289240.0,0,0,0.0,0.00682,0.00682,0.00682,0.0,,8504585.0,0.0,8504585.0
2026-06-15,32,95632792.0,0,0,0.0,0.0379,0.0379,0.0379,0.0,,46772442.0,0.0,46772442.0
2026-06-16,32,92008504.0,0,0,0.0,0.0408,0.0408,0.0408,0.0,,50658332.0,0.0,50658332.0
2026-06-17,32,95747000.0,0,0,0.0,0.01976,0.01976,0.0217,0.00115,1.0,65890664.0,20778706.0,25409544.0
2026-06-18,32,97601230.0,0,0,0.0,0.01224,0.01224,0.01261,0.00105,1.0,35297615.0,13461010.0,32334282.0
2026-06-22,32,98674970.0,0,0,0.0,0.00485,0.00485,0.00485,0.00023,1.0,18227818.0,1822930.0,18227818.0
2026-06-23,32,98981210.0,0,0,0.0,0.00023,0.00023,0.00025,3e-05,1.0,1826354.0,73689.0,1776201.0
2026-06-24,32,98963060.0,0,0,0.0,0.00387,0.00387,0.02462,0.01088,1.0,41610170.0,18976902.0,5338499.0
2026-06-25,32,98581394.0,0,0,0.0,0.01189,0.01189,0.01364,0.00715,1.0,27254510.0,11006065.0,22463075.0
2026-06-26,32,98376183.0,0,0,0.0,0.04273,0.04273,0.04724,0.00547,1.0,70839359.0,6738073.0,62830790.0
2026-06-29,32,102579708.0,0,0,0.0,0.0078,0.0078,0.00926,0.0041,1.0,14203095.0,4762712.0,11736580.0
2026-06-30,32,102309232.0,0,0,0.0,0.0303,0.0303,0.03201,0.00368,1.0,54590106.0,3626503.0,51113859.0
2026-07-01,32,105409163.0,0,0,0.0,0.01317,0.01317,0.01567,0.00237,1.0,31373718.0,7377241.0,24560129.0
2026-07-02,32,104200012.0,0,0,0.0,0.03159,0.03159,0.0317,0.00139,1.0,58216158.0,1911967.0,58176889.0
2026-07-06,32,101122682.0,0,0,0.0,0.02871,0.02871,0.03165,0.00236,1.0,58338420.0,6549039.0,48864809.0
2026-07-07,32,104025801.0,0,0,0.0,0.00326,0.00326,0.01525,0.00705,1.0,58668753.0,27868667.0,8026595.0
2026-07-08,32,104182738.0,0,0,0.0,0.00767,0.00767,0.01312,0.00533,1.0,66872491.0,38739072.0,28101232.0
2026-07-09,32,104521607.0,0,0,0.0,0.01407,0.01407,0.03029,0.01057,1.0,90342760.0,27707340.0,52184430.0
2026-07-10,32,103206932.0,0,0,0.0,0.01071,0.01071,0.01289,0.00524,1.0,30277970.0,6873663.0,26104430.0
2026-07-13,32,103627583.0,0,1,0.03125,0.00582,0.00581,0.01421,0.00762,1.0,29320378.0,14329689.0,7658548.0
2026-07-14,31,104029459.0,0,0,0.0,0.00821,0.00821,0.00821,0.00343,1.0,15691844.0,7495394.0,15691844.0
2026-07-15,31,104095478.0,0,0,0.0,0.00518,0.00518,0.00618,0.0028,1.0,13517502.0,5470579.0,10721396.0
2026-07-16,31,103834686.0,0,0,0.0,0.00472,0.00472,0.04846,0.02475,1.0,42541678.0,21723259.0,8287280.0
2026-07-17,31,104045818.0,0,0,0.0,0.03633,0.03633,0.03637,0.00278,1.0,42356316.0,2468468.0,42030808.0
2026-07-20,31,105362523.0,0,0,0.0,0.01169,0.01169,0.03456,0.01492,1.0,44205359.0,18004556.0,17205617.0
2026-07-21,31,106515073.0,0,0,0.0,0.01628,0.01628,0.01753,0.00174,1.0,23773022.0,3894501.0,19690440.0
2026-07-22,31,106312274.0,0,0,0.0,0.00669,0.00669,0.01077,0.00247,1.0,15353650.0,1721429.0,13237986.0
2026-07-23,31,105664360.0,0,0,0.0,0.00249,0.00249,0.00258,0.00034,1.0,1771903.0,409186.0,1693574.0
2026-07-24,31,105898099.0,0,0,0.0,0.00476,0.00476,0.02752,0.01158,1.0,36177795.0,14512905.0,7545357.0
2026-07-27,31,105413548.0,1,0,0.03226,0.03232,0.02889,0.03232,0.0,,46976376.0,0.0,46976376.0
2026-07-28,32,107396159.0,0,0,0.0,0.02784,0.02784,0.02784,0.0,,43290611.0,0.0,43290611.0
2026-07-29,32,104406491.0,0,0,0.0,0.00121,0.00121,0.00121,0.0,,1848314.0,0.0,1848314.0
2026-07-30,32,104532782.0,0,0,0.0,0.02181,0.02181,0.02181,0.0,,32994361.0,0.0,32994361.0
2026-07-31,32,106799246.0,0,0,0.0,0.0182,0.0182,0.0182,0.0,,29312476.0,0.0,29312476.0
2026-08-03,32,104855321.0,0,0,0.0,0.00247,0.00247,0.00247,0.0,,3841852.0,0.0,3841852.0
2026-08-04,32,104596131.0,0,0,0.0,0.00241,0.00241,0.00802,0.00281,1.0,10219339.0,3248352.0,3872742.0
2026-08-05,32,104848713.0,0,0,0.0,0.01138,0.01138,0.01164,0.002,1.0,19179551.0,3466306.0,16953970.0
2026-08-06,32,103685002.0,0,0,0.0,0.00556,0.00556,0.01469,0.00645,1.0,17786788.0,6415166.0,9519394.0
2026-08-07,32,103910161.0,0,0,0.0,0.00868,0.00868,0.00868,0.002,1.0,10024557.0,1886985.0,10024557.0
2026-08-10,32,103288703.0,0,0,0.0,0.02845,0.02845,0.02901,0.00046,1.0,47841849.0,1360510.0,47534053.0
2026-08-11,32,100350126.0,0,0,0.0,0.01007,0.01007,0.01037,0.00098,1.0,16738604.0,837574.0,16144771.0
2026-08-12,32,101360244.0,0,0,0.0,0.00486,0.00486,0.00869,0.00231,1.0,13344481.0,3430128.0,8803686.0
2026-08-13,32,100942975.0,1,0,0.03125,0.00444,0.00256,0.00989,0.00406,1.0,12079211.0,3840852.0,7649102.0
2026-08-14,33,100891881.0,0,0,0.0,0.01019,0.01019,0.01019,0.0007,1.0,14472609.0,689172.0,14430625.0
2026-08-17,33,101443000.0,0,0,0.0,0.0007,0.0007,0.01173,0.00617,1.0,26901077.0,13710046.0,684960.0
2026-08-18,33,101512978.0,0,0,0.0,0.00616,0.00616,0.00687,0.00183,1.0,18229427.0,6388665.0,14264081.0
2026-08-19,33,101480798.0,0,0,0.0,0.00301,0.00301,0.00455,0.00195,1.0,16688177.0,8393794.0,8085933.0
2026-08-20,33,101419356.0,0,0,0.0,0.02468,0.02468,0.02468,0.00046,1.0,43707465.0,631551.0,43707465.0
2026-08-21,33,103877478.0,0,1,0.0303,0.00905,0.00904,0.00978,0.00052,1.0,17997416.0,692242.0,17045333.0
2026-08-24,32,103019022.0,0,0,0.0,0.04898,0.04898,0.04988,0.00069,1.0,98023029.0,923959.0,96836176.0
2026-08-25,32,108064972.0,0,0,0.0,0.004,0.004,0.00408,0.00013,1.0,7844901.0,200485.0,7729315.0
2026-08-26,32,107750052.0,0,0,0.0,0.01178,0.01178,0.01716,0.00283,1.0,36392039.0,6212863.0,24591163.0
2026-08-27,32,109019471.0,0,0,0.0,0.00288,0.00288,0.00348,0.0003,1.0,11124164.0,3038761.0,5046642.0
2026-08-28,32,109314743.0,0,0,0.0,0.01276,0.01276,0.01364,0.00066,1.0,28502413.0,2721585.0,25183074.0
2026-08-31,32,110690745.0,0,0,0.0,0.00386,0.00386,0.00956,0.00332,1.0,44854725.0,20098236.0,9082977.0
2026-09-01,32,110367607.0,0,0,0.0,0.00548,0.00548,0.00605,0.0006,1.0,24633372.0,842548.0,23828861.0
2026-09-02,32,109973339.0,0,0,0.0,0.00632,0.00632,0.00686,0.00087,1.0,13038332.0,1220310.0,12276851.0
2026-09-03,32,110668120.0,0,0,0.0,0.00198,0.00198,0.00198,0.00036,1.0,3486817.0,504632.0,3486817.0
2026-09-04,32,110635351.0,0,0,0.0,0.0081,0.0081,0.0081,2e-05,1.0,16349350.0,31269.0,16349350.0
2026-09-08,32,109771325.0,0,0,0.0,0.00233,0.00233,0.0056,0.00173,1.0,22893400.0,9943215.0,4656406.0
2026-09-09,32,109515533.0,0,0,0.0,0.01231,0.01231,0.01328,0.00091,1.0,31463403.0,2757321.0,28473979.0
2026-09-10,32,108273534.0,0,0,0.0,0.03129,0.03129,0.03142,6e-05,1.0,59707376.0,83101.0,59541174.0
2026-09-11,32,104885354.0,0,0,0.0,0.0098,0.0098,0.00994,7e-05,1.0,18153496.0,91062.0,17971372.0
2026-09-14,32,103857648.0,0,0,0.0,0.00989,0.00989,0.01854,0.0046,1.0,81910355.0,33861111.0,18033563.0
2026-09-15,32,102830705.0,0,0,0.0,0.01273,0.01273,0.01273,9e-05,1.0,46805494.0,1522309.0,46805494.0
2026-09-16,32,103646704.0,0,0,0.0,0.00494,0.00494,0.00494,0.0,,10928459.0,0.0,10928459.0
2026-09-17,32,104158942.0,0,0,0.0,0.00514,0.00514,0.00514,0.0,,10091770.0,0.0,10091770.0
2026-09-18,32,103633044.0,0,0,0.0,0.06556,0.06556,0.06556,0.0,,136387236.0,0.0,136387236.0
2026-09-21,32,110426892.0,0,0,0.0,0.0,0.0,0.00696,0.00348,1.0,33202264.0,16601132.0,0.0
2026-09-22,32,110426892.0,0,0,0.0,0.01948,0.01948,0.02009,0.00164,1.0,51767232.0,10705733.0,49866003.0
2026-09-23,32,108786779.0,0,0,0.0,0.01939,0.01939,0.02037,0.00213,1.0,41540763.0,6985589.0,37965486.0
2026-09-24,32,110895658.0,0,0,0.0,0.04787,0.04787,0.04787,0.00035,1.0,104078850.0,1038623.0,104078850.0
2026-09-25,32,105818375.0,0,0,0.0,0.004,0.004,0.004,0.0,,8761048.0,0.0,8761048.0
2026-09-28,32,105468532.0,0,0,0.0,0.0,0.0,0.0,0.0,,0.0,0.0,0.0
2026-09-29,32,105468532.0,0,0,0.0,0.00369,0.00369,0.00523,0.00086,1.0,17430361.0,4826811.0,7994427.0
2026-09-30,32,105857668.0,0,0,0.0,0.00319,0.00319,0.0042,0.00096,1.0,10500312.0,1220768.0,9211466.0
2026-10-01,32,106109469.0,0,0,0.0,0.01562,0.01562,0.01562,0.00084,1.0,33702380.0,1072870.0,33702380.0
2026-10-02,32,107767382.0,0,0,0.0,0.00444,0.00444,0.0047,0.00105,1.0,11238733.0,2298950.0,9040858.0
2026-10-05,32,108245818.0,0,0,0.0,0.01162,0.01162,0.01931,0.00568,1.0,61868537.0,20409745.0,24350621.0
2026-10-06,32,109504050.0,0,0,0.0,0.02677,0.02677,0.04591,0.01238,1.0,116365026.0,40334112.0,55835442.0
2026-10-07,32,112404532.0,1,0,0.03125,0.02452,0.02434,0.03411,0.01218,1.0,79359161.0,22554402.0,67182335.0
2026-10-08,33,110490765.0,0,0,0.0,0.01547,0.01547,0.01547,0.0,,30788719.0,0.0,30788719.0
