d,n0,sh0,add,rem,nt,si,se,tt,ta,ta_cov,tt_usd,ta_usd,si_usd
2014-10-31,49,178019.0,0,0,0.0,0.99901,0.99901,0.99901,,,1992905.0,,1992905.0
2014-11-03,49,355863.0,0,0,0.0,0.0,0.0,0.0,,,0.0,,0.0
2014-11-04,49,355863.0,0,0,0.0,0.0,0.0,0.0,,,0.0,,0.0
2014-11-05,49,355863.0,0,0,0.0,0.0,0.0,0.0,,,0.0,,0.0
2014-11-06,49,355863.0,0,0,0.0,0.0,0.0,0.0,,,0.0,,0.0
2014-11-07,49,355863.0,1,1,0.04082,0.00844,0.00411,0.00844,,,153365.0,,153365.0
2014-11-10,49,356948.0,0,0,0.0,0.0,0.0,0.0,,,0.0,,0.0
2014-11-11,49,356948.0,0,0,0.0,0.0,0.0,0.0,,,0.0,,0.0
2014-11-12,49,356948.0,0,0,0.0,0.0,0.0,0.0,,,0.0,,0.0
2014-11-13,49,356948.0,0,0,0.0,0.00157,0.00157,0.00157,,,40866.0,,40866.0
2014-11-14,49,356788.0,0,0,0.0,0.0,0.0,0.0,,,0.0,,0.0
2014-11-17,49,356788.0,0,0,0.0,0.0,0.0,0.0,,,0.0,,0.0
2014-11-18,49,356788.0,0,0,0.0,0.0,0.0,0.0,,,0.0,,0.0
2014-11-19,49,356788.0,0,0,0.0,0.0,0.0,0.0,,,0.0,,0.0
2014-11-20,49,356788.0,0,0,0.0,0.0,0.0,0.0,,,0.0,,0.0
2014-11-21,49,356788.0,0,0,0.0,0.0,0.0,0.0,,,0.0,,0.0
2014-11-24,49,356788.0,0,0,0.0,0.0,0.0,0.0,,,0.0,,0.0
2014-11-25,49,356788.0,0,0,0.0,0.0,0.0,0.0,,,0.0,,0.0
2014-11-26,49,356788.0,0,0,0.0,0.0,0.0,0.0,,,0.0,,0.0
2014-11-28,49,356788.0,0,0,0.0,0.0,0.0,0.0,,,0.0,,0.0
2014-12-01,49,356788.0,0,0,0.0,0.0,0.0,0.0,,,0.0,,0.0
2014-12-02,49,356788.0,0,0,0.0,0.0,0.0,0.0,,,0.0,,0.0
2014-12-03,49,356788.0,0,0,0.0,0.0,0.0,0.0,,,0.0,,0.0
2014-12-04,49,356788.0,0,0,0.0,0.0,0.0,0.0,,,0.0,,0.0
2014-12-05,49,356788.0,0,0,0.0,0.0,0.0,0.0,,,0.0,,0.0
2014-12-08,49,356788.0,0,0,0.0,0.0,0.0,0.0,,,0.0,,0.0
2014-12-09,49,356788.0,0,0,0.0,0.0,0.0,0.0,,,0.0,,0.0
2014-12-10,49,356788.0,0,0,0.0,0.0,0.0,0.0,,,0.0,,0.0
2014-12-11,49,356788.0,0,0,0.0,0.0,0.0,0.0,,,0.0,,0.0
2014-12-12,49,356788.0,0,0,0.0,0.0,0.0,0.0,,,0.0,,0.0
2014-12-15,49,356788.0,0,0,0.0,0.0,0.0,0.0,,,0.0,,0.0
2014-12-16,49,356788.0,0,0,0.0,0.0,0.0,0.0,,,0.0,,0.0
2014-12-17,49,356788.0,0,0,0.0,0.0,0.0,0.0,,,0.0,,0.0
2014-12-18,49,356788.0,0,0,0.0,0.0,0.0,0.0,,,0.0,,0.0
2014-12-19,49,356788.0,0,0,0.0,0.0,0.0,0.0,,,0.0,,0.0
2014-12-22,49,356788.0,0,0,0.0,0.0,0.0,0.0,,,0.0,,0.0
2014-12-23,49,356788.0,0,0,0.0,0.0,0.0,0.0,,,0.0,,0.0
2014-12-24,49,356788.0,0,0,0.0,0.0,0.0,0.0,,,0.0,,0.0
2014-12-26,49,356788.0,0,0,0.0,0.0,0.0,0.0,,,0.0,,0.0
2014-12-29,49,356788.0,0,0,0.0,0.0,0.0,0.0,,,0.0,,0.0
2014-12-30,49,356788.0,0,0,0.0,0.0,0.0,0.0,,,0.0,,0.0
2014-12-31,49,356788.0,3,4,0.14286,0.33385,0.32036,0.33385,,,1735664.0,,1735664.0
2015-01-02,48,454798.0,0,0,0.0,0.0,0.0,0.0,,,0.0,,0.0
2015-01-05,48,454798.0,0,0,0.0,0.0,0.0,0.0,,,0.0,,0.0
2015-01-06,48,454798.0,0,0,0.0,0.0,0.0,0.0,,,0.0,,0.0
2015-01-07,48,454798.0,0,0,0.0,0.0,0.0,0.0,,,0.0,,0.0
2015-01-08,48,454798.0,0,0,0.0,0.0,0.0,0.0,,,0.0,,0.0
2015-01-09,48,454798.0,0,0,0.0,0.0,0.0,0.0,,,0.0,,0.0
2015-01-12,48,454798.0,0,0,0.0,0.0,0.0,0.0,,,0.0,,0.0
2015-01-13,48,454798.0,0,0,0.0,0.0,0.0,0.0,,,0.0,,0.0
2015-01-14,48,454798.0,0,0,0.0,0.0,0.0,0.0,,,0.0,,0.0
2015-01-15,48,454798.0,0,0,0.0,0.0,0.0,0.0,,,0.0,,0.0
2015-01-16,48,454798.0,0,0,0.0,0.0,0.0,0.0,,,0.0,,0.0
2015-01-20,48,454798.0,0,0,0.0,0.0,0.0,0.0,,,0.0,,0.0
2015-01-21,48,454798.0,0,0,0.0,0.0,0.0,0.0,,,0.0,,0.0
2015-01-22,48,454798.0,0,0,0.0,0.0,0.0,0.0,,,0.0,,0.0
2015-01-23,48,454798.0,0,0,0.0,0.0,0.0,0.0,,,0.0,,0.0
2015-01-26,48,454798.0,0,0,0.0,0.0,0.0,0.0,,,0.0,,0.0
2015-01-27,48,454798.0,0,0,0.0,0.0,0.0,0.0,,,0.0,,0.0
2015-01-28,48,454798.0,0,0,0.0,0.0,0.0,0.0,,,0.0,,0.0
2015-01-29,48,454798.0,0,0,0.0,0.0,0.0,0.0,,,0.0,,0.0
2015-01-30,48,454798.0,0,0,0.0,0.0,0.0,0.0,,,0.0,,0.0
2015-02-02,48,454798.0,0,0,0.0,0.0,0.0,0.0,,,0.0,,0.0
2015-02-03,48,454798.0,0,0,0.0,0.0,0.0,0.0,,,0.0,,0.0
2015-02-04,48,454798.0,0,0,0.0,0.0,0.0,0.0,,,0.0,,0.0
2015-02-05,48,454798.0,0,0,0.0,0.0,0.0,0.0,,,0.0,,0.0
2015-02-06,48,454798.0,4,3,0.14583,0.16747,0.15069,0.16747,,,1266851.0,,1266851.0
2015-02-09,49,504735.0,0,0,0.0,0.0,0.0,0.0,,,0.0,,0.0
2015-02-10,49,504735.0,0,0,0.0,0.0,0.0,0.0,,,0.0,,0.0
2015-02-11,49,504735.0,0,0,0.0,0.0,0.0,0.0,,,0.0,,0.0
2015-02-12,49,504735.0,0,0,0.0,0.0,0.0,0.0,,,0.0,,0.0
2015-02-13,49,504735.0,0,0,0.0,0.0,0.0,0.0,,,0.0,,0.0
2015-02-17,49,504735.0,0,0,0.0,0.0,0.0,0.0,,,0.0,,0.0
2015-02-18,49,504735.0,0,0,0.0,0.0,0.0,0.0,,,0.0,,0.0
2015-02-19,49,504735.0,0,0,0.0,0.0,0.0,0.0,,,0.0,,0.0
2015-02-20,49,504735.0,1,0,0.02041,0.11854,0.11728,0.11854,,,1220999.0,,1220999.0
2015-02-23,50,561483.0,0,0,0.0,0.0,0.0,0.0,,,0.0,,0.0
2015-02-24,50,561483.0,1,1,0.04,0.05269,0.04958,0.05269,,,248388.0,,248388.0
2015-02-25,50,535272.0,1,0,0.02,0.00261,0.00211,0.00261,,,102146.0,,102146.0
2015-02-26,51,535454.0,0,0,0.0,0.0,0.0,0.0,,,0.0,,0.0
2015-02-27,51,535454.0,0,0,0.0,0.0,0.0,0.0,,,0.0,,0.0
2015-03-02,51,535454.0,2,1,0.05882,0.05079,0.02666,0.05079,,,320557.0,,320557.0
2015-03-03,52,521765.0,0,0,0.0,0.0,0.0,0.0,,,0.0,,0.0
2015-03-04,52,521765.0,1,0,0.01923,0.00697,0.0058,0.00697,,,112683.0,,112683.0
2015-03-05,53,523686.0,0,0,0.0,0.05237,0.05237,0.05237,,,105944.0,,105944.0
2015-03-06,53,497504.0,0,0,0.0,0.0,0.0,0.0,,,0.0,,0.0
2015-03-09,53,497504.0,0,0,0.0,0.0,0.0,0.0,,,0.0,,0.0
2015-03-10,53,497504.0,0,1,0.01887,0.00841,0.00494,0.00841,,,115765.0,,115765.0
2015-03-11,52,498214.0,0,0,0.0,0.00164,0.00164,0.00164,,,43850.0,,43850.0
2015-03-12,52,498632.0,0,0,0.0,0.0,0.0,0.0,,,0.0,,0.0
2015-03-13,52,498632.0,0,0,0.0,0.0,0.0,0.0,,,0.0,,0.0
2015-03-16,52,498632.0,1,1,0.03846,0.01001,0.00744,0.01001,,,200914.0,,200914.0
2015-03-17,52,500928.0,0,0,0.0,0.00389,0.00389,0.00389,,,33920.0,,33920.0
2015-03-18,52,502172.0,0,0,0.0,0.00126,0.00126,0.00126,,,15328.0,,15328.0
2015-03-19,52,502407.0,0,0,0.0,0.0,0.0,0.0,,,0.0,,0.0
2015-03-20,52,502407.0,0,0,0.0,0.00144,0.00144,0.00144,,,18969.0,,18969.0
2015-03-23,52,502104.0,1,0,0.01923,0.00634,0.00487,0.00634,,,79470.0,,79470.0
2015-03-24,53,502847.0,0,0,0.0,0.0,0.0,0.0,,,0.0,,0.0
2015-03-25,53,502847.0,0,0,0.0,0.0,0.0,0.0,,,0.0,,0.0
2015-03-26,53,502847.0,0,0,0.0,0.14419,0.14419,0.14419,,,140051.0,,140051.0
2015-03-27,53,571620.0,0,0,0.0,0.00246,0.00246,0.00246,,,91654.0,,91654.0
2015-03-30,53,571524.0,0,0,0.0,0.00728,0.00728,0.00728,,,130672.0,,130672.0
2015-03-31,53,574276.0,0,0,0.0,0.16647,0.16647,0.16647,,,1032098.0,,1032098.0
2015-04-01,53,669876.0,0,0,0.0,0.0,0.0,0.0,,,0.0,,0.0
2015-04-02,53,669876.0,1,0,0.01887,0.05302,0.05173,0.05302,,,321133.0,,321133.0
2015-04-06,54,641584.0,0,0,0.0,0.00099,0.00099,0.00099,,,27848.0,,27848.0
2015-04-07,54,641702.0,0,0,0.0,0.0,0.0,0.0,,,0.0,,0.0
2015-04-08,54,641702.0,0,0,0.0,0.0,0.0,0.0,,,0.0,,0.0
2015-04-09,54,641702.0,0,0,0.0,0.00073,0.00073,0.00073,,,23939.0,,23939.0
2015-04-10,54,641667.0,0,0,0.0,0.0,0.0,0.0,,,0.0,,0.0
2015-04-13,54,641667.0,0,0,0.0,0.0,0.0,0.0,,,0.0,,0.0
2015-04-14,54,641667.0,0,1,0.01852,0.03429,0.03314,0.03429,,,160751.0,,160751.0
2015-04-15,53,624549.0,0,0,0.0,0.00128,0.00128,0.00128,,,41704.0,,41704.0
2015-04-16,53,624149.0,0,0,0.0,0.00064,0.00064,0.00064,,,31732.0,,31732.0
2015-04-17,53,624149.0,0,0,0.0,0.00177,0.00177,0.00177,,,56398.0,,56398.0
2015-04-20,53,623988.0,0,0,0.0,0.0,0.0,0.0,,,0.0,,0.0
2015-04-21,53,623988.0,0,0,0.0,0.0,0.0,0.0,,,0.0,,0.0
2015-04-22,53,623988.0,0,0,0.0,0.00119,0.00119,0.00119,,,54500.0,,54500.0
2015-04-23,53,624045.0,0,0,0.0,0.00094,0.00094,0.00094,,,39377.0,,39377.0
2015-04-24,53,623899.0,0,0,0.0,0.00371,0.00371,0.00371,,,45192.0,,45192.0
2015-04-27,53,625345.0,0,1,0.01887,0.00689,0.00575,0.00689,,,232196.0,,232196.0
2015-04-28,52,625162.0,0,0,0.0,0.00362,0.00362,0.00362,,,134550.0,,134550.0
2015-04-29,52,625294.0,0,0,0.0,0.0,0.0,0.0,,,0.0,,0.0
2015-04-30,52,625294.0,0,1,0.01923,0.02528,0.02388,0.02528,,,526794.0,,526794.0
2015-05-01,51,623697.0,0,0,0.0,0.0,0.0,0.0,,,0.0,,0.0
2015-05-04,51,623697.0,0,0,0.0,0.0,0.0,0.0,,,0.0,,0.0
2015-05-05,51,623697.0,0,0,0.0,0.0,0.0,0.0,,,0.0,,0.0
2015-05-06,51,623697.0,0,0,0.0,0.0,0.0,0.0,,,0.0,,0.0
2015-05-07,51,623697.0,1,2,0.05882,0.029,0.01891,0.029,,,644121.0,,644121.0
2015-05-08,50,618825.0,0,0,0.0,0.004,0.004,0.004,,,87747.0,,87747.0
2015-05-11,50,618220.0,0,0,0.0,0.11489,0.11489,0.11489,,,179026.0,,179026.0
2015-05-12,50,687197.0,0,1,0.02,0.04654,0.04619,0.04654,,,165136.0,,165136.0
2015-05-13,49,717400.0,0,0,0.0,0.0,0.0,0.0,,,0.0,,0.0
2015-05-14,49,717400.0,0,0,0.0,0.00919,0.00919,0.00919,,,136857.0,,136857.0
2015-05-15,49,717593.0,1,1,0.04082,0.00596,0.0011,0.00596,,,154378.0,,154378.0
2015-05-18,49,718476.0,1,1,0.04082,0.00751,0.00257,0.00751,,,180832.0,,180832.0
2015-05-19,49,717992.0,0,0,0.0,0.00093,0.00093,0.00093,,,28473.0,,28473.0
2015-05-20,49,718185.0,0,0,0.0,0.00088,0.00088,0.00088,,,37122.0,,37122.0
2015-05-21,49,718337.0,0,0,0.0,0.0,0.0,0.0,,,0.0,,0.0
2015-05-22,49,718337.0,0,0,0.0,0.0,0.0,0.0,,,0.0,,0.0
2015-05-26,49,718337.0,0,0,0.0,0.00234,0.00234,0.00234,,,59787.0,,59787.0
2015-05-27,49,718756.0,0,0,0.0,0.0,0.0,0.0,,,0.0,,0.0
2015-05-28,49,718756.0,0,0,0.0,0.00252,0.00252,0.00252,,,59645.0,,59645.0
2015-05-29,49,719026.0,0,0,0.0,0.0,0.0,0.0,,,0.0,,0.0
2015-06-01,49,719026.0,0,0,0.0,0.00207,0.00207,0.00207,,,85114.0,,85114.0
2015-06-02,49,719503.0,0,0,0.0,0.00191,0.00191,0.00191,,,52550.0,,52550.0
2015-06-03,49,720477.0,0,0,0.0,0.0,0.0,0.0,,,0.0,,0.0
2015-06-04,49,720477.0,0,0,0.0,0.0,0.0,0.0,,,0.0,,0.0
2015-06-05,49,720477.0,0,0,0.0,0.00493,0.00493,0.00493,,,94923.0,,94923.0
2015-06-08,49,718026.0,0,0,0.0,0.0,0.0,0.0,,,0.0,,0.0
2015-06-09,49,718026.0,1,0,0.02041,0.00867,0.00739,0.00867,,,115464.0,,115464.0
2015-06-10,50,719388.0,0,0,0.0,0.0,0.0,0.0,,,0.0,,0.0
2015-06-11,50,719388.0,0,0,0.0,0.0,0.0,0.0,,,0.0,,0.0
2015-06-12,50,719388.0,1,1,0.04,0.00394,0.00182,0.00394,,,208426.0,,208426.0
2015-06-15,50,718469.0,0,0,0.0,0.00388,0.00388,0.00388,,,82351.0,,82351.0
2015-06-16,50,718383.0,0,0,0.0,0.00178,0.00178,0.00178,,,81060.0,,81060.0
2015-06-17,50,718795.0,0,0,0.0,0.0,0.0,0.0,,,0.0,,0.0
2015-06-18,50,718795.0,1,0,0.02,0.00119,0.00028,0.00119,,,48309.0,,48309.0
2015-06-19,51,719252.0,0,0,0.0,0.0,0.0,0.0,,,0.0,,0.0
2015-06-22,51,719252.0,0,0,0.0,0.00145,0.00145,0.00145,,,62613.0,,62613.0
2015-06-23,51,719007.0,0,0,0.0,0.00083,0.00083,0.00083,,,43528.0,,43528.0
2015-06-24,51,718807.0,0,0,0.0,0.0,0.0,0.0,,,0.0,,0.0
2015-06-25,51,718807.0,0,0,0.0,0.0,0.0,0.0,,,0.0,,0.0
2015-06-26,51,718807.0,0,0,0.0,0.0,0.0,0.0,,,0.0,,0.0
2015-06-29,51,718807.0,0,0,0.0,0.00131,0.00131,0.00131,,,59249.0,,59249.0
2015-06-30,51,719054.0,0,0,0.0,0.05569,0.05569,0.05569,,,114739.0,,114739.0
2015-07-01,51,754921.0,0,0,0.0,0.0,0.0,0.0,,,0.0,,0.0
2015-07-02,51,754921.0,0,0,0.0,0.0,0.0,0.0,,,0.0,,0.0
2015-07-06,51,754921.0,0,0,0.0,0.0,0.0,0.0,,,0.0,,0.0
2015-07-07,51,754921.0,0,0,0.0,0.00557,0.00557,0.00557,,,98056.0,,98056.0
2015-07-08,51,753128.0,0,0,0.0,0.0,0.0,0.0,,,0.0,,0.0
2015-07-09,51,753128.0,0,0,0.0,0.0,0.0,0.0,,,0.0,,0.0
2015-07-10,51,753128.0,0,0,0.0,0.0,0.0,0.0,,,0.0,,0.0
2015-07-13,51,753128.0,0,0,0.0,0.0,0.0,0.0,,,0.0,,0.0
2015-07-14,51,753128.0,0,4,0.07843,0.08914,0.08056,0.08914,,,738883.0,,738883.0
2015-07-15,47,803697.0,0,0,0.0,0.0,0.0,0.0,,,0.0,,0.0
2015-07-16,47,803697.0,1,0,0.02128,0.00118,0.00049,0.00118,,,37651.0,,37651.0
2015-07-17,48,803867.0,0,0,0.0,0.00267,0.00267,0.00267,,,79199.0,,79199.0
2015-07-20,48,804787.0,0,0,0.0,0.00105,0.00105,0.00105,,,45662.0,,45662.0
2015-07-21,48,804359.0,0,0,0.0,0.0,0.0,0.0,,,0.0,,0.0
2015-07-22,48,804359.0,0,0,0.0,0.00068,0.00068,0.00068,,,43759.0,,43759.0
2015-07-23,48,804502.0,0,0,0.0,0.00366,0.00366,0.00366,,,183327.0,,183327.0
2015-07-24,48,804650.0,0,0,0.0,0.0,0.0,0.0,,,0.0,,0.0
2015-07-27,48,804650.0,0,0,0.0,0.00271,0.00271,0.00271,,,145032.0,,145032.0
2015-07-28,48,805136.0,0,0,0.0,0.0,0.0,0.0,,,0.0,,0.0
2015-07-29,48,805136.0,1,0,0.02083,0.00395,0.00356,0.00395,,,147733.0,,147733.0
2015-07-30,49,807238.0,1,0,0.02041,0.00347,0.00277,0.00347,,,195594.0,,195594.0
2015-07-31,50,808650.0,0,0,0.0,0.00493,0.00493,0.00493,,,178327.0,,178327.0
2015-08-03,50,810909.0,0,0,0.0,0.0,0.0,0.0,,,0.0,,0.0
2015-08-04,50,810909.0,0,0,0.0,0.0,0.0,0.0,,,0.0,,0.0
2015-08-05,50,810909.0,0,0,0.0,0.0,0.0,0.0,,,0.0,,0.0
2015-08-06,50,810909.0,0,0,0.0,0.0074,0.0074,0.0074,,,287350.0,,287350.0
2015-08-07,50,813376.0,0,0,0.0,0.00583,0.00583,0.00583,,,104142.0,,104142.0
2015-08-10,50,814633.0,1,0,0.02,0.07403,0.06929,0.07403,,,134244.0,,134244.0
2015-08-11,51,762945.0,0,0,0.0,0.00315,0.00315,0.00315,,,34522.0,,34522.0
2015-08-12,51,764385.0,0,0,0.0,0.03441,0.03441,0.03441,,,29269.0,,29269.0
2015-08-13,51,741331.0,0,0,0.0,0.0,0.0,0.0,,,0.0,,0.0
2015-08-14,51,741331.0,0,0,0.0,0.0,0.0,0.0,,,0.0,,0.0
2015-08-17,51,741331.0,1,0,0.01961,0.08954,0.08658,0.08954,,,231911.0,,231911.0
2015-08-18,52,682709.0,0,0,0.0,0.00448,0.00448,0.00448,,,42294.0,,42294.0
2015-08-19,52,685348.0,1,1,0.03846,0.00342,0.00092,0.00342,,,186634.0,,186634.0
2015-08-20,52,685763.0,0,0,0.0,0.0,0.0,0.0,,,0.0,,0.0
2015-08-21,52,685763.0,0,1,0.01923,0.01499,0.01342,0.01499,,,317710.0,,317710.0
2015-08-24,51,683612.0,0,0,0.0,0.0,0.0,0.0,,,0.0,,0.0
2015-08-25,51,683612.0,0,0,0.0,0.01195,0.01195,0.01195,,,323456.0,,323456.0
2015-08-26,51,687528.0,0,0,0.0,0.0,0.0,0.0,,,0.0,,0.0
2015-08-27,51,687528.0,0,0,0.0,0.0,0.0,0.0,,,0.0,,0.0
2015-08-28,51,687528.0,0,0,0.0,0.00075,0.00075,0.00075,,,44570.0,,44570.0
2015-08-31,51,687415.0,0,0,0.0,0.0,0.0,0.0,,,0.0,,0.0
2015-09-01,51,687415.0,0,0,0.0,0.0,0.0,0.0,,,0.0,,0.0
2015-09-02,51,687415.0,0,0,0.0,0.0,0.0,0.0,,,0.0,,0.0
2015-09-03,51,687415.0,0,0,0.0,0.0,0.0,0.0,,,0.0,,0.0
2015-09-04,51,687415.0,0,0,0.0,0.00699,0.00699,0.00699,,,164383.0,,164383.0
2015-09-08,51,686105.0,0,0,0.0,0.00399,0.00399,0.00399,,,28138.0,,28138.0
2015-09-09,51,683765.0,0,0,0.0,0.00235,0.00235,0.00235,,,77986.0,,77986.0
2015-09-10,51,682952.0,0,0,0.0,0.0,0.0,0.0,,,0.0,,0.0
2015-09-11,51,682952.0,0,0,0.0,0.0,0.0,0.0,,,0.0,,0.0
2015-09-14,51,682952.0,0,1,0.01961,0.05493,0.05389,0.05493,,,336474.0,,336474.0
2015-09-15,50,656483.0,0,0,0.0,0.0,0.0,0.0,,,0.0,,0.0
2015-09-16,50,656483.0,0,0,0.0,0.0,0.0,0.0,,,0.0,,0.0
2015-09-17,50,656483.0,0,0,0.0,0.0,0.0,0.0,,,0.0,,0.0
2015-09-18,50,656483.0,0,0,0.0,0.00368,0.00368,0.00368,,,21961.0,,21961.0
2015-09-21,50,655038.0,0,0,0.0,0.0,0.0,0.0,,,0.0,,0.0
2015-09-22,50,655038.0,1,0,0.02,0.00285,0.00097,0.00285,,,69050.0,,69050.0
2015-09-23,51,655638.0,0,0,0.0,0.0,0.0,0.0,,,0.0,,0.0
2015-09-24,51,655638.0,0,0,0.0,0.00592,0.00592,0.00592,,,104128.0,,104128.0
2015-09-25,51,653521.0,0,0,0.0,0.11562,0.11562,0.11562,,,966602.0,,966602.0
2015-09-28,51,729079.0,0,0,0.0,0.0965,0.0965,0.0965,,,242071.0,,242071.0
2015-09-29,51,665871.0,0,0,0.0,0.0,0.0,0.0,,,0.0,,0.0
2015-09-30,51,665871.0,0,0,0.0,0.0,0.0,0.0,,,0.0,,0.0
2015-10-01,51,665871.0,0,2,0.03922,0.08999,0.08905,0.08999,,,203691.0,,203691.0
2015-10-02,49,609577.0,0,0,0.0,0.0,0.0,0.0,,,0.0,,0.0
2015-10-05,49,609577.0,0,0,0.0,0.00635,0.00635,0.00635,,,161866.0,,161866.0
2015-10-06,49,608934.0,0,0,0.0,0.04561,0.04561,0.04561,,,153923.0,,153923.0
2015-10-07,49,587088.0,0,0,0.0,0.02295,0.02295,0.02295,,,248612.0,,248612.0
2015-10-08,49,576120.0,0,0,0.0,0.0,0.0,0.0,,,0.0,,0.0
2015-10-09,49,576120.0,0,0,0.0,0.0,0.0,0.0,,,0.0,,0.0
2015-10-12,49,576120.0,0,0,0.0,0.0,0.0,0.0,,,0.0,,0.0
2015-10-13,49,576120.0,1,1,0.04082,0.13275,0.01444,0.13275,,,275890.0,,275890.0
2015-10-14,49,641714.0,0,0,0.0,0.01815,0.01815,0.01815,,,107905.0,,107905.0
2015-10-15,49,632860.0,0,0,0.0,0.00101,0.00101,0.00101,,,33769.0,,33769.0
2015-10-16,49,633100.0,0,0,0.0,0.14335,0.14335,0.14335,,,118316.0,,118316.0
2015-10-19,49,676108.0,0,0,0.0,0.0,0.0,0.0,,,0.0,,0.0
2015-10-20,49,676108.0,0,0,0.0,0.00251,0.00251,0.00251,,,101358.0,,101358.0
2015-10-21,49,676363.0,0,0,0.0,0.02206,0.02206,0.02206,,,84500.0,,84500.0
2015-10-22,49,667443.0,0,0,0.0,0.0,0.0,0.0,,,0.0,,0.0
2015-10-23,49,667443.0,0,0,0.0,0.0,0.0,0.0,,,0.0,,0.0
2015-10-26,49,667443.0,0,1,0.02041,0.01289,0.00955,0.01289,,,263552.0,,263552.0
2015-10-27,48,669023.0,0,0,0.0,0.12176,0.12176,0.12176,,,96548.0,,96548.0
2015-10-28,48,710994.0,0,0,0.0,0.0056,0.0056,0.0056,,,95542.0,,95542.0
2015-10-29,48,710730.0,0,0,0.0,0.0,0.0,0.0,,,0.0,,0.0
2015-10-30,48,710730.0,0,0,0.0,0.0,0.0,0.0,,,0.0,,0.0
2015-11-02,48,710730.0,0,1,0.02083,0.00605,0.0054,0.00605,,,201929.0,,201929.0
2015-11-03,47,711266.0,0,0,0.0,0.00106,0.00106,0.00106,,,16326.0,,16326.0
2015-11-04,47,711320.0,1,0,0.02128,0.00336,0.00275,0.00336,,,100447.0,,100447.0
2015-11-05,48,712510.0,0,0,0.0,0.00567,0.00567,0.00567,,,92993.0,,92993.0
2015-11-06,48,713241.0,0,0,0.0,0.0039,0.0039,0.0039,,,102120.0,,102120.0
2015-11-09,48,715626.0,0,0,0.0,0.00432,0.00432,0.00432,,,46209.0,,46209.0
2015-11-10,48,718318.0,0,0,0.0,0.0,0.0,0.0,,,0.0,,0.0
2015-11-11,48,718318.0,0,0,0.0,0.00283,0.00283,0.00283,,,27742.0,,27742.0
2015-11-12,48,719881.0,0,0,0.0,0.01004,0.01004,0.01004,,,144791.0,,144791.0
2015-11-13,48,724216.0,0,0,0.0,0.00056,0.00056,0.00056,,,30888.0,,30888.0
2015-11-16,48,724218.0,1,0,0.02083,0.0084,0.00516,0.0084,,,90614.0,,90614.0
2015-11-17,49,729762.0,0,0,0.0,0.00626,0.00626,0.00626,,,73969.0,,73969.0
2015-11-18,49,733897.0,0,0,0.0,0.00244,0.00244,0.00244,,,90464.0,,90464.0
2015-11-19,49,734889.0,0,0,0.0,0.0,0.0,0.0,,,0.0,,0.0
2015-11-20,49,734889.0,2,0,0.04082,0.02398,0.02112,0.02398,,,122754.0,,122754.0
2015-11-23,51,721477.0,0,0,0.0,0.0058,0.0058,0.0058,,,111060.0,,111060.0
2015-11-24,51,722343.0,0,0,0.0,0.0,0.0,0.0,,,0.0,,0.0
2015-11-25,51,722343.0,0,0,0.0,0.00209,0.00209,0.00209,,,87219.0,,87219.0
2015-11-27,51,723350.0,0,0,0.0,0.00671,0.00671,0.00671,,,81657.0,,81657.0
2015-11-30,51,727342.0,0,0,0.0,0.0,0.0,0.0,,,0.0,,0.0
2015-12-01,51,727342.0,0,0,0.0,0.0,0.0,0.0,,,0.0,,0.0
2015-12-02,51,727342.0,0,0,0.0,0.00222,0.00222,0.00222,,,16078.0,,16078.0
2015-12-03,51,726235.0,0,0,0.0,0.0,0.0,0.0,,,0.0,,0.0
2015-12-04,51,726235.0,0,0,0.0,0.0,0.0,0.0,,,0.0,,0.0
2015-12-07,51,726235.0,0,0,0.0,0.00099,0.00099,0.00099,,,21055.0,,21055.0
2015-12-08,51,725915.0,0,0,0.0,0.0,0.0,0.0,,,0.0,,0.0
2015-12-09,51,725915.0,0,1,0.01961,0.00505,0.00445,0.00505,,,101276.0,,101276.0
2015-12-10,50,727613.0,0,0,0.0,0.0,0.0,0.0,,,0.0,,0.0
2015-12-11,50,727613.0,0,0,0.0,0.0,0.0,0.0,,,0.0,,0.0
2015-12-14,50,727613.0,0,0,0.0,0.02169,0.02169,0.02169,,,78767.0,,78767.0
2015-12-15,50,719596.0,0,0,0.0,0.0,0.0,0.0,,,0.0,,0.0
2015-12-16,50,719596.0,0,0,0.0,0.0,0.0,0.0,,,0.0,,0.0
2015-12-17,50,719596.0,0,0,0.0,0.0,0.0,0.0,,,0.0,,0.0
2015-12-18,50,719596.0,0,0,0.0,0.0,0.0,0.0,,,0.0,,0.0
2015-12-21,50,719596.0,0,0,0.0,0.0,0.0,0.0,,,0.0,,0.0
2015-12-22,50,719596.0,0,0,0.0,0.0,0.0,0.0,,,0.0,,0.0
2015-12-23,50,719596.0,0,0,0.0,0.00169,0.00169,0.00169,,,72955.0,,72955.0
2015-12-24,50,720412.0,0,0,0.0,0.0,0.0,0.0,,,0.0,,0.0
2015-12-28,50,720412.0,0,0,0.0,0.0,0.0,0.0,,,0.0,,0.0
2015-12-29,50,720412.0,0,0,0.0,0.02533,0.02533,0.02533,,,200931.0,,200931.0
2015-12-30,50,702162.0,0,0,0.0,0.0,0.0,0.0,,,0.0,,0.0
2015-12-31,50,702162.0,0,0,0.0,0.0,0.0,0.0,,,0.0,,0.0
2016-01-04,50,702162.0,1,0,0.02,0.00157,0.00105,0.00157,,,39954.0,,39954.0
2016-01-05,51,701782.0,0,0,0.0,0.01575,0.01575,0.01575,,,245286.0,,245286.0
2016-01-06,51,702743.0,0,1,0.01961,0.00134,0.00071,0.00134,,,19003.0,,19003.0
2016-01-07,50,702803.0,0,0,0.0,0.00234,0.00234,0.00234,,,11606.0,,11606.0
2016-01-08,50,702548.0,0,2,0.04,0.01622,0.00816,0.01622,,,227403.0,,227403.0
2016-01-11,48,702528.0,0,0,0.0,0.0,0.0,0.0,,,0.0,,0.0
2016-01-12,48,702528.0,0,1,0.02083,0.04029,0.03672,0.04029,,,72342.0,,72342.0
2016-01-13,47,725623.0,0,0,0.0,0.00361,0.00361,0.00361,,,93891.0,,93891.0
2016-01-14,47,726100.0,0,1,0.02128,0.01623,0.0071,0.01623,,,261939.0,,261939.0
2016-01-15,46,724535.0,0,0,0.0,0.07264,0.07264,0.07264,,,86037.0,,86037.0
2016-01-19,46,771501.0,0,0,0.0,0.03047,0.03047,0.03047,,,58024.0,,58024.0
2016-01-20,46,791295.0,0,1,0.02174,0.0023,0.00136,0.0023,,,54284.0,,54284.0
2016-01-21,45,791623.0,0,1,0.02222,0.01446,0.00521,0.01446,,,212532.0,,212532.0
2016-01-22,44,788354.0,0,0,0.0,0.0,0.0,0.0,,,0.0,,0.0
2016-01-25,44,788354.0,0,0,0.0,0.00171,0.00171,0.00171,,,27365.0,,27365.0
2016-01-26,44,789259.0,0,0,0.0,0.0,0.0,0.0,,,0.0,,0.0
2016-01-27,44,789259.0,0,0,0.0,0.0,0.0,0.0,,,0.0,,0.0
2016-01-28,44,789259.0,0,1,0.02273,0.01669,0.01468,0.01669,,,153048.0,,153048.0
2016-01-29,43,799222.0,0,1,0.02326,0.01179,0.00558,0.01179,,,174146.0,,174146.0
2016-02-01,42,798149.0,0,0,0.0,0.0,0.0,0.0,,,0.0,,0.0
2016-02-02,42,798149.0,0,1,0.02381,0.00513,0.00436,0.00513,,,120778.0,,120778.0
2016-02-03,41,801005.0,0,0,0.0,0.01512,0.01512,0.01512,,,107728.0,,107728.0
2016-02-04,41,811549.0,0,1,0.02439,0.0024,0.00149,0.0024,,,143112.0,,143112.0
2016-02-05,40,811318.0,0,0,0.0,0.00718,0.00718,0.00718,,,156594.0,,156594.0
2016-02-08,40,813221.0,0,1,0.025,0.01356,0.00641,0.01356,,,340338.0,,340338.0
2016-02-09,39,806504.0,0,1,0.02564,0.0262,0.02417,0.0262,,,523670.0,,523670.0
2016-02-10,38,799152.0,0,0,0.0,0.00136,0.00136,0.00136,,,41280.0,,41280.0
2016-02-11,38,798464.0,0,0,0.0,0.00322,0.00322,0.00322,,,64136.0,,64136.0
2016-02-12,38,799016.0,0,0,0.0,0.00338,0.00338,0.00338,,,43186.0,,43186.0
2016-02-16,38,800876.0,0,0,0.0,0.0,0.0,0.0,,,0.0,,0.0
2016-02-17,38,800876.0,0,0,0.0,0.0,0.0,0.0,,,0.0,,0.0
2016-02-18,38,800876.0,0,0,0.0,0.00228,0.00228,0.00228,,,12348.0,,12348.0
2016-02-19,38,801470.0,0,0,0.0,0.0,0.0,0.0,,,0.0,,0.0
2016-02-22,38,801470.0,0,0,0.0,0.0,0.0,0.0,,,0.0,,0.0
2016-02-23,38,801470.0,0,0,0.0,0.0,0.0,0.0,,,0.0,,0.0
2016-02-24,38,801470.0,0,0,0.0,0.0,0.0,0.0,,,0.0,,0.0
2016-02-25,38,801470.0,0,0,0.0,0.0,0.0,0.0,,,0.0,,0.0
2016-02-26,38,801470.0,0,0,0.0,0.0,0.0,0.0,,,0.0,,0.0
2016-02-29,38,801470.0,0,0,0.0,0.01073,0.01073,0.01073,,,6742.0,,6742.0
2016-03-01,38,792870.0,0,0,0.0,0.0,0.0,0.0,,,0.0,,0.0
2016-03-02,38,792870.0,0,0,0.0,0.0,0.0,0.0,,,0.0,,0.0
2016-03-03,38,792870.0,0,0,0.0,0.0,0.0,0.0,,,0.0,,0.0
2016-03-04,38,792870.0,0,0,0.0,0.0,0.0,0.0,,,0.0,,0.0
2016-03-07,38,792870.0,0,0,0.0,0.00221,0.00221,0.00221,,,70560.0,,70560.0
2016-03-08,38,792940.0,2,0,0.05263,0.00697,0.00504,0.00697,,,222666.0,,222666.0
2016-03-09,40,790469.0,0,0,0.0,0.0,0.0,0.0,,,0.0,,0.0
2016-03-10,40,790469.0,1,0,0.025,0.00722,0.00553,0.00722,,,84634.0,,84634.0
2016-03-11,41,790113.0,0,0,0.0,0.00143,0.00143,0.00143,,,36049.0,,36049.0
2016-03-14,41,790311.0,0,0,0.0,0.00065,0.00065,0.00065,,,24645.0,,24645.0
2016-03-15,41,790196.0,0,0,0.0,0.0,0.0,0.0,,,0.0,,0.0
2016-03-16,41,790196.0,0,0,0.0,0.0,0.0,0.0,,,0.0,,0.0
2016-03-17,41,790196.0,0,0,0.0,0.00329,0.00329,0.00329,,,75946.0,,75946.0
2016-03-18,41,790950.0,0,0,0.0,0.00458,0.00458,0.00458,,,73792.0,,73792.0
2016-03-21,41,788576.0,0,0,0.0,0.0,0.0,0.0,,,0.0,,0.0
2016-03-22,41,788576.0,0,0,0.0,0.00104,0.00104,0.00104,,,18368.0,,18368.0
2016-03-23,41,789396.0,0,0,0.0,0.0,0.0,0.0,,,0.0,,0.0
2016-03-24,41,789396.0,0,0,0.0,0.0,0.0,0.0,,,0.0,,0.0
2016-03-28,41,789396.0,0,0,0.0,0.0,0.0,0.0,,,0.0,,0.0
2016-03-29,41,789396.0,1,1,0.04878,0.02336,0.01585,0.02336,,,296704.0,,296704.0
2016-03-30,41,778952.0,0,0,0.0,0.01699,0.01699,0.01699,,,22940.0,,22940.0
2016-03-31,41,766423.0,0,0,0.0,0.0,0.0,0.0,,,0.0,,0.0
2016-04-01,41,766423.0,0,0,0.0,0.0,0.0,0.0,,,0.0,,0.0
2016-04-04,41,766423.0,0,0,0.0,0.0,0.0,0.0,,,0.0,,0.0
2016-04-05,41,766423.0,0,0,0.0,0.0,0.0,0.0,,,0.0,,0.0
2016-04-06,41,766423.0,0,0,0.0,0.01175,0.01175,0.01175,,,45395.0,,45395.0
2016-04-07,41,759030.0,0,0,0.0,0.0,0.0,0.0,,,0.0,,0.0
2016-04-08,41,759030.0,0,0,0.0,0.0,0.0,0.0,,,0.0,,0.0
2016-04-11,41,759030.0,0,0,0.0,0.01479,0.01479,0.01479,,,39078.0,,39078.0
2016-04-12,41,750617.0,0,0,0.0,0.0,0.0,0.0,,,0.0,,0.0
2016-04-13,41,750617.0,0,0,0.0,0.0,0.0,0.0,,,0.0,,0.0
2016-04-14,41,750617.0,0,0,0.0,0.01545,0.01545,0.01545,,,110171.0,,110171.0
2016-04-15,41,741160.0,0,0,0.0,0.00201,0.00201,0.00201,,,37671.0,,37671.0
2016-04-18,41,741277.0,0,0,0.0,0.0,0.0,0.0,,,0.0,,0.0
2016-04-19,41,741277.0,0,0,0.0,0.001,0.001,0.001,,,63737.0,,63737.0
2016-04-20,41,741615.0,0,0,0.0,0.02901,0.02901,0.02901,,,357893.0,,357893.0
2016-04-21,41,722899.0,0,0,0.0,0.0012,0.0012,0.0012,,,48547.0,,48547.0
2016-04-22,41,722967.0,0,0,0.0,0.0,0.0,0.0,,,0.0,,0.0
2016-04-25,41,722967.0,0,0,0.0,0.0,0.0,0.0,,,0.0,,0.0
2016-04-26,41,722967.0,0,0,0.0,0.0,0.0,0.0,,,0.0,,0.0
2016-04-27,41,722967.0,0,0,0.0,0.0,0.0,0.0,,,0.0,,0.0
2016-04-28,41,722967.0,0,0,0.0,0.01289,0.01289,0.01289,,,276282.0,,276282.0
2016-04-29,41,721650.0,0,0,0.0,0.01234,0.01234,0.01234,,,200741.0,,200741.0
2016-05-02,41,718514.0,0,1,0.02439,0.00535,0.00392,0.00535,,,240495.0,,240495.0
2016-05-03,40,717533.0,0,0,0.0,0.01408,0.01408,0.01408,,,95574.0,,95574.0
2016-05-04,40,708538.0,0,0,0.0,0.00219,0.00219,0.00219,,,77472.0,,77472.0
2016-05-05,40,707811.0,0,0,0.0,0.00306,0.00306,0.00306,,,132498.0,,132498.0
2016-05-06,40,706937.0,0,1,0.025,0.0172,0.01632,0.0172,,,306969.0,,306969.0
2016-05-09,39,713178.0,0,0,0.0,0.00369,0.00369,0.00369,,,42632.0,,42632.0
2016-05-10,39,714252.0,0,0,0.0,0.00723,0.00723,0.00723,,,85656.0,,85656.0
2016-05-11,39,713502.0,0,0,0.0,0.0277,0.0277,0.0277,,,82468.0,,82468.0
2016-05-12,39,699738.0,0,1,0.02564,0.00289,0.00215,0.00289,,,50688.0,,50688.0
2016-05-13,38,699918.0,0,0,0.0,0.00172,0.00172,0.00172,,,43429.0,,43429.0
2016-05-16,38,699210.0,0,0,0.0,0.00694,0.00694,0.00694,,,51096.0,,51096.0
2016-05-17,38,702060.0,0,0,0.0,0.00294,0.00294,0.00294,,,29053.0,,29053.0
2016-05-18,38,702995.0,0,0,0.0,0.0322,0.0322,0.0322,,,119325.0,,119325.0
2016-05-19,38,686878.0,0,0,0.0,0.00738,0.00738,0.00738,,,57482.0,,57482.0
2016-05-20,38,687179.0,2,1,0.07895,0.00814,0.0,0.00814,,,143312.0,,143312.0
2016-05-23,39,687575.0,0,0,0.0,0.00475,0.00475,0.00475,,,48673.0,,48673.0
2016-05-24,39,684708.0,0,0,0.0,0.0,0.0,0.0,,,0.0,,0.0
2016-05-25,39,684708.0,0,0,0.0,0.00373,0.00373,0.00373,,,77912.0,,77912.0
2016-05-26,39,684598.0,0,0,0.0,0.0,0.0,0.0,,,0.0,,0.0
2016-05-27,39,684598.0,0,0,0.0,0.0,0.0,0.0,,,0.0,,0.0
2016-05-31,39,684598.0,3,1,0.10256,0.00902,0.00577,0.00902,,,259256.0,,259256.0
2016-06-01,41,682236.0,0,0,0.0,0.0,0.0,0.0,,,0.0,,0.0
2016-06-02,41,682236.0,0,0,0.0,0.0,0.0,0.0,,,0.0,,0.0
2016-06-03,41,682236.0,0,0,0.0,0.0,0.0,0.0,,,0.0,,0.0
2016-06-06,41,682236.0,0,0,0.0,0.00302,0.00302,0.00302,,,38838.0,,38838.0
2016-06-07,41,681523.0,0,0,0.0,0.00181,0.00181,0.00181,,,77269.0,,77269.0
2016-06-08,41,681652.0,0,0,0.0,0.00247,0.00247,0.00247,,,15903.0,,15903.0
2016-06-09,41,680670.0,0,0,0.0,0.02089,0.02089,0.02089,,,31986.0,,31986.0
2016-06-10,41,667210.0,1,0,0.02439,0.00666,0.00044,0.00666,,,76742.0,,76742.0
2016-06-13,42,671064.0,0,0,0.0,0.0,0.0,0.0,,,0.0,,0.0
2016-06-14,42,671064.0,2,0,0.04762,0.14514,0.14306,0.14514,,,1243595.0,,1243595.0
2016-06-15,44,756401.0,1,0,0.02273,0.01991,0.00861,0.01991,,,336298.0,,336298.0
2016-06-16,45,769681.0,0,1,0.02222,0.00902,0.00799,0.00902,,,146307.0,,146307.0
2016-06-17,44,774344.0,0,0,0.0,0.0,0.0,0.0,,,0.0,,0.0
2016-06-20,44,774344.0,0,0,0.0,0.0,0.0,0.0,,,0.0,,0.0
2016-06-21,44,774344.0,0,0,0.0,0.00646,0.00646,0.00646,,,179117.0,,179117.0
2016-06-22,44,778395.0,0,0,0.0,0.0,0.0,0.0,,,0.0,,0.0
2016-06-23,44,778395.0,0,0,0.0,0.0,0.0,0.0,,,0.0,,0.0
2016-06-24,44,778395.0,0,0,0.0,0.0,0.0,0.0,,,0.0,,0.0
2016-06-27,44,778395.0,0,1,0.02273,0.00145,0.00117,0.00145,,,79002.0,,79002.0
2016-06-28,43,779082.0,0,1,0.02326,0.00202,0.00171,0.00202,,,38099.0,,38099.0
2016-06-29,42,780163.0,0,0,0.0,0.0,0.0,0.0,,,0.0,,0.0
2016-06-30,42,780163.0,0,0,0.0,0.0,0.0,0.0,,,0.0,,0.0
2016-07-01,42,780163.0,0,0,0.0,0.0,0.0,0.0,,,0.0,,0.0
2016-07-05,42,780163.0,0,0,0.0,0.0,0.0,0.0,,,0.0,,0.0
2016-07-06,42,780163.0,0,0,0.0,0.00389,0.00389,0.00389,,,25961.0,,25961.0
2016-07-07,42,782382.0,1,0,0.02381,0.00236,0.00179,0.00236,,,115267.0,,115267.0
2016-07-08,43,782839.0,0,0,0.0,0.0,0.0,0.0,,,0.0,,0.0
2016-07-11,43,782839.0,1,0,0.02326,0.01471,0.01152,0.01471,,,192665.0,,192665.0
2016-07-12,44,779294.0,0,0,0.0,0.00124,0.00124,0.00124,,,28610.0,,28610.0
2016-07-13,44,779858.0,0,0,0.0,0.00445,0.00445,0.00445,,,92547.0,,92547.0
2016-07-14,44,780922.0,1,0,0.02273,0.03474,0.0306,0.03474,,,292275.0,,292275.0
2016-07-15,45,773780.0,0,0,0.0,0.00691,0.00691,0.00691,,,86302.0,,86302.0
2016-07-18,45,773127.0,0,0,0.0,0.00115,0.00115,0.00115,,,33069.0,,33069.0
2016-07-19,45,773485.0,0,0,0.0,0.00745,0.00745,0.00745,,,260278.0,,260278.0
2016-07-20,45,775288.0,0,0,0.0,0.00178,0.00178,0.00178,,,104261.0,,104261.0
2016-07-21,45,775111.0,0,0,0.0,0.0,0.0,0.0,,,0.0,,0.0
2016-07-22,45,775111.0,0,0,0.0,0.0,0.0,0.0,,,0.0,,0.0
2016-07-25,45,775111.0,1,1,0.04444,0.00521,0.00097,0.00521,,,257839.0,,257839.0
2016-07-26,45,775144.0,0,0,0.0,0.01641,0.01641,0.01641,,,72504.0,,72504.0
2016-07-27,45,765207.0,0,0,0.0,0.00142,0.00142,0.00142,,,37991.0,,37991.0
2016-07-28,45,764827.0,0,0,0.0,0.00567,0.00567,0.00567,,,129120.0,,129120.0
2016-07-29,45,767266.0,0,0,0.0,0.00796,0.00796,0.00796,,,247150.0,,247150.0
2016-08-01,45,767751.0,0,0,0.0,0.00567,0.00567,0.00567,,,54051.0,,54051.0
2016-08-02,45,769433.0,0,0,0.0,0.00628,0.00628,0.00628,,,105214.0,,105214.0
2016-08-03,45,773067.0,0,0,0.0,0.00363,0.00363,0.00363,,,51434.0,,51434.0
2016-08-04,45,774944.0,0,0,0.0,0.00145,0.00145,0.00145,,,14008.0,,14008.0
2016-08-05,45,774517.0,0,0,0.0,0.00343,0.00343,0.00343,,,59058.0,,59058.0
2016-08-08,45,774827.0,0,0,0.0,0.01184,0.01184,0.01184,,,105413.0,,105413.0
2016-08-09,45,777022.0,0,1,0.02222,0.01276,0.00651,0.01276,,,141160.0,,141160.0
2016-08-10,44,777165.0,0,0,0.0,0.01265,0.01265,0.01265,,,65948.0,,65948.0
2016-08-11,44,769792.0,1,1,0.04545,0.01381,0.00331,0.01381,,,179445.0,,179445.0
2016-08-12,44,777419.0,0,0,0.0,0.0099,0.0099,0.0099,,,98871.0,,98871.0
2016-08-15,44,782719.0,0,0,0.0,0.0,0.0,0.0,,,0.0,,0.0
2016-08-16,44,782719.0,0,0,0.0,0.00626,0.00626,0.00626,,,96641.0,,96641.0
2016-08-17,44,785828.0,1,0,0.02273,0.01673,0.01597,0.01673,,,165613.0,,165613.0
2016-08-18,45,779867.0,0,0,0.0,0.00555,0.00555,0.00555,,,60983.0,,60983.0
2016-08-19,45,782062.0,0,0,0.0,0.0,0.0,0.0,,,0.0,,0.0
2016-08-22,45,782062.0,0,0,0.0,0.0,0.0,0.0,,,0.0,,0.0
2016-08-23,45,782062.0,0,0,0.0,0.0,0.0,0.0,,,0.0,,0.0
2016-08-24,45,782062.0,0,0,0.0,0.0047,0.0047,0.0047,,,56173.0,,56173.0
2016-08-25,45,783804.0,0,0,0.0,0.01359,0.01359,0.01359,,,229710.0,,229710.0
2016-08-26,45,786156.0,0,0,0.0,0.0,0.0,0.0,,,0.0,,0.0
2016-08-29,45,786156.0,0,0,0.0,0.00889,0.00889,0.00889,,,113717.0,,113717.0
2016-08-30,45,785302.0,0,0,0.0,0.02741,0.02741,0.02741,,,179720.0,,179720.0
2016-08-31,45,771737.0,0,0,0.0,0.00527,0.00527,0.00527,,,110551.0,,110551.0
2016-09-01,45,771209.0,0,0,0.0,0.0,0.0,0.0,,,0.0,,0.0
2016-09-02,45,771209.0,1,0,0.02222,0.00903,0.00869,0.00903,,,285059.0,,285059.0
2016-09-06,46,772446.0,0,0,0.0,0.0,0.0,0.0,,,0.0,,0.0
2016-09-07,46,772446.0,0,1,0.02174,0.0083,0.00499,0.0083,,,272534.0,,272534.0
2016-09-08,45,773709.0,1,0,0.02222,0.00443,0.00362,0.00443,,,137539.0,,137539.0
2016-09-09,46,772845.0,0,0,0.0,0.00027,0.00027,0.00027,,,5647.0,,5647.0
2016-09-12,46,772636.0,0,0,0.0,0.0,0.0,0.0,,,0.0,,0.0
2016-09-13,46,772636.0,0,0,0.0,0.0,0.0,0.0,,,0.0,,0.0
2016-09-14,46,772636.0,0,0,0.0,0.0,0.0,0.0,,,0.0,,0.0
2016-09-15,46,772636.0,0,0,0.0,0.0,0.0,0.0,,,0.0,,0.0
2016-09-16,46,772636.0,0,0,0.0,0.0,0.0,0.0,,,0.0,,0.0
2016-09-19,46,772636.0,0,0,0.0,0.0,0.0,0.0,,,0.0,,0.0
2016-09-20,46,772636.0,0,1,0.02174,0.00853,0.00623,0.00853,,,122894.0,,122894.0
2016-09-21,45,774410.0,0,0,0.0,0.0,0.0,0.0,,,0.0,,0.0
2016-09-22,45,774410.0,0,0,0.0,0.0,0.0,0.0,,,0.0,,0.0
2016-09-23,45,774410.0,0,0,0.0,0.0,0.0,0.0,,,0.0,,0.0
2016-09-26,45,774410.0,0,0,0.0,0.0,0.0,0.0,,,0.0,,0.0
2016-09-27,45,774410.0,0,0,0.0,0.0,0.0,0.0,,,0.0,,0.0
2016-09-28,45,774410.0,0,0,0.0,0.0,0.0,0.0,,,0.0,,0.0
2016-09-29,45,774410.0,0,0,0.0,0.0,0.0,0.0,,,0.0,,0.0
2016-09-30,45,774410.0,1,0,0.02222,0.01802,0.01285,0.01802,,,175322.0,,175322.0
2016-10-03,46,774626.0,0,0,0.0,0.00742,0.00742,0.00742,,,59888.0,,59888.0
2016-10-04,46,772376.0,0,0,0.0,0.0,0.0,0.0,,,0.0,,0.0
2016-10-05,46,772376.0,0,0,0.0,0.0,0.0,0.0,,,0.0,,0.0
2016-10-06,46,772376.0,0,0,0.0,0.00337,0.00337,0.00337,,,101090.0,,101090.0
2016-10-07,46,771206.0,0,0,0.0,0.02425,0.02425,0.02425,,,148952.0,,148952.0
2016-10-10,46,757518.0,0,0,0.0,0.0022,0.0022,0.0022,,,39560.0,,39560.0
2016-10-11,46,756968.0,0,0,0.0,0.00536,0.00536,0.00536,,,114310.0,,114310.0
2016-10-12,46,760067.0,0,1,0.02174,0.01557,0.00152,0.01557,,,244135.0,,244135.0
2016-10-13,45,750023.0,0,0,0.0,0.00063,0.00063,0.00063,,,55440.0,,55440.0
2016-10-14,45,749948.0,0,0,0.0,0.01068,0.01068,0.01068,,,127394.0,,127394.0
2016-10-17,45,752546.0,0,0,0.0,0.00355,0.00355,0.00355,,,113570.0,,113570.0
2016-10-18,45,753113.0,0,0,0.0,0.0,0.0,0.0,,,0.0,,0.0
2016-10-19,45,753113.0,0,0,0.0,0.33294,0.33294,0.33294,,,3080675.0,,3080675.0
2016-10-20,45,1003851.0,0,0,0.0,0.00327,0.00327,0.00327,,,75098.0,,75098.0
2016-10-21,45,1006565.0,0,0,0.0,0.05867,0.05867,0.05867,,,234108.0,,234108.0
2016-10-24,45,1058516.0,1,1,0.04444,0.01277,0.00896,0.01277,,,525351.0,,525351.0
2016-10-25,45,1054206.0,0,0,0.0,0.0,0.0,0.0,,,0.0,,0.0
2016-10-26,45,1054206.0,0,0,0.0,0.0,0.0,0.0,,,0.0,,0.0
2016-10-27,45,1054206.0,0,0,0.0,0.0,0.0,0.0,,,0.0,,0.0
2016-10-28,45,1054206.0,0,0,0.0,0.00701,0.00701,0.00701,,,228280.0,,228280.0
2016-10-31,45,1058854.0,0,1,0.02222,0.03516,0.0315,0.03516,,,556389.0,,556389.0
2016-11-01,44,1031489.0,0,0,0.0,0.0,0.0,0.0,,,0.0,,0.0
2016-11-02,44,1031489.0,0,0,0.0,0.00495,0.00495,0.00495,,,116577.0,,116577.0
2016-11-03,44,1035655.0,0,0,0.0,0.01691,0.01691,0.01691,,,93781.0,,93781.0
2016-11-04,44,1024592.0,1,0,0.02273,0.06352,0.05961,0.06352,,,903684.0,,903684.0
2016-11-07,45,1053619.0,0,1,0.02222,0.09343,0.08997,0.09343,,,1041784.0,,1041784.0
2016-11-08,44,1003615.0,0,0,0.0,0.0,0.0,0.0,,,0.0,,0.0
2016-11-09,44,1003615.0,0,0,0.0,0.00203,0.00203,0.00203,,,45248.0,,45248.0
2016-11-10,44,1003374.0,0,0,0.0,0.0171,0.0171,0.0171,,,372432.0,,372432.0
2016-11-11,44,1012035.0,0,0,0.0,0.0,0.0,0.0,,,0.0,,0.0
2016-11-14,44,1012035.0,0,0,0.0,0.01087,0.01087,0.01087,,,53018.0,,53018.0
2016-11-15,44,1007035.0,0,0,0.0,0.0,0.0,0.0,,,0.0,,0.0
2016-11-16,44,1007035.0,0,0,0.0,0.01502,0.01502,0.01502,,,237521.0,,237521.0
2016-11-17,44,1005602.0,0,0,0.0,0.00675,0.00675,0.00675,,,48600.0,,48600.0
2016-11-18,44,1006011.0,0,0,0.0,0.0237,0.0237,0.0237,,,198116.0,,198116.0
2016-11-21,44,999251.0,0,0,0.0,0.0,0.0,0.0,,,0.0,,0.0
2016-11-22,44,999251.0,0,0,0.0,0.0,0.0,0.0,,,0.0,,0.0
2016-11-23,44,999251.0,0,0,0.0,0.01187,0.01187,0.01187,,,67008.0,,67008.0
2016-11-25,44,987786.0,1,0,0.02273,0.01764,0.01743,0.01764,,,255900.0,,255900.0
2016-11-28,45,976696.0,0,0,0.0,0.0,0.0,0.0,,,0.0,,0.0
2016-11-29,45,976696.0,0,0,0.0,0.012,0.012,0.012,,,49754.0,,49754.0
2016-11-30,45,967219.0,0,0,0.0,0.00028,0.00028,0.00028,,,46660.0,,46660.0
2016-12-01,45,967455.0,0,0,0.0,0.0,0.0,0.0,,,0.0,,0.0
2016-12-02,45,967455.0,0,0,0.0,0.00865,0.00865,0.00865,,,248950.0,,248950.0
2016-12-05,45,966921.0,0,0,0.0,0.0,0.0,0.0,,,0.0,,0.0
2016-12-06,45,966921.0,0,0,0.0,0.0,0.0,0.0,,,0.0,,0.0
2016-12-07,45,966921.0,0,0,0.0,0.0,0.0,0.0,,,0.0,,0.0
2016-12-08,45,966921.0,0,0,0.0,0.0138,0.0138,0.0138,,,225135.0,,225135.0
2016-12-09,45,954979.0,0,0,0.0,0.00091,0.00091,0.00091,,,36637.0,,36637.0
2016-12-12,45,954514.0,0,0,0.0,0.0,0.0,0.0,,,0.0,,0.0
2016-12-13,45,954514.0,0,0,0.0,0.00483,0.00483,0.00483,,,74635.0,,74635.0
2016-12-14,45,952968.0,0,0,0.0,0.0,0.0,0.0,,,0.0,,0.0
2016-12-15,45,952968.0,0,0,0.0,0.0,0.0,0.0,,,0.0,,0.0
2016-12-16,45,952968.0,0,0,0.0,0.0,0.0,0.0,,,0.0,,0.0
2016-12-19,45,952968.0,0,0,0.0,0.0,0.0,0.0,,,0.0,,0.0
2016-12-20,45,952968.0,0,0,0.0,0.0,0.0,0.0,,,0.0,,0.0
2016-12-21,45,952968.0,0,0,0.0,0.00272,0.00272,0.00272,,,24129.0,,24129.0
2016-12-22,45,955539.0,0,0,0.0,0.0,0.0,0.0,,,0.0,,0.0
2016-12-23,45,955539.0,0,0,0.0,0.03534,0.03534,0.03534,,,429530.0,,429530.0
2016-12-27,45,934004.0,0,0,0.0,0.0,0.0,0.0,,,0.0,,0.0
2016-12-28,45,934004.0,0,0,0.0,0.00763,0.00763,0.00763,,,86447.0,,86447.0
2016-12-29,45,935127.0,0,0,0.0,0.00157,0.00157,0.00157,,,48561.0,,48561.0
2016-12-30,45,936197.0,0,1,0.02222,0.00429,0.00407,0.00429,,,119217.0,,119217.0
2017-01-03,44,939795.0,0,0,0.0,0.0,0.0,0.0,,,0.0,,0.0
2017-01-04,44,939795.0,0,0,0.0,0.01901,0.01901,0.01901,,,97721.0,,97721.0
2017-01-05,44,952096.0,0,0,0.0,0.0,0.0,0.0,,,0.0,,0.0
2017-01-06,44,952096.0,0,0,0.0,0.0,0.0,0.0,,,0.0,,0.0
2017-01-09,44,952096.0,0,0,0.0,0.0,0.0,0.0,,,0.0,,0.0
2017-01-10,44,952096.0,0,0,0.0,0.00992,0.00992,0.00992,,,391644.0,,391644.0
2017-01-11,44,951053.0,0,0,0.0,0.11536,0.11536,0.11536,,,2114279.0,,2114279.0
2017-01-12,44,1060767.0,0,0,0.0,0.04547,0.04547,0.04547,,,57240.0,,57240.0
2017-01-13,44,1108997.0,0,0,0.0,0.00215,0.00215,0.00215,,,78377.0,,78377.0
2017-01-17,44,1110779.0,0,0,0.0,0.0,0.0,0.0,,,0.0,,0.0
2017-01-18,44,1110779.0,0,0,0.0,0.01146,0.01146,0.01146,,,292790.0,,292790.0
2017-01-19,44,1121355.0,0,0,0.0,0.0,0.0,0.0,,,0.0,,0.0
2017-01-20,44,1121355.0,0,0,0.0,0.00039,0.00039,0.00039,,,110334.0,,110334.0
2017-01-23,44,1120996.0,0,0,0.0,0.0,0.0,0.0,,,0.0,,0.0
2017-01-24,44,1120996.0,0,0,0.0,0.00365,0.00365,0.00365,,,46853.0,,46853.0
2017-01-25,44,1119681.0,0,0,0.0,0.0,0.0,0.0,,,0.0,,0.0
2017-01-26,44,1119681.0,1,0,0.02273,0.01073,0.00827,0.01073,,,304815.0,,304815.0
2017-01-27,45,1113183.0,0,0,0.0,0.0042,0.0042,0.0042,,,153665.0,,153665.0
2017-01-30,45,1111364.0,0,0,0.0,0.0,0.0,0.0,,,0.0,,0.0
2017-01-31,45,1111364.0,1,0,0.02222,0.02787,0.02552,0.02787,,,445997.0,,445997.0
2017-02-01,46,1089085.0,0,0,0.0,0.0,0.0,0.0,,,0.0,,0.0
2017-02-02,46,1089085.0,0,0,0.0,0.0,0.0,0.0,,,0.0,,0.0
2017-02-03,46,1089085.0,0,0,0.0,0.00233,0.00233,0.00233,,,48766.0,,48766.0
2017-02-06,46,1091590.0,0,0,0.0,0.00476,0.00476,0.00476,,,288325.0,,288325.0
2017-02-07,46,1088960.0,0,0,0.0,0.00494,0.00494,0.00494,,,198223.0,,198223.0
2017-02-08,46,1085410.0,0,1,0.02174,0.00173,0.0,0.00173,,,120715.0,,120715.0
2017-02-09,45,1083537.0,0,0,0.0,0.00521,0.00521,0.00521,,,133774.0,,133774.0
2017-02-10,45,1080987.0,0,0,0.0,0.01438,0.01438,0.01438,,,155205.0,,155205.0
2017-02-13,45,1074904.0,0,0,0.0,0.0099,0.0099,0.0099,,,213448.0,,213448.0
2017-02-14,45,1075132.0,0,0,0.0,0.00172,0.00172,0.00172,,,29899.0,,29899.0
2017-02-15,45,1073813.0,0,0,0.0,0.0,0.0,0.0,,,0.0,,0.0
2017-02-16,45,1073813.0,0,0,0.0,0.0012,0.0012,0.0012,,,31098.0,,31098.0
2017-02-17,45,1073587.0,1,0,0.02222,0.02394,0.02332,0.02394,,,323756.0,,323756.0
2017-02-21,46,1054009.0,0,0,0.0,0.0,0.0,0.0,,,0.0,,0.0
2017-02-22,46,1054009.0,0,0,0.0,0.0,0.0,0.0,,,0.0,,0.0
2017-02-23,46,1054009.0,0,0,0.0,0.0,0.0,0.0,,,0.0,,0.0
2017-02-24,46,1054009.0,1,0,0.02174,0.00835,0.00733,0.00835,,,193944.0,,193944.0
2017-02-27,47,1053841.0,0,0,0.0,0.00681,0.00681,0.00681,,,209183.0,,209183.0
2017-02-28,47,1054409.0,0,1,0.02128,0.01831,0.01136,0.01831,,,368935.0,,368935.0
2017-03-01,46,1053119.0,0,0,0.0,0.0,0.0,0.0,,,0.0,,0.0
2017-03-02,46,1053119.0,0,0,0.0,0.0,0.0,0.0,,,0.0,,0.0
2017-03-03,46,1053119.0,0,0,0.0,0.06983,0.06983,0.06983,,,1158517.0,,1158517.0
2017-03-06,46,1126663.0,0,0,0.0,0.00353,0.00353,0.00353,,,112926.0,,112926.0
2017-03-07,46,1129033.0,0,0,0.0,0.0,0.0,0.0,,,0.0,,0.0
2017-03-08,46,1129033.0,0,0,0.0,0.0081,0.0081,0.0081,,,142369.0,,142369.0
2017-03-09,46,1134126.0,0,0,0.0,0.0,0.0,0.0,,,0.0,,0.0
2017-03-10,46,1134126.0,0,0,0.0,0.02185,0.02185,0.02185,,,338592.0,,338592.0
2017-03-13,46,1150867.0,1,0,0.02174,0.00665,0.00297,0.00665,,,349108.0,,349108.0
2017-03-14,47,1151688.0,0,0,0.0,0.0,0.0,0.0,,,0.0,,0.0
2017-03-15,47,1151688.0,0,0,0.0,0.00089,0.00089,0.00089,,,174784.0,,174784.0
2017-03-16,47,1151648.0,1,0,0.02128,0.00813,0.00499,0.00813,,,299779.0,,299779.0
2017-03-17,48,1158088.0,0,0,0.0,0.00481,0.00481,0.00481,,,142992.0,,142992.0
2017-03-20,48,1162425.0,0,0,0.0,0.00603,0.00603,0.00603,,,120543.0,,120543.0
2017-03-21,48,1163003.0,0,0,0.0,0.0,0.0,0.0,,,0.0,,0.0
2017-03-22,48,1163003.0,0,0,0.0,0.00276,0.00276,0.00276,,,120093.0,,120093.0
2017-03-23,48,1165494.0,0,0,0.0,0.0,0.0,0.0,,,0.0,,0.0
2017-03-24,48,1165494.0,0,0,0.0,0.0,0.0,0.0,,,0.0,,0.0
2017-03-27,48,1165494.0,0,0,0.0,0.00369,0.00369,0.00369,,,78636.0,,78636.0
2017-03-28,48,1165155.0,0,0,0.0,0.0,0.0,0.0,,,0.0,,0.0
2017-03-29,48,1165155.0,0,0,0.0,0.0,0.0,0.0,,,0.0,,0.0
2017-03-30,48,1165155.0,0,0,0.0,0.00405,0.00405,0.00405,,,178265.0,,178265.0
2017-03-31,48,1163479.0,0,0,0.0,0.00566,0.00566,0.00566,,,144743.0,,144743.0
2017-04-03,48,1167278.0,0,1,0.02083,0.00592,0.00412,0.00592,,,214946.0,,214946.0
2017-04-04,47,1169975.0,0,1,0.02128,0.00683,0.00585,0.00683,,,261762.0,,261762.0
2017-04-05,46,1166535.0,0,0,0.0,0.03518,0.03518,0.03518,,,176306.0,,176306.0
2017-04-06,46,1196211.0,0,0,0.0,0.0,0.0,0.0,,,0.0,,0.0
2017-04-07,46,1196211.0,0,0,0.0,0.0,0.0,0.0,,,0.0,,0.0
2017-04-10,46,1196211.0,0,0,0.0,0.06593,0.06593,0.06593,,,1191743.0,,1191743.0
2017-04-11,46,1275076.0,2,0,0.04348,0.01746,0.01356,0.01746,,,453301.0,,453301.0
2017-04-12,48,1263903.0,0,0,0.0,0.0,0.0,0.0,,,0.0,,0.0
2017-04-13,48,1263903.0,0,0,0.0,0.0,0.0,0.0,,,0.0,,0.0
2017-04-17,48,1263903.0,0,0,0.0,0.0,0.0,0.0,,,0.0,,0.0
2017-04-18,48,1263903.0,0,0,0.0,0.0,0.0,0.0,,,0.0,,0.0
2017-04-19,48,1263903.0,0,0,0.0,0.0,0.0,0.0,,,0.0,,0.0
2017-04-20,48,1263903.0,0,0,0.0,0.00032,0.00032,0.00032,,,67892.0,,67892.0
2017-04-21,48,1263903.0,0,0,0.0,0.0,0.0,0.0,,,0.0,,0.0
2017-04-24,48,1263903.0,0,0,0.0,0.0,0.0,0.0,,,0.0,,0.0
2017-04-25,48,1263903.0,0,0,0.0,0.0,0.0,0.0,,,0.0,,0.0
2017-04-26,48,1263903.0,0,0,0.0,0.00097,0.00097,0.00097,,,202768.0,,202768.0
2017-04-27,48,1264025.0,0,0,0.0,0.0,0.0,0.0,,,0.0,,0.0
2017-04-28,48,1264025.0,0,0,0.0,0.00214,0.00214,0.00214,,,78172.0,,78172.0
2017-05-01,48,1266325.0,0,0,0.0,0.00844,0.00844,0.00844,,,514006.0,,514006.0
2017-05-02,48,1260789.0,0,0,0.0,0.08577,0.08577,0.08577,,,1722444.0,,1722444.0
2017-05-03,48,1366140.0,0,0,0.0,0.0,0.0,0.0,,,0.0,,0.0
2017-05-04,48,1366140.0,0,0,0.0,0.11806,0.11806,0.11806,,,2572102.0,,2572102.0
2017-05-05,48,1527268.0,1,0,0.02083,0.01646,0.01513,0.01646,,,503323.0,,503323.0
2017-05-08,49,1542165.0,0,1,0.02041,0.00545,0.00544,0.00545,,,192447.0,,192447.0
2017-05-09,48,1540993.0,0,0,0.0,0.014,0.014,0.014,,,504693.0,,504693.0
2017-05-10,48,1539157.0,0,0,0.0,0.00606,0.00606,0.00606,,,208918.0,,208918.0
2017-05-11,48,1541174.0,0,0,0.0,0.00211,0.00211,0.00211,,,101594.0,,101594.0
2017-05-12,48,1540951.0,0,0,0.0,0.00176,0.00176,0.00176,,,85480.0,,85480.0
2017-05-15,48,1540752.0,0,0,0.0,0.0,0.0,0.0,,,0.0,,0.0
2017-05-16,48,1540752.0,0,0,0.0,0.01361,0.01361,0.01361,,,313041.0,,313041.0
2017-05-17,48,1555246.0,0,0,0.0,0.10516,0.10516,0.10516,,,2602617.0,,2602617.0
2017-05-18,48,1718802.0,0,0,0.0,0.0,0.0,0.0,,,0.0,,0.0
2017-05-19,48,1718802.0,0,0,0.0,0.00187,0.00187,0.00187,,,296594.0,,296594.0
2017-05-22,48,1719698.0,0,0,0.0,0.00548,0.00548,0.00548,,,712220.0,,712220.0
2017-05-23,48,1722230.0,0,0,0.0,0.09722,0.09722,0.09722,,,2742568.0,,2742568.0
2017-05-24,48,1889672.0,0,0,0.0,0.09399,0.09399,0.09399,,,2778648.0,,2778648.0
2017-05-25,48,2067274.0,0,0,0.0,0.0,0.0,0.0,,,0.0,,0.0
2017-05-26,48,2067274.0,0,0,0.0,0.01147,0.01147,0.01147,,,182476.0,,182476.0
2017-05-30,48,2054589.0,0,0,0.0,0.19967,0.19967,0.19967,,,6998358.0,,6998358.0
2017-05-31,48,2464824.0,0,0,0.0,0.00784,0.00784,0.00784,,,376934.0,,376934.0
2017-06-01,48,2475783.0,0,0,0.0,0.01643,0.01643,0.01643,,,228752.0,,228752.0
2017-06-02,48,2435106.0,1,0,0.02083,0.02057,0.01399,0.02057,,,561939.0,,561939.0
2017-06-05,49,2424955.0,0,0,0.0,0.03329,0.03329,0.03329,,,1453505.0,,1453505.0
2017-06-06,49,2505690.0,0,0,0.0,0.00979,0.00979,0.00979,,,234207.0,,234207.0
2017-06-07,49,2490721.0,0,0,0.0,0.0,0.0,0.0,,,0.0,,0.0
2017-06-08,49,2490721.0,0,0,0.0,0.09666,0.09666,0.09666,,,4441855.0,,4441855.0
2017-06-09,49,2731472.0,0,0,0.0,0.0,0.0,0.0,,,0.0,,0.0
2017-06-12,49,2731472.0,0,0,0.0,0.00259,0.00259,0.00259,,,211635.0,,211635.0
2017-06-13,49,2734179.0,0,0,0.0,0.03672,0.03672,0.03672,,,2121391.0,,2121391.0
2017-06-14,49,2755879.0,0,0,0.0,0.0,0.0,0.0,,,0.0,,0.0
2017-06-15,49,2755879.0,0,0,0.0,0.02938,0.02938,0.02938,,,1415106.0,,1415106.0
2017-06-16,49,2836845.0,0,0,0.0,0.0,0.0,0.0,,,0.0,,0.0
2017-06-19,49,2836845.0,0,0,0.0,0.00445,0.00445,0.00445,,,499993.0,,499993.0
2017-06-20,49,2834227.0,0,0,0.0,0.0,0.0,0.0,,,0.0,,0.0
2017-06-21,49,2834227.0,0,0,0.0,0.06582,0.06582,0.06582,,,3035027.0,,3035027.0
2017-06-22,49,3019525.0,0,0,0.0,0.0,0.0,0.0,,,0.0,,0.0
2017-06-23,49,3019525.0,0,0,0.0,0.054,0.054,0.054,,,3015992.0,,3015992.0
2017-06-26,49,3182591.0,0,0,0.0,0.0006,0.0006,0.0006,,,362553.0,,362553.0
2017-06-27,49,3180853.0,0,0,0.0,0.07684,0.07684,0.07684,,,4364314.0,,4364314.0
2017-06-28,49,3425271.0,0,0,0.0,0.02379,0.02379,0.02379,,,1482964.0,,1482964.0
2017-06-29,49,3506743.0,1,1,0.04082,0.01503,0.01184,0.01503,,,995855.0,,995855.0
2017-06-30,49,3541532.0,0,0,0.0,0.0,0.0,0.0,,,0.0,,0.0
2017-07-03,49,3541532.0,0,0,0.0,0.0,0.0,0.0,,,0.0,,0.0
2017-07-05,49,3541532.0,0,0,0.0,0.0,0.0,0.0,,,0.0,,0.0
2017-07-06,49,3541532.0,1,0,0.02041,0.01154,0.00912,0.01154,,,845810.0,,845810.0
2017-07-07,50,3572260.0,0,0,0.0,0.00961,0.00961,0.00961,,,983447.0,,983447.0
2017-07-10,50,3584524.0,0,0,0.0,0.04645,0.04645,0.04645,,,2843515.0,,2843515.0
2017-07-11,50,3751016.0,0,0,0.0,0.00577,0.00577,0.00577,,,271770.0,,271770.0
2017-07-12,50,3764670.0,0,0,0.0,0.00718,0.00718,0.00718,,,118773.0,,118773.0
2017-07-13,50,3791697.0,0,0,0.0,0.0,0.0,0.0,,,0.0,,0.0
2017-07-14,50,3791697.0,0,0,0.0,0.04438,0.04438,0.04438,,,2917251.0,,2917251.0
2017-07-17,50,3959978.0,0,0,0.0,0.00198,0.00198,0.00198,,,337894.0,,337894.0
2017-07-18,50,3964508.0,0,0,0.0,0.00935,0.00935,0.00935,,,289804.0,,289804.0
2017-07-19,50,3998057.0,0,0,0.0,0.02358,0.02358,0.02358,,,1688179.0,,1688179.0
2017-07-20,50,4091193.0,0,0,0.0,0.0208,0.0208,0.0208,,,1479128.0,,1479128.0
2017-07-21,50,4176291.0,0,0,0.0,0.06351,0.06351,0.06351,,,4590046.0,,4590046.0
2017-07-24,50,4432197.0,0,0,0.0,0.0,0.0,0.0,,,0.0,,0.0
2017-07-25,50,4432197.0,0,0,0.0,0.0,0.0,0.0,,,0.0,,0.0
2017-07-26,50,4432197.0,0,0,0.0,0.05761,0.05761,0.05761,,,4521592.0,,4521592.0
2017-07-27,50,4687527.0,0,0,0.0,0.0162,0.0162,0.0162,,,527221.0,,527221.0
2017-07-28,50,4680959.0,0,1,0.02,0.03352,0.0329,0.03352,,,2088303.0,,2088303.0
2017-07-31,49,4776363.0,0,0,0.0,0.06327,0.06327,0.06327,,,4502111.0,,4502111.0
2017-08-01,49,5072566.0,1,0,0.02041,0.01221,0.00819,0.01221,,,1685154.0,,1685154.0
2017-08-02,50,5079338.0,0,0,0.0,0.00835,0.00835,0.00835,,,690332.0,,690332.0
2017-08-03,50,5113858.0,0,0,0.0,0.00874,0.00874,0.00874,,,560138.0,,560138.0
2017-08-04,50,5148839.0,0,0,0.0,0.00338,0.00338,0.00338,,,794296.0,,794296.0
2017-08-07,50,5152742.0,0,0,0.0,0.0,0.0,0.0,,,0.0,,0.0
2017-08-08,50,5152742.0,0,0,0.0,0.00226,0.00226,0.00226,,,182193.0,,182193.0
2017-08-09,50,5159499.0,0,0,0.0,0.05364,0.05364,0.05364,,,4691241.0,,4691241.0
2017-08-10,50,5433200.0,0,0,0.0,0.00637,0.00637,0.00637,,,926809.0,,926809.0
2017-08-11,50,5447745.0,0,0,0.0,0.00918,0.00918,0.00918,,,712665.0,,712665.0
2017-08-14,50,5444792.0,0,0,0.0,0.03453,0.03453,0.03453,,,1063926.0,,1063926.0
2017-08-15,50,5493959.0,0,0,0.0,0.06876,0.06876,0.06876,,,4725305.0,,4725305.0
2017-08-16,50,5224348.0,0,0,0.0,0.05001,0.05001,0.05001,,,4715744.0,,4715744.0
2017-08-17,50,5485620.0,0,0,0.0,0.0,0.0,0.0,,,0.0,,0.0
2017-08-18,50,5485620.0,1,0,0.02,0.00833,0.00748,0.00833,,,549209.0,,549209.0
2017-08-21,51,5462675.0,0,0,0.0,0.0,0.0,0.0,,,0.0,,0.0
2017-08-22,51,5462675.0,0,0,0.0,0.00369,0.00369,0.00369,,,491979.0,,491979.0
2017-08-23,51,5473661.0,0,0,0.0,0.00414,0.00414,0.00414,,,973663.0,,973663.0
2017-08-24,51,5488039.0,0,0,0.0,0.00324,0.00324,0.00324,,,492081.0,,492081.0
2017-08-25,51,5475472.0,0,0,0.0,0.04753,0.04753,0.04753,,,4723064.0,,4723064.0
2017-08-28,51,5735716.0,0,0,0.0,0.0,0.0,0.0,,,0.0,,0.0
2017-08-29,51,5735716.0,0,0,0.0,0.01512,0.01512,0.01512,,,1631777.0,,1631777.0
2017-08-30,51,5822462.0,0,0,0.0,0.00477,0.00477,0.00477,,,282735.0,,282735.0
2017-08-31,51,5794707.0,0,0,0.0,0.05205,0.05205,0.05205,,,6315332.0,,6315332.0
2017-09-01,51,6043701.0,0,0,0.0,0.02113,0.02113,0.02113,,,1994808.0,,1994808.0
2017-09-05,51,5985428.0,0,0,0.0,0.04632,0.04632,0.04632,,,6086488.0,,6086488.0
2017-09-06,51,6262685.0,0,0,0.0,0.02468,0.02468,0.02468,,,3672563.0,,3672563.0
2017-09-07,51,6402400.0,0,0,0.0,0.00099,0.00099,0.00099,,,342045.0,,342045.0
2017-09-08,51,6408733.0,0,0,0.0,0.0013,0.0013,0.0013,,,1265477.0,,1265477.0
2017-09-11,51,6409960.0,0,0,0.0,0.0,0.0,0.0,,,0.0,,0.0
2017-09-12,51,6409960.0,0,0,0.0,0.03918,0.03918,0.03918,,,6003248.0,,6003248.0
2017-09-13,51,6653879.0,0,0,0.0,0.0,0.0,0.0,,,0.0,,0.0
2017-09-14,51,6653879.0,0,0,0.0,0.04308,0.04308,0.04308,,,6334681.0,,6334681.0
2017-09-15,51,6940503.0,0,0,0.0,0.0,0.0,0.0,,,0.0,,0.0
2017-09-18,51,6940503.0,0,0,0.0,0.0,0.0,0.0,,,0.0,,0.0
2017-09-19,51,6940503.0,0,1,0.01961,2e-05,0.0,2e-05,,,27506.0,,27506.0
2017-09-20,50,6940349.0,0,0,0.0,0.0654,0.0654,0.0654,,,10039635.0,,10039635.0
2017-09-21,50,7394230.0,0,0,0.0,0.01025,0.01025,0.01025,,,1788567.0,,1788567.0
2017-09-22,50,7470030.0,0,0,0.0,0.0,0.0,0.0,,,0.0,,0.0
2017-09-25,50,7470030.0,0,0,0.0,0.01927,0.01927,0.01927,,,3121412.0,,3121412.0
2017-09-26,50,7613970.0,1,0,0.02,0.01101,0.00842,0.01101,,,2465250.0,,2465250.0
2017-09-27,51,7682363.0,0,0,0.0,0.0,0.0,0.0,,,0.0,,0.0
2017-09-28,51,7682363.0,0,0,0.0,0.0068,0.0068,0.0068,,,1158577.0,,1158577.0
2017-09-29,51,7711052.0,1,0,0.01961,0.02883,0.01928,0.02883,,,4148703.0,,4148703.0
2017-10-02,52,7918348.0,0,0,0.0,0.02097,0.02097,0.02097,,,2611718.0,,2611718.0
2017-10-03,52,8016642.0,1,0,0.01923,0.01623,0.01369,0.01623,,,3522100.0,,3522100.0
2017-10-04,53,8025530.0,0,0,0.0,0.00923,0.00923,0.00923,,,1639552.0,,1639552.0
2017-10-05,53,8099610.0,0,0,0.0,0.04961,0.04961,0.04961,,,8965802.0,,8965802.0
2017-10-06,53,8487426.0,0,0,0.0,0.0,0.0,0.0,,,0.0,,0.0
2017-10-09,53,8487426.0,0,0,0.0,0.00967,0.00967,0.00967,,,2430245.0,,2430245.0
2017-10-10,53,8519263.0,0,0,0.0,0.0,0.0,0.0,,,0.0,,0.0
2017-10-11,53,8519263.0,0,0,0.0,0.0,0.0,0.0,,,0.0,,0.0
2017-10-12,53,8519263.0,0,0,0.0,0.02625,0.02625,0.02625,,,4952613.0,,4952613.0
2017-10-13,53,8742880.0,0,0,0.0,0.03704,0.03704,0.03704,,,6155725.0,,6155725.0
2017-10-16,53,8932433.0,0,0,0.0,0.01223,0.01223,0.01223,,,3228862.0,,3228862.0
2017-10-17,53,8977862.0,0,0,0.0,0.00067,0.00067,0.00067,,,165140.0,,165140.0
2017-10-18,53,8983866.0,0,0,0.0,0.01632,0.01632,0.01632,,,3005521.0,,3005521.0
2017-10-19,53,9101180.0,0,0,0.0,0.01431,0.01431,0.01431,,,2716383.0,,2716383.0
2017-10-20,53,9059793.0,0,0,0.0,0.01841,0.01841,0.01841,,,3774820.0,,3774820.0
2017-10-23,53,9217767.0,0,0,0.0,0.0,0.0,0.0,,,0.0,,0.0
2017-10-24,53,9217767.0,0,0,0.0,0.00509,0.00509,0.00509,,,837911.0,,837911.0
2017-10-25,53,9261190.0,2,0,0.03774,0.0258,0.02161,0.0258,,,8929254.0,,8929254.0
2017-10-26,55,9304060.0,0,1,0.01818,0.01036,0.01036,0.01036,,,1846381.0,,1846381.0
2017-10-27,54,9399138.0,0,0,0.0,0.00351,0.00351,0.00351,,,1136090.0,,1136090.0
2017-10-30,54,9381538.0,0,2,0.03704,0.01591,0.01085,0.01591,,,6175096.0,,6175096.0
2017-10-31,52,9392872.0,0,0,0.0,0.02749,0.02749,0.02749,,,6406480.0,,6406480.0
2017-11-01,52,9546925.0,0,1,0.01923,0.02358,0.02358,0.02358,,,4944885.0,,4944885.0
2017-11-02,51,9772061.0,0,0,0.0,0.01238,0.01238,0.01238,,,2248153.0,,2248153.0
2017-11-03,51,9829427.0,0,0,0.0,0.03138,0.03138,0.03138,,,7988915.0,,7988915.0
2017-11-06,51,10067146.0,0,0,0.0,0.00908,0.00908,0.00908,,,1331688.0,,1331688.0
2017-11-07,51,10139499.0,0,0,0.0,0.0,0.0,0.0,,,0.0,,0.0
2017-11-08,51,10139499.0,0,0,0.0,0.03131,0.03131,0.03131,,,5553293.0,,5553293.0
2017-11-09,51,10393593.0,0,0,0.0,0.0373,0.0373,0.0373,,,6379936.0,,6379936.0
2017-11-10,51,10381444.0,0,0,0.0,0.0052,0.0052,0.0052,,,1553426.0,,1553426.0
2017-11-13,51,10424950.0,0,0,0.0,0.01862,0.01862,0.01862,,,1927645.0,,1927645.0
2017-11-14,51,10324497.0,0,0,0.0,0.0,0.0,0.0,,,0.0,,0.0
2017-11-15,51,10324497.0,0,0,0.0,0.02515,0.02515,0.02515,,,2490312.0,,2490312.0
2017-11-16,51,10402587.0,0,0,0.0,0.00173,0.00173,0.00173,,,217471.0,,217471.0
2017-11-17,51,10420545.0,0,0,0.0,0.0,0.0,0.0,,,0.0,,0.0
2017-11-20,51,10420545.0,0,0,0.0,0.03709,0.03709,0.03709,,,8380531.0,,8380531.0
2017-11-21,51,10807063.0,0,0,0.0,0.00449,0.00449,0.00449,,,1912823.0,,1912823.0
2017-11-22,51,10834982.0,0,0,0.0,0.01431,0.01431,0.01431,,,3439744.0,,3439744.0
2017-11-27,51,10990012.0,0,0,0.0,0.0917,0.0917,0.0917,,,22287902.0,,22287902.0
2017-11-28,51,11997831.0,0,0,0.0,0.0,0.0,0.0,,,0.0,,0.0
2017-11-29,51,11997831.0,0,0,0.0,0.03877,0.03877,0.03877,,,10104873.0,,10104873.0
2017-11-30,51,12462947.0,1,0,0.01961,0.01584,0.01485,0.01584,,,6232800.0,,6232800.0
2017-12-01,52,12660304.0,0,0,0.0,0.0,0.0,0.0,,,0.0,,0.0
2017-12-04,52,12660304.0,0,0,0.0,0.02899,0.02899,0.02899,,,8969790.0,,8969790.0
2017-12-05,52,12925020.0,1,0,0.01923,0.034,0.03316,0.034,,,11462193.0,,11462193.0
2017-12-06,53,13332047.0,0,1,0.01887,0.00132,0.0005,0.00132,,,1183320.0,,1183320.0
2017-12-07,52,13327780.0,0,0,0.0,0.01367,0.01367,0.01367,,,4067167.0,,4067167.0
2017-12-08,52,13509915.0,0,0,0.0,0.03344,0.03344,0.03344,,,9944237.0,,9944237.0
2017-12-11,52,13938268.0,0,2,0.03846,0.0022,0.0,0.0022,,,326151.0,,326151.0
2017-12-12,50,13907651.0,0,0,0.0,0.04299,0.04299,0.04299,,,12838571.0,,12838571.0
2017-12-13,50,14486394.0,0,0,0.0,0.05342,0.05342,0.05342,,,18363676.0,,18363676.0
2017-12-14,50,15153489.0,0,0,0.0,0.00388,0.00388,0.00388,,,1023141.0,,1023141.0
2017-12-15,50,15212324.0,0,0,0.0,0.00913,0.00913,0.00913,,,3661566.0,,3661566.0
2017-12-18,50,15289029.0,0,0,0.0,0.01529,0.01529,0.01529,,,4949812.0,,4949812.0
2017-12-19,50,15511692.0,0,0,0.0,0.0665,0.0665,0.0665,,,22493353.0,,22493353.0
2017-12-20,50,16543191.0,0,0,0.0,0.03074,0.03074,0.03074,,,12854924.0,,12854924.0
2017-12-21,50,17051695.0,0,0,0.0,0.01086,0.01086,0.01086,,,5639875.0,,5639875.0
2017-12-22,50,17216080.0,0,0,0.0,0.0,0.0,0.0,,,0.0,,0.0
2017-12-26,50,17216080.0,0,0,0.0,0.0,0.0,0.0,,,0.0,,0.0
2017-12-27,50,17216080.0,0,0,0.0,0.0,0.0,0.0,,,0.0,,0.0
2017-12-28,50,17216080.0,0,0,0.0,0.00254,0.00254,0.00254,,,2129371.0,,2129371.0
2017-12-29,50,17172271.0,0,0,0.0,0.0,0.0,0.0,,,0.0,,0.0
2018-01-02,50,17172271.0,0,0,0.0,0.01294,0.01294,0.01294,,,5776745.0,,5776745.0
2018-01-03,50,17341977.0,0,0,0.0,0.00916,0.00916,0.00916,,,3600568.0,,3600568.0
2018-01-04,50,17500820.0,1,0,0.02,0.06591,0.04787,0.06591,,,22603935.0,,22603935.0
2018-01-05,51,18609651.0,0,0,0.0,0.0,0.0,0.0,,,0.0,,0.0
2018-01-08,51,18609651.0,0,0,0.0,0.01298,0.01298,0.01298,,,5456470.0,,5456470.0
2018-01-09,51,18851148.0,1,0,0.01961,0.02711,0.02446,0.02711,,,10753048.0,,10753048.0
2018-01-10,52,18780354.0,1,0,0.01923,0.09602,0.05313,0.09602,,,26820784.0,,26820784.0
2018-01-11,53,20520735.0,0,0,0.0,0.03476,0.03476,0.03476,,,13389051.0,,13389051.0
2018-01-12,53,19807386.0,1,0,0.01887,0.05393,0.04973,0.05393,,,12925420.0,,12925420.0
2018-01-16,54,20762776.0,0,0,0.0,0.01676,0.01676,0.01676,,,5283410.0,,5283410.0
2018-01-17,54,21077268.0,0,0,0.0,0.02328,0.02328,0.02328,,,3047921.0,,3047921.0
2018-01-18,54,21444591.0,0,0,0.0,0.015,0.015,0.015,,,4691939.0,,4691939.0
2018-01-19,54,21755690.0,0,0,0.0,0.00418,0.00418,0.00418,,,3246527.0,,3246527.0
2018-01-22,54,21794463.0,0,0,0.0,0.02392,0.02392,0.02392,,,13788570.0,,13788570.0
2018-01-23,54,22267860.0,0,0,0.0,0.04458,0.04458,0.04458,,,40701790.0,,40701790.0
2018-01-24,54,22880370.0,0,0,0.0,0.03862,0.03862,0.03862,,,23412361.0,,23412361.0
2018-01-25,54,23664499.0,0,0,0.0,0.04222,0.04222,0.04222,,,17496381.0,,17496381.0
2018-01-26,54,24663618.0,0,0,0.0,0.0,0.0,0.0,,,0.0,,0.0
2018-01-29,54,24663618.0,0,0,0.0,0.0,0.0,0.0,,,0.0,,0.0
2018-01-30,54,24663618.0,0,0,0.0,0.03159,0.03159,0.03159,,,22761075.0,,22761075.0
2018-01-31,54,25310488.0,0,0,0.0,0.0211,0.0211,0.0211,,,5358354.0,,5358354.0
2018-02-01,54,25580116.0,0,0,0.0,0.0,0.0,0.0,,,0.0,,0.0
2018-02-02,54,25580116.0,0,0,0.0,0.05036,0.05036,0.05036,,,23367496.0,,23367496.0
2018-02-05,54,26347134.0,0,0,0.0,0.01017,0.01017,0.01017,,,8983636.0,,8983636.0
2018-02-06,54,26136511.0,0,0,0.0,0.0436,0.0436,0.0436,,,20325934.0,,20325934.0
2018-02-07,54,25846400.0,0,0,0.0,0.02166,0.02166,0.02166,,,7936511.0,,7936511.0
2018-02-08,54,26277725.0,0,0,0.0,0.00739,0.00739,0.00739,,,3744189.0,,3744189.0
2018-02-09,54,26471937.0,0,0,0.0,0.00553,0.00553,0.00553,,,5850938.0,,5850938.0
2018-02-12,54,26498885.0,0,0,0.0,0.01598,0.01598,0.01598,,,11413992.0,,11413992.0
2018-02-13,54,26423180.0,0,0,0.0,0.02001,0.02001,0.02001,,,10301238.0,,10301238.0
2018-02-14,54,26685200.0,0,0,0.0,0.02555,0.02555,0.02555,,,6534787.0,,6534787.0
2018-02-15,54,27321547.0,0,0,0.0,0.02623,0.02623,0.02623,,,17274478.0,,17274478.0
2018-02-16,54,27898544.0,0,0,0.0,0.02101,0.02101,0.02101,,,12052617.0,,12052617.0
2018-02-20,54,28322843.0,0,0,0.0,0.02686,0.02686,0.02686,,,14202353.0,,14202353.0
2018-02-21,54,29083677.0,0,0,0.0,0.00855,0.00855,0.00855,,,4625529.0,,4625529.0
2018-02-22,54,29332303.0,0,0,0.0,0.00273,0.00273,0.00273,,,1890654.0,,1890654.0
2018-02-23,54,29353693.0,0,0,0.0,0.05148,0.05148,0.05148,,,30629860.0,,30629860.0
2018-02-26,54,30864931.0,0,0,0.0,0.00605,0.00605,0.00605,,,3878966.0,,3878966.0
2018-02-27,54,30884672.0,0,0,0.0,0.01166,0.01166,0.01166,,,7859926.0,,7859926.0
2018-02-28,54,31220229.0,0,0,0.0,0.00647,0.00647,0.00647,,,4025987.0,,4025987.0
2018-03-01,54,31422087.0,0,0,0.0,0.01599,0.01599,0.01599,,,14131106.0,,14131106.0
2018-03-02,54,31519852.0,0,0,0.0,0.01537,0.01537,0.01537,,,10290419.0,,10290419.0
2018-03-05,54,31998008.0,0,0,0.0,0.00354,0.00354,0.00354,,,5478156.0,,5478156.0
2018-03-06,54,32005643.0,0,0,0.0,0.01903,0.01903,0.01903,,,12658113.0,,12658113.0
2018-03-07,54,32614558.0,0,1,0.01852,0.01248,0.01245,0.01248,,,8668707.0,,8668707.0
2018-03-08,53,33019373.0,0,0,0.0,0.00307,0.00307,0.00307,,,2164179.0,,2164179.0
2018-03-09,53,33120877.0,0,0,0.0,0.0,0.0,0.0,,,0.0,,0.0
2018-03-12,53,33120877.0,0,0,0.0,0.0467,0.0467,0.0467,,,31805776.0,,31805776.0
2018-03-13,53,34667746.0,0,0,0.0,0.03526,0.03526,0.03526,,,26256419.0,,26256419.0
2018-03-14,53,35890130.0,0,0,0.0,0.0,0.0,0.0,,,0.0,,0.0
2018-03-15,53,35890130.0,0,0,0.0,0.00689,0.00689,0.00689,,,10343011.0,,10343011.0
2018-03-16,53,36070902.0,0,0,0.0,0.01275,0.01275,0.01275,,,11378558.0,,11378558.0
2018-03-19,53,36474533.0,0,0,0.0,0.0081,0.0081,0.0081,,,10099032.0,,10099032.0
2018-03-20,53,36636327.0,0,0,0.0,0.00364,0.00364,0.00364,,,3383575.0,,3383575.0
2018-03-21,53,36764166.0,0,0,0.0,0.00963,0.00963,0.00963,,,10048842.0,,10048842.0
2018-03-22,53,36896057.0,0,0,0.0,0.00279,0.00279,0.00279,,,2049074.0,,2049074.0
2018-03-23,53,36999039.0,0,0,0.0,0.00131,0.00131,0.00131,,,3370863.0,,3370863.0
2018-03-26,53,37015176.0,0,0,0.0,0.00544,0.00544,0.00544,,,5930693.0,,5930693.0
2018-03-27,53,37102256.0,0,0,0.0,0.01486,0.01486,0.01486,,,14535530.0,,14535530.0
2018-03-28,53,36916320.0,0,0,0.0,0.02977,0.02977,0.02977,,,22184092.0,,22184092.0
2018-03-29,53,37648697.0,0,2,0.03774,0.04788,0.03971,0.04788,,,32773587.0,,32773587.0
2018-04-02,51,38061764.0,0,1,0.01961,0.0224,0.01864,0.0224,,,17061048.0,,17061048.0
2018-04-03,50,38261655.0,0,4,0.08,0.01215,0.01214,0.01215,,,16924012.0,,16924012.0
2018-04-04,46,38479037.0,0,0,0.0,0.00816,0.00816,0.00816,,,5830558.0,,5830558.0
2018-04-05,46,38165085.0,0,0,0.0,0.00873,0.00873,0.00873,,,7424625.0,,7424625.0
2018-04-06,46,38011907.0,0,0,0.0,0.0,0.0,0.0,,,0.0,,0.0
2018-04-09,46,38011907.0,0,0,0.0,0.0,0.0,0.0,,,0.0,,0.0
2018-04-10,46,38011907.0,0,0,0.0,0.0,0.0,0.0,,,0.0,,0.0
2018-04-11,46,38011907.0,0,0,0.0,0.0213,0.0213,0.0213,,,16390010.0,,16390010.0
2018-04-12,46,38773527.0,0,0,0.0,0.0,0.0,0.0,,,0.0,,0.0
2018-04-13,46,38773527.0,0,0,0.0,0.01124,0.01124,0.01124,,,7956771.0,,7956771.0
2018-04-16,46,39209203.0,0,0,0.0,0.0,0.0,0.0,,,0.0,,0.0
2018-04-17,46,39209203.0,0,0,0.0,0.00971,0.00971,0.00971,,,10740599.0,,10740599.0
2018-04-18,46,39390912.0,1,0,0.02174,0.00837,0.00774,0.00837,,,10707700.0,,10707700.0
2018-04-19,47,39578259.0,0,0,0.0,0.01022,0.01022,0.01022,,,11484827.0,,11484827.0
2018-04-20,47,39694751.0,0,0,0.0,0.00487,0.00487,0.00487,,,6059751.0,,6059751.0
2018-04-23,47,39813299.0,0,0,0.0,0.00451,0.00451,0.00451,,,8403145.0,,8403145.0
2018-04-24,47,39849682.0,2,0,0.04255,0.02945,0.02616,0.02945,,,27894758.0,,27894758.0
2018-04-25,49,39317790.0,0,0,0.0,0.00906,0.00906,0.00906,,,12225468.0,,12225468.0
2018-04-26,49,39114449.0,0,1,0.02041,0.0166,0.01443,0.0166,,,19807231.0,,19807231.0
2018-04-27,48,38900231.0,0,2,0.04167,0.00815,0.00813,0.00815,,,10868253.0,,10868253.0
2018-04-30,46,39080247.0,0,2,0.04348,0.00777,0.00563,0.00777,,,12486968.0,,12486968.0
2018-05-01,44,39002755.0,0,0,0.0,0.0,0.0,0.0,,,0.0,,0.0
2018-05-02,44,39002755.0,0,0,0.0,0.00275,0.00275,0.00275,,,1972086.0,,1972086.0
2018-05-03,44,38895348.0,0,0,0.0,0.01746,0.01746,0.01746,,,22777786.0,,22777786.0
2018-05-04,44,39415585.0,0,1,0.02273,0.01934,0.01837,0.01934,,,17347325.0,,17347325.0
2018-05-07,43,39450408.0,0,0,0.0,0.0,0.0,0.0,,,0.0,,0.0
2018-05-08,43,39450408.0,0,0,0.0,0.00056,0.00056,0.00056,,,3106514.0,,3106514.0
2018-05-09,43,39448466.0,0,0,0.0,0.0103,0.0103,0.0103,,,9603929.0,,9603929.0
2018-05-10,43,39781776.0,0,0,0.0,0.00271,0.00271,0.00271,,,2111232.0,,2111232.0
2018-05-11,43,39889570.0,0,0,0.0,0.00811,0.00811,0.00811,,,6370719.0,,6370719.0
2018-05-14,43,40212936.0,0,0,0.0,0.00268,0.00268,0.00268,,,2125520.0,,2125520.0
2018-05-15,43,40320727.0,0,0,0.0,0.00802,0.00802,0.00802,,,6348001.0,,6348001.0
2018-05-16,43,40644093.0,1,0,0.02326,0.00312,0.00303,0.00312,,,2457237.0,,2457237.0
2018-05-17,44,40736051.0,0,0,0.0,0.00322,0.00322,0.00322,,,2448004.0,,2448004.0
2018-05-18,44,40822304.0,0,0,0.0,0.00079,0.00079,0.00079,,,356098.0,,356098.0
2018-05-21,44,40795611.0,0,0,0.0,0.00599,0.00599,0.00599,,,6874605.0,,6874605.0
2018-05-22,44,40953830.0,0,0,0.0,0.019,0.019,0.019,,,17789010.0,,17789010.0
2018-05-23,44,41618112.0,0,0,0.0,0.00261,0.00261,0.00261,,,2155330.0,,2155330.0
2018-05-24,44,41720260.0,0,0,0.0,0.01285,0.01285,0.01285,,,10717777.0,,10717777.0
2018-05-25,44,42256404.0,0,0,0.0,0.01269,0.01269,0.01269,,,10701412.0,,10701412.0
2018-05-29,44,42792531.0,0,0,0.0,0.00026,0.00026,0.00026,,,89164.0,,89164.0
2018-05-30,44,42803458.0,1,0,0.02273,0.0083,0.00796,0.0083,,,17397805.0,,17397805.0
2018-05-31,45,42929835.0,0,0,0.0,0.01073,0.01073,0.01073,,,11628936.0,,11628936.0
2018-06-01,45,43291497.0,1,0,0.02222,0.01094,0.01013,0.01094,,,11658115.0,,11658115.0
2018-06-04,46,43690917.0,0,0,0.0,0.00244,0.00244,0.00244,,,2205356.0,,2205356.0
2018-06-05,46,43797705.0,1,0,0.02174,0.01699,0.01499,0.01699,,,27453970.0,,27453970.0
2018-06-06,47,44359657.0,0,0,0.0,0.01202,0.01202,0.01202,,,11384343.0,,11384343.0
2018-06-07,47,44892681.0,0,0,0.0,0.00712,0.00712,0.00712,,,6758483.0,,6758483.0
2018-06-08,47,45212491.0,0,0,0.0,0.01415,0.01415,0.01415,,,13594579.0,,13594579.0
2018-06-11,47,45852113.0,0,0,0.0,0.0,0.0,0.0,,,0.0,,0.0
2018-06-12,47,45852113.0,0,0,0.0,0.00717,0.00717,0.00717,,,15983604.0,,15983604.0
2018-06-13,47,45962469.0,0,0,0.0,0.01624,0.01624,0.01624,,,16108704.0,,16108704.0
2018-06-14,47,46708810.0,0,0,0.0,0.00718,0.00718,0.00718,,,9162198.0,,9162198.0
2018-06-15,47,46856244.0,0,0,0.0,0.01363,0.01363,0.01363,,,14073781.0,,14073781.0
2018-06-18,47,47494989.0,0,0,0.0,0.0,0.0,0.0,,,0.0,,0.0
2018-06-19,47,47494989.0,0,0,0.0,0.01569,0.01569,0.01569,,,16490403.0,,16490403.0
2018-06-20,47,48240207.0,0,0,0.0,0.01545,0.01545,0.01545,,,16803797.0,,16803797.0
2018-06-21,47,48985410.0,0,0,0.0,0.00652,0.00652,0.00652,,,7025834.0,,7025834.0
2018-06-22,47,49304782.0,0,0,0.0,0.01943,0.01943,0.01943,,,20834680.0,,20834680.0
2018-06-25,47,50262899.0,0,0,0.0,0.01995,0.01995,0.01995,,,22764046.0,,22764046.0
2018-06-26,47,50163038.0,0,3,0.06383,0.00062,0.00056,0.00062,,,4310827.0,,4310827.0
2018-06-27,44,50169842.0,0,0,0.0,0.00542,0.00542,0.00542,,,8631103.0,,8631103.0
2018-06-28,44,50306719.0,0,0,0.0,0.00607,0.00607,0.00607,,,16341689.0,,16341689.0
2018-06-29,44,50478880.0,0,0,0.0,0.00116,0.00116,0.00116,,,4513635.0,,4513635.0
2018-07-02,44,50470024.0,0,0,0.0,0.00417,0.00417,0.00417,,,4528041.0,,4528041.0
2018-07-03,44,50680251.0,0,0,0.0,0.00724,0.00724,0.00724,,,12551445.0,,12551445.0
2018-07-05,44,50905959.0,0,0,0.0,0.00573,0.00573,0.00573,,,8812126.0,,8812126.0
2018-07-06,44,51035550.0,0,0,0.0,0.01065,0.01065,0.01065,,,25216316.0,,25216316.0
2018-07-09,44,51376292.0,0,0,0.0,0.00823,0.00823,0.00823,,,9372175.0,,9372175.0
2018-07-10,44,51799021.0,0,0,0.0,0.01224,0.01224,0.01224,,,13990270.0,,13990270.0
2018-07-11,44,52433114.0,0,0,0.0,0.01209,0.01209,0.01209,,,13976506.0,,13976506.0
2018-07-12,44,53067208.0,0,0,0.0,0.01024,0.01024,0.01024,,,15866105.0,,15866105.0
2018-07-13,44,53499864.0,0,0,0.0,0.0,0.0,0.0,,,0.0,,0.0
2018-07-16,44,53499864.0,0,0,0.0,0.00198,0.00198,0.00198,,,2333145.0,,2333145.0
2018-07-17,44,53605569.0,0,0,0.0,0.0102,0.0102,0.0102,,,13085559.0,,13085559.0
2018-07-18,44,54144866.0,0,0,0.0,0.00609,0.00609,0.00609,,,8263488.0,,8263488.0
2018-07-19,44,54466053.0,0,0,0.0,0.00609,0.00609,0.00609,,,7267901.0,,7267901.0
2018-07-20,44,54781900.0,0,0,0.0,0.00193,0.00193,0.00193,,,2348536.0,,2348536.0
2018-07-23,44,54887852.0,0,0,0.0,0.01149,0.01149,0.01149,,,21528662.0,,21528662.0
2018-07-24,44,55365716.0,0,0,0.0,0.00403,0.00403,0.00403,,,11445130.0,,11445130.0
2018-07-25,44,55490913.0,0,0,0.0,0.02166,0.02166,0.02166,,,39748421.0,,39748421.0
2018-07-26,44,56411692.0,0,0,0.0,0.00663,0.00663,0.00663,,,9418854.0,,9418854.0
2018-07-27,44,56637576.0,0,0,0.0,0.00529,0.00529,0.00529,,,15424568.0,,15424568.0
2018-07-30,44,56823942.0,0,0,0.0,0.01071,0.01071,0.01071,,,27268069.0,,27268069.0
2018-07-31,44,57100584.0,1,1,0.04545,0.01508,0.01296,0.01508,,,46035014.0,,46035014.0
2018-08-01,44,56849131.0,0,0,0.0,0.0,0.0,0.0,,,0.0,,0.0
2018-08-02,44,56849131.0,0,0,0.0,0.00663,0.00663,0.00663,,,18739105.0,,18739105.0
2018-08-03,44,56686657.0,0,0,0.0,0.00121,0.00121,0.00121,,,4746215.0,,4746215.0
2018-08-06,44,56640339.0,1,0,0.02273,0.01688,0.01542,0.01688,,,23107543.0,,23107543.0
2018-08-07,45,56222423.0,0,0,0.0,0.00567,0.00567,0.00567,,,6945034.0,,6945034.0
2018-08-08,45,56541223.0,1,0,0.02222,0.02176,0.01651,0.02176,,,43717460.0,,43717460.0
2018-08-09,46,56293802.0,0,0,0.0,0.02681,0.02681,0.02681,,,33897118.0,,33897118.0
2018-08-10,46,57482837.0,0,0,0.0,0.00751,0.00751,0.00751,,,21394453.0,,21394453.0
2018-08-13,46,57667921.0,0,0,0.0,0.0,0.0,0.0,,,0.0,,0.0
2018-08-14,46,57667921.0,0,0,0.0,0.00164,0.00164,0.00164,,,6291448.0,,6291448.0
2018-08-15,46,57703713.0,0,0,0.0,0.00642,0.00642,0.00642,,,20935633.0,,20935633.0
2018-08-16,46,57673209.0,0,0,0.0,0.01292,0.01292,0.01292,,,21554701.0,,21554701.0
2018-08-17,46,58220337.0,0,0,0.0,0.00965,0.00965,0.00965,,,22037181.0,,22037181.0
2018-08-20,46,58460479.0,0,0,0.0,0.0,0.0,0.0,,,0.0,,0.0
2018-08-21,46,58460479.0,0,0,0.0,0.03085,0.03085,0.03085,,,40140939.0,,40140939.0
2018-08-22,46,59188255.0,0,0,0.0,0.00383,0.00383,0.00383,,,6728216.0,,6728216.0
2018-08-23,46,59373171.0,0,0,0.0,0.0,0.0,0.0,,,0.0,,0.0
2018-08-24,46,59373171.0,0,0,0.0,0.00362,0.00362,0.00362,,,4772777.0,,4772777.0
2018-08-27,46,59587829.0,1,0,0.02174,0.01759,0.0092,0.01759,,,23224504.0,,23224504.0
2018-08-28,47,60548857.0,0,0,0.0,0.0,0.0,0.0,,,0.0,,0.0
2018-08-29,47,60548857.0,0,0,0.0,0.00891,0.00891,0.00891,,,12313371.0,,12313371.0
2018-08-30,47,61088381.0,0,0,0.0,0.00353,0.00353,0.00353,,,4924111.0,,4924111.0
2018-08-31,47,61304176.0,0,0,0.0,0.00352,0.00352,0.00352,,,4942742.0,,4942742.0
2018-09-04,47,61519970.0,0,0,0.0,0.00526,0.00526,0.00526,,,7330639.0,,7330639.0
2018-09-05,47,61843672.0,0,0,0.0,0.01391,0.01391,0.01391,,,12950781.0,,12950781.0
2018-09-06,47,61499536.0,0,0,0.0,0.01066,0.01066,0.01066,,,15898239.0,,15898239.0
2018-09-07,47,61723171.0,0,1,0.02128,0.01013,0.01013,0.01013,,,17228959.0,,17228959.0
2018-09-10,46,62215507.0,0,0,0.0,0.00976,0.00976,0.00976,,,16476955.0,,16476955.0
2018-09-11,46,62519263.0,0,0,0.0,0.01315,0.01315,0.01315,,,40528819.0,,40528819.0
2018-09-12,46,62466700.0,0,0,0.0,0.0,0.0,0.0,,,0.0,,0.0
2018-09-13,46,62466700.0,0,0,0.0,0.00568,0.00568,0.00568,,,11261775.0,,11261775.0
2018-09-14,46,62721007.0,0,0,0.0,0.00344,0.00344,0.00344,,,4794866.0,,4794866.0
2018-09-17,46,62936463.0,0,0,0.0,0.00856,0.00856,0.00856,,,11757290.0,,11757290.0
2018-09-18,46,63475105.0,0,0,0.0,0.00647,0.00647,0.00647,,,7869255.0,,7869255.0
2018-09-19,46,63459892.0,0,0,0.0,0.0,0.0,0.0,,,0.0,,0.0
2018-09-20,46,63459892.0,0,2,0.04348,0.00187,0.00187,0.00187,,,28453.0,,28453.0
2018-09-21,44,63340957.0,0,0,0.0,0.00343,0.00343,0.00343,,,7133225.0,,7133225.0
2018-09-24,44,63177078.0,0,0,0.0,0.0106,0.0106,0.0106,,,30128229.0,,30128229.0
2018-09-25,44,63329069.0,0,0,0.0,0.00338,0.00338,0.00338,,,4751176.0,,4751176.0
2018-09-26,44,63543398.0,0,0,0.0,0.0,0.0,0.0,,,0.0,,0.0
2018-09-27,44,63543398.0,0,0,0.0,0.0,0.0,0.0,,,0.0,,0.0
2018-09-28,44,63543398.0,0,0,0.0,0.00169,0.00169,0.00169,,,2356992.0,,2356992.0
2018-10-01,44,63650519.0,0,0,0.0,0.01369,0.01369,0.01369,,,22843886.0,,22843886.0
2018-10-02,44,64059878.0,0,0,0.0,0.0,0.0,0.0,,,0.0,,0.0
2018-10-03,44,64059878.0,0,0,0.0,0.00108,0.00108,0.00108,,,9199.0,,9199.0
2018-10-04,44,63990450.0,0,0,0.0,0.00339,0.00339,0.00339,,,12377265.0,,12377265.0
2018-10-05,44,64099087.0,0,0,0.0,0.01588,0.01588,0.01588,,,39926205.0,,39926205.0
2018-10-08,44,64033732.0,0,0,0.0,0.00268,0.00268,0.00268,,,2645823.0,,2645823.0
2018-10-09,44,64185284.0,0,0,0.0,0.00205,0.00205,0.00205,,,13197126.0,,13197126.0
2018-10-10,44,64174530.0,0,0,0.0,0.0075,0.0075,0.0075,,,13720560.0,,13720560.0
2018-10-11,44,63833667.0,0,0,0.0,0.00711,0.00711,0.00711,,,24847938.0,,24847938.0
2018-10-12,44,64280115.0,0,1,0.02273,0.02693,0.02685,0.02693,,,54085192.0,,54085192.0
2018-10-15,43,63888253.0,1,1,0.04651,0.03757,0.00171,0.03757,,,27685313.0,,27685313.0
2018-10-16,43,62181016.0,0,2,0.04651,0.00335,0.0026,0.00335,,,18760415.0,,18760415.0
2018-10-17,41,62294815.0,0,0,0.0,0.00542,0.00542,0.00542,,,6604390.0,,6604390.0
2018-10-18,41,62591006.0,0,0,0.0,0.00246,0.00246,0.00246,,,2295312.0,,2295312.0
2018-10-19,41,62745293.0,0,0,0.0,0.0032,0.0032,0.0032,,,6894907.0,,6894907.0
2018-10-22,41,62754840.0,0,0,0.0,0.00461,0.00461,0.00461,,,11152331.0,,11152331.0
2018-10-23,41,62541558.0,0,0,0.0,0.00227,0.00227,0.00227,,,5218329.0,,5218329.0
2018-10-24,41,62471216.0,0,1,0.02439,0.01672,0.01465,0.01672,,,22226033.0,,22226033.0
2018-10-25,40,62828920.0,0,1,0.025,0.01845,0.01652,0.01845,,,23117371.0,,23117371.0
2018-10-26,39,63262370.0,0,0,0.0,0.01118,0.01118,0.01118,,,15200029.0,,15200029.0
2018-10-29,39,63337903.0,0,0,0.0,0.01722,0.01722,0.01722,,,15536007.0,,15536007.0
2018-10-30,39,63491997.0,0,0,0.0,0.00941,0.00941,0.00941,,,49516721.0,,49516721.0
2018-10-31,39,63416618.0,0,1,0.02564,0.00508,0.00376,0.00508,,,31090236.0,,31090236.0
2018-11-01,38,63443978.0,0,0,0.0,0.0,0.0,0.0,,,0.0,,0.0
2018-11-02,38,63443978.0,0,0,0.0,0.00921,0.00921,0.00921,,,13482926.0,,13482926.0
2018-11-05,38,63507621.0,1,0,0.02632,0.06071,0.05776,0.06071,,,54254065.0,,54254065.0
2018-11-06,39,60380574.0,0,0,0.0,0.01127,0.01127,0.01127,,,9987734.0,,9987734.0
2018-11-07,39,60022817.0,1,0,0.02564,0.01277,0.01067,0.01277,,,22040061.0,,22040061.0
2018-11-08,40,59892514.0,0,0,0.0,0.01183,0.01183,0.01183,,,17477387.0,,17477387.0
2018-11-09,40,60101015.0,0,0,0.0,0.01308,0.01308,0.01308,,,20642372.0,,20642372.0
2018-11-12,40,60210796.0,0,0,0.0,0.00637,0.00637,0.00637,,,9878407.0,,9878407.0
2018-11-13,40,60281604.0,0,0,0.0,0.02734,0.02734,0.02734,,,23357426.0,,23357426.0
2018-11-14,40,61116277.0,0,0,0.0,0.00378,0.00378,0.00378,,,4809053.0,,4809053.0
2018-11-15,40,60893896.0,0,0,0.0,0.00968,0.00968,0.00968,,,19883962.0,,19883962.0
2018-11-16,40,60609082.0,0,0,0.0,0.00114,0.00114,0.00114,,,1216470.0,,1216470.0
2018-11-19,40,60558636.0,0,0,0.0,0.07025,0.07025,0.07025,,,34950634.0,,34950634.0
2018-11-20,40,63620975.0,0,0,0.0,0.04987,0.04987,0.04987,,,52775540.0,,52775540.0
2018-11-21,40,64609424.0,0,0,0.0,0.01844,0.01844,0.01844,,,13396283.0,,13396283.0
2018-11-23,40,65218874.0,0,3,0.075,0.0151,0.01507,0.0151,,,6100340.0,,6100340.0
2018-11-26,37,65923789.0,0,0,0.0,0.00665,0.00665,0.00665,,,8572746.0,,8572746.0
2018-11-27,37,65485360.0,0,0,0.0,0.00514,0.00514,0.00514,,,6407792.0,,6407792.0
2018-11-28,37,65148942.0,0,0,0.0,0.00179,0.00179,0.00179,,,6426585.0,,6426585.0
2018-11-29,37,65052015.0,0,0,0.0,0.00221,0.00221,0.00221,,,2309703.0,,2309703.0
2018-11-30,37,65048148.0,0,0,0.0,0.0061,0.0061,0.0061,,,12148756.0,,12148756.0
2018-12-03,37,65338923.0,0,0,0.0,0.00317,0.00317,0.00317,,,10790477.0,,10790477.0
2018-12-04,37,65188676.0,0,0,0.0,0.00668,0.00668,0.00668,,,8610574.0,,8610574.0
2018-12-06,37,65623848.0,0,0,0.0,0.00412,0.00412,0.00412,,,13874746.0,,13874746.0
2018-12-07,37,65554578.0,0,0,0.0,0.00322,0.00322,0.00322,,,6678847.0,,6678847.0
2018-12-10,37,65573918.0,0,0,0.0,0.00689,0.00689,0.00689,,,11090880.0,,11090880.0
2018-12-11,37,65891270.0,0,0,0.0,0.00459,0.00459,0.00459,,,11942490.0,,11942490.0
2018-12-12,37,66020966.0,0,0,0.0,0.01268,0.01268,0.01268,,,6985515.0,,6985515.0
2018-12-13,37,66616618.0,0,0,0.0,0.00737,0.00737,0.00737,,,9309106.0,,9309106.0
2018-12-14,37,67078206.0,1,1,0.05405,0.00383,0.0037,0.00383,,,8075528.0,,8075528.0
2018-12-17,37,67217061.0,0,1,0.02703,0.01825,0.01316,0.01825,,,34763273.0,,34763273.0
2018-12-18,36,67563011.0,0,0,0.0,0.00816,0.00816,0.00816,,,15580353.0,,15580353.0
2018-12-19,36,67339729.0,0,0,0.0,0.0036,0.0036,0.0036,,,4267464.0,,4267464.0
2018-12-20,36,67139065.0,0,0,0.0,0.01294,0.01294,0.01294,,,5787539.0,,5787539.0
2018-12-21,36,67954493.0,0,0,0.0,0.01528,0.01528,0.01528,,,29229040.0,,29229040.0
2018-12-24,36,67564885.0,0,0,0.0,0.01867,0.01867,0.01867,,,23933627.0,,23933627.0
2018-12-26,36,66394470.0,0,0,0.0,0.01331,0.01331,0.01331,,,24339228.0,,24339228.0
2018-12-27,36,65651929.0,0,0,0.0,0.00258,0.00258,0.00258,,,5427792.0,,5427792.0
2018-12-28,36,65482420.0,0,0,0.0,0.01355,0.01355,0.01355,,,14670434.0,,14670434.0
2018-12-31,36,64595370.0,0,0,0.0,0.00856,0.00856,0.00856,,,9285075.0,,9285075.0
2019-01-02,36,65146394.0,0,0,0.0,0.00443,0.00443,0.00443,,,6083536.0,,6083536.0
2019-01-03,36,65364198.0,0,0,0.0,0.00934,0.00934,0.00934,,,12002923.0,,12002923.0
2019-01-04,36,65905973.0,0,0,0.0,0.00549,0.00549,0.00549,,,18498603.0,,18498603.0
2019-01-07,36,66076550.0,0,0,0.0,0.0,0.0,0.0,,,0.0,,0.0
2019-01-08,36,66076550.0,0,0,0.0,0.00336,0.00336,0.00336,,,4003857.0,,4003857.0
2019-01-09,36,66298534.0,0,0,0.0,0.01028,0.01028,0.01028,,,22994388.0,,22994388.0
2019-01-10,36,66751174.0,0,0,0.0,0.00331,0.00331,0.00331,,,4143044.0,,4143044.0
2019-01-11,36,66972419.0,0,0,0.0,0.01321,0.01321,0.01321,,,16637706.0,,16637706.0
2019-01-14,36,67857441.0,0,0,0.0,0.00326,0.00326,0.00326,,,4087629.0,,4087629.0
2019-01-15,36,68078701.0,0,0,0.0,0.00163,0.00163,0.00163,,,10415631.0,,10415631.0
2019-01-16,36,68159811.0,0,0,0.0,0.01138,0.01138,0.01138,,,14739598.0,,14739598.0
2019-01-17,36,68935144.0,0,0,0.0,0.00161,0.00161,0.00161,,,2122902.0,,2122902.0
2019-01-18,36,69045904.0,0,0,0.0,0.00802,0.00802,0.00802,,,10649035.0,,10649035.0
2019-01-22,36,69599703.0,0,0,0.0,0.01658,0.01658,0.01658,,,38291073.0,,38291073.0
2019-01-23,36,70122460.0,0,0,0.0,0.01264,0.01264,0.01264,,,29489056.0,,29489056.0
2019-01-24,36,70589210.0,0,0,0.0,0.01015,0.01015,0.01015,,,23170441.0,,23170441.0
2019-01-25,36,70780416.0,0,0,0.0,0.00121,0.00121,0.00121,,,1831353.0,,1831353.0
2019-01-28,36,70865754.0,0,0,0.0,0.0,0.0,0.0,,,0.0,,0.0
2019-01-29,36,70865754.0,0,0,0.0,0.04305,0.04305,0.04305,,,21091083.0,,21091083.0
2019-01-30,36,73561305.0,1,1,0.05556,0.02196,0.01425,0.02196,,,46961046.0,,46961046.0
2019-01-31,36,74472818.0,0,0,0.0,0.00816,0.00816,0.00816,,,22917845.0,,22917845.0
2019-02-01,36,74688381.0,0,0,0.0,0.00316,0.00316,0.00316,,,4289542.0,,4289542.0
2019-02-04,36,74924208.0,0,0,0.0,0.00157,0.00157,0.00157,,,2180632.0,,2180632.0
2019-02-05,36,75042174.0,0,0,0.0,0.0,0.0,0.0,,,0.0,,0.0
2019-02-06,36,75042174.0,0,0,0.0,0.00629,0.00629,0.00629,,,8749370.0,,8749370.0
2019-02-07,36,75514029.0,0,0,0.0,0.00312,0.00312,0.00312,,,4237159.0,,4237159.0
2019-02-08,36,75749957.0,0,0,0.0,0.00397,0.00397,0.00397,,,10833069.0,,10833069.0
2019-02-11,36,75801988.0,0,0,0.0,0.00292,0.00292,0.00292,,,8069758.0,,8069758.0
2019-02-12,36,75847521.0,1,0,0.02778,0.00647,0.00592,0.00647,,,26421006.0,,26421006.0
2019-02-13,37,75773643.0,0,0,0.0,0.00344,0.00344,0.00344,,,10666509.0,,10666509.0
2019-02-14,37,75642699.0,0,0,0.0,0.00934,0.00934,0.00934,,,13343032.0,,13343032.0
2019-02-15,37,76349505.0,0,0,0.0,0.00309,0.00309,0.00309,,,4495994.0,,4495994.0
2019-02-19,37,76585095.0,0,0,0.0,0.01731,0.01731,0.01731,,,15815081.0,,15815081.0
2019-02-20,37,77647745.0,0,0,0.0,0.00163,0.00163,0.00163,,,2312351.0,,2312351.0
2019-02-21,37,77774216.0,0,0,0.0,0.0092,0.0092,0.0092,,,13372650.0,,13372650.0
2019-02-22,37,78489949.0,0,0,0.0,0.0,0.0,0.0,,,0.0,,0.0
2019-02-25,37,78489949.0,0,0,0.0,0.0114,0.0114,0.0114,,,25133883.0,,25133883.0
2019-02-26,37,77999850.0,0,0,0.0,0.0,0.0,0.0,,,0.0,,0.0
2019-02-27,37,77999850.0,0,0,0.0,0.0,0.0,0.0,,,0.0,,0.0
2019-02-28,37,77999850.0,0,0,0.0,0.00277,0.00277,0.00277,,,7645568.0,,7645568.0
2019-03-01,37,78033494.0,0,0,0.0,0.00153,0.00153,0.00153,,,2330218.0,,2330218.0
2019-03-04,37,78153009.0,0,0,0.0,0.00296,0.00296,0.00296,,,6124147.0,,6124147.0
2019-03-05,37,78235731.0,0,0,0.0,0.00484,0.00484,0.00484,,,11577598.0,,11577598.0
2019-03-06,37,78386014.0,0,0,0.0,0.0093,0.0093,0.0093,,,14838995.0,,14838995.0
2019-03-07,37,78882635.0,0,0,0.0,0.00456,0.00456,0.00456,,,6662502.0,,6662502.0
2019-03-08,37,79242328.0,0,0,0.0,0.00675,0.00675,0.00675,,,16714746.0,,16714746.0
2019-03-11,37,79293589.0,1,0,0.02703,0.00747,0.00364,0.00747,,,17133210.0,,17133210.0
2019-03-12,38,79584165.0,0,0,0.0,0.00218,0.00218,0.00218,,,2586492.0,,2586492.0
2019-03-13,38,79693257.0,0,0,0.0,0.01031,0.01031,0.01031,,,14851738.0,,14851738.0
2019-03-14,38,80364901.0,0,0,0.0,0.01227,0.01227,0.01227,,,18652617.0,,18652617.0
2019-03-15,38,81307271.0,0,0,0.0,0.00148,0.00148,0.00148,,,2338740.0,,2338740.0
2019-03-18,38,81427924.0,0,1,0.02632,0.00421,0.00353,0.00421,,,10202929.0,,10202929.0
2019-03-19,37,81646473.0,0,0,0.0,0.0,0.0,0.0,,,0.0,,0.0
2019-03-20,37,81646473.0,0,0,0.0,0.00444,0.00444,0.00444,,,7042062.0,,7042062.0
2019-03-21,37,82008578.0,0,0,0.0,0.00442,0.00442,0.00442,,,7189640.0,,7189640.0
2019-03-22,37,82370684.0,0,0,0.0,0.00293,0.00293,0.00293,,,4592162.0,,4592162.0
2019-03-25,37,82612087.0,0,0,0.0,0.00292,0.00292,0.00292,,,4585355.0,,4585355.0
2019-03-26,37,82853508.0,0,0,0.0,0.012,0.012,0.012,,,22041412.0,,22041412.0
2019-03-27,37,83475838.0,0,0,0.0,0.00103,0.00103,0.00103,,,4829471.0,,4829471.0
2019-03-28,37,83435750.0,0,0,0.0,0.00051,0.00051,0.00051,,,2410411.0,,2410411.0
2019-03-29,37,83416293.0,0,0,0.0,0.01089,0.01089,0.01089,,,19613005.0,,19613005.0
2019-04-01,37,84245769.0,0,0,0.0,0.00143,0.00143,0.00143,,,2364834.0,,2364834.0
2019-04-02,37,84366563.0,0,0,0.0,0.0,0.0,0.0,,,0.0,,0.0
2019-04-03,37,84366563.0,0,0,0.0,0.00036,0.00036,0.00036,,,698420.0,,698420.0
2019-04-04,37,84362416.0,0,1,0.02703,0.00885,0.00561,0.00885,,,11160203.0,,11160203.0
2019-04-05,36,84559622.0,0,0,0.0,0.02489,0.02489,0.02489,,,36263343.0,,36263343.0
2019-04-08,36,84737341.0,0,0,0.0,0.01746,0.01746,0.01746,,,12258103.0,,12258103.0
2019-04-09,36,84197466.0,1,0,0.02778,0.00366,0.00205,0.00366,,,11861740.0,,11861740.0
2019-04-10,37,84368819.0,0,0,0.0,0.00585,0.00585,0.00585,,,25254544.0,,25254544.0
2019-04-11,37,84511647.0,0,0,0.0,0.0,0.0,0.0,,,0.0,,0.0
2019-04-12,37,84511647.0,0,0,0.0,0.0,0.0,0.0,,,0.0,,0.0
2019-04-15,37,84511647.0,0,0,0.0,0.0,0.0,0.0,,,0.0,,0.0
2019-04-16,37,84511647.0,0,0,0.0,0.00567,0.00567,0.00567,,,9649434.0,,9649434.0
2019-04-17,37,84032356.0,0,0,0.0,0.0,0.0,0.0,,,0.0,,0.0
2019-04-18,37,84032356.0,0,0,0.0,0.01643,0.01643,0.01643,,,22507381.0,,22507381.0
2019-04-22,37,83389997.0,0,0,0.0,0.00971,0.00971,0.00971,,,8729062.0,,8729062.0
2019-04-23,37,82848657.0,0,0,0.0,0.0,0.0,0.0,,,0.0,,0.0
2019-04-24,37,82848657.0,0,0,0.0,0.02071,0.02071,0.02071,,,32516339.0,,32516339.0
2019-04-25,37,82266756.0,0,0,0.0,0.00399,0.00399,0.00399,,,7060685.0,,7060685.0
2019-04-26,37,82332134.0,1,1,0.05405,0.04428,0.03919,0.04428,,,57097322.0,,57097322.0
2019-04-29,37,80873162.0,0,0,0.0,0.01818,0.01818,0.01818,,,51257480.0,,51257480.0
2019-04-30,37,81395422.0,0,0,0.0,0.00795,0.00795,0.00795,,,38139373.0,,38139373.0
2019-05-01,37,81333290.0,0,0,0.0,0.0,0.0,0.0,,,0.0,,0.0
2019-05-02,37,81333290.0,0,0,0.0,0.00282,0.00282,0.00282,,,4699664.0,,4699664.0
2019-05-03,37,81562621.0,0,0,0.0,0.02663,0.02663,0.02663,,,39616456.0,,39616456.0
2019-05-06,37,80879018.0,0,0,0.0,0.00352,0.00352,0.00352,,,6982271.0,,6982271.0
2019-05-07,37,81061632.0,0,0,0.0,0.00314,0.00314,0.00314,,,8533070.0,,8533070.0
2019-05-08,37,81115006.0,0,0,0.0,0.0,0.0,0.0,,,0.0,,0.0
2019-05-09,37,81115006.0,0,0,0.0,0.02055,0.02055,0.02055,,,39565731.0,,39565731.0
2019-05-10,37,82322840.0,0,0,0.0,0.00554,0.00554,0.00554,,,17025559.0,,17025559.0
2019-05-13,37,82683502.0,0,0,0.0,0.0046,0.0046,0.0046,,,12674085.0,,12674085.0
2019-05-14,37,82772756.0,0,0,0.0,0.00426,0.00426,0.00426,,,26971425.0,,26971425.0
2019-05-15,37,82938463.0,0,0,0.0,0.002,0.002,0.002,,,6534729.0,,6534729.0
2019-05-16,37,82930454.0,0,0,0.0,0.00246,0.00246,0.00246,,,5101570.0,,5101570.0
2019-05-17,37,83059302.0,0,0,0.0,0.0,0.0,0.0,,,0.0,,0.0
2019-05-20,37,83059302.0,0,0,0.0,0.00569,0.00569,0.00569,,,9800273.0,,9800273.0
2019-05-21,37,83282819.0,0,0,0.0,0.00584,0.00584,0.00584,,,10780625.0,,10780625.0
2019-05-22,37,83583985.0,0,0,0.0,0.00139,0.00139,0.00139,,,2156352.0,,2156352.0
2019-05-23,37,83699862.0,0,0,0.0,0.00969,0.00969,0.00969,,,14685965.0,,14685965.0
2019-05-24,37,84511036.0,0,0,0.0,0.00338,0.00338,0.00338,,,6264177.0,,6264177.0
2019-05-28,37,84711520.0,0,0,0.0,0.00264,0.00264,0.00264,,,11083805.0,,11083805.0
2019-05-29,37,84580316.0,0,0,0.0,0.00421,0.00421,0.00421,,,9483025.0,,9483025.0
2019-05-30,37,84735901.0,0,0,0.0,0.0109,0.0109,0.0109,,,27915393.0,,27915393.0
2019-05-31,37,83959983.0,0,0,0.0,0.00233,0.00233,0.00233,,,4554554.0,,4554554.0
2019-06-03,37,84103603.0,0,0,0.0,0.0052,0.0052,0.0052,,,12416583.0,,12416583.0
2019-06-04,37,84467465.0,0,0,0.0,0.0,0.0,0.0,,,0.0,,0.0
2019-06-05,37,84467465.0,0,0,0.0,0.0,0.0,0.0,,,0.0,,0.0
2019-06-06,37,84467465.0,0,0,0.0,0.00688,0.00688,0.00688,,,10511257.0,,10511257.0
2019-06-07,37,83885980.0,0,0,0.0,0.0,0.0,0.0,,,0.0,,0.0
2019-06-10,37,83885980.0,0,0,0.0,0.0097,0.0097,0.0097,,,15237839.0,,15237839.0
2019-06-11,37,83071886.0,0,0,0.0,0.00277,0.00277,0.00277,,,17471960.0,,17471960.0
2019-06-12,37,83173979.0,0,0,0.0,0.0028,0.0028,0.0028,,,4305979.0,,4305979.0
2019-06-13,37,83406535.0,0,0,0.0,0.01247,0.01247,0.01247,,,13110672.0,,13110672.0
2019-06-14,37,84327616.0,0,0,0.0,0.00441,0.00441,0.00441,,,14309080.0,,14309080.0
2019-06-17,37,84564151.0,1,1,0.05405,0.02723,0.02564,0.02723,,,59179508.0,,59179508.0
2019-06-18,37,86281015.0,0,0,0.0,0.0,0.0,0.0,,,0.0,,0.0
2019-06-19,37,86281015.0,0,0,0.0,0.00278,0.00278,0.00278,,,4516566.0,,4516566.0
2019-06-20,37,86041132.0,0,0,0.0,0.0,0.0,0.0,,,0.0,,0.0
2019-06-21,37,86041132.0,0,0,0.0,0.0,0.0,0.0,,,0.0,,0.0
2019-06-24,37,86041132.0,0,0,0.0,0.0,0.0,0.0,,,0.0,,0.0
2019-06-25,37,86041132.0,0,0,0.0,0.00139,0.00139,0.00139,,,2222506.0,,2222506.0
2019-06-26,37,86161074.0,0,0,0.0,0.00135,0.00135,0.00135,,,5681199.0,,5681199.0
2019-06-27,37,86258530.0,0,0,0.0,0.00039,0.00039,0.00039,,,796080.0,,796080.0
2019-06-28,37,86292536.0,0,0,0.0,0.00279,0.00279,0.00279,,,4796611.0,,4796611.0
2019-07-01,37,86532926.0,0,0,0.0,0.0,0.0,0.0,,,0.0,,0.0
2019-07-02,37,86532926.0,0,0,0.0,0.00139,0.00139,0.00139,,,2370271.0,,2370271.0
2019-07-03,37,86412726.0,0,0,0.0,0.0,0.0,0.0,,,0.0,,0.0
2019-07-05,37,86412726.0,0,0,0.0,0.0,0.0,0.0,,,0.0,,0.0
2019-07-08,37,86412726.0,0,0,0.0,0.0,0.0,0.0,,,0.0,,0.0
2019-07-09,37,86412726.0,0,0,0.0,0.00278,0.00278,0.00278,,,4821464.0,,4821464.0
2019-07-10,37,86172321.0,0,0,0.0,0.0,0.0,0.0,,,0.0,,0.0
2019-07-11,37,86172321.0,0,0,0.0,0.0,0.0,0.0,,,0.0,,0.0
2019-07-12,37,86172321.0,0,0,0.0,0.0,0.0,0.0,,,0.0,,0.0
2019-07-15,37,86172321.0,0,0,0.0,0.00554,0.00554,0.00554,,,31045545.0,,31045545.0
2019-07-16,37,85788128.0,0,0,0.0,0.0014,0.0014,0.0014,,,2418924.0,,2418924.0
2019-07-17,37,85668288.0,0,0,0.0,0.0,0.0,0.0,,,0.0,,0.0
2019-07-18,37,85668288.0,0,0,0.0,0.0,0.0,0.0,,,0.0,,0.0
2019-07-19,37,85668288.0,0,0,0.0,0.00362,0.00362,0.00362,,,10867787.0,,10867787.0
2019-07-22,37,85385219.0,0,0,0.0,0.0,0.0,0.0,,,0.0,,0.0
2019-07-23,37,85385219.0,0,0,0.0,0.0014,0.0014,0.0014,,,2446385.0,,2446385.0
2019-07-24,37,85504817.0,0,0,0.0,0.0,0.0,0.0,,,0.0,,0.0
2019-07-25,37,85504817.0,0,0,0.0,0.00232,0.00232,0.00232,,,7899478.0,,7899478.0
2019-07-26,37,85367000.0,0,0,0.0,0.00554,0.00554,0.00554,,,28659933.0,,28659933.0
2019-07-29,37,85268719.0,0,0,0.0,0.00253,0.00253,0.00253,,,8857752.0,,8857752.0
2019-07-30,37,85114786.0,0,0,0.0,0.00254,0.00254,0.00254,,,9363272.0,,9363272.0
2019-07-31,37,84924597.0,0,0,0.0,0.03229,0.03229,0.03229,,,67113288.0,,67113288.0
2019-08-01,37,86001814.0,0,0,0.0,0.0,0.0,0.0,,,0.0,,0.0
2019-08-02,37,86001814.0,0,0,0.0,0.00362,0.00362,0.00362,,,11238627.0,,11238627.0
2019-08-05,37,86087221.0,0,0,0.0,0.0055,0.0055,0.0055,,,22676872.0,,22676872.0
2019-08-06,37,85956084.0,0,0,0.0,0.01695,0.01695,0.01695,,,64790409.0,,64790409.0
2019-08-07,37,86164271.0,2,0,0.05405,0.02907,0.02657,0.02907,,,58640730.0,,58640730.0
2019-08-08,39,84466182.0,0,0,0.0,0.01017,0.01017,0.01017,,,9534354.0,,9534354.0
2019-08-09,39,84045327.0,0,0,0.0,0.00838,0.00838,0.00838,,,12748203.0,,12748203.0
2019-08-12,39,83663492.0,1,0,0.02564,0.0089,0.00545,0.0089,,,20314968.0,,20314968.0
2019-08-13,40,83935870.0,0,3,0.075,0.00342,0.00341,0.00342,,,9354779.0,,9354779.0
2019-08-14,37,83997385.0,0,0,0.0,0.00346,0.00346,0.00346,,,10086533.0,,10086533.0
2019-08-15,37,84073754.0,0,0,0.0,0.00625,0.00625,0.00625,,,30518256.0,,30518256.0
2019-08-16,37,83941676.0,0,0,0.0,0.00532,0.00532,0.00532,,,15608935.0,,15608935.0
2019-08-19,37,84329430.0,0,0,0.0,0.00276,0.00276,0.00276,,,4544081.0,,4544081.0
2019-08-20,37,84562085.0,0,0,0.0,0.0,0.0,0.0,,,0.0,,0.0
2019-08-21,37,84562085.0,0,0,0.0,0.00138,0.00138,0.00138,,,2278658.0,,2278658.0
2019-08-22,37,84678410.0,0,0,0.0,0.0063,0.0063,0.0063,,,13847437.0,,13847437.0
2019-08-23,37,84937152.0,0,0,0.0,0.00466,0.00466,0.00466,,,20165500.0,,20165500.0
2019-08-26,37,84711760.0,0,0,0.0,0.0109,0.0109,0.0109,,,8625655.0,,8625655.0
2019-08-27,37,84058604.0,0,0,0.0,0.03204,0.03204,0.03204,,,23892933.0,,23892933.0
2019-08-28,37,81954984.0,0,0,0.0,0.00101,0.00101,0.00101,,,6670938.0,,6670938.0
2019-08-29,37,82013630.0,1,0,0.02703,0.02602,0.02458,0.02602,,,59195276.0,,59195276.0
2019-08-30,38,80467947.0,0,0,0.0,0.00136,0.00136,0.00136,,,2211163.0,,2211163.0
2019-09-03,38,80358510.0,0,0,0.0,0.00179,0.00179,0.00179,,,13013227.0,,13013227.0
2019-09-04,38,80344370.0,0,0,0.0,0.00126,0.00126,0.00126,,,5701579.0,,5701579.0
2019-09-05,38,80371009.0,0,0,0.0,0.00081,0.00081,0.00081,,,4118884.0,,4118884.0
2019-09-06,38,80348180.0,0,0,0.0,0.00292,0.00292,0.00292,,,12817694.0,,12817694.0
2019-09-09,38,80487374.0,0,0,0.0,0.00243,0.00243,0.00243,,,10014538.0,,10014538.0
2019-09-10,38,80624611.0,0,2,0.05263,0.0,0.0,0.0,,,21267.0,,21267.0
2019-09-11,36,80624514.0,0,0,0.0,0.01419,0.01419,0.01419,,,13121233.0,,13121233.0
2019-09-12,36,79854814.0,1,0,0.02778,0.03639,0.03621,0.03639,,,31056745.0,,31056745.0
2019-09-13,37,77817411.0,0,0,0.0,0.00395,0.00395,0.00395,,,5337037.0,,5337037.0
2019-09-16,37,77908540.0,0,0,0.0,0.00294,0.00294,0.00294,,,5432026.0,,5432026.0
2019-09-17,37,78137627.0,0,0,0.0,0.00171,0.00171,0.00171,,,1324637.0,,1324637.0
2019-09-18,37,78036386.0,0,0,0.0,0.0,0.0,0.0,,,0.0,,0.0
2019-09-19,37,78036386.0,0,0,0.0,0.00135,0.00135,0.00135,,,2241040.0,,2241040.0
2019-09-20,37,78141710.0,0,0,0.0,0.00404,0.00404,0.00404,,,6710258.0,,6710258.0
2019-09-23,37,77825740.0,0,0,0.0,0.00103,0.00103,0.00103,,,6492523.0,,6492523.0
2019-09-24,37,77811933.0,1,0,0.02703,0.00462,0.00266,0.00462,,,31886934.0,,31886934.0
2019-09-25,38,77757968.0,0,0,0.0,0.0,0.0,0.0,,,0.0,,0.0
2019-09-26,38,77757968.0,0,0,0.0,0.00566,0.00566,0.00566,,,12603549.0,,12603549.0
2019-09-27,38,77521316.0,0,0,0.0,0.0,0.0,0.0,,,0.0,,0.0
2019-09-30,38,77521316.0,0,0,0.0,0.0,0.0,0.0,,,0.0,,0.0
2019-10-01,38,77521316.0,0,0,0.0,0.00237,0.00237,0.00237,,,8182734.0,,8182734.0
2019-10-02,38,77613954.0,0,0,0.0,0.00134,0.00134,0.00134,,,2865396.0,,2865396.0
2019-10-03,38,77579621.0,0,0,0.0,0.03744,0.03744,0.03744,,,46051863.0,,46051863.0
2019-10-04,38,75399758.0,0,0,0.0,0.00286,0.00286,0.00286,,,6649977.0,,6649977.0
2019-10-07,38,75615605.0,0,0,0.0,0.00137,0.00137,0.00137,,,2100878.0,,2100878.0
2019-10-08,38,75511862.0,0,0,0.0,0.0,0.0,0.0,,,0.0,,0.0
2019-10-09,38,75511862.0,0,0,0.0,0.0,0.0,0.0,,,0.0,,0.0
2019-10-10,38,75511862.0,0,0,0.0,0.00266,0.00266,0.00266,,,4506252.0,,4506252.0
2019-10-11,38,75377998.0,0,0,0.0,0.00684,0.00684,0.00684,,,5374519.0,,5374519.0
2019-10-14,38,74951368.0,1,0,0.02632,0.0045,0.00137,0.0045,,,22360006.0,,22360006.0
2019-10-15,39,75082594.0,0,0,0.0,0.00546,0.00546,0.00546,,,7647468.0,,7647468.0
2019-10-16,39,75044888.0,0,0,0.0,0.00384,0.00384,0.00384,,,8735386.0,,8735386.0
2019-10-17,39,74848888.0,0,0,0.0,0.00338,0.00338,0.00338,,,5591137.0,,5591137.0
2019-10-18,39,74681147.0,0,0,0.0,0.00633,0.00633,0.00633,,,4623374.0,,4623374.0
2019-10-21,39,74876834.0,0,0,0.0,0.02039,0.02039,0.02039,,,37255308.0,,37255308.0
2019-10-22,39,74078809.0,0,0,0.0,0.00325,0.00325,0.00325,,,4074998.0,,4074998.0
2019-10-23,39,74128617.0,0,0,0.0,0.01405,0.01405,0.01405,,,20866519.0,,20866519.0
2019-10-24,39,73904223.0,0,0,0.0,0.0022,0.0022,0.0022,,,5426486.0,,5426486.0
2019-10-25,39,74052691.0,0,0,0.0,0.00828,0.00828,0.00828,,,16551136.0,,16551136.0
2019-10-28,39,73866170.0,0,0,0.0,0.00959,0.00959,0.00959,,,28277876.0,,28277876.0
2019-10-29,39,73274386.0,0,0,0.0,0.00522,0.00522,0.00522,,,15700845.0,,15700845.0
2019-10-30,39,72921560.0,0,0,0.0,0.00138,0.00138,0.00138,,,2214227.0,,2214227.0
2019-10-31,39,73022101.0,0,0,0.0,0.02023,0.02023,0.02023,,,12789089.0,,12789089.0
2019-11-01,39,71921443.0,0,0,0.0,0.0,0.0,0.0,,,0.0,,0.0
2019-11-04,39,71921443.0,1,0,0.02564,0.0182,0.01232,0.0182,,,27499841.0,,27499841.0
2019-11-05,40,71480757.0,0,0,0.0,0.004,0.004,0.004,,,16122508.0,,16122508.0
2019-11-06,40,71613001.0,0,0,0.0,0.00016,0.00016,0.00016,,,74326.0,,74326.0
2019-11-07,40,71603497.0,0,0,0.0,0.00179,0.00179,0.00179,,,1926090.0,,1926090.0
2019-11-08,40,71731732.0,0,1,0.025,0.02107,0.02056,0.02107,,,41309877.0,,41309877.0
2019-11-11,39,71751924.0,0,0,0.0,0.00245,0.00245,0.00245,,,5157404.0,,5157404.0
2019-11-12,39,71834403.0,0,0,0.0,0.00137,0.00137,0.00137,,,2329051.0,,2329051.0
2019-11-13,39,71933164.0,0,0,0.0,0.0,0.0,0.0,,,0.0,,0.0
2019-11-14,39,71933164.0,0,0,0.0,0.0,0.0,0.0,,,0.0,,0.0
2019-11-15,39,71933164.0,0,0,0.0,0.00689,0.00689,0.00689,,,10435316.0,,10435316.0
2019-11-18,39,71984186.0,0,0,0.0,0.0,0.0,0.0,,,0.0,,0.0
2019-11-19,39,71984186.0,0,0,0.0,0.0,0.0,0.0,,,0.0,,0.0
2019-11-20,39,71984186.0,0,0,0.0,0.00035,0.00035,0.00035,,,1513353.0,,1513353.0
2019-11-21,39,71972907.0,0,0,0.0,0.0,0.0,0.0,,,0.0,,0.0
2019-11-22,39,71972907.0,0,0,0.0,0.0,0.0,0.0,,,0.0,,0.0
2019-11-25,39,71972907.0,0,0,0.0,0.00533,0.00533,0.00533,,,13033235.0,,13033235.0
2019-11-26,39,71940777.0,0,0,0.0,0.0,0.0,0.0,,,0.0,,0.0
2019-11-27,39,71940777.0,0,0,0.0,0.0,0.0,0.0,,,0.0,,0.0
2019-11-29,39,71940777.0,0,0,0.0,0.00138,0.00138,0.00138,,,2517632.0,,2517632.0
2019-12-02,39,72039816.0,0,0,0.0,0.0,0.0,0.0,,,0.0,,0.0
2019-12-03,39,72039816.0,0,0,0.0,0.0,0.0,0.0,,,0.0,,0.0
2019-12-04,39,72039816.0,0,0,0.0,0.0,0.0,0.0,,,0.0,,0.0
2019-12-05,39,72039816.0,0,0,0.0,0.00059,0.00059,0.00059,,,3849771.0,,3849771.0
2019-12-06,39,72015698.0,0,0,0.0,0.00232,0.00232,0.00232,,,9414943.0,,9414943.0
2019-12-09,39,72090726.0,0,0,0.0,0.0,0.0,0.0,,,0.0,,0.0
2019-12-10,39,72090726.0,0,0,0.0,0.0,0.0,0.0,,,0.0,,0.0
2019-12-11,39,72090726.0,0,0,0.0,0.0,0.0,0.0,,,0.0,,0.0
2019-12-12,39,72090726.0,0,0,0.0,0.00877,0.00877,0.00877,,,18507918.0,,18507918.0
2019-12-13,39,72249142.0,0,0,0.0,0.00491,0.00491,0.00491,,,10381994.0,,10381994.0
2019-12-16,39,72309804.0,0,0,0.0,0.00605,0.00605,0.00605,,,19556384.0,,19556384.0
2019-12-17,39,72579623.0,0,0,0.0,0.00272,0.00272,0.00272,,,5017863.0,,5017863.0
2019-12-18,39,72777273.0,0,0,0.0,0.0,0.0,0.0,,,0.0,,0.0
2019-12-19,39,72777273.0,0,0,0.0,0.00136,0.00136,0.00136,,,2542788.0,,2542788.0
2019-12-20,39,72876105.0,0,0,0.0,0.0041,0.0041,0.0041,,,17586859.0,,17586859.0
2019-12-23,39,73047696.0,0,0,0.0,0.00034,0.00034,0.00034,,,2357967.0,,2357967.0
2019-12-24,39,73023013.0,0,0,0.0,0.01265,0.01265,0.01265,,,39438076.0,,39438076.0
2019-12-26,39,72913481.0,0,0,0.0,0.00176,0.00176,0.00176,,,5636635.0,,5636635.0
2019-12-27,39,72980132.0,0,1,0.02564,0.00383,0.00062,0.00383,,,22814536.0,,22814536.0
2019-12-30,38,72791204.0,0,0,0.0,0.005,0.005,0.005,,,8957932.0,,8957932.0
2019-12-31,38,73116553.0,0,0,0.0,0.00495,0.00495,0.00495,,,15062219.0,,15062219.0
2020-01-02,38,72931271.0,0,0,0.0,0.00176,0.00176,0.00176,,,5431913.0,,5431913.0
2020-01-03,38,72981718.0,0,0,0.0,0.00272,0.00272,0.00272,,,7791827.0,,7791827.0
2020-01-06,38,72913220.0,0,0,0.0,2e-05,2e-05,2e-05,,,26081.0,,26081.0
2020-01-07,38,72914845.0,0,0,0.0,0.00579,0.00579,0.00579,,,10037284.0,,10037284.0
2020-01-08,38,73189129.0,0,0,0.0,0.00011,0.00011,0.00011,,,133267.0,,133267.0
2020-01-09,38,73197325.0,1,0,0.02632,0.0087,0.00571,0.0087,,,16415765.0,,16415765.0
2020-01-10,39,73239825.0,0,0,0.0,0.00963,0.00963,0.00963,,,16228499.0,,16228499.0
2020-01-13,39,73945384.0,0,0,0.0,0.01063,0.01063,0.01063,,,40956222.0,,40956222.0
2020-01-14,39,73797087.0,0,0,0.0,0.01295,0.01295,0.01295,,,36660256.0,,36660256.0
2020-01-15,39,73817095.0,0,0,0.0,2e-05,2e-05,2e-05,,,380623.0,,380623.0
2020-01-16,39,73818283.0,0,0,0.0,0.00398,0.00398,0.00398,,,8083115.0,,8083115.0
2020-01-17,39,74111896.0,0,0,0.0,0.00264,0.00264,0.00264,,,5355251.0,,5355251.0
2020-01-21,39,73916152.0,0,0,0.0,0.00132,0.00132,0.00132,,,2675089.0,,2675089.0
2020-01-22,39,74014026.0,0,0,0.0,0.00397,0.00397,0.00397,,,8059434.0,,8059434.0
2020-01-23,39,74307640.0,0,0,0.0,0.00602,0.00602,0.00602,,,27684961.0,,27684961.0
2020-01-24,39,74115611.0,0,0,0.0,0.00658,0.00658,0.00658,,,13184323.0,,13184323.0
2020-01-27,39,74603057.0,0,0,0.0,0.00391,0.00391,0.00391,,,17022499.0,,17022499.0
2020-01-28,39,74719191.0,0,0,0.0,0.00609,0.00609,0.00609,,,13982736.0,,13982736.0
2020-01-29,39,74818995.0,0,0,0.0,0.00189,0.00189,0.00189,,,3557405.0,,3557405.0
2020-01-30,39,74788203.0,0,0,0.0,0.01523,0.01523,0.01523,,,19991089.0,,19991089.0
2020-01-31,39,75508352.0,3,0,0.07692,0.01669,0.01508,0.01669,,,70636691.0,,70636691.0
2020-02-03,42,75171529.0,0,0,0.0,0.0,0.0,0.0,,,0.0,,0.0
2020-02-04,42,75171529.0,0,0,0.0,0.00327,0.00327,0.00327,,,7029946.0,,7029946.0
2020-02-05,42,75340459.0,0,0,0.0,0.02246,0.02246,0.02246,,,59863237.0,,59863237.0
2020-02-06,42,76338566.0,0,0,0.0,0.00586,0.00586,0.00586,,,7986986.0,,7986986.0
2020-02-07,42,76435406.0,0,0,0.0,0.00979,0.00979,0.00979,,,32705717.0,,32705717.0
2020-02-10,42,76789183.0,0,0,0.0,0.00571,0.00571,0.00571,,,25390242.0,,25390242.0
2020-02-11,42,76796123.0,0,0,0.0,0.01414,0.01414,0.01414,,,31746280.0,,31746280.0
2020-02-12,42,77660204.0,0,0,0.0,0.00794,0.00794,0.00794,,,32384048.0,,32384048.0
2020-02-13,42,77547536.0,0,0,0.0,0.01728,0.01728,0.01728,,,39416713.0,,39416713.0
2020-02-14,42,78759356.0,0,0,0.0,0.00016,0.00016,0.00016,,,1281989.0,,1281989.0
2020-02-18,42,78772135.0,0,0,0.0,0.00849,0.00849,0.00849,,,29816551.0,,29816551.0
2020-02-19,42,79060849.0,1,0,0.02381,0.00569,0.00479,0.00569,,,15955587.0,,15955587.0
2020-02-20,43,79246113.0,1,0,0.02326,0.02041,0.0164,0.02041,,,53616365.0,,53616365.0
2020-02-21,44,80109115.0,0,0,0.0,0.01945,0.01945,0.01945,,,58317665.0,,58317665.0
2020-02-24,44,81013029.0,0,0,0.0,0.01328,0.01328,0.01328,,,32141106.0,,32141106.0
2020-02-25,44,81833689.0,0,0,0.0,0.0105,0.0105,0.0105,,,30167048.0,,30167048.0
2020-02-26,44,81695533.0,0,0,0.0,0.00705,0.00705,0.00705,,,31505736.0,,31505736.0
2020-02-27,44,82071278.0,0,0,0.0,0.00939,0.00939,0.00939,,,20856113.0,,20856113.0
2020-02-28,44,81811624.0,0,0,0.0,0.02634,0.02634,0.02634,,,100403325.0,,100403325.0
2020-03-02,44,82380881.0,0,0,0.0,0.0118,0.0118,0.0118,,,49912526.0,,49912526.0
2020-03-03,44,82420534.0,0,0,0.0,0.01397,0.01397,0.01397,,,35503156.0,,35503156.0
2020-03-04,44,82988551.0,0,0,0.0,0.01039,0.01039,0.01039,,,28896248.0,,28896248.0
2020-03-05,44,83472979.0,0,0,0.0,0.00838,0.00838,0.00838,,,17250401.0,,17250401.0
2020-03-06,44,83977060.0,0,0,0.0,0.00275,0.00275,0.00275,,,13979667.0,,13979667.0
2020-03-09,44,83950812.0,1,0,0.02273,0.02495,0.02,0.02495,,,81624973.0,,81624973.0
2020-03-10,45,84985931.0,0,0,0.0,0.01889,0.01889,0.01889,,,56124542.0,,56124542.0
2020-03-11,45,84866315.0,1,1,0.04444,0.01146,0.0087,0.01146,,,28061843.0,,28061843.0
2020-03-12,45,84699537.0,0,0,0.0,0.01528,0.01528,0.01528,,,59557725.0,,59557725.0
2020-03-13,45,85239606.0,0,0,0.0,0.01932,0.01932,0.01932,,,67551282.0,,67551282.0
2020-03-16,45,86098338.0,0,0,0.0,0.00353,0.00353,0.00353,,,5439952.0,,5439952.0
2020-03-17,45,86402675.0,0,1,0.02222,0.01263,0.01206,0.01263,,,32052216.0,,32052216.0
2020-03-18,44,86775652.0,0,0,0.0,0.03332,0.03332,0.03332,,,59082011.0,,59082011.0
2020-03-19,44,87269361.0,0,8,0.18182,0.01253,0.01246,0.01253,,,30257434.0,,30257434.0
2020-03-20,36,88151298.0,0,0,0.0,0.00271,0.00271,0.00271,,,5619319.0,,5619319.0
2020-03-23,36,87912406.0,0,0,0.0,0.00402,0.00402,0.00402,,,10652282.0,,10652282.0
2020-03-24,36,88259619.0,0,1,0.02778,0.00963,0.00953,0.00963,,,20728927.0,,20728927.0
2020-03-25,35,88050236.0,0,0,0.0,0.00931,0.00931,0.00931,,,17485391.0,,17485391.0
2020-03-26,35,88870279.0,0,0,0.0,0.00923,0.00923,0.00923,,,18368656.0,,18368656.0
2020-03-27,35,89690308.0,0,0,0.0,0.01143,0.01143,0.01143,,,21814157.0,,21814157.0
2020-03-30,35,90715362.0,0,1,0.02857,0.02339,0.02317,0.02339,,,39226954.0,,39226954.0
2020-03-31,34,91411833.0,0,0,0.0,0.0154,0.0154,0.0154,,,32449591.0,,32449591.0
2020-04-01,34,92744793.0,0,0,0.0,0.00456,0.00456,0.00456,,,10380543.0,,10380543.0
2020-04-02,34,93158184.0,0,0,0.0,0.01109,0.01109,0.01109,,,18191408.0,,18191408.0
2020-04-03,34,93639166.0,0,0,0.0,0.04261,0.04261,0.04261,,,45528051.0,,45528051.0
2020-04-06,34,91986647.0,0,1,0.02941,0.01269,0.01269,0.01269,,,44382836.0,,44382836.0
2020-04-07,33,92609060.0,0,0,0.0,0.00797,0.00797,0.00797,,,15700923.0,,15700923.0
2020-04-08,33,93250449.0,0,0,0.0,0.00399,0.00399,0.00399,,,5444680.0,,5444680.0
2020-04-09,33,93622776.0,0,0,0.0,0.00467,0.00467,0.00467,,,11849220.0,,11849220.0
2020-04-13,33,93907584.0,0,0,0.0,0.03485,0.03485,0.03485,,,76730656.0,,76730656.0
2020-04-14,33,97169368.0,0,0,0.0,0.00349,0.00349,0.00349,,,9606220.0,,9606220.0
2020-04-15,33,97438951.0,0,0,0.0,0.01454,0.01454,0.01454,,,34529774.0,,34529774.0
2020-04-16,33,98855641.0,0,0,0.0,0.00386,0.00386,0.00386,,,8990318.0,,8990318.0
2020-04-17,33,98981934.0,0,0,0.0,0.00701,0.00701,0.00701,,,15245425.0,,15245425.0
2020-04-20,33,99271347.0,0,1,0.0303,0.01626,0.01626,0.01626,,,37605279.0,,37605279.0
2020-04-21,32,100617689.0,1,0,0.03125,0.0078,0.00668,0.0078,,,27387817.0,,27387817.0
2020-04-22,33,100959045.0,0,1,0.0303,0.00816,0.00816,0.00816,,,26073669.0,,26073669.0
2020-04-23,32,101539325.0,0,0,0.0,0.00933,0.00933,0.00933,,,38868062.0,,38868062.0
2020-04-24,32,102395621.0,0,0,0.0,0.01223,0.01223,0.01223,,,55967529.0,,55967529.0
2020-04-27,32,102954450.0,0,0,0.0,0.00255,0.00255,0.00255,,,3889713.0,,3889713.0
2020-04-28,32,102888277.0,0,0,0.0,0.02088,0.02088,0.02088,,,59956309.0,,59956309.0
2020-04-29,32,104905642.0,0,0,0.0,0.00865,0.00865,0.00865,,,25407028.0,,25407028.0
2020-04-30,32,105812648.0,0,0,0.0,0.0093,0.0093,0.0093,,,27207007.0,,27207007.0
2020-05-01,32,106796775.0,0,0,0.0,0.0,0.0,0.0,,,0.0,,0.0
2020-05-04,32,106796775.0,0,0,0.0,0.00708,0.00708,0.00708,,,30693775.0,,30693775.0
2020-05-05,32,107427864.0,0,0,0.0,0.00516,0.00516,0.00516,,,11656447.0,,11656447.0
2020-05-06,32,107451841.0,0,0,0.0,0.0039,0.0039,0.0039,,,11025664.0,,11025664.0
2020-05-07,32,107769218.0,1,0,0.03125,0.011,0.01088,0.011,,,36409184.0,,36409184.0
2020-05-08,33,108850115.0,0,0,0.0,0.0044,0.0044,0.0044,,,15028077.0,,15028077.0
2020-05-11,33,109089344.0,0,0,0.0,0.00922,0.00922,0.00922,,,35450531.0,,35450531.0
2020-05-12,33,109443117.0,0,0,0.0,0.00587,0.00587,0.00587,,,12322152.0,,12322152.0
2020-05-13,33,110085422.0,0,0,0.0,0.00323,0.00323,0.00323,,,10619025.0,,10619025.0
2020-05-14,33,110437665.0,0,0,0.0,0.00942,0.00942,0.00942,,,43631031.0,,43631031.0
2020-05-15,33,110958497.0,0,0,0.0,0.00784,0.00784,0.00784,,,14111706.0,,14111706.0
2020-05-18,33,110973587.0,0,0,0.0,0.00885,0.00885,0.00885,,,36846697.0,,36846697.0
2020-05-19,33,111419961.0,0,0,0.0,0.00271,0.00271,0.00271,,,8039415.0,,8039415.0
2020-05-20,33,111369560.0,0,0,0.0,0.00436,0.00436,0.00436,,,16890856.0,,16890856.0
2020-05-21,33,111758675.0,0,0,0.0,0.0155,0.0155,0.0155,,,46869673.0,,46869673.0
2020-05-22,33,112123808.0,0,0,0.0,0.00927,0.00927,0.00927,,,34100384.0,,34100384.0
2020-05-26,33,112928484.0,0,0,0.0,0.00787,0.00787,0.00787,,,34165242.0,,34165242.0
2020-05-27,33,113791819.0,1,0,0.0303,0.02036,0.01952,0.02036,,,86018321.0,,86018321.0
2020-05-28,34,115565875.0,0,0,0.0,0.0009,0.0009,0.0009,,,3715824.0,,3715824.0
2020-05-29,34,115669611.0,0,0,0.0,0.00128,0.00128,0.00128,,,4592884.0,,4592884.0
2020-06-01,34,115769152.0,1,0,0.02941,0.00809,0.00335,0.00809,,,39154934.0,,39154934.0
2020-06-02,35,116392331.0,0,0,0.0,0.00507,0.00507,0.00507,,,20951356.0,,20951356.0
2020-06-03,35,116981929.0,0,0,0.0,0.0136,0.0136,0.0136,,,55211188.0,,55211188.0
2020-06-04,35,118563255.0,0,0,0.0,0.01772,0.01772,0.01772,,,68760464.0,,68760464.0
2020-06-05,35,120071848.0,0,0,0.0,0.00538,0.00538,0.00538,,,10219027.0,,10219027.0
2020-06-08,35,119918108.0,1,0,0.02857,0.02146,0.01614,0.02146,,,101193918.0,,101193918.0
2020-06-09,36,121430606.0,0,0,0.0,0.00902,0.00902,0.00902,,,32144691.0,,32144691.0
2020-06-10,36,121538008.0,0,0,0.0,0.00528,0.00528,0.00528,,,28336752.0,,28336752.0
2020-06-11,36,122021678.0,0,0,0.0,0.01607,0.01607,0.01607,,,62118016.0,,62118016.0
2020-06-12,36,123535868.0,0,0,0.0,0.00188,0.00188,0.00188,,,6421867.0,,6421867.0
2020-06-15,36,123768044.0,0,0,0.0,0.00365,0.00365,0.00365,,,15076053.0,,15076053.0
2020-06-16,36,124183314.0,0,0,0.0,0.00962,0.00962,0.00962,,,35012814.0,,35012814.0
2020-06-17,36,125034176.0,0,0,0.0,0.0101,0.0101,0.0101,,,53663089.0,,53663089.0
2020-06-18,36,125771563.0,0,0,0.0,0.01282,0.01282,0.01282,,,59309499.0,,59309499.0
2020-06-19,36,127384314.0,0,0,0.0,0.00069,0.00069,0.00069,,,3168926.0,,3168926.0
2020-06-22,36,127471798.0,0,0,0.0,0.00852,0.00852,0.00852,,,43506613.0,,43506613.0
2020-06-23,36,128206391.0,0,0,0.0,0.0173,0.0173,0.0173,,,105943595.0,,105943595.0
2020-06-24,36,129791071.0,0,0,0.0,0.01137,0.01137,0.01137,,,46673500.0,,46673500.0
2020-06-25,36,130977241.0,0,0,0.0,0.00801,0.00801,0.00801,,,52659801.0,,52659801.0
2020-06-26,36,131855477.0,0,0,0.0,0.01258,0.01258,0.01258,,,62416262.0,,62416262.0
2020-06-29,36,133339950.0,0,0,0.0,0.00199,0.00199,0.00199,,,9767583.0,,9767583.0
2020-06-30,36,133605561.0,0,0,0.0,0.00781,0.00781,0.00781,,,49618718.0,,49618718.0
2020-07-01,36,134138115.0,0,0,0.0,0.00861,0.00861,0.00861,,,41489110.0,,41489110.0
2020-07-02,36,135254370.0,0,0,0.0,0.00748,0.00748,0.00748,,,37931952.0,,37931952.0
2020-07-06,36,135937117.0,0,0,0.0,0.0107,0.0107,0.0107,,,55642643.0,,55642643.0
2020-07-07,36,137094979.0,0,0,0.0,0.00746,0.00746,0.00746,,,37868891.0,,37868891.0
2020-07-08,36,137813236.0,0,0,0.0,0.01317,0.01317,0.01317,,,78642570.0,,78642570.0
2020-07-09,36,139628684.0,2,0,0.05556,0.02135,0.01823,0.02135,,,170981286.0,,170981286.0
2020-07-10,38,141554931.0,1,0,0.02632,0.02479,0.02106,0.02479,,,172241202.0,,172241202.0
2020-07-13,39,143394432.0,0,0,0.0,0.00747,0.00747,0.00747,,,40769107.0,,40769107.0
2020-07-14,39,144276713.0,1,0,0.02564,0.02869,0.02767,0.02869,,,186750110.0,,186750110.0
2020-07-15,40,146654984.0,0,0,0.0,0.00396,0.00396,0.00396,,,29241197.0,,29241197.0
2020-07-16,40,147093965.0,0,0,0.0,0.00742,0.00742,0.00742,,,41815566.0,,41815566.0
2020-07-17,40,148096925.0,0,0,0.0,0.00609,0.00609,0.00609,,,33494403.0,,33494403.0
2020-07-20,40,148620083.0,0,0,0.0,0.00962,0.00962,0.00962,,,67291511.0,,67291511.0
2020-07-21,40,149663829.0,0,0,0.0,0.00456,0.00456,0.00456,,,24920697.0,,24920697.0
2020-07-22,40,150109609.0,0,0,0.0,0.00864,0.00864,0.00864,,,51502902.0,,51502902.0
2020-07-23,40,151240684.0,1,0,0.025,0.0206,0.01161,0.0206,,,81657755.0,,81657755.0
2020-07-24,41,151899002.0,0,0,0.0,0.00662,0.00662,0.00662,,,32533636.0,,32533636.0
2020-07-27,41,152573944.0,0,0,0.0,0.00994,0.00994,0.00994,,,88000733.0,,88000733.0
2020-07-28,41,152889858.0,0,0,0.0,0.01338,0.01338,0.01338,,,80334084.0,,80334084.0
2020-07-29,41,154821149.0,0,0,0.0,0.00239,0.00239,0.00239,,,13035790.0,,13035790.0
2020-07-30,41,155173424.0,0,0,0.0,0.00614,0.00614,0.00614,,,48882194.0,,48882194.0
2020-07-31,41,155705443.0,0,0,0.0,0.01269,0.01269,0.01269,,,69899331.0,,69899331.0
2020-08-03,41,156344727.0,0,0,0.0,0.0,0.0,0.0,,,0.0,,0.0
2020-08-04,41,156344727.0,0,0,0.0,0.01178,0.01178,0.01178,,,80176235.0,,80176235.0
2020-08-05,41,158105621.0,0,0,0.0,0.01316,0.01316,0.01316,,,102893548.0,,102893548.0
2020-08-06,41,160105676.0,1,0,0.02439,0.01414,0.01221,0.01414,,,233286436.0,,233286436.0
2020-08-07,42,160883487.0,1,0,0.02381,0.03275,0.03103,0.03275,,,233287081.0,,233287081.0
2020-08-10,43,159316338.0,0,0,0.0,0.00736,0.00736,0.00736,,,138665737.0,,138665737.0
2020-08-11,43,159465621.0,0,0,0.0,0.01184,0.01184,0.01184,,,102337592.0,,102337592.0
2020-08-12,43,158837551.0,0,0,0.0,0.00315,0.00315,0.00315,,,20057880.0,,20057880.0
2020-08-13,43,159337826.0,0,0,0.0,0.00745,0.00745,0.00745,,,67450480.0,,67450480.0
2020-08-14,43,160176788.0,0,0,0.0,0.00806,0.00806,0.00806,,,55947425.0,,55947425.0
2020-08-17,43,161459711.0,0,0,0.0,0.00295,0.00295,0.00295,,,15765645.0,,15765645.0
2020-08-18,43,161935960.0,1,0,0.02326,0.00672,0.00646,0.00672,,,51553340.0,,51553340.0
2020-08-19,44,162880082.0,2,0,0.04545,0.01311,0.00978,0.01311,,,173936334.0,,173936334.0
2020-08-20,46,163757257.0,0,0,0.0,0.01637,0.01637,0.01637,,,125942985.0,,125942985.0
2020-08-21,46,166438497.0,2,0,0.04348,0.01058,0.00952,0.01058,,,90552913.0,,90552913.0
2020-08-24,48,167466114.0,0,0,0.0,0.00997,0.00997,0.00997,,,93240612.0,,93240612.0
2020-08-25,48,168944792.0,0,0,0.0,0.00728,0.00728,0.00728,,,55048410.0,,55048410.0
2020-08-26,48,170139286.0,0,0,0.0,0.01052,0.01052,0.01052,,,79690802.0,,79690802.0
2020-08-27,48,171928708.0,0,0,0.0,0.01474,0.01474,0.01474,,,83599688.0,,83599688.0
2020-08-28,48,174108464.0,0,0,0.0,0.0073,0.0073,0.0073,,,51136395.0,,51136395.0
2020-08-31,48,175378732.0,0,0,0.0,0.00892,0.00892,0.00892,,,160507962.0,,160507962.0
2020-09-01,48,176034752.0,0,0,0.0,0.02128,0.02128,0.02128,,,199022437.0,,199022437.0
2020-09-02,48,179699628.0,1,0,0.02083,0.0199,0.01904,0.0199,,,197991178.0,,197991178.0
2020-09-03,49,183009982.0,0,2,0.04082,0.0231,0.0231,0.0231,,,179254719.0,,179254719.0
2020-09-04,47,185786937.0,0,0,0.0,0.00964,0.00964,0.00964,,,71896652.0,,71896652.0
2020-09-08,47,185778350.0,0,1,0.02128,0.01783,0.01782,0.01783,,,173129591.0,,173129591.0
2020-09-09,46,184244648.0,0,0,0.0,0.01535,0.01535,0.01535,,,187507661.0,,187507661.0
2020-09-10,46,182887346.0,0,0,0.0,0.01423,0.01423,0.01423,,,79744067.0,,79744067.0
2020-09-11,46,183634694.0,0,0,0.0,0.01121,0.01121,0.01121,,,91419190.0,,91419190.0
2020-09-14,46,183845100.0,0,0,0.0,0.00805,0.00805,0.00805,,,67005468.0,,67005468.0
2020-09-15,46,184793721.0,0,0,0.0,0.01395,0.01395,0.01395,,,124203728.0,,124203728.0
2020-09-16,46,187172885.0,0,0,0.0,0.0028,0.0028,0.0028,,,22560820.0,,22560820.0
2020-09-17,46,187696412.0,0,0,0.0,0.00817,0.00817,0.00817,,,80593284.0,,80593284.0
2020-09-18,46,189108016.0,0,0,0.0,0.01147,0.01147,0.01147,,,116373144.0,,116373144.0
2020-09-21,46,191015844.0,0,0,0.0,0.01027,0.01027,0.01027,,,83013104.0,,83013104.0
2020-09-22,46,192457836.0,0,0,0.0,0.00279,0.00279,0.00279,,,12035883.0,,12035883.0
2020-09-23,46,192959975.0,1,0,0.02174,0.00944,0.00676,0.00944,,,109450420.0,,109450420.0
2020-09-24,47,193660262.0,0,0,0.0,0.00781,0.00781,0.00781,,,128684420.0,,128684420.0
2020-09-25,47,194198882.0,0,0,0.0,0.00376,0.00376,0.00376,,,52114975.0,,52114975.0
2020-09-28,47,194069284.0,0,0,0.0,0.00653,0.00653,0.00653,,,50322881.0,,50322881.0
2020-09-29,47,194252784.0,0,0,0.0,0.00706,0.00706,0.00706,,,69749117.0,,69749117.0
2020-09-30,47,195509044.0,0,0,0.0,0.00539,0.00539,0.00539,,,64322353.0,,64322353.0
2020-10-01,47,195962918.0,0,0,0.0,0.00196,0.00196,0.00196,,,15718490.0,,15718490.0
2020-10-02,47,195577963.0,0,0,0.0,0.00171,0.00171,0.00171,,,22669837.0,,22669837.0
2020-10-05,47,195617733.0,0,0,0.0,0.00023,0.00023,0.00023,,,1233742.0,,1233742.0
2020-10-06,47,195662629.0,0,0,0.0,0.00104,0.00104,0.00104,,,9315544.0,,9315544.0
2020-10-07,47,195575935.0,0,0,0.0,0.00638,0.00638,0.00638,,,54896399.0,,54896399.0
2020-10-08,47,196420683.0,0,0,0.0,0.0049,0.0049,0.0049,,,60286363.0,,60286363.0
2020-10-09,47,197149683.0,0,0,0.0,0.00476,0.00476,0.00476,,,64325689.0,,64325689.0
2020-10-12,47,198015570.0,0,0,0.0,0.00572,0.00572,0.00572,,,53368460.0,,53368460.0
2020-10-13,47,198976541.0,0,0,0.0,0.00735,0.00735,0.00735,,,105144848.0,,105144848.0
2020-10-14,47,200313582.0,0,0,0.0,0.01134,0.01134,0.01134,,,164051237.0,,164051237.0
2020-10-15,47,202583762.0,1,0,0.02128,0.00522,0.00509,0.00522,,,74586992.0,,74586992.0
2020-10-16,48,203507719.0,1,0,0.02083,0.00582,0.00485,0.00582,,,192602473.0,,192602473.0
2020-10-19,49,204629924.0,0,0,0.0,0.00465,0.00465,0.00465,,,67035368.0,,67035368.0
2020-10-20,49,205360207.0,0,0,0.0,0.00013,0.00013,0.00013,,,4157438.0,,4157438.0
2020-10-21,49,205387594.0,0,1,0.02041,0.00564,0.00564,0.00564,,,101517949.0,,101517949.0
2020-10-22,48,206505712.0,0,0,0.0,0.00517,0.00517,0.00517,,,53730610.0,,53730610.0
2020-10-23,48,207204282.0,0,0,0.0,0.00171,0.00171,0.00171,,,24167073.0,,24167073.0
2020-10-26,48,207536915.0,0,0,0.0,0.00218,0.00218,0.00218,,,24359719.0,,24359719.0
2020-10-27,48,207772036.0,0,0,0.0,0.0,0.0,0.0,,,0.0,,0.0
2020-10-28,48,207772036.0,1,0,0.02083,0.00684,0.00438,0.00684,,,216741344.0,,216741344.0
2020-10-29,49,207800864.0,0,1,0.02041,0.00316,0.00316,0.00316,,,90847065.0,,90847065.0
2020-10-30,48,208200273.0,0,0,0.0,0.01348,0.01348,0.01348,,,328810169.0,,328810169.0
2020-11-02,48,208499560.0,0,0,0.0,0.0,0.0,0.0,,,0.0,,0.0
2020-11-03,48,208499560.0,0,0,0.0,0.00985,0.00985,0.00985,,,208174536.0,,208174536.0
2020-11-04,48,207956963.0,1,0,0.02083,0.01294,0.01034,0.01294,,,313663655.0,,313663655.0
2020-11-05,49,206983762.0,0,1,0.02041,0.00342,0.00342,0.00342,,,59229793.0,,59229793.0
2020-11-06,48,207538490.0,0,0,0.0,0.01231,0.01231,0.01231,,,174773643.0,,174773643.0
2020-11-09,48,209757239.0,0,0,0.0,0.00373,0.00373,0.00373,,,58292784.0,,58292784.0
2020-11-10,48,210451994.0,0,0,0.0,0.01386,0.01386,0.01386,,,314614441.0,,314614441.0
2020-11-11,48,212504563.0,0,0,0.0,0.00291,0.00291,0.00291,,,71239074.0,,71239074.0
2020-11-12,48,212631800.0,0,0,0.0,0.00579,0.00579,0.00579,,,91587033.0,,91587033.0
2020-11-13,48,212985497.0,0,0,0.0,0.00552,0.00552,0.00552,,,79222452.0,,79222452.0
2020-11-16,48,213178318.0,0,0,0.0,0.00352,0.00352,0.00352,,,74286921.0,,74286921.0
2020-11-17,48,213684573.0,0,1,0.02083,0.00483,0.00483,0.00483,,,111554645.0,,111554645.0
2020-11-18,47,213408198.0,0,0,0.0,0.00284,0.00284,0.00284,,,48713085.0,,48713085.0
2020-11-19,47,213708723.0,0,0,0.0,0.00512,0.00512,0.00512,,,87859969.0,,87859969.0
2020-11-20,47,214628737.0,2,1,0.06383,0.01545,0.00572,0.01545,,,320550843.0,,320550843.0
2020-11-23,48,216348853.0,0,0,0.0,0.00123,0.00123,0.00123,,,17943062.0,,17943062.0
2020-11-24,48,216399565.0,0,0,0.0,0.0083,0.0083,0.0083,,,134289017.0,,134289017.0
2020-11-25,48,217866696.0,0,0,0.0,0.00458,0.00458,0.00458,,,80795680.0,,80795680.0
2020-11-27,48,218779809.0,0,0,0.0,0.00094,0.00094,0.00094,,,14351781.0,,14351781.0
2020-11-30,48,218881691.0,0,0,0.0,0.0015,0.0015,0.0015,,,27177364.0,,27177364.0
2020-12-01,48,219167625.0,0,0,0.0,0.01313,0.01313,0.01313,,,269271074.0,,269271074.0
2020-12-02,48,221583853.0,0,0,0.0,0.00517,0.00517,0.00517,,,127846567.0,,127846567.0
2020-12-03,48,222079885.0,0,0,0.0,0.0312,0.0312,0.0312,,,523014812.0,,523014812.0
2020-12-04,48,220537105.0,0,0,0.0,0.03886,0.03886,0.03886,,,580205822.0,,580205822.0
2020-12-07,48,217398501.0,0,0,0.0,0.01477,0.01477,0.01477,,,268573544.0,,268573544.0
2020-12-08,48,217757200.0,0,0,0.0,0.00698,0.00698,0.00698,,,159317413.0,,159317413.0
2020-12-09,48,219127088.0,0,0,0.0,0.00575,0.00575,0.00575,,,131138936.0,,131138936.0
2020-12-10,48,220319621.0,0,0,0.0,0.00667,0.00667,0.00667,,,180867833.0,,180867833.0
2020-12-11,48,221641805.0,1,0,0.02083,0.00953,0.00875,0.00953,,,227004704.0,,227004704.0
2020-12-14,49,223585030.0,0,0,0.0,0.00843,0.00843,0.00843,,,204136870.0,,204136870.0
2020-12-15,49,224743436.0,0,0,0.0,0.00802,0.00802,0.00802,,,146019831.0,,146019831.0
2020-12-16,49,224960327.0,0,0,0.0,0.01631,0.01631,0.01631,,,405260324.0,,405260324.0
2020-12-17,49,225044041.0,0,0,0.0,0.00578,0.00578,0.00578,,,190354057.0,,190354057.0
2020-12-18,49,226338092.0,0,0,0.0,0.00522,0.00522,0.00522,,,111440259.0,,111440259.0
2020-12-21,49,227399147.0,0,0,0.0,0.00434,0.00434,0.00434,,,111911640.0,,111911640.0
2020-12-22,49,228247329.0,0,2,0.04082,0.00631,0.00631,0.00631,,,168168508.0,,168168508.0
2020-12-23,47,229616609.0,0,0,0.0,0.01124,0.01124,0.01124,,,297881700.0,,297881700.0
2020-12-24,47,231362516.0,0,0,0.0,0.00992,0.00992,0.00992,,,259753498.0,,259753498.0
2020-12-28,47,233262643.0,0,0,0.0,0.00385,0.00385,0.00385,,,87984332.0,,87984332.0
2020-12-29,47,234156910.0,0,0,0.0,0.00599,0.00599,0.00599,,,146231605.0,,146231605.0
2020-12-30,47,235560061.0,0,0,0.0,0.00786,0.00786,0.00786,,,142249699.0,,142249699.0
2020-12-31,47,233886535.0,0,0,0.0,0.00948,0.00948,0.00948,,,331291413.0,,331291413.0
2021-01-04,47,233978772.0,0,0,0.0,0.00258,0.00258,0.00258,,,106286479.0,,106286479.0
2021-01-05,47,234344403.0,0,0,0.0,0.00305,0.00305,0.00305,,,82910596.0,,82910596.0
2021-01-06,47,235049311.0,0,0,0.0,0.00188,0.00188,0.00188,,,48226470.0,,48226470.0
2021-01-07,47,235429471.0,2,0,0.04255,0.00666,0.00343,0.00666,,,220944197.0,,220944197.0
2021-01-08,49,236764849.0,1,0,0.02041,0.01155,0.01134,0.01155,,,326960871.0,,326960871.0
2021-01-11,50,236113982.0,0,1,0.02,0.01484,0.01477,0.01484,,,443365395.0,,443365395.0
2021-01-12,49,238933502.0,1,0,0.02041,0.00913,0.00887,0.00913,,,283332410.0,,283332410.0
2021-01-13,50,240930555.0,0,0,0.0,0.01065,0.01065,0.01065,,,479996885.0,,479996885.0
2021-01-14,50,242513868.0,0,0,0.0,0.00851,0.00851,0.00851,,,253282081.0,,253282081.0
2021-01-15,50,243361988.0,0,0,0.0,0.00688,0.00688,0.00688,,,231738524.0,,231738524.0
2021-01-19,50,244311322.0,0,0,0.0,0.00834,0.00834,0.00834,,,392513470.0,,392513470.0
2021-01-20,50,245997853.0,0,0,0.0,0.00861,0.00861,0.00861,,,385453396.0,,385453396.0
2021-01-21,50,246473827.0,1,0,0.02,0.01113,0.01043,0.01113,,,424700533.0,,424700533.0
2021-01-22,51,248936383.0,0,0,0.0,0.01146,0.01146,0.01146,,,371839466.0,,371839466.0
2021-01-25,51,251516602.0,0,0,0.0,0.00598,0.00598,0.00598,,,226458039.0,,226458039.0
2021-01-26,51,252764445.0,0,0,0.0,0.00291,0.00291,0.00291,,,85715015.0,,85715015.0
2021-01-27,51,253368056.0,0,0,0.0,0.0049,0.0049,0.0049,,,102130472.0,,102130472.0
2021-01-28,51,253692573.0,1,0,0.01961,0.00769,0.00712,0.00769,,,235142478.0,,235142478.0
2021-01-29,52,253193135.0,0,0,0.0,0.00933,0.00933,0.00933,,,351584790.0,,351584790.0
2021-02-01,52,253396873.0,1,0,0.01923,0.00722,0.00606,0.00722,,,249216968.0,,249216968.0
2021-02-02,53,254590403.0,0,0,0.0,0.0,0.0,0.0,,,0.0,,0.0
2021-02-03,53,254590403.0,0,0,0.0,0.0099,0.0099,0.0099,,,364387216.0,,364387216.0
2021-02-04,53,257013503.0,0,0,0.0,0.00822,0.00822,0.00822,,,367814150.0,,367814150.0
2021-02-05,53,258719490.0,0,0,0.0,0.00529,0.00529,0.00529,,,189846872.0,,189846872.0
2021-02-08,53,259830888.0,1,0,0.01887,0.02288,0.01446,0.02288,,,536984086.0,,536984086.0
2021-02-09,54,261749250.0,0,0,0.0,0.01294,0.01294,0.01294,,,408599594.0,,408599594.0
2021-02-10,54,263048853.0,0,0,0.0,0.00551,0.00551,0.00551,,,237742844.0,,237742844.0
2021-02-11,54,264233835.0,0,0,0.0,0.00497,0.00497,0.00497,,,232556920.0,,232556920.0
2021-02-12,54,265196712.0,0,0,0.0,0.00348,0.00348,0.00348,,,60134742.0,,60134742.0
2021-02-16,54,265776654.0,0,0,0.0,0.00374,0.00374,0.00374,,,110875033.0,,110875033.0
2021-02-17,54,266731820.0,0,0,0.0,0.00592,0.00592,0.00592,,,248556589.0,,248556589.0
2021-02-18,54,267978889.0,0,0,0.0,0.00976,0.00976,0.00976,,,380696102.0,,380696102.0
2021-02-19,54,269489903.0,1,0,0.01852,0.02494,0.00537,0.02494,,,370223398.0,,370223398.0
2021-02-22,55,275341963.0,0,0,0.0,0.00717,0.00717,0.00717,,,310149676.0,,310149676.0
2021-02-23,55,277024070.0,1,0,0.01818,0.01138,0.00787,0.01138,,,559119562.0,,559119562.0
2021-02-24,56,278207665.0,0,0,0.0,0.03148,0.03148,0.03148,,,981007486.0,,981007486.0
2021-02-25,56,273497566.0,0,0,0.0,0.01003,0.01003,0.01003,,,272451876.0,,272451876.0
2021-02-26,56,272489460.0,0,0,0.0,0.02676,0.02676,0.02676,,,791179136.0,,791179136.0
2021-03-01,56,269610548.0,0,0,0.0,0.0271,0.0271,0.0271,,,674613919.0,,674613919.0
2021-03-02,56,270267017.0,1,1,0.03571,0.01024,0.00985,0.01024,,,380189312.0,,380189312.0
2021-03-03,56,272363950.0,0,0,0.0,0.00525,0.00525,0.00525,,,230925422.0,,230925422.0
2021-03-04,56,273794927.0,0,0,0.0,0.02206,0.02206,0.02206,,,486196122.0,,486196122.0
2021-03-05,56,274066719.0,0,0,0.0,0.02425,0.02425,0.02425,,,823526635.0,,823526635.0
2021-03-08,56,272973251.0,0,0,0.0,0.01226,0.01226,0.01226,,,320801506.0,,320801506.0
2021-03-09,56,272995703.0,1,0,0.01786,0.0076,0.00486,0.0076,,,169297404.0,,169297404.0
2021-03-10,57,273490338.0,0,0,0.0,0.01372,0.01372,0.01372,,,443398652.0,,443398652.0
2021-03-11,57,276523296.0,0,0,0.0,0.00723,0.00723,0.00723,,,234850571.0,,234850571.0
2021-03-12,57,277982173.0,0,0,0.0,0.01121,0.01121,0.01121,,,414122304.0,,414122304.0
2021-03-15,57,280716138.0,0,0,0.0,0.00329,0.00329,0.00329,,,129556270.0,,129556270.0
2021-03-16,57,281638541.0,0,2,0.03509,0.00159,0.00159,0.00159,,,75026329.0,,75026329.0
2021-03-17,55,281936051.0,0,0,0.0,0.00092,0.00092,0.00092,,,44254499.0,,44254499.0
2021-03-18,55,282196187.0,0,0,0.0,0.00531,0.00531,0.00531,,,151030694.0,,151030694.0
2021-03-19,55,281962987.0,0,0,0.0,0.00717,0.00717,0.00717,,,202129178.0,,202129178.0
2021-03-22,55,280636647.0,0,0,0.0,0.00202,0.00202,0.00202,,,32989105.0,,32989105.0
2021-03-23,55,280312397.0,0,0,0.0,0.00283,0.00283,0.00283,,,103072861.0,,103072861.0
2021-03-24,55,281106861.0,0,0,0.0,0.00242,0.00242,0.00242,,,50130248.0,,50130248.0
2021-03-26,55,280481827.0,0,0,0.0,0.03885,0.03885,0.03885,,,845643974.0,,845643974.0
2021-03-29,55,276001956.0,0,0,0.0,0.0144,0.0144,0.0144,,,361405554.0,,361405554.0
2021-03-30,55,272735134.0,0,0,0.0,0.01587,0.01587,0.01587,,,432621346.0,,432621346.0
2021-03-31,55,270765352.0,0,0,0.0,0.0081,0.0081,0.0081,,,261761821.0,,261761821.0
2021-04-01,55,271769965.0,0,0,0.0,0.01657,0.01657,0.01657,,,576570574.0,,576570574.0
2021-04-05,55,276144925.0,1,0,0.01818,0.01128,0.00964,0.01128,,,376641817.0,,376641817.0
2021-04-06,56,279260267.0,0,0,0.0,0.00242,0.00242,0.00242,,,63320873.0,,63320873.0
2021-04-07,56,279867491.0,0,0,0.0,0.00782,0.00782,0.00782,,,206418535.0,,206418535.0
2021-04-08,56,281441214.0,0,0,0.0,0.0127,0.0127,0.0127,,,271747574.0,,271747574.0
2021-04-09,56,282011008.0,0,0,0.0,0.00105,0.00105,0.00105,,,42808506.0,,42808506.0
2021-04-12,56,282306518.0,0,0,0.0,0.00126,0.00126,0.00126,,,30626368.0,,30626368.0
2021-04-13,56,282242101.0,0,0,0.0,0.00506,0.00506,0.00506,,,136745857.0,,136745857.0
2021-04-14,56,282966239.0,0,0,0.0,0.00654,0.00654,0.00654,,,229931645.0,,229931645.0
2021-04-15,56,284318136.0,1,0,0.01786,0.00875,0.00695,0.00875,,,471682541.0,,471682541.0
2021-04-16,57,285743379.0,1,0,0.01754,0.01634,0.00812,0.01634,,,455219974.0,,455219974.0
2021-04-19,58,288426907.0,0,0,0.0,0.0081,0.0081,0.0081,,,261075475.0,,261075475.0
2021-04-20,58,286588899.0,0,0,0.0,0.0114,0.0114,0.0114,,,266397768.0,,266397768.0
2021-04-21,58,284182644.0,0,0,0.0,0.01706,0.01706,0.01706,,,382990011.0,,382990011.0
2021-04-22,58,283858584.0,2,0,0.03448,0.03512,0.01623,0.03512,,,727641031.0,,727641031.0
2021-04-23,60,285213249.0,0,0,0.0,0.00891,0.00891,0.00891,,,233809931.0,,233809931.0
2021-04-26,60,286720008.0,0,0,0.0,0.00545,0.00545,0.00545,,,213118268.0,,213118268.0
2021-04-27,60,285739338.0,0,2,0.03333,0.00525,0.00524,0.00525,,,164476291.0,,164476291.0
2021-04-28,58,286763901.0,0,0,0.0,0.00021,0.00021,0.00021,,,5349848.0,,5349848.0
2021-04-29,58,286704904.0,0,0,0.0,0.00662,0.00662,0.00662,,,264385075.0,,264385075.0
2021-04-30,58,286133537.0,0,0,0.0,0.02486,0.02486,0.02486,,,731308804.0,,731308804.0
2021-05-03,58,281927535.0,0,0,0.0,0.0,0.0,0.0,,,0.0,,0.0
2021-05-04,58,281927535.0,0,0,0.0,0.01758,0.01758,0.01758,,,371876849.0,,371876849.0
2021-05-05,58,279608702.0,0,0,0.0,0.02968,0.02968,0.02968,,,557064144.0,,557064144.0
2021-05-06,58,282315735.0,0,1,0.01724,0.01831,0.01793,0.01831,,,226856595.0,,226856595.0
2021-05-07,57,284299218.0,0,0,0.0,0.026,0.026,0.026,,,551212322.0,,551212322.0
2021-05-10,57,284523531.0,0,0,0.0,0.02003,0.02003,0.02003,,,429681535.0,,429681535.0
2021-05-11,57,287867933.0,1,0,0.01754,0.02586,0.02554,0.02586,,,540438867.0,,540438867.0
2021-05-12,58,287069298.0,0,0,0.0,0.02766,0.02766,0.02766,,,486540371.0,,486540371.0
2021-05-13,58,289614789.0,0,0,0.0,0.02909,0.02909,0.02909,,,545004996.0,,545004996.0
2021-05-14,58,289584913.0,0,0,0.0,0.01956,0.01956,0.01956,,,380497074.0,,380497074.0
2021-05-17,58,289464555.0,0,1,0.01724,0.00919,0.00918,0.00919,,,195644961.0,,195644961.0
2021-05-18,57,289688090.0,0,2,0.03509,0.01067,0.01067,0.01067,,,207338684.0,,207338684.0
2021-05-19,55,290043716.0,0,0,0.0,0.01295,0.01295,0.01295,,,309374640.0,,309374640.0
2021-05-20,55,291108278.0,0,0,0.0,0.01265,0.01265,0.01265,,,268099912.0,,268099912.0
2021-05-21,55,287962541.0,0,1,0.01818,0.01503,0.01499,0.01503,,,321278773.0,,321278773.0
2021-05-24,54,289011414.0,0,0,0.0,0.00965,0.00965,0.00965,,,209786360.0,,209786360.0
2021-05-25,54,286558502.0,0,1,0.01852,0.01238,0.01237,0.01238,,,230270224.0,,230270224.0
2021-05-26,53,287266730.0,0,0,0.0,0.0031,0.0031,0.0031,,,38840891.0,,38840891.0
2021-05-27,53,286376909.0,0,0,0.0,0.01583,0.01583,0.01583,,,67767029.0,,67767029.0
2021-05-28,53,282600192.0,0,0,0.0,0.00378,0.00378,0.00378,,,76472151.0,,76472151.0
2021-06-01,53,282503274.0,0,0,0.0,0.00614,0.00614,0.00614,,,70837368.0,,70837368.0
2021-06-02,53,280994020.0,0,0,0.0,0.00451,0.00451,0.00451,,,89694843.0,,89694843.0
2021-06-03,53,279820490.0,0,0,0.0,0.0016,0.0016,0.0016,,,33340993.0,,33340993.0
2021-06-04,53,279374120.0,0,0,0.0,0.00875,0.00875,0.00875,,,190665765.0,,190665765.0
2021-06-07,53,277073937.0,0,0,0.0,0.00288,0.00288,0.00288,,,47998416.0,,47998416.0
2021-06-08,53,276598992.0,0,0,0.0,0.00644,0.00644,0.00644,,,121828737.0,,121828737.0
2021-06-09,53,276309353.0,0,2,0.03774,0.00345,0.00344,0.00345,,,99520060.0,,99520060.0
2021-06-10,51,276228885.0,0,0,0.0,0.00276,0.00276,0.00276,,,94491811.0,,94491811.0
2021-06-11,51,276664326.0,0,0,0.0,0.00439,0.00439,0.00439,,,106683745.0,,106683745.0
2021-06-14,51,276878366.0,0,1,0.01961,0.0041,0.0041,0.0041,,,62049101.0,,62049101.0
2021-06-15,50,276427584.0,0,0,0.0,0.00746,0.00746,0.00746,,,174968973.0,,174968973.0
2021-06-16,50,277489319.0,0,0,0.0,0.01153,0.01153,0.01153,,,239300737.0,,239300737.0
2021-06-17,50,276112693.0,0,0,0.0,0.01035,0.01035,0.01035,,,223070857.0,,223070857.0
2021-06-18,50,273253759.0,0,0,0.0,0.01093,0.01093,0.01093,,,301375659.0,,301375659.0
2021-06-21,50,276151193.0,0,0,0.0,0.00553,0.00553,0.00553,,,143140522.0,,143140522.0
2021-06-22,50,277287066.0,0,0,0.0,0.00079,0.00079,0.00079,,,17846764.0,,17846764.0
2021-06-23,50,277068768.0,0,0,0.0,0.00188,0.00188,0.00188,,,79920084.0,,79920084.0
2021-06-24,50,277590782.0,0,0,0.0,0.0061,0.0061,0.0061,,,180916103.0,,180916103.0
2021-06-25,50,279282824.0,0,0,0.0,0.00658,0.00658,0.00658,,,195859530.0,,195859530.0
2021-06-28,50,281034713.0,0,0,0.0,0.00451,0.00451,0.00451,,,104023203.0,,104023203.0
2021-06-29,50,280336073.0,0,0,0.0,0.00649,0.00649,0.00649,,,167803201.0,,167803201.0
2021-06-30,50,281565567.0,0,0,0.0,0.00402,0.00402,0.00402,,,102328982.0,,102328982.0
2021-07-01,50,282698318.0,0,0,0.0,0.0079,0.0079,0.0079,,,199906723.0,,199906723.0
2021-07-02,50,280677423.0,0,0,0.0,0.00878,0.00878,0.00878,,,219274457.0,,219274457.0
2021-07-06,50,278213171.0,0,0,0.0,0.00495,0.00495,0.00495,,,121641005.0,,121641005.0
2021-07-07,50,276836089.0,0,0,0.0,0.00243,0.00243,0.00243,,,57907508.0,,57907508.0
2021-07-08,50,276163811.0,0,0,0.0,0.01317,0.01317,0.01317,,,311936919.0,,311936919.0
2021-07-09,50,274183171.0,0,0,0.0,0.00686,0.00686,0.00686,,,211397051.0,,211397051.0
2021-07-12,50,273636909.0,0,0,0.0,0.00369,0.00369,0.00369,,,84086517.0,,84086517.0
2021-07-13,50,273087579.0,0,0,0.0,0.00761,0.00761,0.00761,,,149652043.0,,149652043.0
2021-07-14,50,273098265.0,0,0,0.0,0.00539,0.00539,0.00539,,,120636541.0,,120636541.0
2021-07-15,50,271788963.0,0,0,0.0,0.01409,0.01409,0.01409,,,281526106.0,,281526106.0
2021-07-16,50,268788715.0,0,1,0.02,0.01322,0.01315,0.01322,,,254516592.0,,254516592.0
2021-07-19,49,266283592.0,0,0,0.0,0.01041,0.01041,0.01041,,,172213644.0,,172213644.0
2021-07-20,49,264322287.0,0,0,0.0,0.01667,0.01667,0.01667,,,288387615.0,,288387615.0
2021-07-21,49,264240243.0,0,0,0.0,0.01382,0.01382,0.01382,,,258673238.0,,258673238.0
2021-07-22,49,264218148.0,0,0,0.0,0.01442,0.01442,0.01442,,,368383668.0,,368383668.0
2021-07-23,49,267464881.0,0,0,0.0,0.01429,0.01429,0.01429,,,314013623.0,,314013623.0
2021-07-26,49,265779871.0,0,2,0.04082,0.01649,0.01649,0.01649,,,279869840.0,,279869840.0
2021-07-27,47,263995587.0,0,0,0.0,0.00435,0.00435,0.00435,,,74862407.0,,74862407.0
2021-07-28,47,264276975.0,0,0,0.0,0.0136,0.0136,0.0136,,,271154435.0,,271154435.0
2021-07-29,47,260774473.0,0,1,0.02128,0.00911,0.00911,0.00911,,,203446575.0,,203446575.0
2021-07-30,46,259777842.0,1,0,0.02174,0.02825,0.0143,0.02825,,,473374866.0,,473374866.0
2021-08-02,47,263016248.0,0,1,0.02128,0.01168,0.01168,0.01168,,,155197053.0,,155197053.0
2021-08-03,46,263745532.0,0,0,0.0,0.00641,0.00641,0.00641,,,116084739.0,,116084739.0
2021-08-04,46,264617339.0,0,0,0.0,0.00684,0.00684,0.00684,,,147995548.0,,147995548.0
2021-08-05,46,263428504.0,0,0,0.0,0.00348,0.00348,0.00348,,,95371918.0,,95371918.0
2021-08-06,46,263218825.0,1,0,0.02174,0.01588,0.00856,0.01588,,,393228697.0,,393228697.0
2021-08-09,47,265589756.0,0,0,0.0,0.01091,0.01091,0.01091,,,165578642.0,,165578642.0
2021-08-10,47,266092938.0,0,0,0.0,0.01252,0.01252,0.01252,,,90732317.0,,90732317.0
2021-08-11,47,269085058.0,0,0,0.0,0.01378,0.01378,0.01378,,,193185932.0,,193185932.0
2021-08-12,47,271353475.0,1,0,0.02128,0.01363,0.01065,0.01363,,,227904879.0,,227904879.0
2021-08-13,48,270666126.0,0,0,0.0,0.01539,0.01539,0.01539,,,231372746.0,,231372746.0
2021-08-16,48,272209862.0,0,0,0.0,0.01279,0.01279,0.01279,,,135037742.0,,135037742.0
2021-08-17,48,274126358.0,0,0,0.0,0.01657,0.01657,0.01657,,,278959044.0,,278959044.0
2021-08-18,48,273700600.0,0,0,0.0,0.01405,0.01405,0.01405,,,291830876.0,,291830876.0
2021-08-19,48,271343307.0,0,0,0.0,0.00396,0.00396,0.00396,,,68443273.0,,68443273.0
2021-08-20,48,272085978.0,0,0,0.0,0.00319,0.00319,0.00319,,,58311585.0,,58311585.0
2021-08-23,48,272411443.0,0,0,0.0,0.00758,0.00758,0.00758,,,162362311.0,,162362311.0
2021-08-24,48,271356460.0,0,0,0.0,0.01347,0.01347,0.01347,,,228282688.0,,228282688.0
2021-08-25,48,274319999.0,0,0,0.0,0.01337,0.01337,0.01337,,,209636706.0,,209636706.0
2021-08-26,48,277134068.0,0,0,0.0,0.00467,0.00467,0.00467,,,88974440.0,,88974440.0
2021-08-27,48,278136418.0,0,0,0.0,0.00543,0.00543,0.00543,,,83241628.0,,83241628.0
2021-08-30,48,277742668.0,0,0,0.0,0.00687,0.00687,0.00687,,,67758659.0,,67758659.0
2021-08-31,48,276420182.0,0,0,0.0,0.0068,0.0068,0.0068,,,60148039.0,,60148039.0
2021-09-01,48,275526138.0,0,0,0.0,0.00547,0.00547,0.00547,,,102571448.0,,102571448.0
2021-09-02,48,274658079.0,0,0,0.0,0.00206,0.00206,0.00206,,,23498845.0,,23498845.0
2021-09-03,48,274474907.0,0,0,0.0,0.00197,0.00197,0.00197,,,40181256.0,,40181256.0
2021-09-07,48,274757608.0,0,0,0.0,0.01095,0.01095,0.01095,,,279037566.0,,279037566.0
2021-09-08,48,272102763.0,0,1,0.02083,0.00131,0.00131,0.00131,,,22802659.0,,22802659.0
2021-09-09,47,272186044.0,0,0,0.0,0.01266,0.01266,0.01266,,,302222693.0,,302222693.0
2021-09-10,47,271316881.0,0,0,0.0,0.00369,0.00369,0.00369,,,79132144.0,,79132144.0
2021-09-13,47,271710270.0,0,0,0.0,0.00278,0.00278,0.00278,,,76955565.0,,76955565.0
2021-09-14,47,271216270.0,0,0,0.0,0.00782,0.00782,0.00782,,,92119986.0,,92119986.0
2021-09-15,47,270924659.0,0,0,0.0,0.00956,0.00956,0.00956,,,197380975.0,,197380975.0
2021-09-16,47,271128307.0,0,0,0.0,0.00741,0.00741,0.00741,,,158883072.0,,158883072.0
2021-09-17,47,272041422.0,0,0,0.0,0.00655,0.00655,0.00655,,,109650241.0,,109650241.0
2021-09-20,47,273480574.0,0,0,0.0,0.00191,0.00191,0.00191,,,24078313.0,,24078313.0
2021-09-21,47,273282332.0,0,0,0.0,0.0156,0.0156,0.0156,,,352133574.0,,352133574.0
2021-09-22,47,276723702.0,0,0,0.0,0.00637,0.00637,0.00637,,,163767884.0,,163767884.0
2021-09-23,47,276352340.0,0,0,0.0,0.01312,0.01312,0.01312,,,231335780.0,,231335780.0
2021-09-24,47,278285925.0,0,0,0.0,0.0181,0.0181,0.0181,,,291199150.0,,291199150.0
2021-09-27,47,277742585.0,0,0,0.0,0.00905,0.00905,0.00905,,,151370806.0,,151370806.0
2021-09-28,47,277545186.0,0,0,0.0,0.01039,0.01039,0.01039,,,222339562.0,,222339562.0
2021-09-29,47,275421259.0,0,0,0.0,0.02147,0.02147,0.02147,,,628973526.0,,628973526.0
2021-09-30,47,273238199.0,0,0,0.0,0.01451,0.01451,0.01451,,,185885911.0,,185885911.0
2021-10-01,47,273153790.0,0,0,0.0,0.00469,0.00469,0.00469,,,91562643.0,,91562643.0
2021-10-04,47,272434995.0,0,0,0.0,0.00864,0.00864,0.00864,,,158194378.0,,158194378.0
2021-10-05,47,274386458.0,0,1,0.02128,0.02048,0.02047,0.02048,,,339825437.0,,339825437.0
2021-10-06,46,279418669.0,0,0,0.0,0.01382,0.01382,0.01382,,,171623992.0,,171623992.0
2021-10-07,46,281423783.0,0,0,0.0,0.03183,0.03183,0.03183,,,232678017.0,,232678017.0
2021-10-08,46,289656457.0,0,1,0.02174,0.00486,0.00486,0.00486,,,86077100.0,,86077100.0
2021-10-11,45,289302722.0,0,0,0.0,0.00958,0.00958,0.00958,,,228030756.0,,228030756.0
2021-10-12,45,288231577.0,0,0,0.0,0.00494,0.00494,0.00494,,,118221595.0,,118221595.0
2021-10-13,45,287565473.0,0,0,0.0,0.0014,0.0014,0.0014,,,46328623.0,,46328623.0
2021-10-14,45,287588983.0,0,0,0.0,0.00556,0.00556,0.00556,,,152915920.0,,152915920.0
2021-10-15,45,288467579.0,0,0,0.0,0.00827,0.00827,0.00827,,,173436862.0,,173436862.0
2021-10-18,45,290138429.0,0,1,0.02222,0.01133,0.01133,0.01133,,,231078521.0,,231078521.0
2021-10-19,44,286878651.0,0,0,0.0,0.00362,0.00362,0.00362,,,75186638.0,,75186638.0
2021-10-20,44,285866512.0,0,0,0.0,0.01091,0.01091,0.01091,,,232798704.0,,232798704.0
2021-10-21,44,288721511.0,0,0,0.0,0.00111,0.00111,0.00111,,,23628580.0,,23628580.0
2021-10-22,44,288401305.0,0,0,0.0,0.00869,0.00869,0.00869,,,76579356.0,,76579356.0
2021-10-25,44,290171354.0,0,0,0.0,0.00663,0.00663,0.00663,,,164678560.0,,164678560.0
2021-10-26,44,288914408.0,0,0,0.0,0.0024,0.0024,0.0024,,,49136529.0,,49136529.0
2021-10-27,44,288535106.0,0,0,0.0,0.01157,0.01157,0.01157,,,278191046.0,,278191046.0
2021-10-28,44,291189737.0,0,0,0.0,0.01903,0.01903,0.01903,,,374123582.0,,374123582.0
2021-11-03,44,291217963.0,0,0,0.0,0.01245,0.01245,0.01245,,,455640664.0,,455640664.0
2021-11-04,44,292746141.0,0,0,0.0,0.01748,0.01748,0.01748,,,421889844.0,,421889844.0
2021-11-05,44,291921668.0,0,0,0.0,0.02125,0.02125,0.02125,,,446101634.0,,446101634.0
2021-11-08,44,289658478.0,0,0,0.0,0.01931,0.01931,0.01931,,,335852871.0,,335852871.0
2021-11-09,44,287819546.0,0,0,0.0,0.00369,0.00369,0.00369,,,135775364.0,,135775364.0
2021-11-10,44,287175493.0,0,0,0.0,0.00651,0.00651,0.00651,,,91310665.0,,91310665.0
2021-11-11,44,287975097.0,0,0,0.0,0.00526,0.00526,0.00526,,,68512036.0,,68512036.0
2021-11-12,44,289280142.0,1,1,0.04545,0.01226,0.00525,0.01226,,,282424757.0,,282424757.0
2021-11-15,44,291369524.0,0,0,0.0,0.00453,0.00453,0.00453,,,77783062.0,,77783062.0
2021-11-16,44,290557377.0,0,0,0.0,0.00689,0.00689,0.00689,,,136541134.0,,136541134.0
2021-11-17,44,291619160.0,0,0,0.0,0.00217,0.00217,0.00217,,,43438980.0,,43438980.0
2021-11-18,44,292252887.0,0,0,0.0,0.00771,0.00771,0.00771,,,188027043.0,,188027043.0
2021-11-19,44,292737352.0,0,0,0.0,0.00351,0.00351,0.00351,,,112607868.0,,112607868.0
2021-11-22,44,293256205.0,0,0,0.0,0.00971,0.00971,0.00971,,,236211508.0,,236211508.0
2021-11-23,44,290766396.0,0,0,0.0,0.01144,0.01144,0.01144,,,297542739.0,,297542739.0
2021-11-24,44,293568932.0,0,0,0.0,0.00678,0.00678,0.00678,,,304962644.0,,304962644.0
2021-11-26,44,294842978.0,0,0,0.0,0.00573,0.00573,0.00573,,,134764210.0,,134764210.0
2021-11-29,44,296216305.0,0,0,0.0,0.00181,0.00181,0.00181,,,38348735.0,,38348735.0
2021-11-30,44,296435370.0,0,0,0.0,0.00784,0.00784,0.00784,,,141168366.0,,141168366.0
2021-12-01,44,298127920.0,0,1,0.02273,0.00892,0.00892,0.00892,,,218350431.0,,218350431.0
2021-12-02,43,299524716.0,0,0,0.0,0.01137,0.01137,0.01137,,,200698438.0,,200698438.0
2021-12-03,43,299645909.0,1,0,0.02326,0.01178,0.01055,0.01178,,,355471937.0,,355471937.0
2021-12-06,44,301464758.0,0,0,0.0,0.01483,0.01483,0.01483,,,371560389.0,,371560389.0
2021-12-07,44,299386684.0,0,0,0.0,0.01069,0.01069,0.01069,,,167471450.0,,167471450.0
2021-12-08,44,302277501.0,0,0,0.0,0.00426,0.00426,0.00426,,,59799215.0,,59799215.0
2021-12-09,44,303305743.0,0,0,0.0,0.00231,0.00231,0.00231,,,41266762.0,,41266762.0
2021-12-10,44,302603709.0,0,0,0.0,0.00859,0.00859,0.00859,,,172086213.0,,172086213.0
2021-12-13,44,301008209.0,0,0,0.0,0.00507,0.00507,0.00507,,,99137954.0,,99137954.0
2021-12-14,44,300337138.0,0,0,0.0,0.00874,0.00874,0.00874,,,126168657.0,,126168657.0
2021-12-15,44,302475820.0,0,1,0.02273,0.00618,0.00618,0.00618,,,52233905.0,,52233905.0
2021-12-16,43,303602035.0,0,0,0.0,0.02745,0.02745,0.02745,,,435369623.0,,435369623.0
2021-12-17,43,307620503.0,0,0,0.0,0.01504,0.01504,0.01504,,,237607317.0,,237607317.0
2021-12-20,43,303442428.0,0,0,0.0,0.00345,0.00345,0.00345,,,39172929.0,,39172929.0
2021-12-21,43,303675728.0,0,0,0.0,0.00134,0.00134,0.00134,,,23692316.0,,23692316.0
2021-12-22,43,303985693.0,0,0,0.0,0.00911,0.00911,0.00911,,,157150878.0,,157150878.0
2021-12-23,43,306352203.0,0,0,0.0,0.00368,0.00368,0.00368,,,60423495.0,,60423495.0
2021-12-27,43,305225689.0,0,0,0.0,0.00029,0.00029,0.00029,,,4950620.0,,4950620.0
2021-12-28,43,305313691.0,0,0,0.0,0.00991,0.00991,0.00991,,,193703253.0,,193703253.0
2021-12-29,43,302288519.0,0,0,0.0,0.00753,0.00753,0.00753,,,144730500.0,,144730500.0
2021-12-30,43,300076566.0,0,0,0.0,0.00465,0.00465,0.00465,,,89808559.0,,89808559.0
2021-12-31,43,299546455.0,0,0,0.0,0.01188,0.01188,0.01188,,,224135699.0,,224135699.0
2022-01-03,43,301367872.0,0,0,0.0,0.0087,0.0087,0.0087,,,127978541.0,,127978541.0
2022-01-04,43,299675371.0,0,0,0.0,0.00715,0.00715,0.00715,,,82888884.0,,82888884.0
2022-01-05,43,299673956.0,0,0,0.0,0.02544,0.02544,0.02544,,,408560083.0,,408560083.0
2022-01-06,43,295240863.0,0,0,0.0,0.01311,0.01311,0.01311,,,199879806.0,,199879806.0
2022-01-07,43,293882219.0,0,0,0.0,0.02587,0.02587,0.02587,,,265285716.0,,265285716.0
2022-01-10,43,296200079.0,0,0,0.0,0.02005,0.02005,0.02005,,,349746714.0,,349746714.0
2022-01-11,43,300896990.0,0,0,0.0,0.00727,0.00727,0.00727,,,131399048.0,,131399048.0
2022-01-12,43,302571085.0,0,0,0.0,0.009,0.009,0.009,,,131289694.0,,131289694.0
2022-01-13,43,305295085.0,0,0,0.0,0.01481,0.01481,0.01481,,,203506623.0,,203506623.0
2022-01-14,43,301380719.0,0,0,0.0,0.02599,0.02599,0.02599,,,396944349.0,,396944349.0
2022-01-18,43,293713927.0,0,0,0.0,0.0113,0.0113,0.0113,,,174529506.0,,174529506.0
2022-01-19,43,290860298.0,0,1,0.02326,0.01651,0.01651,0.01651,,,204081724.0,,204081724.0
2022-01-20,42,295656229.0,0,0,0.0,0.01286,0.01286,0.01286,,,162271768.0,,162271768.0
2022-01-21,42,299128003.0,0,0,0.0,0.01424,0.01424,0.01424,,,141359588.0,,141359588.0
2022-01-24,42,300660082.0,0,0,0.0,0.00865,0.00865,0.00865,,,84157263.0,,84157263.0
2022-01-25,42,300059063.0,0,0,0.0,0.00939,0.00939,0.00939,,,74791167.0,,74791167.0
2022-01-26,42,301492863.0,0,0,0.0,0.02011,0.02011,0.02011,,,214024672.0,,214024672.0
2022-01-27,42,307383673.0,0,0,0.0,0.02912,0.02912,0.02912,,,236252694.0,,236252694.0
2022-01-28,42,299183339.0,0,0,0.0,0.0106,0.0106,0.0106,,,106102728.0,,106102728.0
2022-01-31,42,297644418.0,0,0,0.0,0.01469,0.01469,0.01469,,,89222323.0,,89222323.0
2022-02-01,42,297195931.0,1,0,0.02381,0.04856,0.04847,0.04856,,,378101059.0,,378101059.0
2022-02-02,43,296555242.0,0,1,0.02326,0.01805,0.01805,0.01805,,,105188495.0,,105188495.0
2022-02-03,42,291343905.0,0,0,0.0,0.01614,0.01614,0.01614,,,212038149.0,,212038149.0
2022-02-04,42,287293335.0,0,2,0.04762,0.02382,0.02381,0.02382,,,284129213.0,,284129213.0
2022-02-07,40,281211708.0,0,0,0.0,0.01039,0.01039,0.01039,,,118827512.0,,118827512.0
2022-02-08,40,278306861.0,0,0,0.0,0.02396,0.02396,0.02396,,,352076183.0,,352076183.0
2022-02-09,40,277225676.0,0,0,0.0,0.01801,0.01801,0.01801,,,199277108.0,,199277108.0
2022-02-10,40,278599641.0,0,0,0.0,0.03105,0.03105,0.03105,,,372885813.0,,372885813.0
2022-02-11,40,283517352.0,0,0,0.0,0.01309,0.01309,0.01309,,,98281374.0,,98281374.0
2022-02-14,40,285254293.0,0,0,0.0,0.01238,0.01238,0.01238,,,150934054.0,,150934054.0
2022-02-15,40,283115662.0,0,0,0.0,0.00825,0.00825,0.00825,,,88629140.0,,88629140.0
2022-02-16,40,285450647.0,0,0,0.0,0.01401,0.01401,0.01401,,,177393546.0,,177393546.0
2022-02-17,40,289448978.0,0,0,0.0,0.00729,0.00729,0.00729,,,101236682.0,,101236682.0
2022-02-18,40,287994613.0,0,3,0.075,0.02196,0.02195,0.02196,,,158664377.0,,158664377.0
2022-02-22,37,282831966.0,0,0,0.0,0.04476,0.04476,0.04476,,,252307706.0,,252307706.0
2022-02-23,37,273820442.0,0,0,0.0,0.04134,0.04134,0.04134,,,201767806.0,,201767806.0
2022-02-24,37,264801735.0,0,0,0.0,0.01689,0.01689,0.01689,,,176079230.0,,176079230.0
2022-02-25,37,268960327.0,0,0,0.0,0.02362,0.02362,0.02362,,,316588625.0,,316588625.0
2022-02-28,37,274054229.0,0,1,0.02703,0.00085,0.00085,0.00085,,,10153256.0,,10153256.0
2022-03-01,36,274286344.0,0,0,0.0,0.00763,0.00763,0.00763,,,95032219.0,,95032219.0
2022-03-02,36,276378520.0,0,0,0.0,0.0062,0.0062,0.0062,,,81877220.0,,81877220.0
2022-03-03,36,278093397.0,0,0,0.0,0.00214,0.00214,0.00214,,,41846578.0,,41846578.0
2022-03-04,36,277752378.0,0,0,0.0,0.00984,0.00984,0.00984,,,131476105.0,,131476105.0
2022-03-07,36,276320658.0,0,0,0.0,0.00567,0.00567,0.00567,,,61236094.0,,61236094.0
2022-03-08,36,274755290.0,0,0,0.0,0.01467,0.01467,0.01467,,,151019426.0,,151019426.0
2022-03-09,36,278787006.0,0,1,0.02778,0.02531,0.02531,0.02531,,,266894492.0,,266894492.0
2022-03-10,35,285842189.0,0,0,0.0,0.00651,0.00651,0.00651,,,74055557.0,,74055557.0
2022-03-11,35,283981421.0,0,0,0.0,0.01147,0.01147,0.01147,,,125102461.0,,125102461.0
2022-03-14,35,287237723.0,0,0,0.0,0.00432,0.00432,0.00432,,,44535396.0,,44535396.0
2022-03-15,35,285997163.0,0,0,0.0,0.00136,0.00136,0.00136,,,13090998.0,,13090998.0
2022-03-16,35,285609503.0,0,0,0.0,0.00896,0.00896,0.00896,,,89685588.0,,89685588.0
2022-03-17,35,288168059.0,0,0,0.0,0.03067,0.03067,0.03067,,,341477742.0,,341477742.0
2022-03-18,35,297006821.0,0,0,0.0,0.01279,0.01279,0.01279,,,154097220.0,,154097220.0
2022-03-21,35,300805840.0,0,0,0.0,0.00713,0.00713,0.00713,,,91222033.0,,91222033.0
2022-03-22,35,298660417.0,0,0,0.0,0.01781,0.01781,0.01781,,,218318269.0,,218318269.0
2022-03-23,35,293341488.0,0,0,0.0,0.0118,0.0118,0.0118,,,149319036.0,,149319036.0
2022-03-24,35,289879570.0,0,0,0.0,0.00619,0.00619,0.00619,,,75636505.0,,75636505.0
2022-03-25,35,288085573.0,0,0,0.0,0.01043,0.01043,0.01043,,,128615867.0,,128615867.0
2022-03-28,35,285082169.0,0,0,0.0,0.01522,0.01522,0.01522,,,308881925.0,,308881925.0
2022-03-29,35,282493641.0,0,0,0.0,0.00648,0.00648,0.00648,,,81334774.0,,81334774.0
2022-03-30,35,280743392.0,0,0,0.0,0.01152,0.01152,0.01152,,,203521878.0,,203521878.0
2022-03-31,35,282982331.0,0,0,0.0,0.00333,0.00333,0.00333,,,54564133.0,,54564133.0
2022-04-01,35,282957088.0,0,0,0.0,0.02857,0.02857,0.02857,,,215877481.0,,215877481.0
2022-04-04,35,285571429.0,0,0,0.0,0.00663,0.00663,0.00663,,,80598446.0,,80598446.0
2022-04-05,35,283684453.0,0,0,0.0,0.00795,0.00795,0.00795,,,82501451.0,,82501451.0
2022-04-06,35,285940830.0,0,0,0.0,0.00294,0.00294,0.00294,,,35056624.0,,35056624.0
2022-04-07,35,285440635.0,0,0,0.0,0.00941,0.00941,0.00941,,,106232345.0,,106232345.0
2022-04-08,35,282755859.0,0,0,0.0,0.00683,0.00683,0.00683,,,75287012.0,,75287012.0
2022-04-11,35,281131729.0,0,0,0.0,0.0115,0.0115,0.0115,,,123992726.0,,123992726.0
2022-04-12,35,277899125.0,0,0,0.0,0.0089,0.0089,0.0089,,,91765804.0,,91765804.0
2022-04-13,35,280372205.0,0,0,0.0,0.01308,0.01308,0.01308,,,136614516.0,,136614516.0
2022-04-14,35,284038746.0,0,0,0.0,0.01813,0.01813,0.01813,,,159056303.0,,159056303.0
2022-04-18,35,289188336.0,0,0,0.0,0.00392,0.00392,0.00392,,,29050927.0,,29050927.0
2022-04-19,35,289202936.0,0,0,0.0,0.00648,0.00648,0.00648,,,48003594.0,,48003594.0
2022-04-20,35,291076634.0,0,0,0.0,0.00438,0.00438,0.00438,,,47675406.0,,47675406.0
2022-04-21,35,292350261.0,0,0,0.0,0.00901,0.00901,0.00901,,,222124665.0,,222124665.0
2022-04-22,35,293559709.0,0,0,0.0,0.01477,0.01477,0.01477,,,238657489.0,,238657489.0
2022-04-25,35,291795757.0,0,0,0.0,0.00821,0.00821,0.00821,,,62285113.0,,62285113.0
2022-04-26,35,294187864.0,0,0,0.0,0.00562,0.00562,0.00562,,,48623437.0,,48623437.0
2022-04-27,35,295827492.0,0,0,0.0,0.0222,0.0222,0.0222,,,179516912.0,,179516912.0
2022-04-28,35,302394208.0,0,0,0.0,0.00054,0.00054,0.00054,,,4953329.0,,4953329.0
2022-04-29,35,302232280.0,0,0,0.0,0.00658,0.00658,0.00658,,,68864379.0,,68864379.0
2022-05-02,35,300888664.0,0,0,0.0,0.00916,0.00916,0.00916,,,80239738.0,,80239738.0
2022-05-03,35,303644500.0,0,0,0.0,0.00908,0.00908,0.00908,,,85134707.0,,85134707.0
2022-05-04,35,300888188.0,0,0,0.0,0.01482,0.01482,0.01482,,,136997957.0,,136997957.0
2022-05-05,35,305346928.0,0,0,0.0,0.03785,0.03785,0.03785,,,368020805.0,,368020805.0
2022-05-06,35,316903620.0,0,0,0.0,0.0119,0.0119,0.0119,,,122651365.0,,122651365.0
2022-05-09,35,320579131.0,0,0,0.0,0.02636,0.02636,0.02636,,,237189436.0,,237189436.0
2022-05-10,35,312129443.0,0,0,0.0,0.00565,0.00565,0.00565,,,49098896.0,,49098896.0
2022-05-11,35,313827588.0,0,0,0.0,0.0301,0.0301,0.0301,,,238368962.0,,238368962.0
2022-05-12,35,323274167.0,0,0,0.0,0.00649,0.00649,0.00649,,,68440363.0,,68440363.0
2022-05-13,35,321852776.0,0,0,0.0,0.00857,0.00857,0.00857,,,91491307.0,,91491307.0
2022-05-16,35,323751105.0,0,0,0.0,0.02812,0.02812,0.02812,,,243658903.0,,243658903.0
2022-05-17,35,332855585.0,0,0,0.0,0.00335,0.00335,0.00335,,,26518712.0,,26518712.0
2022-05-18,35,331740724.0,0,0,0.0,0.01244,0.01244,0.01244,,,50028336.0,,50028336.0
2022-05-19,35,333513761.0,0,0,0.0,0.02742,0.02742,0.02742,,,202290066.0,,202290066.0
2022-05-20,35,329245371.0,0,0,0.0,0.00093,0.00093,0.00093,,,10510585.0,,10510585.0
2022-05-23,35,328939039.0,0,0,0.0,0.006,0.006,0.006,,,12763708.0,,12763708.0
2022-05-24,35,330359026.0,0,0,0.0,0.00526,0.00526,0.00526,,,74252482.0,,74252482.0
2022-05-25,35,331382903.0,0,0,0.0,0.01894,0.01894,0.01894,,,168875480.0,,168875480.0
2022-05-26,35,325521815.0,0,0,0.0,0.00776,0.00776,0.00776,,,89055216.0,,89055216.0
2022-05-27,35,327213216.0,1,0,0.02857,0.00784,0.00725,0.00784,,,122110372.0,,122110372.0
2022-05-31,36,329286885.0,0,0,0.0,0.01251,0.01251,0.01251,,,205389172.0,,205389172.0
2022-06-01,36,332442946.0,0,0,0.0,0.00506,0.00506,0.00506,,,43898217.0,,43898217.0
2022-06-02,36,330813868.0,0,0,0.0,0.01323,0.01323,0.01323,,,111198340.0,,111198340.0
2022-06-03,36,326530997.0,0,0,0.0,0.00322,0.00322,0.00322,,,30223359.0,,30223359.0
2022-06-06,36,327498933.0,0,0,0.0,0.00891,0.00891,0.00891,,,75920047.0,,75920047.0
2022-06-07,36,324680838.0,0,0,0.0,0.00501,0.00501,0.00501,,,60486883.0,,60486883.0
2022-06-08,36,323982436.0,0,0,0.0,0.00781,0.00781,0.00781,,,97655432.0,,97655432.0
2022-06-09,36,325955979.0,0,1,0.02778,0.00287,0.00287,0.00287,,,41527897.0,,41527897.0
2022-06-10,35,326537483.0,0,0,0.0,0.00306,0.00306,0.00306,,,27367034.0,,27367034.0
2022-06-13,35,327486506.0,0,0,0.0,0.01916,0.01916,0.01916,,,138467790.0,,138467790.0
2022-06-14,35,321211800.0,0,0,0.0,0.01003,0.01003,0.01003,,,71923206.0,,71923206.0
2022-06-15,35,318176019.0,0,0,0.0,0.01222,0.01222,0.01222,,,84456559.0,,84456559.0
2022-06-16,35,321743800.0,0,0,0.0,0.01654,0.01654,0.01654,,,122713538.0,,122713538.0
2022-06-17,35,326903407.0,0,0,0.0,0.00731,0.00731,0.00731,,,53285198.0,,53285198.0
2022-06-21,35,329294132.0,0,0,0.0,0.00096,0.00096,0.00096,,,6675256.0,,6675256.0
2022-06-22,35,329471366.0,0,0,0.0,0.01892,0.01892,0.01892,,,151277996.0,,151277996.0
2022-06-23,35,335705066.0,0,0,0.0,0.0104,0.0104,0.0104,,,85970614.0,,85970614.0
2022-06-28,35,339196022.0,0,0,0.0,0.00123,0.00123,0.00123,,,11181109.0,,11181109.0
2022-06-29,35,338780499.0,0,0,0.0,0.01816,0.01816,0.01816,,,155849576.0,,155849576.0
2022-06-30,35,332629915.0,0,0,0.0,0.01006,0.01006,0.01006,,,69166157.0,,69166157.0
2022-07-01,35,331526117.0,0,0,0.0,0.00941,0.00941,0.00941,,,59501193.0,,59501193.0
2022-07-05,35,330647557.0,0,0,0.0,0.00053,0.00053,0.00053,,,4551850.0,,4551850.0
2022-07-06,35,330801603.0,0,0,0.0,0.04077,0.04077,0.04077,,,335570357.0,,335570357.0
2022-07-07,35,340992719.0,0,0,0.0,0.01562,0.01562,0.01562,,,154321638.0,,154321638.0
2022-07-08,35,346318017.0,0,0,0.0,0.00699,0.00699,0.00699,,,64161314.0,,64161314.0
2022-07-11,35,343897542.0,0,0,0.0,0.00591,0.00591,0.00591,,,51432035.0,,51432035.0
2022-07-12,35,341968277.0,0,0,0.0,0.00509,0.00509,0.00509,,,27811412.0,,27811412.0
2022-07-13,35,343160599.0,0,0,0.0,0.00843,0.00843,0.00843,,,58154546.0,,58154546.0
2022-07-14,35,342422154.0,0,0,0.0,0.01936,0.01936,0.01936,,,155813338.0,,155813338.0
2022-07-15,35,341166030.0,0,0,0.0,0.00513,0.00513,0.00513,,,38362716.0,,38362716.0
2022-07-18,35,342478410.0,0,0,0.0,0.00384,0.00384,0.00384,,,34245947.0,,34245947.0
2022-07-19,35,343544008.0,0,0,0.0,0.00819,0.00819,0.00819,,,51348023.0,,51348023.0
2022-07-20,35,346352063.0,0,1,0.02857,0.00367,0.00366,0.00367,,,31499132.0,,31499132.0
2022-07-21,34,345082614.0,0,0,0.0,0.00621,0.00621,0.00621,,,58834365.0,,58834365.0
2022-07-22,34,346668451.0,0,0,0.0,0.00938,0.00938,0.00938,,,97106186.0,,97106186.0
2022-07-25,34,349564168.0,0,0,0.0,0.00782,0.00782,0.00782,,,70749482.0,,70749482.0
2022-07-26,34,347132214.0,0,0,0.0,0.00782,0.00782,0.00782,,,60367631.0,,60367631.0
2022-07-27,34,346434435.0,0,0,0.0,0.01625,0.01625,0.01625,,,155642859.0,,155642859.0
2022-07-28,34,348785525.0,0,0,0.0,0.00665,0.00665,0.00665,,,66825712.0,,66825712.0
2022-07-29,34,350836307.0,0,0,0.0,0.00136,0.00136,0.00136,,,17544530.0,,17544530.0
2022-08-01,34,351033372.0,0,0,0.0,0.00249,0.00249,0.00249,,,63284556.0,,63284556.0
2022-08-02,34,350886206.0,0,0,0.0,0.00636,0.00636,0.00636,,,59430638.0,,59430638.0
2022-08-03,34,348652907.0,0,0,0.0,0.00326,0.00326,0.00326,,,29737964.0,,29737964.0
2022-08-04,34,347541564.0,0,0,0.0,0.00208,0.00208,0.00208,,,16842701.0,,16842701.0
2022-08-05,34,347441942.0,0,0,0.0,0.00952,0.00952,0.00952,,,101421841.0,,101421841.0
2022-08-08,34,344133501.0,0,0,0.0,0.01222,0.01222,0.01222,,,154894353.0,,154894353.0
2022-08-09,34,340782960.0,0,0,0.0,0.01439,0.01439,0.01439,,,176057110.0,,176057110.0
2022-08-10,34,337937257.0,0,0,0.0,0.0107,0.0107,0.0107,,,98150052.0,,98150052.0
2022-08-11,34,334319785.0,0,0,0.0,0.00764,0.00764,0.00764,,,72118563.0,,72118563.0
2022-08-12,34,334296498.0,0,0,0.0,0.01954,0.01954,0.01954,,,165770976.0,,165770976.0
2022-08-15,34,328518021.0,0,0,0.0,0.00497,0.00497,0.00497,,,27344336.0,,27344336.0
2022-08-16,34,328179446.0,0,0,0.0,0.00687,0.00687,0.00687,,,35782401.0,,35782401.0
2022-08-17,34,325925116.0,0,0,0.0,0.00951,0.00951,0.00951,,,84057512.0,,84057512.0
2022-08-18,34,322824943.0,0,0,0.0,0.01038,0.01038,0.01038,,,83281420.0,,83281420.0
2022-08-19,34,321193787.0,0,0,0.0,0.01277,0.01277,0.01277,,,113141579.0,,113141579.0
2022-08-22,34,317839352.0,0,0,0.0,0.01047,0.01047,0.01047,,,107480370.0,,107480370.0
2022-08-23,34,314532853.0,0,0,0.0,0.01403,0.01403,0.01403,,,56274388.0,,56274388.0
2022-08-24,34,316068687.0,0,0,0.0,0.02815,0.02815,0.02815,,,296889688.0,,296889688.0
2022-08-25,34,323545095.0,0,0,0.0,0.00789,0.00789,0.00789,,,66571250.0,,66571250.0
2022-08-26,34,325935628.0,0,0,0.0,0.00842,0.00842,0.00842,,,73574358.0,,73574358.0
2022-08-29,34,328300715.0,0,0,0.0,0.00733,0.00733,0.00733,,,42863415.0,,42863415.0
2022-08-30,34,328182173.0,0,0,0.0,0.01212,0.01212,0.01212,,,101621449.0,,101621449.0
2022-08-31,34,324203102.0,0,0,0.0,0.00276,0.00276,0.00276,,,23241193.0,,23241193.0
2022-09-01,34,323916201.0,0,0,0.0,0.00501,0.00501,0.00501,,,40666643.0,,40666643.0
2022-09-02,34,325120214.0,0,0,0.0,0.01034,0.01034,0.01034,,,93849153.0,,93849153.0
2022-09-06,34,327558557.0,0,0,0.0,0.00624,0.00624,0.00624,,,49318900.0,,49318900.0
2022-09-07,34,326288429.0,0,0,0.0,0.00806,0.00806,0.00806,,,72441577.0,,72441577.0
2022-09-08,34,324067825.0,0,0,0.0,0.02341,0.02341,0.02341,,,158678629.0,,158678629.0
2022-09-09,34,328863631.0,0,0,0.0,0.01435,0.01435,0.01435,,,100457250.0,,100457250.0
2022-09-12,34,331892109.0,0,0,0.0,0.01016,0.01016,0.01016,,,86299882.0,,86299882.0
2022-09-13,34,335265736.0,0,0,0.0,0.00554,0.00554,0.00554,,,35349331.0,,35349331.0
2022-09-14,34,336029136.0,0,0,0.0,0.01956,0.01956,0.01956,,,158145387.0,,158145387.0
2022-09-15,34,329754356.0,0,0,0.0,0.01542,0.01542,0.01542,,,130319737.0,,130319737.0
2022-09-16,34,324713502.0,0,1,0.02941,0.00298,0.00298,0.00298,,,22703762.0,,22703762.0
2022-09-19,33,323746887.0,0,0,0.0,0.00988,0.00988,0.00988,,,62134137.0,,62134137.0
2022-09-20,33,325184565.0,1,0,0.0303,0.00559,0.00528,0.00559,,,39520152.0,,39520152.0
2022-09-21,34,326207759.0,0,0,0.0,0.02825,0.02825,0.02825,,,217888512.0,,217888512.0
2022-09-22,34,334132687.0,0,0,0.0,0.00256,0.00256,0.00256,,,23517648.0,,23517648.0
2022-09-23,34,333533781.0,0,0,0.0,0.00568,0.00568,0.00568,,,51896334.0,,51896334.0
2022-09-26,34,331765270.0,0,0,0.0,0.00377,0.00377,0.00377,,,32320238.0,,32320238.0
2022-09-27,34,332907305.0,0,0,0.0,0.01312,0.01312,0.01312,,,75537070.0,,75537070.0
2022-09-28,34,337152688.0,0,0,0.0,0.00467,0.00467,0.00467,,,32710445.0,,32710445.0
2022-09-29,34,338717276.0,0,0,0.0,0.02709,0.02709,0.02709,,,212534728.0,,212534728.0
2022-09-30,34,347787169.0,0,0,0.0,0.00282,0.00282,0.00282,,,16321452.0,,16321452.0
2022-10-03,34,348701429.0,0,1,0.02941,0.00876,0.00876,0.00876,,,70903638.0,,70903638.0
2022-10-04,33,351358972.0,0,0,0.0,0.00639,0.00639,0.00639,,,108924422.0,,108924422.0
2022-10-05,33,352364433.0,0,0,0.0,0.00758,0.00758,0.00758,,,62265148.0,,62265148.0
2022-10-06,33,354888762.0,0,0,0.0,0.01207,0.01207,0.01207,,,101378674.0,,101378674.0
2022-10-07,33,350604376.0,0,0,0.0,0.01133,0.01133,0.01133,,,104302885.0,,104302885.0
2022-10-10,33,346633165.0,0,0,0.0,0.01159,0.01159,0.01159,,,102500955.0,,102500955.0
2022-10-11,33,343132744.0,0,0,0.0,0.00204,0.00204,0.00204,,,17467615.0,,17467615.0
2022-10-12,33,342463146.0,0,0,0.0,0.00676,0.00676,0.00676,,,46446052.0,,46446052.0
2022-10-13,33,340146872.0,0,1,0.0303,0.00964,0.00964,0.00964,,,70465426.0,,70465426.0
2022-10-14,32,343339842.0,0,0,0.0,0.00911,0.00911,0.00911,,,67240539.0,,67240539.0
2022-10-17,32,346386845.0,0,0,0.0,0.0026,0.0026,0.0026,,,16747199.0,,16747199.0
2022-10-18,32,347063873.0,0,0,0.0,0.00337,0.00337,0.00337,,,23966359.0,,23966359.0
2022-10-19,32,345894845.0,0,0,0.0,0.00056,0.00056,0.00056,,,3800645.0,,3800645.0
2022-10-20,32,345701960.0,0,0,0.0,0.00043,0.00043,0.00043,,,2434007.0,,2434007.0
2022-10-21,32,345710721.0,0,0,0.0,0.00404,0.00404,0.00404,,,41997624.0,,41997624.0
2022-10-24,32,344428132.0,0,0,0.0,0.00938,0.00938,0.00938,,,64051532.0,,64051532.0
2022-10-25,32,341198039.0,0,0,0.0,0.00105,0.00105,0.00105,,,6112844.0,,6112844.0
2022-10-26,32,341308207.0,0,0,0.0,0.01111,0.01111,0.01111,,,80038313.0,,80038313.0
2022-10-27,32,344121829.0,0,0,0.0,0.01112,0.01112,0.01112,,,71076546.0,,71076546.0
2022-10-28,32,346204108.0,0,0,0.0,0.00108,0.00108,0.00108,,,791992.0,,791992.0
2022-10-31,32,345830592.0,0,0,0.0,0.00342,0.00342,0.00342,,,28088805.0,,28088805.0
2022-11-01,32,346885485.0,0,0,0.0,0.00921,0.00921,0.00921,,,21898952.0,,21898952.0
2022-11-02,32,343871656.0,0,0,0.0,0.00624,0.00624,0.00624,,,30764723.0,,30764723.0
2022-11-03,32,342663186.0,0,0,0.0,0.01169,0.01169,0.01169,,,61567860.0,,61567860.0
2022-11-04,32,338852509.0,0,0,0.0,0.01526,0.01526,0.01526,,,88828282.0,,88828282.0
2022-11-07,32,333683219.0,0,0,0.0,0.01468,0.01468,0.01468,,,92131219.0,,92131219.0
2022-11-08,32,332680223.0,0,0,0.0,0.00345,0.00345,0.00345,,,11036890.0,,11036890.0
2022-11-09,32,332290625.0,0,0,0.0,0.01683,0.01683,0.01683,,,101589879.0,,101589879.0
2022-11-10,32,334180171.0,0,1,0.03125,0.01204,0.01204,0.01204,,,134543537.0,,134543537.0
2022-11-11,31,337227249.0,0,0,0.0,0.01841,0.01841,0.01841,,,121474729.0,,121474729.0
2022-11-14,31,341506554.0,0,0,0.0,0.02573,0.02573,0.02573,,,207624077.0,,207624077.0
2022-11-15,31,349714900.0,0,0,0.0,0.00782,0.00782,0.00782,,,62626686.0,,62626686.0
2022-11-16,31,352311079.0,0,0,0.0,0.00887,0.00887,0.00887,,,74516603.0,,74516603.0
2022-11-17,31,355435616.0,0,0,0.0,0.00116,0.00116,0.00116,,,13465607.0,,13465607.0
2022-11-18,31,355342469.0,0,0,0.0,0.00873,0.00873,0.00873,,,66905702.0,,66905702.0
2022-11-21,31,354327976.0,0,0,0.0,0.01095,0.01095,0.01095,,,121979173.0,,121979173.0
2022-11-22,31,350903477.0,0,0,0.0,0.01529,0.01529,0.01529,,,67918327.0,,67918327.0
2022-11-23,31,352098253.0,0,0,0.0,9e-05,9e-05,9e-05,,,497217.0,,497217.0
2022-11-25,31,352067731.0,0,0,0.0,0.001,0.001,0.001,,,7202599.0,,7202599.0
2022-11-28,31,352354867.0,0,0,0.0,0.00345,0.00345,0.00345,,,25343729.0,,25343729.0
2022-11-29,31,351137609.0,0,0,0.0,0.00294,0.00294,0.00294,,,21010428.0,,21010428.0
2022-11-30,31,350104687.0,0,0,0.0,0.02057,0.02057,0.02057,,,146114379.0,,146114379.0
2022-12-01,31,342904627.0,0,0,0.0,0.00933,0.00933,0.00933,,,72671902.0,,72671902.0
2022-12-02,31,345194627.0,0,0,0.0,0.01294,0.01294,0.01294,,,97022907.0,,97022907.0
2022-12-05,31,349316958.0,0,0,0.0,0.00649,0.00649,0.00649,,,49932277.0,,49932277.0
2022-12-06,31,347050346.0,0,0,0.0,0.01049,0.01049,0.01049,,,76390144.0,,76390144.0
2022-12-07,31,343641583.0,0,0,0.0,0.00988,0.00988,0.00988,,,68859949.0,,68859949.0
2022-12-08,31,340732146.0,0,0,0.0,0.00162,0.00162,0.00162,,,10687380.0,,10687380.0
2022-12-09,31,340341524.0,0,1,0.03226,0.00107,0.00107,0.00107,,,7364587.0,,7364587.0
2022-12-12,30,340651184.0,0,0,0.0,0.00508,0.00508,0.00508,,,35520556.0,,35520556.0
2022-12-13,30,342050556.0,0,0,0.0,0.00063,0.00063,0.00063,,,4540878.0,,4540878.0
2022-12-14,30,341925719.0,0,0,0.0,0.02117,0.02117,0.02117,,,149956492.0,,149956492.0
2022-12-15,30,349164844.0,0,0,0.0,0.00299,0.00299,0.00299,,,35233078.0,,35233078.0
2022-12-16,30,348568296.0,0,0,0.0,0.00821,0.00821,0.00821,,,57046583.0,,57046583.0
2022-12-19,30,345758116.0,0,0,0.0,0.01888,0.01888,0.01888,,,125499723.0,,125499723.0
2022-12-20,30,339231301.0,0,0,0.0,0.00152,0.00152,0.00152,,,15422188.0,,15422188.0
2022-12-21,30,339083646.0,0,0,0.0,0.00461,0.00461,0.00461,,,29280851.0,,29280851.0
2022-12-22,30,337530050.0,0,0,0.0,0.00219,0.00219,0.00219,,,14733115.0,,14733115.0
2022-12-23,30,337996505.0,0,0,0.0,0.00852,0.00852,0.00852,,,53705247.0,,53705247.0
2022-12-27,30,335116956.0,0,0,0.0,0.00278,0.00278,0.00278,,,17244858.0,,17244858.0
2022-12-28,30,334211404.0,0,0,0.0,0.01048,0.01048,0.01048,,,56736495.0,,56736495.0
2022-12-29,30,330708439.0,0,0,0.0,0.00331,0.00331,0.00331,,,19651636.0,,19651636.0
2022-12-30,30,331479372.0,0,0,0.0,0.02295,0.02295,0.02295,,,68034325.0,,68034325.0
2023-01-03,30,330169277.0,0,0,0.0,0.01101,0.01101,0.01101,,,70299306.0,,70299306.0
2023-01-04,30,326949666.0,0,0,0.0,0.00436,0.00436,0.00436,,,29100628.0,,29100628.0
2023-01-05,30,325810311.0,0,0,0.0,0.00851,0.00851,0.00851,,,45791587.0,,45791587.0
2023-01-06,30,323036226.0,0,0,0.0,0.00603,0.00603,0.00603,,,35657753.0,,35657753.0
2023-01-09,30,321087528.0,0,0,0.0,0.00027,0.00027,0.00027,,,7665749.0,,7665749.0
2023-01-10,30,321050070.0,0,0,0.0,0.00699,0.00699,0.00699,,,43820854.0,,43820854.0
2023-01-11,30,323043942.0,0,2,0.06667,0.00294,0.00294,0.00294,,,36220026.0,,36220026.0
2023-01-12,28,322296712.0,0,0,0.0,0.00441,0.00441,0.00441,,,32114961.0,,32114961.0
2023-01-13,28,322678632.0,0,0,0.0,0.00218,0.00218,0.00218,,,15515144.0,,15515144.0
2023-01-17,28,322055853.0,0,0,0.0,0.02127,0.02127,0.02127,,,159511506.0,,159511506.0
2023-01-18,28,315397750.0,0,0,0.0,0.01782,0.01782,0.01782,,,122405864.0,,122405864.0
2023-01-19,28,320600429.0,0,0,0.0,0.00835,0.00835,0.00835,,,53439079.0,,53439079.0
2023-01-20,28,317923963.0,0,0,0.0,0.01087,0.01087,0.01087,,,71337360.0,,71337360.0
2023-01-23,28,321380673.0,0,0,0.0,0.02361,0.02361,0.02361,,,164229961.0,,164229961.0
2023-01-24,28,328969023.0,0,0,0.0,0.0096,0.0096,0.0096,,,74403234.0,,74403234.0
2023-01-25,28,325809443.0,0,0,0.0,0.00123,0.00123,0.00123,,,11645501.0,,11645501.0
2023-01-26,28,325408557.0,0,0,0.0,0.0102,0.0102,0.0102,,,80507521.0,,80507521.0
2023-01-27,28,324506001.0,0,0,0.0,0.00296,0.00296,0.00296,,,23713250.0,,23713250.0
2023-01-30,28,323954954.0,0,0,0.0,0.0058,0.0058,0.0058,,,45771405.0,,45771405.0
2023-01-31,28,325363077.0,0,0,0.0,0.00246,0.00246,0.00246,,,18883218.0,,18883218.0
2023-02-01,28,325000901.0,0,0,0.0,0.00208,0.00208,0.00208,,,15930981.0,,15930981.0
2023-02-02,28,324324637.0,0,0,0.0,0.00035,0.00035,0.00035,,,2389459.0,,2389459.0
2023-02-03,28,324380276.0,0,0,0.0,0.00632,0.00632,0.00632,,,53383548.0,,53383548.0
2023-02-06,28,326386604.0,0,0,0.0,0.01424,0.01424,0.01424,,,117474785.0,,117474785.0
2023-02-07,28,321737949.0,0,0,0.0,0.01314,0.01314,0.01314,,,104962302.0,,104962302.0
2023-02-08,28,317606894.0,0,0,0.0,0.00974,0.00974,0.00974,,,77566204.0,,77566204.0
2023-02-09,28,314514330.0,0,0,0.0,0.00726,0.00726,0.00726,,,56284085.0,,56284085.0
2023-02-10,28,316797369.0,0,0,0.0,0.00694,0.00694,0.00694,,,52598724.0,,52598724.0
2023-02-13,28,318996319.0,0,0,0.0,0.01271,0.01271,0.01271,,,97015439.0,,97015439.0
2023-02-14,28,315074434.0,0,0,0.0,0.01609,0.01609,0.01609,,,117848575.0,,117848575.0
2023-02-15,28,320137773.0,0,0,0.0,0.00109,0.00109,0.00109,,,8834755.0,,8834755.0
2023-02-16,28,320470025.0,0,0,0.0,0.0008,0.0008,0.0008,,,6501878.0,,6501878.0
2023-02-17,28,320213057.0,0,0,0.0,0.00768,0.00768,0.00768,,,78396828.0,,78396828.0
2023-02-21,28,318884312.0,0,0,0.0,0.01782,0.01782,0.01782,,,149948848.0,,149948848.0
2023-02-22,28,313203015.0,0,0,0.0,0.01679,0.01679,0.01679,,,122525606.0,,122525606.0
2023-02-23,28,307943826.0,0,0,0.0,0.01857,0.01857,0.01857,,,139865566.0,,139865566.0
2023-02-24,28,313626653.0,0,0,0.0,0.01931,0.01931,0.01931,,,141999848.0,,141999848.0
2023-02-27,28,319684061.0,0,0,0.0,0.01101,0.01101,0.01101,,,81013491.0,,81013491.0
2023-02-28,28,316289994.0,0,0,0.0,0.00937,0.00937,0.00937,,,67909994.0,,67909994.0
2023-03-01,28,319252236.0,0,0,0.0,0.02201,0.02201,0.02201,,,164172143.0,,164172143.0
2023-03-02,28,326279054.0,0,0,0.0,0.01521,0.01521,0.01521,,,121321230.0,,121321230.0
2023-03-03,28,321537453.0,0,0,0.0,0.00953,0.00953,0.00953,,,49101539.0,,49101539.0
2023-03-07,28,321714822.0,0,1,0.03571,0.01291,0.0129,0.01291,,,24971039.0,,24971039.0
2023-03-08,27,325752935.0,0,0,0.0,0.01511,0.01511,0.01511,,,48368996.0,,48368996.0
2023-03-09,27,328037168.0,0,0,0.0,0.00698,0.00698,0.00698,,,53984059.0,,53984059.0
2023-03-10,27,327608515.0,0,0,0.0,0.01038,0.01038,0.01038,,,92141026.0,,92141026.0
2023-03-13,27,326853023.0,0,0,0.0,0.00229,0.00229,0.00229,,,19172454.0,,19172454.0
2023-03-14,27,326609742.0,0,0,0.0,0.05776,0.05776,0.05776,,,392958968.0,,392958968.0
2023-03-15,27,345475596.0,0,0,0.0,0.0069,0.0069,0.0069,,,67070619.0,,67070619.0
2023-03-16,27,343440148.0,0,0,0.0,0.01611,0.01611,0.01611,,,134886887.0,,134886887.0
2023-03-17,27,348222258.0,0,0,0.0,0.00584,0.00584,0.00584,,,44902062.0,,44902062.0
2023-03-20,27,350214909.0,0,0,0.0,0.02591,0.02591,0.02591,,,198311563.0,,198311563.0
2023-03-21,27,341141079.0,0,0,0.0,0.0114,0.0114,0.0114,,,85848417.0,,85848417.0
2023-03-22,27,337667550.0,0,0,0.0,0.00223,0.00223,0.00223,,,17616822.0,,17616822.0
2023-03-23,27,338281306.0,0,0,0.0,0.00749,0.00749,0.00749,,,58354403.0,,58354403.0
2023-03-24,27,340816225.0,0,0,0.0,0.01222,0.01222,0.01222,,,117557681.0,,117557681.0
2023-03-27,27,337369571.0,0,0,0.0,0.00635,0.00635,0.00635,,,75921576.0,,75921576.0
2023-03-28,27,339302409.0,0,0,0.0,0.00348,0.00348,0.00348,,,26340460.0,,26340460.0
2023-03-29,27,340447953.0,0,0,0.0,0.00946,0.00946,0.00946,,,66443293.0,,66443293.0
2023-03-30,27,337413074.0,0,0,0.0,0.0122,0.0122,0.0122,,,89932702.0,,89932702.0
2023-03-31,27,341519566.0,0,0,0.0,0.00146,0.00146,0.00146,,,13023533.0,,13023533.0
2023-04-03,27,342017217.0,0,0,0.0,0.02177,0.02177,0.02177,,,170090325.0,,170090325.0
2023-04-04,27,349461383.0,0,0,0.0,0.01443,0.01443,0.01443,,,112708256.0,,112708256.0
2023-04-05,27,344419619.0,0,0,0.0,0.00925,0.00925,0.00925,,,70868474.0,,70868474.0
2023-04-06,27,341235275.0,0,0,0.0,0.00709,0.00709,0.00709,,,57622179.0,,57622179.0
2023-04-10,27,339205034.0,0,0,0.0,0.00239,0.00239,0.00239,,,24799102.0,,24799102.0
2023-04-11,27,339632418.0,0,0,0.0,0.00461,0.00461,0.00461,,,34360664.0,,34360664.0
2023-04-12,27,338403884.0,0,0,0.0,0.00414,0.00414,0.00414,,,29645939.0,,29645939.0
2023-04-13,27,339803567.0,0,0,0.0,0.00573,0.00573,0.00573,,,25995041.0,,25995041.0
2023-04-14,27,340306947.0,0,0,0.0,0.0019,0.0019,0.0019,,,11349596.0,,11349596.0
2023-04-17,27,340884396.0,0,0,0.0,0.01441,0.01441,0.01441,,,90410783.0,,90410783.0
2023-04-18,27,345795377.0,0,0,0.0,0.00561,0.00561,0.00561,,,43816421.0,,43816421.0
2023-04-19,27,347502040.0,0,0,0.0,0.00238,0.00238,0.00238,,,17442226.0,,17442226.0
2023-04-20,27,348082493.0,0,0,0.0,0.00323,0.00323,0.00323,,,31425190.0,,31425190.0
2023-04-21,27,347529967.0,0,0,0.0,0.00772,0.00772,0.00772,,,100800174.0,,100800174.0
2023-04-24,27,345252674.0,0,0,0.0,0.02179,0.02179,0.02179,,,166403757.0,,166403757.0
2023-04-25,27,337728137.0,0,0,0.0,0.00913,0.00913,0.00913,,,64744448.0,,64744448.0
2023-04-26,27,338102562.0,0,0,0.0,0.01103,0.01103,0.01103,,,12235108.0,,12235108.0
2023-04-27,27,341788335.0,0,0,0.0,0.00853,0.00853,0.00853,,,83313421.0,,83313421.0
2023-04-28,27,339246688.0,0,0,0.0,0.0039,0.0039,0.0039,,,44566411.0,,44566411.0
2023-05-01,27,339772970.0,0,0,0.0,0.00128,0.00128,0.00128,,,14449837.0,,14449837.0
2023-05-02,27,339591726.0,0,0,0.0,0.00176,0.00176,0.00176,,,17199120.0,,17199120.0
2023-05-03,27,339424594.0,0,0,0.0,0.00776,0.00776,0.00776,,,41910444.0,,41910444.0
2023-05-04,27,338158927.0,0,0,0.0,0.00279,0.00279,0.00279,,,17251319.0,,17251319.0
2023-05-05,27,338955699.0,0,0,0.0,0.00197,0.00197,0.00197,,,13751546.0,,13751546.0
2023-05-08,27,339514746.0,0,0,0.0,0.00742,0.00742,0.00742,,,83786540.0,,83786540.0
2023-05-09,27,341156839.0,0,0,0.0,0.00569,0.00569,0.00569,,,41217467.0,,41217467.0
2023-05-10,27,343098177.0,0,0,0.0,0.00106,0.00106,0.00106,,,7640786.0,,7640786.0
2023-05-11,27,343462597.0,1,0,0.03704,0.01451,0.00357,0.01451,,,103419644.0,,103419644.0
2023-05-12,28,346949328.0,0,0,0.0,0.01174,0.01174,0.01174,,,25214153.0,,25214153.0
2023-05-15,28,350952566.0,0,0,0.0,0.00134,0.00134,0.00134,,,9430888.0,,9430888.0
2023-05-16,28,351423551.0,0,0,0.0,0.00106,0.00106,0.00106,,,7712110.0,,7712110.0
2023-05-17,28,351795055.0,0,0,0.0,0.00689,0.00689,0.00689,,,66795760.0,,66795760.0
2023-05-18,28,349734932.0,0,0,0.0,0.00774,0.00774,0.00774,,,53997290.0,,53997290.0
2023-05-19,28,352298305.0,0,0,0.0,0.00279,0.00279,0.00279,,,26108344.0,,26108344.0
2023-05-22,28,353016809.0,0,0,0.0,0.0,0.0,0.0,,,0.0,,0.0
2023-05-23,28,353016809.0,0,0,0.0,0.01441,0.01441,0.01441,,,108218164.0,,108218164.0
2023-05-24,28,358103953.0,0,0,0.0,0.00168,0.00168,0.00168,,,28694416.0,,28694416.0
2023-05-25,28,357952295.0,0,0,0.0,0.00402,0.00402,0.00402,,,32899960.0,,32899960.0
2023-05-26,28,356513472.0,0,0,0.0,0.01294,0.01294,0.01294,,,94386579.0,,94386579.0
2023-05-30,28,358841447.0,0,0,0.0,0.01583,0.01583,0.01583,,,118663606.0,,118663606.0
2023-05-31,28,353160456.0,0,0,0.0,0.01699,0.01699,0.01699,,,127389384.0,,127389384.0
2023-06-01,28,359160712.0,0,0,0.0,0.00653,0.00653,0.00653,,,50611811.0,,50611811.0
2023-06-02,28,356816812.0,0,0,0.0,0.0021,0.0021,0.0021,,,16448766.0,,16448766.0
2023-06-05,28,356066756.0,0,0,0.0,0.00656,0.00656,0.00656,,,71243426.0,,71243426.0
2023-06-06,28,354491338.0,0,0,0.0,0.00191,0.00191,0.00191,,,12821910.0,,12821910.0
2023-06-07,28,355106778.0,0,0,0.0,0.00381,0.00381,0.00381,,,49393365.0,,49393365.0
2023-06-08,28,354389210.0,0,0,0.0,0.00897,0.00897,0.00897,,,87714131.0,,87714131.0
2023-06-09,28,351448044.0,0,0,0.0,0.00027,0.00027,0.00027,,,5418275.0,,5418275.0
2023-06-12,28,351541838.0,0,0,0.0,0.00321,0.00321,0.00321,,,27585237.0,,27585237.0
2023-06-13,28,352416766.0,2,0,0.07143,0.01344,0.01293,0.01344,,,222118526.0,,222118526.0
2023-06-14,30,348037680.0,0,0,0.0,0.00456,0.00456,0.00456,,,60974529.0,,60974529.0
2023-06-15,30,349624659.0,0,0,0.0,0.00531,0.00531,0.00531,,,49298723.0,,49298723.0
2023-06-16,30,347907969.0,0,0,0.0,0.00096,0.00096,0.00096,,,8729656.0,,8729656.0
2023-06-20,30,348206290.0,0,0,0.0,0.00711,0.00711,0.00711,,,74235675.0,,74235675.0
2023-06-21,30,347017766.0,0,0,0.0,0.0116,0.0116,0.0116,,,104611097.0,,104611097.0
2023-06-22,30,343351696.0,0,0,0.0,0.00277,0.00277,0.00277,,,23257956.0,,23257956.0
2023-06-23,30,342673311.0,0,0,0.0,0.00499,0.00499,0.00499,,,36441990.0,,36441990.0
2023-06-26,30,341882345.0,0,0,0.0,0.01011,0.01011,0.01011,,,75233495.0,,75233495.0
2023-06-27,30,339846183.0,0,0,0.0,0.00023,0.00023,0.00023,,,1391727.0,,1391727.0
2023-06-28,30,339923074.0,0,0,0.0,0.0011,0.0011,0.0011,,,10343426.0,,10343426.0
2023-06-29,30,340191004.0,0,0,0.0,0.00836,0.00836,0.00836,,,66266002.0,,66266002.0
2023-06-30,30,343035684.0,0,0,0.0,0.0007,0.0007,0.0007,,,5362322.0,,5362322.0
2023-07-03,30,342900683.0,0,0,0.0,0.00703,0.00703,0.00703,,,73229789.0,,73229789.0
2023-07-05,30,340907815.0,0,0,0.0,0.00276,0.00276,0.00276,,,24753247.0,,24753247.0
2023-07-06,30,341813133.0,0,0,0.0,0.00452,0.00452,0.00452,,,36875339.0,,36875339.0
2023-07-07,30,343359437.0,0,0,0.0,0.00719,0.00719,0.00719,,,56069636.0,,56069636.0
2023-07-10,30,341012257.0,0,0,0.0,0.00119,0.00119,0.00119,,,9229071.0,,9229071.0
2023-07-11,30,340668172.0,0,0,0.0,9e-05,9e-05,9e-05,,,665026.0,,665026.0
2023-07-12,30,340697624.0,0,0,0.0,0.02584,0.02584,0.02584,,,178729318.0,,178729318.0
2023-07-13,30,349499910.0,0,0,0.0,0.01286,0.01286,0.01286,,,104936800.0,,104936800.0
2023-07-14,30,353994185.0,0,0,0.0,0.00323,0.00323,0.00323,,,29745948.0,,29745948.0
2023-07-17,30,355138373.0,0,0,0.0,0.00759,0.00759,0.00759,,,135171693.0,,135171693.0
2023-07-18,30,353316713.0,0,0,0.0,0.00341,0.00341,0.00341,,,50001486.0,,50001486.0
2023-07-19,30,354251089.0,0,0,0.0,0.00123,0.00123,0.00123,,,29362076.0,,29362076.0
2023-07-20,30,354596488.0,0,0,0.0,6e-05,6e-05,6e-05,,,2552733.0,,2552733.0
2023-07-21,30,354618626.0,0,0,0.0,0.00837,0.00837,0.00837,,,74013079.0,,74013079.0
2023-07-24,30,351652205.0,0,0,0.0,0.00381,0.00381,0.00381,,,33541382.0,,33541382.0
2023-07-25,30,350312363.0,0,0,0.0,0.00191,0.00191,0.00191,,,16588045.0,,16588045.0
2023-07-26,30,350982221.0,0,0,0.0,0.00055,0.00055,0.00055,,,4724055.0,,4724055.0
2023-07-27,30,351173599.0,0,0,0.0,0.00409,0.00409,0.00409,,,36183538.0,,36183538.0
2023-07-28,30,352608964.0,0,0,0.0,0.00244,0.00244,0.00244,,,21089358.0,,21089358.0
2023-07-31,30,351747736.0,0,0,0.0,0.0049,0.0049,0.0049,,,44466432.0,,44466432.0
2023-08-01,30,353470228.0,0,0,0.0,0.0019,0.0019,0.0019,,,17642744.0,,17642744.0
2023-08-02,30,352800391.0,0,0,0.0,0.01356,0.01356,0.01356,,,123624965.0,,123624965.0
2023-08-03,30,348015791.0,0,0,0.0,0.01677,0.01677,0.01677,,,142431819.0,,142431819.0
2023-08-04,30,342178579.0,0,0,0.0,0.00359,0.00359,0.00359,,,30995652.0,,30995652.0
2023-08-07,30,343155810.0,0,0,0.0,0.00754,0.00754,0.00754,,,75947332.0,,75947332.0
2023-08-08,30,341444192.0,0,0,0.0,0.00358,0.00358,0.00358,,,22220083.0,,22220083.0
2023-08-09,30,342532619.0,0,0,0.0,0.01657,0.01657,0.01657,,,119905588.0,,119905588.0
2023-08-10,30,347871872.0,0,0,0.0,0.00742,0.00742,0.00742,,,61016032.0,,61016032.0
2023-08-11,30,349929560.0,1,0,0.03333,0.03741,0.01704,0.03741,,,98315762.0,,98315762.0
2023-08-14,31,362303513.0,0,0,0.0,0.00495,0.00495,0.00495,,,43789209.0,,43789209.0
2023-08-15,31,361192331.0,0,0,0.0,0.003,0.003,0.003,,,27507678.0,,27507678.0
2023-08-16,31,360691939.0,0,0,0.0,0.00683,0.00683,0.00683,,,47738124.0,,47738124.0
2023-08-17,31,359519249.0,0,0,0.0,0.0099,0.0099,0.0099,,,48316811.0,,48316811.0
2023-08-18,31,361345098.0,0,0,0.0,0.0059,0.0059,0.0059,,,42585077.0,,42585077.0
2023-08-21,31,361432738.0,0,0,0.0,0.0031,0.0031,0.0031,,,21698274.0,,21698274.0
2023-08-22,31,362477495.0,0,0,0.0,0.01085,0.01085,0.01085,,,77987078.0,,77987078.0
2023-08-23,31,366410395.0,0,0,0.0,0.00434,0.00434,0.00434,,,36942794.0,,36942794.0
2023-08-24,31,367982162.0,0,0,0.0,0.00463,0.00463,0.00463,,,35587211.0,,35587211.0
2023-08-25,31,369667477.0,0,0,0.0,0.01019,0.01019,0.01019,,,64721703.0,,64721703.0
2023-08-28,31,367341197.0,0,0,0.0,0.0,0.0,0.0,,,0.0,,0.0
2023-08-29,31,367341197.0,0,0,0.0,0.00268,0.00268,0.00268,,,13936258.0,,13936258.0
2023-08-30,31,368234136.0,0,0,0.0,0.01194,0.01194,0.01194,,,94647318.0,,94647318.0
2023-08-31,31,372629736.0,0,0,0.0,0.00054,0.00054,0.00054,,,4323488.0,,4323488.0
2023-09-01,31,372437385.0,0,0,0.0,0.01059,0.01059,0.01059,,,88638872.0,,88638872.0
2023-09-05,31,369439734.0,0,0,0.0,0.00869,0.00869,0.00869,,,73924023.0,,73924023.0
2023-09-06,31,366601274.0,0,0,0.0,0.00391,0.00391,0.00391,,,37209259.0,,37209259.0
2023-09-07,31,365482622.0,0,0,0.0,0.00877,0.00877,0.00877,,,71693998.0,,71693998.0
2023-09-08,31,362877487.0,0,0,0.0,0.0031,0.0031,0.0031,,,22267882.0,,22267882.0
2023-09-11,31,362624556.0,0,0,0.0,0.00508,0.00508,0.00508,,,41419424.0,,41419424.0
2023-09-12,31,360879861.0,0,0,0.0,0.0062,0.0062,0.0062,,,57192165.0,,57192165.0
2023-09-13,31,360041891.0,0,0,0.0,0.00794,0.00794,0.00794,,,57386898.0,,57386898.0
2023-09-14,31,362838933.0,0,0,0.0,0.00537,0.00537,0.00537,,,52970120.0,,52970120.0
2023-09-15,31,364419830.0,0,0,0.0,0.00163,0.00163,0.00163,,,18165362.0,,18165362.0
2023-09-18,31,364978781.0,0,0,0.0,0.00276,0.00276,0.00276,,,21276205.0,,21276205.0
2023-09-19,31,363991662.0,0,0,0.0,0.00019,0.00019,0.00019,,,1680550.0,,1680550.0
2023-09-20,31,364060792.0,0,0,0.0,0.00546,0.00546,0.00546,,,68720608.0,,68720608.0
2023-09-21,31,363433667.0,0,0,0.0,0.00854,0.00854,0.00854,,,44010519.0,,44010519.0
2023-09-22,31,365689378.0,0,0,0.0,0.00872,0.00872,0.00872,,,90010971.0,,90010971.0
2023-09-25,31,363868928.0,0,0,0.0,0.00794,0.00794,0.00794,,,53594038.0,,53594038.0
2023-09-26,31,360979289.0,0,0,0.0,0.00379,0.00379,0.00379,,,25445279.0,,25445279.0
2023-09-27,31,362346166.0,0,0,0.0,0.00173,0.00173,0.00173,,,11527150.0,,11527150.0
2023-09-28,31,362972206.0,0,0,0.0,0.00604,0.00604,0.00604,,,40577684.0,,40577684.0
2023-09-29,31,365163367.0,0,0,0.0,0.0088,0.0088,0.0088,,,60150104.0,,60150104.0
2023-10-02,31,361949165.0,0,0,0.0,0.00936,0.00936,0.00936,,,64083130.0,,64083130.0
2023-10-03,31,358565428.0,0,0,0.0,0.00146,0.00146,0.00146,,,9770188.0,,9770188.0
2023-10-04,31,359087243.0,0,0,0.0,0.00552,0.00552,0.00552,,,36090796.0,,36090796.0
2023-10-05,31,357104270.0,0,0,0.0,0.02224,0.02224,0.02224,,,129444421.0,,129444421.0
2023-10-06,31,364976535.0,0,0,0.0,0.00315,0.00315,0.00315,,,42275716.0,,42275716.0
2023-10-09,31,365922719.0,0,0,0.0,0.00405,0.00405,0.00405,,,30642975.0,,30642975.0
2023-10-10,31,364639501.0,0,0,0.0,0.00232,0.00232,0.00232,,,18221504.0,,18221504.0
2023-10-11,31,364357480.0,0,0,0.0,0.00725,0.00725,0.00725,,,50537241.0,,50537241.0
2023-10-12,31,366971991.0,0,0,0.0,0.00839,0.00839,0.00839,,,35114435.0,,35114435.0
2023-10-13,31,369986434.0,0,0,0.0,0.0038,0.0038,0.0038,,,21345299.0,,21345299.0
2023-10-16,31,370488069.0,0,0,0.0,0.00331,0.00331,0.00331,,,27310921.0,,27310921.0
2023-10-17,31,369353860.0,0,0,0.0,0.00056,0.00056,0.00056,,,3549545.0,,3549545.0
2023-10-18,31,369546858.0,0,0,0.0,0.00787,0.00787,0.00787,,,61841357.0,,61841357.0
2023-10-19,31,366852919.0,0,0,0.0,0.0044,0.0044,0.0044,,,39691067.0,,39691067.0
2023-10-20,31,368069288.0,0,0,0.0,0.00272,0.00272,0.00272,,,21523756.0,,21523756.0
2023-10-23,31,368084909.0,0,0,0.0,0.00816,0.00816,0.00816,,,55879746.0,,55879746.0
2023-10-24,31,365338116.0,0,0,0.0,0.00246,0.00246,0.00246,,,15915383.0,,15915383.0
2023-10-25,31,366125863.0,0,0,0.0,0.00242,0.00242,0.00242,,,16929601.0,,16929601.0
2023-10-26,31,366933990.0,0,0,0.0,0.00578,0.00578,0.00578,,,33485726.0,,33485726.0
2023-10-27,31,365245212.0,0,0,0.0,0.00032,0.00032,0.00032,,,1845475.0,,1845475.0
2023-10-30,31,365363498.0,0,0,0.0,0.00484,0.00484,0.00484,,,38020813.0,,38020813.0
2023-10-31,31,364284365.0,0,0,0.0,0.00736,0.00736,0.00736,,,42987018.0,,42987018.0
2023-11-01,31,366965619.0,0,0,0.0,0.00372,0.00372,0.00372,,,21535688.0,,21535688.0
2023-11-02,31,368329759.0,0,0,0.0,0.00406,0.00406,0.00406,,,35124052.0,,35124052.0
2023-11-03,31,369395929.0,0,0,0.0,0.01804,0.01804,0.01804,,,118161270.0,,118161270.0
2023-11-06,31,376061373.0,0,0,0.0,0.01109,0.01109,0.01109,,,78750906.0,,78750906.0
2023-11-07,31,380233398.0,0,0,0.0,0.0078,0.0078,0.0078,,,71613849.0,,71613849.0
2023-11-08,31,377687671.0,0,0,0.0,0.00247,0.00247,0.00247,,,8962522.0,,8962522.0
2023-11-09,31,378599843.0,0,0,0.0,0.01575,0.01575,0.01575,,,157043319.0,,157043319.0
2023-11-10,31,375901870.0,0,0,0.0,0.00204,0.00204,0.00204,,,19945058.0,,19945058.0
2023-11-13,31,375235240.0,2,0,0.06452,0.00566,0.00405,0.00566,,,87958500.0,,87958500.0
2023-11-14,33,374805976.0,0,0,0.0,0.00803,0.00803,0.00803,,,65499559.0,,65499559.0
2023-11-15,33,376896493.0,0,0,0.0,0.02956,0.02956,0.02956,,,162448591.0,,162448591.0
2023-11-16,33,388039085.0,0,0,0.0,0.02773,0.02773,0.02773,,,210426775.0,,210426775.0
2023-11-17,33,398798799.0,0,0,0.0,0.00799,0.00799,0.00799,,,61123664.0,,61123664.0
2023-11-20,33,395614135.0,0,0,0.0,0.01027,0.01027,0.01027,,,80731761.0,,80731761.0
2023-11-21,33,391550647.0,0,0,0.0,0.00252,0.00252,0.00252,,,20164089.0,,20164089.0
2023-11-22,33,392538928.0,0,0,0.0,0.01267,0.01267,0.01267,,,100530804.0,,100530804.0
2023-11-24,33,388165563.0,0,0,0.0,0.00214,0.00214,0.00214,,,27154055.0,,27154055.0
2023-11-27,33,387708080.0,0,0,0.0,0.00029,0.00029,0.00029,,,4977421.0,,4977421.0
2023-11-28,33,387685465.0,0,0,0.0,0.00748,0.00748,0.00748,,,45932764.0,,45932764.0
2023-11-29,33,388545428.0,0,0,0.0,0.00592,0.00592,0.00592,,,48230740.0,,48230740.0
2023-11-30,33,390786049.0,0,0,0.0,0.00733,0.00733,0.00733,,,58985739.0,,58985739.0
2023-12-01,33,389196727.0,0,0,0.0,0.01466,0.01466,0.01466,,,119303951.0,,119303951.0
2023-12-04,33,383491872.0,0,0,0.0,0.00511,0.00511,0.00511,,,48319329.0,,48319329.0
2023-12-05,33,381847916.0,0,0,0.0,0.00116,0.00116,0.00116,,,11337940.0,,11337940.0
2023-12-06,33,381690696.0,0,0,0.0,0.00911,0.00911,0.00911,,,107519737.0,,107519737.0
2023-12-07,33,378563188.0,0,0,0.0,0.01053,0.01053,0.01053,,,115603140.0,,115603140.0
2023-12-08,33,382044171.0,0,0,0.0,0.00774,0.00774,0.00774,,,68502024.0,,68502024.0
2023-12-11,33,379134588.0,0,0,0.0,0.01203,0.01203,0.01203,,,114123123.0,,114123123.0
2023-12-12,33,383085186.0,0,0,0.0,0.01117,0.01117,0.01117,,,77270997.0,,77270997.0
2023-12-13,33,387336094.0,0,0,0.0,0.00583,0.00583,0.00583,,,53756435.0,,53756435.0
2023-12-14,33,389533826.0,0,0,0.0,0.0035,0.0035,0.0035,,,63114126.0,,63114126.0
2023-12-15,33,390448253.0,0,0,0.0,0.01977,0.01977,0.01977,,,178865755.0,,178865755.0
2023-12-18,33,398169353.0,1,0,0.0303,0.01038,0.00924,0.01038,,,99237075.0,,99237075.0
2023-12-19,34,402303132.0,0,0,0.0,0.00262,0.00262,0.00262,,,26385052.0,,26385052.0
2023-12-20,34,401568186.0,0,0,0.0,0.00794,0.00794,0.00794,,,77767044.0,,77767044.0
2023-12-21,34,404755873.0,0,0,0.0,0.00386,0.00386,0.00386,,,75768779.0,,75768779.0
2023-12-22,34,403583081.0,0,0,0.0,0.01484,0.01484,0.01484,,,148585008.0,,148585008.0
2023-12-26,34,397593405.0,0,0,0.0,0.00561,0.00561,0.00561,,,77132564.0,,77132564.0
2023-12-27,34,395871194.0,0,0,0.0,0.0094,0.0094,0.0094,,,87274826.0,,87274826.0
2023-12-28,34,399570468.0,0,0,0.0,0.00277,0.00277,0.00277,,,26736602.0,,26736602.0
2023-12-29,34,400655032.0,0,0,0.0,0.00337,0.00337,0.00337,,,32555800.0,,32555800.0
2024-01-02,34,399305774.0,0,0,0.0,0.00694,0.00694,0.00694,,,64213122.0,,64213122.0
2024-01-03,34,396795513.0,0,0,0.0,0.0073,0.0073,0.0073,,,71788315.0,,71788315.0
2024-01-04,34,394206397.0,0,0,0.0,0.01328,0.01328,0.01328,,,136634781.0,,136634781.0
2024-01-05,34,389083896.0,0,0,0.0,0.00478,0.00478,0.00478,,,43726056.0,,43726056.0
2024-01-08,34,387396444.0,0,0,0.0,0.00626,0.00626,0.00626,,,56494664.0,,56494664.0
2024-01-09,34,389547888.0,0,0,0.0,0.00499,0.00499,0.00499,,,43643947.0,,43643947.0
2024-01-10,34,391081811.0,0,0,0.0,0.00445,0.00445,0.00445,,,46303754.0,,46303754.0
2024-01-11,34,391472820.0,0,0,0.0,0.01018,0.01018,0.01018,,,91280619.0,,91280619.0
2024-01-12,34,388008967.0,0,0,0.0,0.01248,0.01248,0.01248,,,118259197.0,,118259197.0
2024-01-16,34,383774789.0,0,0,0.0,0.00802,0.00802,0.00802,,,94400069.0,,94400069.0
2024-01-17,34,381768098.0,0,0,0.0,0.00525,0.00525,0.00525,,,45147631.0,,45147631.0
2024-01-18,34,380947009.0,0,0,0.0,0.00602,0.00602,0.00602,,,35602001.0,,35602001.0
2024-01-19,34,382627372.0,0,0,0.0,0.00657,0.00657,0.00657,,,55533652.0,,55533652.0
2024-01-22,34,380974704.0,0,0,0.0,0.00408,0.00408,0.00408,,,28747273.0,,28747273.0
2024-01-23,34,380746903.0,0,0,0.0,0.00547,0.00547,0.00547,,,41336728.0,,41336728.0
2024-01-24,34,382830185.0,0,0,0.0,0.00769,0.00769,0.00769,,,63658435.0,,63658435.0
2024-01-25,34,380098159.0,0,0,0.0,0.0027,0.0027,0.0027,,,22156158.0,,22156158.0
2024-01-26,34,379885708.0,0,0,0.0,0.00405,0.00405,0.00405,,,60840072.0,,60840072.0
2024-01-29,34,379471033.0,0,0,0.0,0.0034,0.0034,0.0034,,,61271078.0,,61271078.0
2024-01-30,34,379694257.0,0,0,0.0,0.0027,0.0027,0.0027,,,29957613.0,,29957613.0
2024-01-31,34,378685194.0,0,0,0.0,0.00201,0.00201,0.00201,,,21553338.0,,21553338.0
2024-02-01,34,378457888.0,0,0,0.0,0.01439,0.01439,0.01439,,,148981828.0,,148981828.0
2024-02-02,34,373664874.0,0,0,0.0,0.01016,0.01016,0.01016,,,81434358.0,,81434358.0
2024-02-05,34,377326232.0,0,0,0.0,0.00793,0.00793,0.00793,,,101099262.0,,101099262.0
2024-02-06,34,376223656.0,0,0,0.0,0.00555,0.00555,0.00555,,,55177347.0,,55177347.0
2024-02-07,34,374876162.0,0,0,0.0,0.00898,0.00898,0.00898,,,88603416.0,,88603416.0
2024-02-08,34,377327274.0,0,0,0.0,0.05247,0.05247,0.05247,,,46408417.0,,46408417.0
2024-02-09,34,362042149.0,0,0,0.0,0.01216,0.01216,0.01216,,,101583624.0,,101583624.0
2024-02-12,34,363934740.0,0,0,0.0,0.01071,0.01071,0.01071,,,116391010.0,,116391010.0
2024-02-13,34,366552059.0,0,0,0.0,0.01252,0.01252,0.01252,,,118246527.0,,118246527.0
2024-02-14,34,363482214.0,0,0,0.0,0.02221,0.02221,0.02221,,,187912104.0,,187912104.0
2024-02-15,34,356582519.0,0,0,0.0,0.00323,0.00323,0.00323,,,67933991.0,,67933991.0
2024-02-16,34,357253884.0,2,0,0.05882,0.01989,0.00516,0.01989,,,113843945.0,,113843945.0
2024-02-20,36,363325565.0,0,0,0.0,0.01652,0.01652,0.01652,,,245139178.0,,245139178.0
2024-02-21,36,363355583.0,0,0,0.0,0.0024,0.0024,0.0024,,,45639103.0,,45639103.0
2024-02-22,36,363417602.0,0,0,0.0,0.00589,0.00589,0.00589,,,47953363.0,,47953363.0
2024-02-23,36,362821186.0,0,0,0.0,0.00223,0.00223,0.00223,,,26649699.0,,26649699.0
2024-02-26,36,362762158.0,0,1,0.02778,0.00252,0.00252,0.00252,,,21348830.0,,21348830.0
2024-02-27,35,362024665.0,0,0,0.0,0.00398,0.00398,0.00398,,,39112031.0,,39112031.0
2024-02-28,35,362665898.0,1,0,0.02857,0.00884,0.00862,0.00884,,,93772558.0,,93772558.0
2024-02-29,36,362365579.0,0,0,0.0,0.0074,0.0074,0.0074,,,69907238.0,,69907238.0
2024-03-01,36,362849159.0,0,0,0.0,0.00502,0.00502,0.00502,,,40941889.0,,40941889.0
2024-03-04,36,361416759.0,0,0,0.0,0.00782,0.00782,0.00782,,,48708557.0,,48708557.0
2024-03-05,36,362229587.0,0,0,0.0,0.0133,0.0133,0.0133,,,30769034.0,,30769034.0
2024-03-06,36,366901001.0,0,0,0.0,0.00986,0.00986,0.00986,,,72367119.0,,72367119.0
2024-03-07,36,367635254.0,0,0,0.0,0.0052,0.0052,0.0052,,,84931225.0,,84931225.0
2024-03-08,36,367529294.0,0,0,0.0,0.00602,0.00602,0.00602,,,48160466.0,,48160466.0
2024-03-11,36,366526325.0,0,0,0.0,0.00836,0.00836,0.00836,,,66787028.0,,66787028.0
2024-03-12,36,369499904.0,1,0,0.02778,0.01177,0.01105,0.01177,,,140160712.0,,140160712.0
2024-03-13,37,369736155.0,0,0,0.0,0.00968,0.00968,0.00968,,,101012836.0,,101012836.0
2024-03-14,37,366381326.0,0,0,0.0,0.0039,0.0039,0.0039,,,32603129.0,,32603129.0
2024-03-15,37,364966612.0,0,0,0.0,0.01617,0.01617,0.01617,,,132229830.0,,132229830.0
2024-03-18,37,359385821.0,0,0,0.0,0.00794,0.00794,0.00794,,,63644763.0,,63644763.0
2024-03-19,37,356594059.0,0,0,0.0,0.03009,0.03009,0.03009,,,231082354.0,,231082354.0
2024-03-20,37,366823309.0,0,0,0.0,0.00239,0.00239,0.00239,,,30459366.0,,30459366.0
2024-03-21,37,366254232.0,0,0,0.0,0.00284,0.00284,0.00284,,,37684412.0,,37684412.0
2024-03-22,37,366882549.0,0,0,0.0,0.00637,0.00637,0.00637,,,145147271.0,,145147271.0
2024-03-25,37,367997453.0,0,0,0.0,0.00687,0.00687,0.00687,,,131385280.0,,131385280.0
2024-03-26,37,369106562.0,0,0,0.0,0.0103,0.0103,0.0103,,,137213279.0,,137213279.0
2024-03-27,37,367078336.0,0,0,0.0,0.00265,0.00265,0.00265,,,21715394.0,,21715394.0
2024-03-28,37,367854374.0,0,0,0.0,0.00566,0.00566,0.00566,,,43580728.0,,43580728.0
2024-04-01,37,365790156.0,0,0,0.0,0.00293,0.00293,0.00293,,,34141065.0,,34141065.0
2024-04-02,37,364995108.0,0,0,0.0,0.01069,0.01069,0.01069,,,81191775.0,,81191775.0
2024-04-03,37,362791964.0,0,0,0.0,0.01365,0.01365,0.01365,,,133569374.0,,133569374.0
2024-04-04,37,358106722.0,0,0,0.0,0.00278,0.00278,0.00278,,,22133023.0,,22133023.0
2024-04-05,37,359004750.0,0,0,0.0,0.00091,0.00091,0.00091,,,14856663.0,,14856663.0
2024-04-08,37,359244285.0,0,0,0.0,0.00516,0.00516,0.00516,,,63269742.0,,63269742.0
2024-04-09,37,357792078.0,0,0,0.0,0.00502,0.00502,0.00502,,,35796720.0,,35796720.0
2024-04-10,37,359565636.0,0,0,0.0,0.00445,0.00445,0.00445,,,32804341.0,,32804341.0
2024-04-11,37,357966361.0,0,1,0.02703,0.01495,0.01495,0.01495,,,110630689.0,,110630689.0
2024-04-12,36,353062305.0,0,0,0.0,0.00178,0.00178,0.00178,,,23217330.0,,23217330.0
2024-04-15,36,353566471.0,0,0,0.0,0.01201,0.01201,0.01201,,,80951151.0,,80951151.0
2024-04-16,36,357813643.0,0,0,0.0,0.01525,0.01525,0.01525,,,103067051.0,,103067051.0
2024-04-17,36,352355794.0,0,0,0.0,0.01151,0.01151,0.01151,,,80242095.0,,80242095.0
2024-04-18,36,356053555.0,0,0,0.0,0.0028,0.0028,0.0028,,,24696614.0,,24696614.0
2024-04-19,36,357049544.0,0,0,0.0,0.00567,0.00567,0.00567,,,45242377.0,,45242377.0
2024-04-22,36,355441435.0,0,0,0.0,0.00292,0.00292,0.00292,,,12892064.0,,12892064.0
2024-04-23,36,355825496.0,0,0,0.0,0.01249,0.01249,0.01249,,,84098858.0,,84098858.0
2024-04-24,36,351470259.0,0,0,0.0,0.00605,0.00605,0.00605,,,40365155.0,,40365155.0
2024-04-25,36,353347121.0,0,0,0.0,0.00682,0.00682,0.00682,,,11431868.0,,11431868.0
2024-04-26,36,350937571.0,0,0,0.0,0.01101,0.01101,0.01101,,,75761486.0,,75761486.0
2024-04-29,36,347103870.0,0,0,0.0,0.00634,0.00634,0.00634,,,63794969.0,,63794969.0
2024-04-30,36,346060200.0,0,0,0.0,0.00834,0.00834,0.00834,,,44095404.0,,44095404.0
2024-05-01,36,347033773.0,0,0,0.0,0.01576,0.01576,0.01576,,,95781367.0,,95781367.0
2024-05-02,36,341565212.0,0,0,0.0,0.00591,0.00591,0.00591,,,40937349.0,,40937349.0
2024-05-03,36,343058696.0,0,0,0.0,0.00476,0.00476,0.00476,,,32831878.0,,32831878.0
2024-05-06,36,344242420.0,0,0,0.0,0.00434,0.00434,0.00434,,,43461651.0,,43461651.0
2024-05-07,36,343608129.0,0,0,0.0,0.00109,0.00109,0.00109,,,7314259.0,,7314259.0
2024-05-08,36,343232594.0,0,0,0.0,0.00764,0.00764,0.00764,,,66771461.0,,66771461.0
2024-05-09,36,342390085.0,0,0,0.0,0.00226,0.00226,0.00226,,,35374037.0,,35374037.0
2024-05-10,36,342138886.0,0,0,0.0,0.01093,0.01093,0.01093,,,110046629.0,,110046629.0
2024-05-13,36,341226845.0,0,0,0.0,0.03508,0.03508,0.03508,,,77310638.0,,77310638.0
2024-05-14,36,349479510.0,0,0,0.0,0.02567,0.02567,0.02567,,,169077250.0,,169077250.0
2024-05-15,36,358131229.0,0,0,0.0,0.02487,0.02487,0.02487,,,164051472.0,,164051472.0
2024-05-16,36,366889789.0,0,1,0.02778,0.01242,0.01242,0.01242,,,84909625.0,,84909625.0
2024-05-17,35,362333332.0,0,0,0.0,0.01115,0.01115,0.01115,,,72523349.0,,72523349.0
2024-05-20,35,358392707.0,0,0,0.0,0.00267,0.00267,0.00267,,,17473384.0,,17473384.0
2024-05-21,35,358852049.0,0,0,0.0,0.02064,0.02064,0.02064,,,135670890.0,,135670890.0
2024-05-22,35,351443712.0,0,0,0.0,0.00697,0.00697,0.00697,,,43493105.0,,43493105.0
2024-05-23,35,349045444.0,0,0,0.0,0.00447,0.00447,0.00447,,,29265530.0,,29265530.0
2024-05-24,35,347485548.0,0,0,0.0,0.02176,0.02176,0.02176,,,137460536.0,,137460536.0
2024-05-28,35,339925800.0,0,0,0.0,0.00777,0.00777,0.00777,,,48874475.0,,48874475.0
2024-05-29,35,337285712.0,0,0,0.0,0.01715,0.01715,0.01715,,,110783136.0,,110783136.0
2024-05-30,35,342008548.0,0,0,0.0,0.0078,0.0078,0.0078,,,52349876.0,,52349876.0
2024-05-31,35,343954936.0,0,0,0.0,0.01886,0.01886,0.01886,,,109872347.0,,109872347.0
2024-06-03,35,348818225.0,0,0,0.0,0.01397,0.01397,0.01397,,,97818003.0,,97818003.0
2024-06-04,35,345759576.0,0,0,0.0,0.00341,0.00341,0.00341,,,23635056.0,,23635056.0
2024-06-05,35,346616394.0,0,0,0.0,0.00323,0.00323,0.00323,,,25883493.0,,25883493.0
2024-06-06,35,347066445.0,0,0,0.0,0.00189,0.00189,0.00189,,,13174583.0,,13174583.0
2024-06-07,35,347299703.0,0,0,0.0,0.0052,0.0052,0.0052,,,33374513.0,,33374513.0
2024-06-10,35,345784850.0,0,0,0.0,0.00278,0.00278,0.00278,,,17777841.0,,17777841.0
2024-06-11,35,345056189.0,0,0,0.0,0.00358,0.00358,0.00358,,,23354944.0,,23354944.0
2024-06-12,35,345586496.0,0,0,0.0,0.01132,0.01132,0.01132,,,70403905.0,,70403905.0
2024-06-13,35,341673549.0,0,0,0.0,0.00742,0.00742,0.00742,,,45921533.0,,45921533.0
2024-06-14,35,343971575.0,0,0,0.0,0.00465,0.00465,0.00465,,,26948364.0,,26948364.0
2024-06-17,35,342465991.0,0,0,0.0,0.00303,0.00303,0.00303,,,18796075.0,,18796075.0
2024-06-18,35,341630122.0,0,0,0.0,0.00327,0.00327,0.00327,,,22813609.0,,22813609.0
2024-06-20,35,340630397.0,0,0,0.0,0.00235,0.00235,0.00235,,,16463902.0,,16463902.0
2024-06-21,35,341340073.0,0,0,0.0,0.00683,0.00683,0.00683,,,42170781.0,,42170781.0
2024-06-24,35,339128728.0,0,0,0.0,0.02107,0.02107,0.02107,,,128862835.0,,128862835.0
2024-06-25,35,331983385.0,0,0,0.0,0.10441,0.10441,0.10441,,,31409726.0,,31409726.0
2024-06-26,35,297931466.0,0,0,0.0,0.04613,0.04613,0.04613,,,24471307.0,,24471307.0
2024-06-27,35,285343532.0,0,0,0.0,0.08536,0.08536,0.08536,,,32131878.0,,32131878.0
2024-06-28,35,262040502.0,0,0,0.0,0.11757,0.11757,0.11757,,,69499275.0,,69499275.0
2024-07-01,35,236461613.0,0,0,0.0,0.09322,0.09322,0.09322,,,26297075.0,,26297075.0
2024-07-02,35,215076517.0,0,1,0.02857,0.00823,0.00823,0.00823,,,16044575.0,,16044575.0
2024-07-03,34,215079832.0,0,0,0.0,0.0138,0.0138,0.0138,,,60985948.0,,60985948.0
2024-07-05,34,213489307.0,0,0,0.0,0.00391,0.00391,0.00391,,,15824057.0,,15824057.0
2024-07-08,34,214155967.0,0,0,0.0,0.01148,0.01148,0.01148,,,75911660.0,,75911660.0
2024-07-09,34,211696938.0,0,0,0.0,0.00762,0.00762,0.00762,,,47382010.0,,47382010.0
2024-07-10,34,210762204.0,0,0,0.0,0.00172,0.00172,0.00172,,,4122319.0,,4122319.0
2024-07-11,34,210921043.0,0,0,0.0,0.00534,0.00534,0.00534,,,19662711.0,,19662711.0
2024-07-12,34,211723443.0,0,0,0.0,0.004,0.004,0.004,,,25627285.0,,25627285.0
2024-07-15,34,212283421.0,0,0,0.0,0.01249,0.01249,0.01249,,,78356793.0,,78356793.0
2024-07-16,34,214578286.0,0,2,0.05882,0.01944,0.01944,0.01944,,,123001445.0,,123001445.0
2024-07-17,32,218749527.0,0,0,0.0,0.00131,0.00131,0.00131,,,10232601.0,,10232601.0
2024-07-18,32,218481734.0,0,0,0.0,0.00081,0.00081,0.00081,,,6279967.0,,6279967.0
2024-07-19,32,218567465.0,0,0,0.0,0.00504,0.00504,0.00504,,,32414471.0,,32414471.0
2024-07-22,32,217510447.0,0,0,0.0,0.01163,0.01163,0.01163,,,74429351.0,,74429351.0
2024-07-23,32,214980079.0,0,0,0.0,0.00399,0.00399,0.00399,,,10584486.0,,10584486.0
2024-07-24,32,214514752.0,0,0,0.0,0.01091,0.01091,0.01091,,,67353754.0,,67353754.0
2024-07-25,32,212215480.0,0,0,0.0,0.01402,0.01402,0.01402,,,79823101.0,,79823101.0
2024-07-26,32,209685577.0,0,0,0.0,0.01114,0.01114,0.01114,,,63850244.0,,63850244.0
2024-07-29,32,207483997.0,0,0,0.0,0.00113,0.00113,0.00113,,,6846604.0,,6846604.0
2024-07-30,32,207711659.0,0,0,0.0,4e-05,4e-05,4e-05,,,77383.0,,77383.0
2024-07-31,32,207703573.0,0,0,0.0,0.01011,0.01011,0.01011,,,59255083.0,,59255083.0
2024-08-01,32,205613071.0,1,0,0.03125,0.01456,0.01306,0.01456,,,110446199.0,,110446199.0
2024-08-02,33,204822361.0,0,0,0.0,0.01795,0.01795,0.01795,,,108482399.0,,108482399.0
2024-08-05,33,201430001.0,0,0,0.0,0.0052,0.0052,0.0052,,,28445571.0,,28445571.0
2024-08-06,33,202392416.0,2,0,0.06061,0.01496,0.0141,0.01496,,,103298263.0,,103298263.0
2024-08-07,35,201940643.0,0,0,0.0,0.01004,0.01004,0.01004,,,80301508.0,,80301508.0
2024-08-08,35,201511115.0,0,0,0.0,0.01346,0.01346,0.01346,,,74649997.0,,74649997.0
2024-08-09,35,199313835.0,0,0,0.0,0.00986,0.00986,0.00986,,,49388143.0,,49388143.0
2024-08-12,35,197800589.0,0,0,0.0,0.00806,0.00806,0.00806,,,41345851.0,,41345851.0
2024-08-13,35,196326680.0,0,0,0.0,0.00703,0.00703,0.00703,,,37518699.0,,37518699.0
2024-08-14,35,195077140.0,0,0,0.0,0.0198,0.0198,0.0198,,,99822934.0,,99822934.0
2024-08-15,35,197993446.0,0,0,0.0,0.00237,0.00237,0.00237,,,9568980.0,,9568980.0
2024-08-16,35,198117357.0,0,0,0.0,0.00393,0.00393,0.00393,,,16651428.0,,16651428.0
2024-08-19,35,198235351.0,0,0,0.0,0.00706,0.00706,0.00706,,,38037518.0,,38037518.0
2024-08-20,35,196835315.0,0,0,0.0,0.004,0.004,0.004,,,16398923.0,,16398923.0
2024-08-21,35,197161492.0,0,1,0.02857,0.00462,0.00461,0.00462,,,17827937.0,,17827937.0
2024-08-22,34,197436506.0,0,0,0.0,0.0037,0.0037,0.0037,,,8758588.0,,8758588.0
2024-08-23,34,197098670.0,0,0,0.0,0.00603,0.00603,0.00603,,,21482154.0,,21482154.0
2024-08-26,34,196786429.0,0,0,0.0,0.00262,0.00262,0.00262,,,8214003.0,,8214003.0
2024-08-27,34,196401282.0,0,0,0.0,0.00183,0.00183,0.00183,,,12156510.0,,12156510.0
2024-08-28,34,196761290.0,0,0,0.0,0.00624,0.00624,0.00624,,,36290514.0,,36290514.0
2024-08-29,34,195533305.0,0,1,0.02941,0.00527,0.00527,0.00527,,,33324855.0,,33324855.0
2024-08-30,33,194648093.0,0,0,0.0,0.00685,0.00685,0.00685,,,48238964.0,,48238964.0
2024-09-03,33,193721341.0,0,0,0.0,0.0088,0.0088,0.0088,,,60616887.0,,60616887.0
2024-09-04,33,192309365.0,0,0,0.0,0.00794,0.00794,0.00794,,,43624386.0,,43624386.0
2024-09-05,33,191165391.0,0,0,0.0,0.01091,0.01091,0.01091,,,58591509.0,,58591509.0
2024-09-06,33,189550047.0,0,0,0.0,0.02146,0.02146,0.02146,,,109798666.0,,109798666.0
2024-09-09,33,193121596.0,0,0,0.0,0.00867,0.00867,0.00867,,,53164479.0,,53164479.0
2024-09-10,33,191654265.0,0,0,0.0,0.00287,0.00287,0.00287,,,15431540.0,,15431540.0
2024-09-11,33,191104009.0,0,0,0.0,0.01468,0.01468,0.01468,,,77830373.0,,77830373.0
2024-09-12,33,188751564.0,0,0,0.0,0.00497,0.00497,0.00497,,,40151413.0,,40151413.0
2024-09-13,33,189011829.0,0,0,0.0,0.00857,0.00857,0.00857,,,47361267.0,,47361267.0
2024-09-16,33,189084836.0,0,0,0.0,0.00799,0.00799,0.00799,,,45067496.0,,45067496.0
2024-09-17,33,190595123.0,0,0,0.0,0.00438,0.00438,0.00438,,,37974934.0,,37974934.0
2024-09-18,33,190060227.0,0,0,0.0,0.00312,0.00312,0.00312,,,19067299.0,,19067299.0
2024-09-19,33,190652853.0,0,0,0.0,0.00229,0.00229,0.00229,,,13773474.0,,13773474.0
2024-09-20,33,190243296.0,0,0,0.0,0.00232,0.00232,0.00232,,,13472404.0,,13472404.0
2024-09-23,33,190684054.0,0,0,0.0,0.0125,0.0125,0.0125,,,73192859.0,,73192859.0
2024-09-24,33,188300436.0,0,0,0.0,0.01174,0.01174,0.01174,,,62712539.0,,62712539.0
2024-09-25,33,186866435.0,0,0,0.0,0.00551,0.00551,0.00551,,,3438249.0,,3438249.0
2024-09-26,33,187813522.0,0,0,0.0,0.00286,0.00286,0.00286,,,17414020.0,,17414020.0
2024-09-27,33,188245459.0,0,0,0.0,0.00654,0.00654,0.00654,,,37742619.0,,37742619.0
2024-09-30,33,187014515.0,0,0,0.0,0.0,0.0,0.0,,,0.0,,0.0
2024-10-01,33,187014515.0,0,0,0.0,0.0,0.0,0.0,,,0.0,,0.0
2024-10-02,33,187014515.0,0,0,0.0,0.00823,0.00823,0.00823,,,46111097.0,,46111097.0
2024-10-03,33,185475835.0,0,0,0.0,0.00171,0.00171,0.00171,,,9634548.0,,9634548.0
2024-10-04,33,185792797.0,0,0,0.0,0.00868,0.00868,0.00868,,,47412164.0,,47412164.0
2024-10-07,33,184198779.0,0,0,0.0,0.0,0.0,0.0,,,0.0,,0.0
2024-10-08,33,184198779.0,0,0,0.0,0.00042,0.00042,0.00042,,,2293118.0,,2293118.0
2024-10-09,33,184275724.0,0,0,0.0,0.00761,0.00761,0.00761,,,46052097.0,,46052097.0
2024-10-10,33,183488748.0,0,0,0.0,0.00928,0.00928,0.00928,,,52236232.0,,52236232.0
2024-10-11,33,182140714.0,0,0,0.0,0.01083,0.01083,0.01083,,,49458695.0,,49458695.0
2024-10-14,33,183856955.0,0,0,0.0,0.00597,0.00597,0.00597,,,35587315.0,,35587315.0
2024-10-15,33,182759472.0,0,0,0.0,0.00212,0.00212,0.00212,,,11282554.0,,11282554.0
2024-10-16,33,182808638.0,0,0,0.0,0.00059,0.00059,0.00059,,,5576155.0,,5576155.0
2024-10-17,33,182853662.0,0,0,0.0,0.00134,0.00134,0.00134,,,9438717.0,,9438717.0
2024-10-18,33,182698150.0,0,0,0.0,0.00336,0.00336,0.00336,,,9589152.0,,9589152.0
2024-10-21,33,183011225.0,0,0,0.0,0.00234,0.00234,0.00234,,,8459899.0,,8459899.0
2024-10-22,33,183292994.0,0,0,0.0,0.00814,0.00814,0.00814,,,43615917.0,,43615917.0
2024-10-23,33,182061886.0,0,0,0.0,0.00454,0.00454,0.00454,,,20677805.0,,20677805.0
2024-10-24,33,182269471.0,0,0,0.0,0.00102,0.00102,0.00102,,,1628003.0,,1628003.0
2024-10-25,33,182423977.0,0,0,0.0,0.01317,0.01317,0.01317,,,75351668.0,,75351668.0
2024-10-28,33,184735603.0,0,0,0.0,0.01124,0.01124,0.01124,,,32350917.0,,32350917.0
2024-10-29,33,186811908.0,0,0,0.0,0.01398,0.01398,0.01398,,,96285206.0,,96285206.0
2024-10-30,33,188169089.0,0,0,0.0,0.00784,0.00784,0.00784,,,19556531.0,,19556531.0
2024-10-31,33,189010811.0,0,0,0.0,0.01288,0.01288,0.01288,,,61383287.0,,61383287.0
2024-11-01,33,190645400.0,0,0,0.0,0.01738,0.01738,0.01738,,,130040415.0,,130040415.0
2024-11-04,33,190194782.0,1,0,0.0303,0.00624,0.00592,0.00624,,,54310825.0,,54310825.0
2024-11-05,34,189253048.0,0,0,0.0,0.0037,0.0037,0.0037,,,45126694.0,,45126694.0
2024-11-06,34,188982893.0,0,1,0.02941,0.00654,0.00653,0.00654,,,44204054.0,,44204054.0
2024-11-07,33,188647559.0,0,0,0.0,0.02249,0.02249,0.02249,,,135132757.0,,135132757.0
2024-11-08,33,191577765.0,0,0,0.0,0.01184,0.01184,0.01184,,,114168076.0,,114168076.0
2024-11-11,33,191549539.0,0,0,0.0,0.03384,0.03384,0.03384,,,208363714.0,,208363714.0
2024-11-12,33,186260271.0,0,0,0.0,0.02988,0.02988,0.02988,,,170176724.0,,170176724.0
2024-11-13,33,190545327.0,0,0,0.0,0.00176,0.00176,0.00176,,,7076729.0,,7076729.0
2024-11-14,33,190863584.0,0,0,0.0,0.00779,0.00779,0.00779,,,46045983.0,,46045983.0
2024-11-15,33,189679227.0,0,0,0.0,0.01035,0.01035,0.01035,,,68860080.0,,68860080.0
2024-11-18,33,187905323.0,0,0,0.0,0.01668,0.01668,0.01668,,,99298187.0,,99298187.0
2024-11-19,33,186379116.0,0,0,0.0,0.0281,0.0281,0.0281,,,178586867.0,,178586867.0
2024-11-20,33,181256681.0,0,0,0.0,0.02148,0.02148,0.02148,,,117769057.0,,117769057.0
2024-11-21,33,184940681.0,0,0,0.0,0.00517,0.00517,0.00517,,,23194810.0,,23194810.0
2024-11-22,33,185828164.0,0,0,0.0,0.00438,0.00438,0.00438,,,29451303.0,,29451303.0
2024-11-25,33,185218186.0,0,1,0.0303,0.01345,0.01345,0.01345,,,87312115.0,,87312115.0
2024-11-26,32,187708850.0,0,0,0.0,0.00317,0.00317,0.00317,,,24369312.0,,24369312.0
2024-11-27,32,188259616.0,0,0,0.0,0.01826,0.01826,0.01826,,,135586220.0,,135586220.0
2024-11-29,32,184921300.0,0,0,0.0,0.01107,0.01107,0.01107,,,106158640.0,,106158640.0
2024-12-02,32,183871903.0,0,0,0.0,0.01187,0.01187,0.01187,,,78803294.0,,78803294.0
2024-12-03,32,185905249.0,0,0,0.0,0.00043,0.00043,0.00043,,,2964236.0,,2964236.0
2024-12-04,32,185843197.0,0,0,0.0,0.00216,0.00216,0.00216,,,15723793.0,,15723793.0
2024-12-05,32,185441334.0,0,0,0.0,8e-05,8e-05,8e-05,,,622720.0,,622720.0
2024-12-06,32,185425766.0,0,0,0.0,0.00348,0.00348,0.00348,,,24392142.0,,24392142.0
2024-12-09,32,184780172.0,0,0,0.0,0.00427,0.00427,0.00427,,,36046090.0,,36046090.0
2024-12-10,32,184262159.0,0,0,0.0,0.01763,0.01763,0.01763,,,124373757.0,,124373757.0
2024-12-11,32,181064571.0,0,0,0.0,0.00489,0.00489,0.00489,,,33546104.0,,33546104.0
2024-12-12,32,180179288.0,0,0,0.0,0.01244,0.01244,0.01244,,,84858706.0,,84858706.0
2024-12-13,32,182370136.0,0,0,0.0,0.03193,0.03193,0.03193,,,96413623.0,,96413623.0
2024-12-16,32,185788357.0,0,0,0.0,0.00893,0.00893,0.00893,,,77081076.0,,77081076.0
2024-12-17,32,187220035.0,0,0,0.0,0.00699,0.00699,0.00699,,,41502900.0,,41502900.0
2024-12-18,32,188498566.0,0,0,0.0,0.01068,0.01068,0.01068,,,85127844.0,,85127844.0
2024-12-19,32,187012873.0,0,0,0.0,0.01,0.01,0.01,,,82599900.0,,82599900.0
2024-12-20,32,185832582.0,0,0,0.0,0.02653,0.02653,0.02653,,,180034088.0,,180034088.0
2024-12-23,32,181322190.0,0,0,0.0,0.02865,0.02865,0.02865,,,160940140.0,,160940140.0
2024-12-24,32,186509210.0,1,0,0.03125,0.01532,0.0149,0.01532,,,96586912.0,,96586912.0
2024-12-26,33,189352755.0,0,0,0.0,0.00524,0.00524,0.00524,,,42745415.0,,42745415.0
2024-12-27,33,190249063.0,0,0,0.0,0.00788,0.00788,0.00788,,,65549759.0,,65549759.0
2024-12-30,33,189221189.0,0,0,0.0,0.01505,0.01505,0.01505,,,94161385.0,,94161385.0
2024-12-31,33,186466669.0,0,0,0.0,0.01704,0.01704,0.01704,,,111257483.0,,111257483.0
2025-01-02,33,183288816.0,0,0,0.0,0.00813,0.00813,0.00813,,,128988651.0,,128988651.0
2025-01-03,33,182813360.0,0,0,0.0,0.01171,0.01171,0.01171,,,73537563.0,,73537563.0
2025-01-06,33,180671895.0,0,0,0.0,0.00603,0.00603,0.00603,,,39108750.0,,39108750.0
2025-01-07,33,181655084.0,0,0,0.0,0.01315,0.01315,0.01315,,,68967139.0,,68967139.0
2025-01-08,33,181514264.0,0,0,0.0,0.01957,0.01957,0.01957,,,120996203.0,,120996203.0
2025-01-10,33,178166666.0,0,0,0.0,0.01191,0.01191,0.01191,,,57180385.0,,57180385.0
2025-01-13,33,180128797.0,0,0,0.0,0.009,0.009,0.009,,,59866728.0,,59866728.0
2025-01-14,33,178767507.0,0,0,0.0,0.00842,0.00842,0.00842,,,53189635.0,,53189635.0
2025-01-15,33,179996419.0,0,0,0.0,0.00385,0.00385,0.00385,,,24545146.0,,24545146.0
2025-01-16,33,180596515.0,0,0,0.0,0.00797,0.00797,0.00797,,,51003639.0,,51003639.0
2025-01-17,33,179157114.0,0,0,0.0,0.00076,0.00076,0.00076,,,5607265.0,,5607265.0
2025-01-21,33,179246769.0,0,0,0.0,0.01704,0.01704,0.01704,,,108887563.0,,108887563.0
2025-01-22,33,176439873.0,0,0,0.0,0.01927,0.01927,0.01927,,,122538167.0,,122538167.0
2025-01-23,33,179839332.0,0,0,0.0,0.00604,0.00604,0.00604,,,40602695.0,,40602695.0
2025-01-24,33,178753002.0,0,0,0.0,0.00617,0.00617,0.00617,,,41808046.0,,41808046.0
2025-01-27,33,177650591.0,0,0,0.0,0.00989,0.00989,0.00989,,,64838977.0,,64838977.0
2025-01-28,33,179407247.0,0,0,0.0,0.00749,0.00749,0.00749,,,48520515.0,,48520515.0
2025-01-29,33,178064084.0,0,0,0.0,0.00431,0.00431,0.00431,,,31541311.0,,31541311.0
2025-01-30,33,178806234.0,0,0,0.0,0.0039,0.0039,0.0039,,,21791793.0,,21791793.0
2025-01-31,33,179494629.0,0,0,0.0,0.01431,0.01431,0.01431,,,97667495.0,,97667495.0
2025-02-03,33,181922068.0,0,0,0.0,0.01697,0.01697,0.01697,,,109296525.0,,109296525.0
2025-02-04,33,179137321.0,0,0,0.0,3e-05,3e-05,3e-05,,,320950.0,,320950.0
2025-02-05,33,179131137.0,0,0,0.0,0.00269,0.00269,0.00269,,,26094005.0,,26094005.0
2025-02-06,33,178963725.0,0,0,0.0,0.00522,0.00522,0.00522,,,36176408.0,,36176408.0
2025-02-07,33,179642435.0,0,0,0.0,0.0076,0.0076,0.0076,,,64411893.0,,64411893.0
2025-02-10,33,179165042.0,0,0,0.0,0.01125,0.01125,0.01125,,,66391041.0,,66391041.0
2025-02-11,33,177752995.0,0,0,0.0,0.01028,0.01028,0.01028,,,75109133.0,,75109133.0
2025-02-12,33,177211223.0,2,0,0.06061,0.02025,0.01686,0.02025,,,153014146.0,,153014146.0
2025-02-13,35,174973146.0,0,0,0.0,0.01442,0.01442,0.01442,,,115126613.0,,115126613.0
2025-02-14,35,176631378.0,0,0,0.0,0.01306,0.01306,0.01306,,,128330356.0,,128330356.0
2025-02-18,35,177902495.0,0,0,0.0,0.0023,0.0023,0.0023,,,19509839.0,,19509839.0
2025-02-19,35,177789842.0,0,0,0.0,0.00838,0.00838,0.00838,,,59039419.0,,59039419.0
2025-02-20,35,179237595.0,0,0,0.0,0.00562,0.00562,0.00562,,,39364712.0,,39364712.0
2025-02-21,35,180203150.0,0,0,0.0,0.01521,0.01521,0.01521,,,105034682.0,,105034682.0
2025-02-24,35,177605638.0,0,0,0.0,0.02518,0.02518,0.02518,,,161432806.0,,161432806.0
2025-02-25,35,173133770.0,0,0,0.0,0.00814,0.00814,0.00814,,,53407428.0,,53407428.0
2025-02-26,35,174542444.0,0,0,0.0,0.03864,0.03864,0.03864,,,226472769.0,,226472769.0
2025-02-27,35,180765319.0,0,0,0.0,0.00597,0.00597,0.00597,,,36583275.0,,36583275.0
2025-02-28,35,181844878.0,0,0,0.0,0.01131,0.01131,0.01131,,,69578752.0,,69578752.0
2025-03-03,35,179947403.0,0,0,0.0,0.01091,0.01091,0.01091,,,60776777.0,,60776777.0
2025-03-04,35,178906908.0,0,0,0.0,0.00571,0.00571,0.00571,,,37028588.0,,37028588.0
2025-03-05,35,179844818.0,0,0,0.0,0.01626,0.01626,0.01626,,,107135987.0,,107135987.0
2025-03-06,35,182124911.0,0,0,0.0,0.01127,0.01127,0.01127,,,65527285.0,,65527285.0
2025-03-07,35,180072707.0,0,0,0.0,0.01688,0.01688,0.01688,,,94375977.0,,94375977.0
2025-03-10,35,177456011.0,0,0,0.0,0.01679,0.01679,0.01679,,,90039596.0,,90039596.0
2025-03-11,35,174477371.0,0,0,0.0,0.07212,0.07212,0.07212,,,385675830.0,,385675830.0
2025-03-12,35,177716423.0,0,0,0.0,0.00911,0.00911,0.00911,,,57762155.0,,57762155.0
2025-03-13,35,178328456.0,0,0,0.0,0.0139,0.0139,0.0139,,,72569820.0,,72569820.0
2025-03-14,35,175849918.0,0,0,0.0,0.01412,0.01412,0.01412,,,52368147.0,,52368147.0
2025-03-17,35,173981817.0,0,0,0.0,0.00773,0.00773,0.00773,,,17443582.0,,17443582.0
2025-03-18,35,172912017.0,0,0,0.0,0.00706,0.00706,0.00706,,,45847190.0,,45847190.0
2025-03-19,35,171937537.0,0,0,0.0,0.02565,0.02565,0.02565,,,129906210.0,,129906210.0
2025-03-20,35,168512699.0,0,0,0.0,0.02642,0.02642,0.02642,,,118219016.0,,118219016.0
2025-03-21,35,170690900.0,0,0,0.0,0.00743,0.00743,0.00743,,,50466665.0,,50466665.0
2025-03-24,35,169589888.0,0,0,0.0,0.00493,0.00493,0.00493,,,20272230.0,,20272230.0
2025-03-25,35,170360479.0,0,0,0.0,0.00913,0.00913,0.00913,,,49686940.0,,49686940.0
2025-03-26,35,171831356.0,0,0,0.0,0.00684,0.00684,0.00684,,,22300185.0,,22300185.0
2025-03-27,35,172859800.0,0,0,0.0,0.02733,0.02733,0.02733,,,164586750.0,,164586750.0
2025-03-28,35,168672160.0,0,0,0.0,0.00197,0.00197,0.00197,,,11118830.0,,11118830.0
2025-03-31,35,168340697.0,0,0,0.0,0.01179,0.01179,0.01179,,,69048901.0,,69048901.0
2025-04-01,35,166748199.0,0,0,0.0,0.02942,0.02942,0.02942,,,93072463.0,,93072463.0
2025-04-02,35,167328858.0,0,0,0.0,0.00524,0.00524,0.00524,,,23677781.0,,23677781.0
2025-04-03,35,166458485.0,0,0,0.0,0.00149,0.00149,0.00149,,,6989017.0,,6989017.0
2025-04-04,35,166210163.0,0,0,0.0,0.00927,0.00927,0.00927,,,43399461.0,,43399461.0
2025-04-07,35,164679734.0,0,0,0.0,0.01029,0.01029,0.01029,,,51079884.0,,51079884.0
2025-04-08,35,163422058.0,1,0,0.02857,0.03992,0.03899,0.03992,,,153000627.0,,153000627.0
2025-04-09,36,166158114.0,0,0,0.0,0.02603,0.02603,0.02603,,,109410388.0,,109410388.0
2025-04-10,36,168105373.0,0,0,0.0,0.02085,0.02085,0.02085,,,101865368.0,,101865368.0
2025-04-11,36,171332887.0,0,0,0.0,0.01725,0.01725,0.01725,,,87273454.0,,87273454.0
2025-04-14,36,168451882.0,0,0,0.0,0.00312,0.00312,0.00312,,,13344224.0,,13344224.0
2025-04-15,36,168776092.0,0,1,0.02778,0.01072,0.01072,0.01072,,,43016839.0,,43016839.0
2025-04-16,35,170437796.0,0,0,0.0,0.00304,0.00304,0.00304,,,16021305.0,,16021305.0
2025-04-17,35,170026087.0,0,0,0.0,0.01312,0.01312,0.01312,,,63498053.0,,63498053.0
2025-04-21,35,167795269.0,0,0,0.0,0.00879,0.00879,0.00879,,,42791008.0,,42791008.0
2025-04-22,35,166319748.0,0,1,0.02857,0.03408,0.03408,0.03408,,,161659200.0,,161659200.0
2025-04-23,34,160651338.0,0,0,0.0,0.00785,0.00785,0.00785,,,35773064.0,,35773064.0
2025-04-24,34,161803859.0,0,0,0.0,0.00661,0.00661,0.00661,,,31026740.0,,31026740.0
2025-04-25,34,162838312.0,0,0,0.0,0.00836,0.00836,0.00836,,,43799198.0,,43799198.0
2025-04-28,34,161476381.0,0,0,0.0,0.014,0.014,0.014,,,76384636.0,,76384636.0
2025-04-29,34,159216166.0,0,0,0.0,0.00696,0.00696,0.00696,,,12641582.0,,12641582.0
2025-04-30,34,160028503.0,0,0,0.0,0.00571,0.00571,0.00571,,,33026804.0,,33026804.0
2025-05-01,34,159151067.0,0,0,0.0,0.0187,0.0187,0.0187,,,117614770.0,,117614770.0
2025-05-02,34,156399964.0,1,0,0.02941,0.01604,0.01485,0.01604,,,79221215.0,,79221215.0
2025-05-05,35,158788191.0,0,0,0.0,0.01079,0.01079,0.01079,,,83469160.0,,83469160.0
2025-05-06,35,159422889.0,0,0,0.0,0.00742,0.00742,0.00742,,,21927527.0,,21927527.0
2025-05-07,35,160521034.0,0,0,0.0,0.01956,0.01956,0.01956,,,134609353.0,,134609353.0
2025-05-08,35,158411582.0,0,0,0.0,0.01218,0.01218,0.01218,,,87975368.0,,87975368.0
2025-05-09,35,159780592.0,0,0,0.0,0.0127,0.0127,0.0127,,,80796690.0,,80796690.0
2025-05-12,35,161387418.0,0,0,0.0,0.00589,0.00589,0.00589,,,38831995.0,,38831995.0
2025-05-13,35,161440207.0,0,0,0.0,0.01251,0.01251,0.01251,,,68260605.0,,68260605.0
2025-05-14,35,163416188.0,0,0,0.0,0.00898,0.00898,0.00898,,,46466512.0,,46466512.0
2025-05-15,35,163942451.0,1,0,0.02857,0.03702,0.03571,0.03702,,,262056020.0,,262056020.0
2025-05-16,36,158302358.0,0,0,0.0,0.00605,0.00605,0.00605,,,34559611.0,,34559611.0
2025-05-19,36,159185294.0,0,0,0.0,0.00257,0.00257,0.00452,0.00097,1.0,86306872.0,35217818.0,15871237.0
2025-05-20,36,159446858.0,1,0,0.02778,0.00491,0.00414,0.00491,0.00017,1.0,65848805.0,5243656.0,65848805.0
2025-05-21,37,160136729.0,0,0,0.0,0.02149,0.02149,0.02149,0.0,,128907963.0,0.0,128907963.0
2025-05-22,37,156743835.0,0,0,0.0,0.00507,0.00507,0.00507,0.0,,28054449.0,0.0,28054449.0
2025-05-23,37,155949325.0,0,0,0.0,0.01578,0.01578,0.01578,0.0,,85652450.0,0.0,85652450.0
2025-05-27,37,158401425.0,0,0,0.0,0.00102,0.00102,0.0063,0.00269,1.0,71645071.0,34078739.0,5859307.0
2025-05-28,37,158239079.0,0,0,0.0,0.0042,0.0042,0.00694,0.00189,1.0,73224170.0,25765303.0,44665441.0
2025-05-29,37,158155633.0,0,0,0.0,0.00293,0.00293,0.00777,0.00242,1.0,49203190.0,10100286.0,29002618.0
2025-05-30,37,158115953.0,0,0,0.0,0.01376,0.01376,0.01959,0.00315,1.0,88336944.0,6559642.0,80352728.0
2025-06-02,37,156273094.0,0,0,0.0,0.0072,0.0072,0.01015,0.00335,1.0,53731773.0,16882448.0,33656166.0
2025-06-03,37,155957329.0,0,0,0.0,0.00512,0.00512,0.0058,0.00359,1.0,35694187.0,21128376.0,23809533.0
2025-06-04,37,156640791.0,0,0,0.0,0.00474,0.00474,0.00701,0.00245,1.0,55603427.0,25833319.0,35625032.0
2025-06-05,37,156239727.0,0,0,0.0,0.00879,0.00879,0.05572,0.02533,1.0,694331464.0,338823524.0,54212280.0
2025-06-06,37,157322785.0,1,0,0.02703,0.02937,0.01014,0.02937,0.0002,1.0,350673680.0,830202.0,350673680.0
2025-06-09,38,160499692.0,0,0,0.0,0.01715,0.01715,0.01748,0.00016,1.0,109481224.0,714894.0,108051437.0
2025-06-10,38,157746910.0,0,0,0.0,0.02154,0.02154,0.02154,7e-05,1.0,129295877.0,310333.0,129295877.0
2025-06-11,38,161035084.0,0,0,0.0,0.00605,0.00605,0.01343,0.00395,1.0,86559798.0,28565609.0,38390207.0
2025-06-12,38,160060439.0,0,0,0.0,0.0382,0.0382,0.0382,0.0,,217155616.0,0.0,217155616.0
2025-06-13,38,166175005.0,0,0,0.0,0.05263,0.05263,0.08669,0.01703,1.0,399301261.0,33196158.0,332908945.0
2025-06-16,38,157428517.0,0,0,0.0,0.03544,0.03544,0.04178,0.0036,1.0,314625380.0,92572091.0,151530713.0
2025-06-17,38,156857043.0,1,0,0.02632,0.00414,0.00276,0.00725,0.00299,1.0,145572154.0,56445319.0,100063086.0
2025-06-18,39,156895807.0,0,0,0.0,0.00599,0.00599,0.00604,0.00042,1.0,74699439.0,5186036.0,73698616.0
2025-06-20,39,156452303.0,0,0,0.0,0.01625,0.01625,0.03202,0.009,1.0,489731423.0,209289023.0,105092222.0
2025-06-23,39,158994734.0,0,0,0.0,0.02356,0.02356,0.02804,0.00662,1.0,352412232.0,139966085.0,310168124.0
2025-06-24,39,156778316.0,0,0,0.0,0.01956,0.01956,0.02174,0.0013,1.0,229799809.0,11518079.0,214698999.0
2025-06-25,39,154565252.0,0,0,0.0,0.04377,0.04377,0.0445,0.0015,1.0,297349089.0,10230672.0,288172334.0
2025-06-26,39,161330824.0,0,0,0.0,0.00886,0.00886,0.02705,0.00954,1.0,218863053.0,89865282.0,60856047.0
2025-06-27,39,160036721.0,1,0,0.02564,0.01835,0.01135,0.04447,0.01473,1.0,272946796.0,99878596.0,131112865.0
2025-06-30,40,162290249.0,0,0,0.0,0.01567,0.01567,0.01862,0.00196,1.0,174775997.0,62179424.0,105889281.0
2025-07-01,40,164325616.0,0,0,0.0,0.00398,0.00398,0.00478,0.00043,1.0,103768959.0,16526866.0,73444563.0
2025-07-02,40,164806334.0,0,0,0.0,0.01598,0.01598,0.01656,0.00073,1.0,104638455.0,8101239.0,102970440.0
2025-07-03,40,162191605.0,0,0,0.0,0.00422,0.00422,0.00422,0.00015,1.0,33713368.0,493660.0,33713368.0
2025-07-07,40,161558597.0,0,0,0.0,0.00634,0.00634,0.01302,0.00373,1.0,68478379.0,14681614.0,41622164.0
2025-07-08,40,162566489.0,0,0,0.0,0.00525,0.00525,0.00664,0.00076,1.0,37494125.0,7095509.0,24413880.0
2025-07-09,40,163338051.0,0,0,0.0,0.00266,0.00266,0.00562,0.0017,1.0,51173113.0,18690001.0,20054207.0
2025-07-10,40,163080608.0,0,0,0.0,0.00276,0.00276,0.00573,0.00218,1.0,80102195.0,36467360.0,26544278.0
2025-07-11,40,162882593.0,0,0,0.0,0.01834,0.01834,0.02091,0.00152,1.0,145355654.0,18929925.0,130610867.0
2025-07-14,40,165712850.0,0,0,0.0,0.01797,0.01797,0.01797,0.00119,1.0,115524611.0,4110575.0,115524611.0
2025-07-15,40,162754800.0,0,0,0.0,0.00486,0.00486,0.00609,0.00068,1.0,65745220.0,20213073.0,32417634.0
2025-07-16,40,163386113.0,0,0,0.0,0.00326,0.00326,0.006,0.00186,1.0,66240378.0,22563173.0,35473293.0
2025-07-17,40,162932746.0,0,0,0.0,0.01887,0.01887,0.01968,0.00054,1.0,149039960.0,10282650.0,132706476.0
2025-07-18,40,165884045.0,0,0,0.0,0.01359,0.01359,0.01359,0.00025,1.0,106210018.0,5169867.0,106210018.0
2025-07-21,40,163766103.0,0,0,0.0,0.00947,0.00947,0.05042,0.02081,1.0,504218147.0,226333119.0,73646711.0
2025-07-22,40,162270877.0,1,0,0.025,0.02512,0.00701,0.02512,0.0,,250239578.0,0.0,250239578.0
2025-07-23,41,165347577.0,0,0,0.0,0.00107,0.00107,0.00107,0.0,,8166536.0,0.0,8166536.0
2025-07-24,41,165506627.0,0,0,0.0,0.01136,0.01136,0.01959,0.00442,1.0,221760458.0,78118478.0,83915615.0
2025-07-25,41,167326222.0,0,0,0.0,0.03018,0.03018,0.03332,0.00305,1.0,246280829.0,20229234.0,233913017.0
2025-07-28,41,163006011.0,0,0,0.0,0.00578,0.00578,0.01231,0.00469,1.0,95021421.0,32605621.0,41876122.0
2025-07-29,41,162676214.0,0,0,0.0,0.02763,0.02763,0.02763,0.00252,1.0,189600529.0,13530005.0,189600529.0
2025-07-30,41,166961781.0,0,0,0.0,0.00348,0.00348,0.01008,0.00334,1.0,50784770.0,15595910.0,20609906.0
2025-07-31,41,167189511.0,0,0,0.0,0.00798,0.00798,0.0093,0.00163,1.0,55300553.0,6430250.0,51684234.0
2025-08-01,41,166760460.0,0,0,0.0,0.10986,0.10986,0.11482,0.00911,1.0,854485491.0,121455055.0,764364812.0
2025-08-04,41,185081595.0,0,0,0.0,0.07423,0.07423,0.077,0.00183,1.0,582846379.0,19020120.0,565613131.0
2025-08-05,41,171552054.0,0,0,0.0,0.05289,0.05289,0.05596,0.00248,1.0,418679845.0,25372662.0,392105435.0
2025-08-06,41,162589264.0,0,0,0.0,0.00464,0.00464,0.00989,0.00424,1.0,137715691.0,64079387.0,36386864.0
2025-08-07,41,163150227.0,0,0,0.0,0.01377,0.01377,0.04932,0.01847,1.0,384778839.0,148305787.0,111603649.0
2025-08-08,41,165146983.0,1,0,0.02439,0.02741,0.01897,0.04249,0.00998,1.0,403858906.0,114903073.0,211797518.0
2025-08-11,42,166939224.0,0,0,0.0,0.02995,0.02995,0.03263,0.00139,1.0,244871898.0,22164144.0,201480173.0
2025-08-12,42,171361237.0,0,0,0.0,0.14644,0.14644,0.14645,0.0013,1.0,1041632069.0,2387731.0,1041534963.0
2025-08-13,42,196421931.0,0,0,0.0,0.11795,0.11795,0.13541,0.00873,1.0,1541234661.0,127954777.0,1285325108.0
2025-08-15,42,219582796.0,2,0,0.04762,0.08549,0.07921,0.1076,0.01416,1.0,622418487.0,130666620.0,515630826.0
2025-08-18,44,207718804.0,0,0,0.0,0.12122,0.12122,0.14488,0.01205,1.0,1351304658.0,69259639.0,1224118357.0
2025-08-19,44,182629391.0,0,0,0.0,0.0175,0.0175,0.03901,0.02084,1.0,256344226.0,113774758.0,134616303.0
2025-08-20,44,183055784.0,0,0,0.0,0.12072,0.12072,0.1253,0.00273,1.0,1099653716.0,13646257.0,1086711175.0
2025-08-21,44,161533999.0,0,0,0.0,0.00837,0.00837,0.00918,0.0014,1.0,64047061.0,3115607.0,61946554.0
2025-08-22,44,160626055.0,0,0,0.0,0.00614,0.00614,0.00615,7e-05,1.0,41657139.0,219036.0,41540953.0
2025-08-25,44,159939449.0,0,0,0.0,0.02345,0.02345,0.02813,0.00488,1.0,208149299.0,28912427.0,172402303.0
2025-08-26,44,163687825.0,0,1,0.02273,0.01139,0.01138,0.01296,0.0034,1.0,86596664.0,23812311.0,74512648.0
2025-08-27,43,165346645.0,0,0,0.0,0.00473,0.00473,0.00842,0.00489,1.0,65959516.0,37293484.0,33632961.0
2025-08-28,43,165755055.0,0,0,0.0,0.01652,0.01652,0.02,0.00267,1.0,136891519.0,11088523.0,130297154.0
2025-08-29,43,163519319.0,0,0,0.0,0.02291,0.02291,0.02291,0.00087,1.0,174160187.0,2009358.0,174160187.0
2025-09-02,43,160101633.0,0,0,0.0,0.01445,0.01445,0.02024,0.00359,1.0,128639656.0,19384277.0,107733972.0
2025-09-03,43,157798519.0,0,0,0.0,0.0051,0.0051,0.0051,0.0016,1.0,28551425.0,9242674.0,28551425.0
2025-09-04,43,158356789.0,0,0,0.0,0.01946,0.01946,0.01979,0.001,1.0,134807698.0,4148216.0,129595681.0
2025-09-05,43,161438281.0,0,0,0.0,0.00144,0.00144,0.00766,0.0033,1.0,63103619.0,30637426.0,7738835.0
2025-09-08,43,161459541.0,0,0,0.0,0.0075,0.0075,0.0075,0.00048,1.0,57812585.0,4035607.0,57812585.0
2025-09-09,43,162361233.0,0,0,0.0,0.08376,0.08376,0.084,0.00038,1.0,616243185.0,2685562.0,613094229.0
2025-09-10,43,175959942.0,0,0,0.0,0.09815,0.09815,0.09842,0.0014,1.0,787031394.0,7525578.0,783104191.0
2025-09-11,43,193229702.0,0,0,0.0,0.11488,0.11488,0.11539,0.00026,1.0,1039604167.0,3889632.0,1031824902.0
2025-09-12,43,215296340.0,0,0,0.0,0.06684,0.06684,0.06684,0.0,,693359584.0,0.0,693359584.0
2025-09-15,43,229603715.0,0,0,0.0,0.00916,0.00916,0.00916,0.0,,96379546.0,0.0,96379546.0
2025-09-16,43,230686655.0,0,0,0.0,0.22265,0.22265,0.23035,0.00459,1.0,2487290776.0,33694727.0,2449153843.0
2025-09-17,43,179325315.0,0,0,0.0,0.01436,0.01436,0.02363,0.00605,1.0,178881072.0,37336552.0,114777733.0
2025-09-18,43,177865815.0,0,0,0.0,0.02287,0.02287,0.02772,0.00294,1.0,343862599.0,80049382.0,200562867.0
2025-09-19,43,174757820.0,0,0,0.0,0.01733,0.01733,0.01733,0.00048,1.0,153686393.0,7526194.0,153686393.0
2025-09-22,43,171728877.0,1,0,0.02326,0.03609,0.0334,0.03609,0.0,,358460175.0,0.0,358460175.0
2025-09-23,44,177267469.0,0,0,0.0,0.04635,0.04635,0.04635,0.00062,1.0,409438507.0,9997234.0,409438507.0
2025-09-24,44,169056870.0,0,0,0.0,0.12705,0.12705,0.12878,0.00195,1.0,1113512144.0,51807201.0,1062067170.0
2025-09-25,44,147582691.0,2,0,0.04545,0.02442,0.02343,0.02442,0.00022,1.0,208035769.0,3540648.0,208035769.0
2025-09-26,46,144274198.0,0,0,0.0,0.0319,0.0319,0.03395,0.00103,1.0,239688340.0,5683190.0,228321960.0
2025-09-29,46,148853850.0,0,0,0.0,0.05548,0.05548,0.05548,0.00035,1.0,398755372.0,855280.0,398755372.0
2025-09-30,46,157111935.0,0,0,0.0,0.02214,0.02214,0.02336,0.00094,1.0,211467575.0,19171560.0,175819624.0
2025-10-01,46,160590841.0,1,0,0.02174,0.02266,0.01997,0.02662,0.00257,1.0,316405458.0,24370214.0,291078451.0
2025-10-02,47,164103519.0,0,0,0.0,0.02739,0.02739,0.02772,0.00064,1.0,241098529.0,14164422.0,233531083.0
2025-10-03,47,160301495.0,0,0,0.0,0.00153,0.00153,0.00157,0.00016,1.0,28312894.0,4943385.0,26965779.0
2025-10-06,47,160176534.0,0,0,0.0,0.01164,0.01164,0.01165,6e-05,1.0,100727740.0,2190017.0,100387531.0
2025-10-07,47,158345186.0,0,0,0.0,0.01201,0.01201,0.01201,1e-05,1.0,100829112.0,390611.0,100829112.0
2025-10-08,47,160219381.0,0,0,0.0,0.00615,0.00615,0.00621,4e-05,1.0,52033178.0,1235912.0,50230974.0
2025-10-09,47,161200422.0,0,0,0.0,0.00831,0.00831,0.00831,3e-05,1.0,73531364.0,863536.0,73531364.0
2025-10-10,47,159861201.0,0,0,0.0,0.00315,0.00315,0.00315,0.0,1.0,27774046.0,60070.0,27774046.0
2025-10-13,47,159356976.0,0,0,0.0,0.00523,0.00523,0.00523,0.0,1.0,42513623.0,66303.0,42489500.0
2025-10-14,47,158523755.0,0,0,0.0,0.0,0.0,0.00339,0.0017,1.0,24307988.0,12184367.0,60745.0
2025-10-15,47,158523364.0,0,0,0.0,0.02023,0.02023,0.02623,0.00306,1.0,213524660.0,28888270.0,158156270.0
2025-10-16,47,161725451.0,0,0,0.0,0.00486,0.00486,0.00486,0.0,1.0,46819265.0,2937.0,46819265.0
2025-10-17,47,161896703.0,0,0,0.0,0.00514,0.00514,0.00514,0.0,,42821298.0,0.0,42821298.0
2025-10-20,47,161063982.0,0,0,0.0,0.01034,0.01034,0.01034,0.0,,85072497.0,0.0,85072497.0
2025-10-21,47,159398582.0,0,0,0.0,0.0094,0.0094,0.0094,0.0,,79801625.0,0.0,79801625.0
2025-10-22,47,160897442.0,0,0,0.0,0.0,0.0,0.00327,0.00164,1.0,68202093.0,34101046.0,0.0
2025-10-23,47,160897442.0,0,0,0.0,0.02015,0.02015,0.03565,0.00821,1.0,208076697.0,20651703.0,176674812.0
2025-10-24,47,157815174.0,0,0,0.0,0.01958,0.01958,0.02409,0.01114,1.0,158007441.0,31978663.0,110968140.0
2025-10-27,47,160904944.0,0,0,0.0,0.01627,0.01627,0.02924,0.01221,1.0,179054565.0,68586028.0,65713309.0
2025-10-28,47,163211418.0,0,0,0.0,0.01763,0.01763,0.02262,0.00807,1.0,146381642.0,40648977.0,104126968.0
2025-10-29,47,165595558.0,0,0,0.0,0.01135,0.01135,0.02302,0.00778,1.0,93319771.0,6709916.0,88751766.0
2025-10-30,47,165624522.0,0,0,0.0,0.01407,0.01407,0.02022,0.00704,1.0,102495862.0,10083700.0,85685419.0
2025-10-31,47,165282786.0,0,0,0.0,0.01119,0.01119,0.01322,0.00116,1.0,85513044.0,15971327.0,59411491.0
2025-11-03,47,164458894.0,0,0,0.0,0.00221,0.00221,0.00687,0.00306,1.0,52321964.0,25291206.0,25014890.0
2025-11-04,47,164641918.0,0,0,0.0,0.00494,0.00494,0.00694,0.00268,1.0,68345117.0,22068170.0,41847563.0
2025-11-05,47,164677510.0,0,0,0.0,0.00577,0.00577,0.01056,0.00279,1.0,89489506.0,28690587.0,48035388.0
2025-11-06,47,164401698.0,0,0,0.0,0.01765,0.01765,0.05068,0.02301,1.0,249968142.0,85763399.0,134194402.0
2025-11-07,47,167087694.0,0,0,0.0,0.02281,0.02281,0.04157,0.01229,1.0,216957820.0,91752857.0,88223726.0
2025-11-10,47,169775350.0,0,0,0.0,0.01658,0.01658,0.01747,0.00174,1.0,128775603.0,21578650.0,109647066.0
2025-11-11,47,171720786.0,0,0,0.0,0.0,0.0,0.00523,0.00262,1.0,68495220.0,34247610.0,0.0
2025-11-12,47,171720786.0,0,0,0.0,0.00689,0.00689,0.01126,0.00395,1.0,165587134.0,62460500.0,75870836.0
2025-11-13,47,171249326.0,0,0,0.0,0.02338,0.02338,0.03659,0.0081,1.0,314128579.0,76216874.0,205815523.0
2025-11-14,47,167665670.0,0,0,0.0,0.01843,0.01843,0.03766,0.01499,1.0,232776844.0,72273354.0,144393899.0
2025-11-17,47,165250084.0,0,0,0.0,0.01943,0.01943,0.02475,0.00444,1.0,135844751.0,25587358.0,102412596.0
2025-11-18,47,162672422.0,0,0,0.0,0.01022,0.01022,0.02086,0.00772,1.0,115049974.0,38771690.0,64370642.0
2025-11-19,47,164229756.0,0,0,0.0,0.02509,0.02509,0.03257,0.00567,1.0,241237426.0,60854562.0,153331440.0
2025-11-20,47,167908114.0,0,0,0.0,0.00756,0.00756,0.04162,0.02184,1.0,326301687.0,160537929.0,71093440.0
2025-11-21,47,168801166.0,0,0,0.0,0.02575,0.02575,0.03816,0.0085,1.0,290978673.0,77224402.0,190405357.0
2025-11-24,47,171609574.0,1,1,0.04255,0.04024,0.0384,0.04225,0.00692,1.0,314173933.0,59441353.0,297759750.0
2025-11-25,47,176903876.0,0,0,0.0,0.0082,0.0082,0.02074,0.01109,1.0,325809720.0,175137512.0,71532477.0
2025-11-26,47,176888308.0,1,0,0.02128,0.01191,0.01127,0.01319,0.00133,1.0,271657774.0,38550047.0,210699704.0
2025-11-28,48,176534080.0,0,0,0.0,0.00501,0.00501,0.00702,0.00145,1.0,75112150.0,8764088.0,61031006.0
2025-12-01,48,177207654.0,0,1,0.02083,0.00805,0.00805,0.00851,0.00061,1.0,70318468.0,7524221.0,60387012.0
2025-12-02,47,175781420.0,0,0,0.0,0.02572,0.02572,0.03257,0.00449,1.0,233159943.0,34169648.0,190911600.0
2025-12-03,47,171259922.0,0,1,0.02128,0.01086,0.01086,0.01098,0.00105,1.0,86729096.0,4931962.0,83461017.0
2025-12-04,46,169801580.0,0,0,0.0,0.01465,0.01465,0.01664,0.00206,1.0,133322771.0,16784376.0,107994553.0
2025-12-05,46,171982836.0,0,0,0.0,0.00773,0.00773,0.00971,0.00288,1.0,128185895.0,47985042.0,61084298.0
2025-12-08,46,172946024.0,0,0,0.0,0.0205,0.0205,0.02052,0.00033,1.0,155160759.0,7922412.0,153249759.0
2025-12-09,46,176155802.0,0,0,0.0,0.01498,0.01498,0.01522,0.00014,1.0,123678433.0,427093.0,122932648.0
2025-12-10,46,173602474.0,0,0,0.0,0.00502,0.00502,0.0063,0.00077,1.0,44928497.0,2381145.0,40980720.0
2025-12-11,46,174427970.0,0,0,0.0,0.0032,0.0032,0.00422,0.00057,1.0,47075303.0,13089281.0,22929723.0
2025-12-12,46,174718500.0,0,0,0.0,0.00785,0.00785,0.00974,0.00156,1.0,136632189.0,43727750.0,72403457.0
2025-12-15,46,176084404.0,0,0,0.0,0.00775,0.00775,0.01663,0.00532,1.0,204757996.0,96604572.0,89668993.0
2025-12-16,46,175010858.0,0,0,0.0,0.01632,0.01632,0.01632,0.00021,1.0,167772667.0,1491035.0,167772667.0
2025-12-17,46,173417704.0,0,0,0.0,0.01196,0.01196,0.04095,0.01517,1.0,183558706.0,58012741.0,90482365.0
2025-12-18,46,171351502.0,0,0,0.0,0.01888,0.01888,0.01916,0.00416,1.0,101945413.0,17763453.0,80308740.0
2025-12-19,46,173994756.0,0,0,0.0,0.0139,0.0139,0.0139,0.0,1.0,107555498.0,3743.0,107555498.0
2025-12-22,46,172367876.0,0,1,0.02174,0.00771,0.00771,0.01597,0.00566,1.0,80510132.0,15270457.0,59501417.0
2025-12-23,45,173638804.0,0,0,0.0,0.00611,0.00611,0.00611,0.00187,1.0,18701859.0,2685828.0,18701859.0
2025-12-24,45,174670157.0,0,0,0.0,0.00501,0.00501,0.00509,5e-05,1.0,35134290.0,503228.0,34325896.0
2025-12-26,45,174167407.0,0,0,0.0,0.00365,0.00365,0.00388,0.00011,1.0,29856064.0,1132215.0,27591634.0
2025-12-29,45,173531550.0,0,0,0.0,0.00519,0.00519,0.00519,0.0,,38591436.0,0.0,38591436.0
2025-12-30,45,172630375.0,0,0,0.0,0.0048,0.0048,0.01146,0.00343,1.0,43924849.0,6627524.0,35274209.0
2025-12-31,45,171801241.0,0,0,0.0,0.01874,0.01874,0.02088,0.00117,1.0,164673242.0,5834574.0,157151438.0
2026-01-02,45,168580957.0,0,0,0.0,0.00108,0.00108,0.00259,0.00125,1.0,27398331.0,14811457.0,5590280.0
2026-01-05,45,168727010.0,0,0,0.0,0.0155,0.0155,0.01786,0.00195,1.0,139943318.0,27943661.0,114792295.0
2026-01-06,45,166111520.0,0,0,0.0,0.00296,0.00296,0.00422,0.00065,1.0,65225510.0,15119682.0,35522955.0
2026-01-07,45,166349032.0,0,0,0.0,0.00872,0.00872,0.00872,0.0,,73960867.0,0.0,73960867.0
2026-01-08,45,167719709.0,0,0,0.0,0.00944,0.00944,0.00944,0.0,,71930684.0,0.0,71930684.0
2026-01-09,45,169293227.0,0,0,0.0,0.00601,0.00601,0.00828,0.00117,1.0,50419400.0,3991734.0,44152352.0
2026-01-12,45,168275485.0,0,0,0.0,0.0068,0.0068,0.00985,0.00217,1.0,113431822.0,37473690.0,50193713.0
2026-01-13,45,167286539.0,0,0,0.0,0.00702,0.00702,0.00702,0.0002,1.0,68565124.0,388506.0,68565124.0
2026-01-14,45,168233866.0,0,0,0.0,0.00571,0.00571,0.00816,0.00123,1.0,198829677.0,78525031.0,41779615.0
2026-01-15,45,169194376.0,1,0,0.02222,0.00811,0.00745,0.00811,0.00028,1.0,117150219.0,579100.0,117150219.0
2026-01-16,46,170416151.0,0,0,0.0,0.00246,0.00246,0.00246,0.0,,16854315.0,0.0,16854315.0
2026-01-20,46,170835049.0,0,0,0.0,0.01519,0.01519,0.01613,0.00055,1.0,149075192.0,19454753.0,113818526.0
2026-01-21,46,168239281.0,0,0,0.0,0.00819,0.00819,0.00995,0.00115,1.0,83744416.0,9009406.0,72145376.0
2026-01-22,46,169507941.0,0,0,0.0,0.01236,0.01236,0.01395,0.00088,1.0,101639591.0,5105202.0,93074947.0
2026-01-23,46,171597848.0,0,0,0.0,0.13373,0.13373,0.13931,0.00455,1.0,1075889962.0,59822603.0,1015345726.0
2026-01-26,46,194546050.0,0,0,0.0,0.1104,0.1104,0.11073,0.00089,1.0,928390765.0,6046642.0,925707829.0
2026-01-27,46,173111524.0,0,0,0.0,0.01346,0.01346,0.01439,0.00069,1.0,104688564.0,4497740.0,98974120.0
2026-01-28,46,170780964.0,0,0,0.0,0.00174,0.00174,0.00588,0.00237,1.0,56054077.0,24187036.0,12147600.0
2026-01-29,46,170637423.0,0,0,0.0,0.00287,0.00287,0.00328,0.00113,1.0,29968524.0,12079186.0,27191167.0
2026-01-30,46,170974802.0,0,0,0.0,0.02233,0.02233,0.02392,0.00164,1.0,183264584.0,21006402.0,161843981.0
2026-02-02,46,167156757.0,0,0,0.0,0.00609,0.00609,0.04044,0.01869,1.0,285328952.0,133740894.0,49926981.0
2026-02-03,46,166317838.0,0,0,0.0,0.01878,0.01878,0.02842,0.00888,1.0,208386363.0,71390830.0,129290443.0
2026-02-04,46,165260046.0,0,0,0.0,0.01057,0.01057,0.01773,0.00511,1.0,248302063.0,97134155.0,77138701.0
2026-02-05,46,164469230.0,0,0,0.0,0.00623,0.00623,0.01396,0.00645,1.0,181134767.0,73613972.0,96531601.0
2026-02-06,46,164910640.0,0,0,0.0,0.0094,0.0094,0.02122,0.00913,1.0,119436396.0,48570332.0,87115202.0
2026-02-09,46,164938028.0,0,0,0.0,0.01227,0.01227,0.01353,0.00269,1.0,90850485.0,10208353.0,76979792.0
2026-02-10,46,164573356.0,0,0,0.0,0.0048,0.0048,0.01043,0.00424,1.0,33475882.0,11916374.0,25317495.0
2026-02-11,46,165103578.0,0,1,0.02174,0.02058,0.02057,0.03313,0.0078,1.0,291213330.0,98549518.0,113581225.0
2026-02-12,45,161739403.0,0,0,0.0,0.01663,0.01663,0.03053,0.01082,1.0,227632327.0,91165583.0,142953379.0
2026-02-13,45,160270237.0,0,0,0.0,0.04063,0.04063,0.05018,0.00674,1.0,282720065.0,29919149.0,259748062.0
2026-02-17,45,165448744.0,0,0,0.0,0.0088,0.0088,0.01064,0.00203,1.0,88910330.0,32904625.0,45111688.0
2026-02-18,45,164512504.0,0,0,0.0,0.01316,0.01316,0.02912,0.01005,1.0,115409729.0,13321259.0,99487986.0
2026-02-19,45,166478081.0,0,0,0.0,0.02314,0.02314,0.03759,0.01274,1.0,186483490.0,38383210.0,124883201.0
2026-02-20,45,163936687.0,1,1,0.04444,0.02833,0.0233,0.03374,0.0095,1.0,180393033.0,25714691.0,168683106.0
2026-02-23,45,161307243.0,0,0,0.0,0.01671,0.01671,0.01816,0.00465,1.0,96815283.0,25208299.0,83413688.0
2026-02-24,45,159847194.0,0,0,0.0,0.01684,0.01684,0.02755,0.00583,1.0,100047437.0,6099302.0,89349787.0
2026-02-25,45,161911794.0,0,0,0.0,0.01745,0.01745,0.01967,0.00703,1.0,95119233.0,16896048.0,81164911.0
2026-02-26,45,162932588.0,0,1,0.02222,0.02185,0.02184,0.0241,0.00295,1.0,142896755.0,17710405.0,114122702.0
2026-02-27,44,164647694.0,0,0,0.0,0.00736,0.00736,0.01201,0.00392,1.0,129748437.0,44999055.0,47360925.0
2026-03-02,44,165167393.0,0,0,0.0,0.008,0.008,0.00822,0.00124,1.0,65494524.0,3944262.0,64167551.0
2026-03-03,44,165941640.0,0,0,0.0,0.00447,0.00447,0.01718,0.00782,1.0,231409980.0,109535658.0,25677330.0
2026-03-04,44,166401932.0,0,0,0.0,0.01244,0.01244,0.01365,0.0037,1.0,150521151.0,58227003.0,132589680.0
2026-03-05,44,165556480.0,0,0,0.0,0.01649,0.01649,0.01927,0.00319,1.0,157329447.0,20879402.0,136284829.0
2026-03-06,44,167732794.0,0,1,0.02273,0.00542,0.00542,0.00542,0.00058,1.0,36928592.0,3380577.0,36928592.0
2026-03-09,43,167584810.0,0,0,0.0,0.01352,0.01352,0.01352,0.00052,1.0,86432460.0,1824712.0,86423121.0
2026-03-10,43,165318774.0,0,0,0.0,0.00308,0.00308,0.006,0.00195,1.0,58243888.0,22009675.0,19496406.0
2026-03-11,43,165692206.0,0,0,0.0,0.00394,0.00394,0.00557,0.00126,1.0,38583091.0,4392297.0,33059545.0
2026-03-12,43,165488760.0,0,0,0.0,0.00126,0.00126,0.00304,0.001,1.0,27920002.0,12249290.0,4386238.0
2026-03-13,43,165282736.0,0,0,0.0,0.002,0.002,0.00207,0.00044,1.0,17997872.0,2718712.0,17782297.0
2026-03-16,43,165185772.0,0,0,0.0,0.01164,0.01164,0.01164,0.0,,71911864.0,0.0,71911864.0
2026-03-17,43,163262652.0,0,0,0.0,0.00847,0.00847,0.00847,0.0,,53865052.0,0.0,53865052.0
2026-03-18,43,164644918.0,0,0,0.0,0.00899,0.00899,0.00899,0.0,,58334878.0,0.0,58334878.0
2026-03-19,43,166125641.0,0,0,0.0,0.00724,0.00724,0.00819,0.00048,1.0,49099136.0,1372107.0,46354921.0
2026-03-20,43,164922553.0,0,0,0.0,0.0016,0.0016,0.0076,0.00354,1.0,53311420.0,24012689.0,8553650.0
2026-03-23,43,165186728.0,0,0,0.0,0.03893,0.03893,0.03995,0.0007,1.0,252281914.0,2733967.0,249179815.0
2026-03-24,43,159177465.0,0,0,0.0,0.00678,0.00678,0.01237,0.00304,1.0,105949863.0,35833114.0,39502402.0
2026-03-25,43,160250982.0,0,0,0.0,0.00751,0.00751,0.02552,0.00957,1.0,148715509.0,54830035.0,57203265.0
2026-03-26,43,160965870.0,0,0,0.0,0.0099,0.0099,0.01387,0.00785,1.0,223617079.0,107755885.0,60711621.0
2026-03-27,43,159855416.0,0,0,0.0,0.02007,0.02007,0.02047,0.00078,1.0,180998396.0,22530462.0,167154276.0
2026-03-30,43,162462329.0,0,0,0.0,0.00245,0.00245,0.00334,0.00057,1.0,40150972.0,9586201.0,31445712.0
2026-03-31,43,162064397.0,0,0,0.0,0.00221,0.00221,0.00425,0.00217,0.27517,20022118.0,5041385.0,17748067.0
2026-04-01,43,161803562.0,1,0,0.02326,0.00381,0.00224,0.00387,0.00014,1.0,190315434.0,1636917.0,189694299.0
2026-04-02,44,161746004.0,0,0,0.0,0.00349,0.00349,0.00349,1e-05,1.0,21376477.0,102342.0,21376477.0
2026-04-06,44,162309884.0,0,0,0.0,0.00954,0.00954,0.01033,0.00044,1.0,95506824.0,21498114.0,56338353.0
2026-04-07,44,160761709.0,0,0,0.0,0.001,0.001,0.00357,0.00141,1.0,51450679.0,19259308.0,24072147.0
2026-04-08,44,160657404.0,0,0,0.0,0.01269,0.01269,0.01277,0.00014,1.0,80125226.0,1934788.0,79239335.0
2026-04-09,44,158795794.0,0,0,0.0,0.00346,0.00346,0.00361,0.00013,1.0,23114833.0,1835314.0,20682806.0
2026-04-10,44,159331883.0,0,0,0.0,0.00751,0.00751,0.00828,0.00044,1.0,63937241.0,11777952.0,44429774.0
2026-04-13,44,158160944.0,0,0,0.0,0.00217,0.00217,0.00217,0.0,,20998990.0,0.0,20998990.0
2026-04-14,44,158451274.0,0,0,0.0,0.00802,0.00802,0.00802,0.0,,48811013.0,0.0,48811013.0
2026-04-15,44,159722264.0,0,0,0.0,0.02558,0.02558,0.02558,0.0,,163406547.0,0.0,163406547.0
2026-04-16,44,163807589.0,0,0,0.0,0.00223,0.00223,0.00223,0.0,,15072305.0,0.0,15072305.0
2026-04-17,44,164168486.0,0,0,0.0,0.00108,0.00108,0.00108,0.0,,7143603.0,0.0,7143603.0
2026-04-20,44,164345740.0,0,0,0.0,0.00624,0.00624,0.00624,0.0,,44210968.0,0.0,44210968.0
2026-04-21,44,163320297.0,0,0,0.0,0.01696,0.01696,0.01696,0.0,,115249855.0,0.0,115249855.0
2026-04-22,44,166045103.0,0,0,0.0,0.0242,0.0242,0.0242,0.0,,163034314.0,0.0,163034314.0
2026-04-23,44,170003807.0,0,0,0.0,0.03493,0.03493,0.03493,0.0,,245635814.0,0.0,245635814.0
2026-04-24,44,175941816.0,0,0,0.0,0.07846,0.07846,0.11216,0.01721,1.0,963716553.0,161660348.0,672259431.0
2026-04-28,44,189641442.0,1,0,0.02273,0.17767,0.16286,0.1885,0.00542,1.0,1260252497.0,45726890.0,1168798716.0
2026-04-29,45,161578809.0,0,0,0.0,0.01958,0.01958,0.04597,0.01689,1.0,268927699.0,77641381.0,137469959.0
2026-04-30,45,159903904.0,0,0,0.0,0.06883,0.06883,0.07008,0.00103,1.0,491517902.0,64752817.0,405874325.0
2026-05-01,45,153823239.0,0,0,0.0,0.0114,0.0114,0.01724,0.00332,1.0,168994727.0,30373606.0,130518458.0
2026-05-04,45,152206580.0,0,0,0.0,0.00622,0.00622,0.00787,0.00086,1.0,79631770.0,16074931.0,48862900.0
2026-05-05,45,151888956.0,0,0,0.0,0.01048,0.01048,0.01839,0.00479,1.0,172802430.0,67512028.0,75288737.0
2026-05-06,45,150354344.0,0,0,0.0,0.0097,0.0097,0.0117,0.00144,1.0,107001992.0,16373861.0,90598712.0
2026-05-07,45,149924324.0,0,0,0.0,0.00312,0.00312,0.00399,0.00175,1.0,35898408.0,16073303.0,27300680.0
2026-05-08,45,150277664.0,0,0,0.0,0.00231,0.00231,0.00369,0.00099,1.0,53056340.0,21568492.0,18168453.0
2026-05-11,45,150570675.0,0,0,0.0,0.00154,0.00154,0.00591,0.00264,1.0,70612546.0,34366096.0,24468167.0
2026-05-12,45,150742098.0,0,0,0.0,0.02667,0.02667,0.0273,0.00062,1.0,179083152.0,4112715.0,173739380.0
2026-05-13,45,154728349.0,0,0,0.0,0.00581,0.00581,0.00588,7e-05,1.0,42303478.0,1612711.0,40052676.0
2026-05-14,45,153832006.0,0,0,0.0,0.19832,0.19832,0.20006,0.00087,1.0,1381777885.0,40471831.0,1300834223.0
2026-05-18,45,184340242.0,1,0,0.02222,0.04521,0.04438,0.04575,0.00211,1.0,440664685.0,108291154.0,430885409.0
2026-05-19,46,176311498.0,0,0,0.0,0.17099,0.17099,0.17155,0.00036,1.0,1328224223.0,3581571.0,1324732445.0
2026-05-20,46,146164327.0,0,0,0.0,0.02326,0.02326,0.02595,0.00192,1.0,207532866.0,55410023.0,128319593.0
2026-05-21,46,142765201.0,0,0,0.0,0.06611,0.06611,0.06611,0.0007,1.0,402357352.0,3681473.0,402357352.0
2026-05-22,46,152077032.0,0,0,0.0,0.00613,0.00613,0.00781,0.00107,1.0,68902271.0,17764438.0,37187018.0
2026-05-26,46,152836555.0,0,0,0.0,0.00173,0.00173,0.00196,0.00029,1.0,32569354.0,12666113.0,20479890.0
2026-05-27,46,152887511.0,0,0,0.0,0.00338,0.00338,0.0037,0.00016,1.0,44068620.0,6571965.0,31236012.0
2026-05-28,46,152418547.0,0,0,0.0,0.02797,0.02797,0.02797,0.0,,194773381.0,0.0,194773381.0
2026-05-29,46,156681579.0,0,0,0.0,0.02069,0.02069,0.02368,0.00165,1.0,186186260.0,19690062.0,150014658.0
2026-06-01,46,159923103.0,0,0,0.0,0.00232,0.00232,0.00575,0.00172,1.0,181794523.0,78546354.0,24875035.0
2026-06-02,46,159942703.0,0,0,0.0,0.00517,0.00517,0.00517,0.0,,102357909.0,0.0,102357909.0
2026-06-03,46,159535012.0,0,0,0.0,0.0,0.0,0.01029,0.00515,1.0,289412549.0,144706274.0,0.0
2026-06-04,46,159535012.0,1,0,0.02174,0.00911,0.0085,0.01977,0.00652,1.0,382869261.0,137690568.0,167792887.0
2026-06-05,47,159717485.0,0,0,0.0,0.01109,0.01109,0.01867,0.00488,1.0,199921901.0,17787437.0,178739785.0
2026-06-08,47,160322243.0,0,0,0.0,0.01216,0.01216,0.01497,0.00606,1.0,62201076.0,6073781.0,59059277.0
2026-06-09,47,158584287.0,0,0,0.0,0.00612,0.00612,0.00624,0.00017,1.0,7195902.0,1262004.0,6253336.0
2026-06-10,47,157643205.0,0,0,0.0,0.00132,0.00132,0.01025,0.00493,1.0,44997173.0,19711432.0,8347269.0
2026-06-11,47,157463156.0,0,0,0.0,0.03707,0.03707,0.10545,0.03454,1.0,483933635.0,114436042.0,260441272.0
2026-06-12,47,163163738.0,0,0,0.0,0.13077,0.13077,0.15413,0.01168,1.0,1733724150.0,341351511.0,1051055265.0
2026-06-16,47,184500803.0,1,1,0.04255,0.16783,0.15866,0.16783,0.01222,1.0,1806007279.0,213182052.0,1806007279.0
2026-06-17,47,156918305.0,0,0,0.0,0.04056,0.04056,0.04829,0.00536,1.0,479459301.0,120563224.0,289820171.0
2026-06-18,47,150557109.0,1,0,0.02128,0.01608,0.01588,0.02297,0.00503,1.0,384793678.0,132062145.0,190985187.0
2026-06-22,48,148762057.0,1,0,0.02083,0.02929,0.02828,0.03589,0.00383,1.0,359117701.0,53721740.0,273331329.0
2026-06-23,49,144707856.0,0,0,0.0,0.0072,0.0072,0.01217,0.00304,1.0,186546098.0,70402244.0,67620215.0
2026-06-24,49,144609546.0,0,0,0.0,0.00909,0.00909,0.00992,0.00081,1.0,128093276.0,23040147.0,100647913.0
2026-06-25,49,143626731.0,0,0,0.0,0.02694,0.02694,0.03908,0.00702,1.0,249428439.0,55019847.0,181541325.0
2026-06-26,49,139896996.0,0,0,0.0,0.00884,0.00884,0.01665,0.00833,1.0,160256412.0,73875927.0,65062111.0
2026-06-29,49,139978882.0,0,0,0.0,0.00832,0.00832,0.01944,0.00826,1.0,146312242.0,52669434.0,74994209.0
2026-06-30,49,140163049.0,0,0,0.0,0.00904,0.00904,0.01746,0.00882,1.0,91534391.0,41492512.0,59225374.0
2026-07-01,49,140631263.0,0,0,0.0,0.00879,0.00879,0.01284,0.00363,1.0,86771962.0,30980979.0,41472887.0
2026-07-02,49,141045339.0,0,0,0.0,0.02045,0.02045,0.023,0.00317,1.0,210506825.0,58681348.0,138950859.0
2026-07-06,49,143659107.0,0,0,0.0,0.00369,0.00369,0.00562,0.00156,1.0,85848519.0,15276575.0,60153850.0
2026-07-07,49,143825393.0,0,0,0.0,0.00872,0.00872,0.01574,0.00457,1.0,113577367.0,33902876.0,67355110.0
2026-07-08,49,142863187.0,0,2,0.04082,0.00576,0.00576,0.00717,0.0015,1.0,69265712.0,34576223.0,38101787.0
2026-07-09,47,143597634.0,0,0,0.0,0.00149,0.00149,0.00795,0.00356,1.0,129106391.0,55705443.0,34217165.0
2026-07-10,47,143656165.0,0,0,0.0,0.02969,0.02969,0.03256,0.00393,1.0,248482110.0,40606561.0,204292446.0
2026-07-14,47,147720136.0,0,0,0.0,0.00788,0.00788,0.01152,0.00761,1.0,93931351.0,55010427.0,60196429.0
2026-07-15,47,148413394.0,0,0,0.0,0.02929,0.02929,0.03225,0.00275,1.0,221967036.0,26481473.0,196786078.0
2026-07-16,47,144183804.0,0,0,0.0,0.00672,0.00672,0.01119,0.00318,1.0,78859839.0,17413040.0,50684663.0
2026-07-17,47,143591378.0,0,0,0.0,0.03017,0.03017,0.03262,0.00266,1.0,225308700.0,36476165.0,188510850.0
2026-07-20,47,139830388.0,0,0,0.0,0.00606,0.00606,0.01165,0.00395,1.0,143648112.0,64513334.0,53979422.0
2026-07-21,47,139308199.0,0,0,0.0,0.00588,0.00588,0.00597,4e-05,1.0,75813751.0,67004.0,75679743.0
2026-07-22,47,138981334.0,0,0,0.0,0.00631,0.00631,0.01376,0.00453,1.0,75913960.0,21032899.0,38689536.0
2026-07-23,47,139852670.0,0,0,0.0,0.01125,0.01125,0.0284,0.00909,1.0,208956385.0,75961051.0,65896770.0
2026-07-24,47,139081883.0,0,0,0.0,0.01456,0.01456,0.01594,0.0052,1.0,96186787.0,14079954.0,93129238.0
2026-07-27,47,137388438.0,0,0,0.0,0.02228,0.02228,0.02408,0.00133,1.0,133406163.0,22608180.0,109285366.0
2026-07-28,47,138917530.0,0,0,0.0,0.0025,0.0025,0.01058,0.0051,1.0,118099017.0,63479114.0,27360051.0
2026-07-29,47,138754242.0,0,0,0.0,0.0244,0.0244,0.02925,0.00476,1.0,193368522.0,45907329.0,146379290.0
2026-07-30,47,135506831.0,0,0,0.0,0.01567,0.01567,0.01619,0.00055,1.0,111163046.0,10402455.0,94254325.0
2026-07-31,47,137478980.0,0,0,0.0,0.00312,0.00312,0.00912,0.00313,1.0,92057013.0,35566936.0,23480768.0
2026-08-03,47,137081996.0,0,1,0.02128,0.00998,0.00998,0.01959,0.00702,1.0,180592390.0,80034270.0,68311945.0
2026-08-04,46,136214165.0,0,0,0.0,0.00772,0.00772,0.00897,0.00086,1.0,101903613.0,9686051.0,86656802.0
2026-08-05,46,135821588.0,0,0,0.0,0.01194,0.01194,0.02192,0.00613,1.0,174394698.0,65241516.0,73961131.0
2026-08-06,46,137410179.0,0,0,0.0,0.01857,0.01857,0.02614,0.00513,1.0,165545595.0,37661679.0,124959583.0
2026-08-07,46,135390852.0,0,0,0.0,0.00603,0.00603,0.03896,0.01766,1.0,369108877.0,170168053.0,42370292.0
2026-08-10,46,135917674.0,1,0,0.02174,0.01843,0.01759,0.02335,0.0031,1.0,335989634.0,90284360.0,184896557.0
2026-08-11,47,135024856.0,0,0,0.0,0.00418,0.00418,0.01032,0.00423,1.0,143327506.0,44957670.0,96819359.0
2026-08-12,47,135261323.0,1,0,0.02128,0.00742,0.00593,0.00826,0.00157,1.0,94582757.0,23428881.0,70778763.0
2026-08-13,48,135050119.0,0,1,0.02083,0.00751,0.00751,0.00958,0.00195,1.0,113439071.0,36705193.0,65695398.0
2026-08-14,47,134120621.0,0,1,0.02128,0.00253,0.00252,0.00267,0.00063,1.0,37444884.0,977208.0,37381908.0
2026-08-17,46,134205470.0,0,0,0.0,0.00341,0.00341,0.0224,0.01029,1.0,175573763.0,79599476.0,18764774.0
2026-08-18,46,134650610.0,0,0,0.0,0.01095,0.01095,0.01423,0.00228,1.0,134317815.0,36266051.0,81757138.0
2026-08-19,46,134490969.0,0,0,0.0,0.01968,0.01968,0.04493,0.01421,1.0,297324186.0,103185767.0,133501216.0
2026-08-20,46,132190154.0,1,0,0.02174,0.02029,0.01272,0.02117,0.00224,1.0,155548128.0,19862624.0,137384783.0
2026-08-21,47,133493828.0,0,0,0.0,0.00236,0.00236,0.00696,0.00289,1.0,91633450.0,43298988.0,20028338.0
2026-08-24,47,133244453.0,0,0,0.0,0.00302,0.00302,0.00444,0.00108,1.0,49472197.0,2462228.0,47089333.0
2026-08-25,47,133217255.0,0,0,0.0,0.00492,0.00492,0.00701,0.00142,1.0,70970676.0,23964178.0,29811254.0
2026-08-26,47,132694041.0,0,0,0.0,0.0259,0.0259,0.02733,0.00309,1.0,231908441.0,63165755.0,177727344.0
2026-08-27,47,129368524.0,0,0,0.0,0.00317,0.00317,0.00377,0.00093,1.0,66385098.0,6741940.0,63165588.0
2026-08-28,47,129207805.0,0,1,0.02128,0.01594,0.01593,0.02021,0.00267,1.0,211706168.0,60140054.0,104959208.0
2026-08-31,46,131216862.0,0,0,0.0,0.01096,0.01096,0.02012,0.0051,1.0,216693641.0,59519564.0,109621135.0
2026-09-01,46,130251257.0,0,0,0.0,0.01087,0.01087,0.01604,0.00585,1.0,147735622.0,55622245.0,94348853.0
2026-09-02,46,129593292.0,0,0,0.0,0.0079,0.0079,0.0079,0.00027,1.0,66240866.0,4938722.0,66240866.0
2026-09-03,46,129408050.0,0,0,0.0,0.0016,0.0016,0.0017,5e-05,1.0,13161407.0,25046.0,13111315.0
2026-09-04,46,129200626.0,0,0,0.0,0.01607,0.01607,0.01704,0.00087,1.0,114597500.0,7806934.0,107942947.0
2026-09-08,46,131263843.0,0,0,0.0,0.00986,0.00986,0.02271,0.00869,1.0,139517975.0,47023949.0,67374742.0
2026-09-09,46,132552999.0,0,0,0.0,0.01327,0.01327,0.01642,0.0042,1.0,170274889.0,59296361.0,72590958.0
2026-09-10,46,134125100.0,0,0,0.0,0.00483,0.00483,0.00487,0.00063,1.0,65910353.0,1016395.0,65891675.0
2026-09-11,46,134292573.0,0,0,0.0,0.00178,0.00178,0.00636,0.00288,1.0,44071720.0,18537555.0,8830491.0
2026-09-14,46,134526626.0,0,0,0.0,0.00652,0.00652,0.01396,0.00548,1.0,167269118.0,79930260.0,45929916.0
2026-09-15,46,133722965.0,0,0,0.0,0.00719,0.00719,0.00719,0.0,1.0,91185676.0,32493.0,91120689.0
2026-09-16,46,132761496.0,0,1,0.02174,0.003,0.003,0.003,0.0,,19625499.0,0.0,19625499.0
2026-09-17,45,133159293.0,0,0,0.0,0.13098,0.13098,0.13101,0.00146,1.0,854672627.0,16000781.0,854660785.0
2026-09-18,45,150573187.0,0,0,0.0,0.02828,0.02828,0.03134,0.00184,0.67588,224799410.0,550028.0,223715791.0
2026-09-21,45,154815125.0,1,1,0.04444,0.15878,0.15718,0.15878,0.00021,1.0,1366446171.0,21549299.0,1366446171.0
2026-09-22,45,179021046.0,0,0,0.0,0.01043,0.01043,0.01336,0.00155,1.0,159317209.0,19399577.0,122678495.0
2026-09-23,45,180888768.0,0,0,0.0,0.01211,0.01211,0.01311,0.0005,1.0,138143939.0,6995035.0,124153869.0
2026-09-24,45,183079141.0,0,0,0.0,0.09221,0.09221,0.09221,0.0,,906252750.0,0.0,906252750.0
2026-09-25,45,166207984.0,0,0,0.0,0.00191,0.00191,0.00191,0.0,,17361889.0,0.0,17361889.0
2026-09-28,45,165892184.0,0,0,0.0,0.01002,0.01002,0.01002,0.0,,90143353.0,0.0,90143353.0
2026-09-29,45,164230433.0,0,0,0.0,0.00337,0.00337,0.02039,0.00879,1.0,462934392.0,222074935.0,29506371.0
2026-09-30,45,163676516.0,0,0,0.0,0.0707,0.0707,0.074,0.0027,1.0,694602142.0,7916856.0,683449913.0
2026-10-01,45,152796397.0,0,0,0.0,0.03066,0.03066,0.03404,0.00496,1.0,277376603.0,37169772.0,231452338.0
2026-10-02,45,157481746.0,0,0,0.0,0.1095,0.1095,0.11062,0.00358,1.0,902016108.0,28574940.0,899863887.0
2026-10-05,45,174725292.0,0,0,0.0,0.01286,0.01286,0.02391,0.00752,1.0,143438721.0,14893520.0,117789281.0
2026-10-06,45,176972754.0,0,0,0.0,0.01096,0.01096,0.03269,0.01332,1.0,95412575.0,29878336.0,48591516.0
2026-10-07,45,178833307.0,0,0,0.0,0.01985,0.01985,0.03461,0.01192,1.0,143301059.0,46873334.0,85569350.0
2026-10-08,45,182345313.0,0,0,0.0,0.19995,0.19995,0.20955,0.00633,1.0,2109653735.0,165094071.0,1793997335.0
2026-10-09,45,218805856.0,0,0,0.0,0.36089,0.36089,0.36089,0.0,,4088781355.0,0.0,4088781355.0
