d,n0,sh0,add,rem,nt,si,se,tt,ta,ta_cov,tt_usd,ta_usd,si_usd
2014-10-31,49,568902.0,0,0,0.0,0.0,0.0,0.0,,,0.0,,0.0
2014-11-03,49,568902.0,0,0,0.0,0.0,0.0,0.0,,,0.0,,0.0
2014-11-04,49,568902.0,0,0,0.0,0.0,0.0,0.0,,,0.0,,0.0
2014-11-05,49,568902.0,0,0,0.0,0.0,0.0,0.0,,,0.0,,0.0
2014-11-06,49,568902.0,0,0,0.0,0.0,0.0,0.0,,,0.0,,0.0
2014-11-07,49,568902.0,0,2,0.04082,0.30119,0.29634,0.30119,,,2160105.0,,2160105.0
2014-11-10,47,732404.0,0,0,0.0,0.00071,0.00071,0.00071,,,6458.0,,6458.0
2014-11-11,47,731884.0,0,0,0.0,0.0,0.0,0.0,,,0.0,,0.0
2014-11-12,47,731884.0,0,0,0.0,0.0,0.0,0.0,,,0.0,,0.0
2014-11-13,47,731884.0,0,0,0.0,0.00451,0.00451,0.00451,,,294926.0,,294926.0
2014-11-14,47,731081.0,0,0,0.0,0.00199,0.00199,0.00199,,,38509.0,,38509.0
2014-11-17,47,732532.0,0,0,0.0,0.0,0.0,0.0,,,0.0,,0.0
2014-11-18,47,732532.0,0,0,0.0,0.0,0.0,0.0,,,0.0,,0.0
2014-11-19,47,732532.0,0,0,0.0,0.00725,0.00725,0.00725,,,93169.0,,93169.0
2014-11-20,47,732547.0,1,0,0.02128,0.002,0.00053,0.002,,,83478.0,,83478.0
2014-11-21,48,734014.0,0,0,0.0,0.00379,0.00379,0.00379,,,109503.0,,109503.0
2014-11-24,48,734241.0,0,0,0.0,0.0,0.0,0.0,,,0.0,,0.0
2014-11-25,48,734241.0,0,0,0.0,0.0,0.0,0.0,,,0.0,,0.0
2014-11-26,48,734241.0,0,0,0.0,0.00295,0.00295,0.00295,,,54661.0,,54661.0
2014-11-28,48,734035.0,0,0,0.0,0.0,0.0,0.0,,,0.0,,0.0
2014-12-01,48,734035.0,0,0,0.0,0.0,0.0,0.0,,,0.0,,0.0
2014-12-02,48,734035.0,0,0,0.0,0.0,0.0,0.0,,,0.0,,0.0
2014-12-03,48,734035.0,0,0,0.0,0.0,0.0,0.0,,,0.0,,0.0
2014-12-04,48,734035.0,0,0,0.0,0.00266,0.00266,0.00266,,,53100.0,,53100.0
2014-12-05,48,734680.0,0,0,0.0,0.0,0.0,0.0,,,0.0,,0.0
2014-12-08,48,734680.0,0,0,0.0,0.0,0.0,0.0,,,0.0,,0.0
2014-12-09,48,734680.0,0,0,0.0,0.0,0.0,0.0,,,0.0,,0.0
2014-12-10,48,734680.0,0,0,0.0,0.0,0.0,0.0,,,0.0,,0.0
2014-12-11,48,734680.0,0,1,0.02083,0.02462,0.02248,0.02462,,,607012.0,,607012.0
2014-12-12,47,736304.0,0,0,0.0,0.0,0.0,0.0,,,0.0,,0.0
2014-12-15,47,736304.0,0,0,0.0,0.0,0.0,0.0,,,0.0,,0.0
2014-12-16,47,736304.0,0,0,0.0,0.0,0.0,0.0,,,0.0,,0.0
2014-12-17,47,736304.0,0,0,0.0,0.0,0.0,0.0,,,0.0,,0.0
2014-12-18,47,736304.0,0,0,0.0,0.00109,0.00109,0.00109,,,12000.0,,12000.0
2014-12-19,47,735504.0,0,0,0.0,0.00041,0.00041,0.00041,,,4458.0,,4458.0
2014-12-22,47,735204.0,0,0,0.0,0.00167,0.00167,0.00167,,,62957.0,,62957.0
2014-12-23,47,734761.0,0,0,0.0,0.00041,0.00041,0.00041,,,4467.0,,4467.0
2014-12-24,47,734461.0,0,0,0.0,0.0,0.0,0.0,,,0.0,,0.0
2014-12-26,47,734461.0,0,0,0.0,0.0,0.0,0.0,,,0.0,,0.0
2014-12-29,47,734461.0,0,0,0.0,0.0,0.0,0.0,,,0.0,,0.0
2014-12-30,47,734461.0,0,0,0.0,0.0,0.0,0.0,,,0.0,,0.0
2014-12-31,47,734461.0,0,0,0.0,0.0,0.0,0.0,,,0.0,,0.0
2015-01-02,47,734461.0,0,0,0.0,0.0,0.0,0.0,,,0.0,,0.0
2015-01-05,47,734461.0,0,0,0.0,0.0,0.0,0.0,,,0.0,,0.0
2015-01-06,47,734461.0,0,0,0.0,0.0,0.0,0.0,,,0.0,,0.0
2015-01-07,47,734461.0,0,0,0.0,0.0,0.0,0.0,,,0.0,,0.0
2015-01-08,47,734461.0,0,1,0.02128,0.06755,0.06502,0.06755,,,237790.0,,237790.0
2015-01-09,46,778654.0,0,0,0.0,0.0,0.0,0.0,,,0.0,,0.0
2015-01-12,46,778654.0,0,0,0.0,0.0,0.0,0.0,,,0.0,,0.0
2015-01-13,46,778654.0,0,1,0.02174,0.00454,0.00418,0.00454,,,74734.0,,74734.0
2015-01-14,45,781120.0,0,0,0.0,0.0,0.0,0.0,,,0.0,,0.0
2015-01-15,45,781120.0,0,0,0.0,0.01412,0.01412,0.01412,,,346068.0,,346068.0
2015-01-16,45,785282.0,0,0,0.0,0.0,0.0,0.0,,,0.0,,0.0
2015-01-20,45,785282.0,0,0,0.0,0.0,0.0,0.0,,,0.0,,0.0
2015-01-21,45,785282.0,0,0,0.0,0.0,0.0,0.0,,,0.0,,0.0
2015-01-22,45,785282.0,0,1,0.02222,0.01559,0.01266,0.01559,,,330447.0,,330447.0
2015-01-23,44,789923.0,0,0,0.0,0.0,0.0,0.0,,,0.0,,0.0
2015-01-26,44,789923.0,0,0,0.0,0.0,0.0,0.0,,,0.0,,0.0
2015-01-27,44,789923.0,0,0,0.0,0.0,0.0,0.0,,,0.0,,0.0
2015-01-28,44,789923.0,0,0,0.0,0.0584,0.0584,0.0584,,,118763.0,,118763.0
2015-01-29,44,832525.0,0,0,0.0,0.0,0.0,0.0,,,0.0,,0.0
2015-01-30,44,832525.0,0,0,0.0,0.06139,0.06139,0.06139,,,146771.0,,146771.0
2015-02-02,44,875630.0,0,0,0.0,0.0,0.0,0.0,,,0.0,,0.0
2015-02-03,44,875630.0,1,0,0.02273,0.00218,0.0014,0.00218,,,74133.0,,74133.0
2015-02-04,45,876300.0,0,0,0.0,0.00844,0.00844,0.00844,,,337398.0,,337398.0
2015-02-05,45,874500.0,0,0,0.0,0.11096,0.11096,0.11096,,,964187.0,,964187.0
2015-02-06,45,971535.0,0,0,0.0,0.0023,0.0023,0.0023,,,16368.0,,16368.0
2015-02-09,45,973771.0,0,0,0.0,0.00081,0.00081,0.00081,,,39087.0,,39087.0
2015-02-10,45,974044.0,0,0,0.0,0.0,0.0,0.0,,,0.0,,0.0
2015-02-11,45,974044.0,1,1,0.04444,0.00677,0.0,0.00677,,,256909.0,,256909.0
2015-02-12,45,971537.0,0,0,0.0,0.00021,0.00021,0.00021,,,5452.0,,5452.0
2015-02-13,45,971737.0,0,0,0.0,0.00499,0.00499,0.00499,,,141229.0,,141229.0
2015-02-17,45,974643.0,1,0,0.02222,0.00156,0.00056,0.00156,,,100191.0,,100191.0
2015-02-18,46,975081.0,0,0,0.0,0.0,0.0,0.0,,,0.0,,0.0
2015-02-19,46,975081.0,0,0,0.0,0.0,0.0,0.0,,,0.0,,0.0
2015-02-20,46,975081.0,0,0,0.0,0.0,0.0,0.0,,,65.0,,65.0
2015-02-23,46,975080.0,0,0,0.0,0.0,0.0,0.0,,,0.0,,0.0
2015-02-24,46,975080.0,1,0,0.02174,0.00514,0.00315,0.00514,,,284105.0,,284105.0
2015-02-25,47,975362.0,0,0,0.0,0.00117,0.00117,0.00117,,,60420.0,,60420.0
2015-02-26,47,975845.0,0,0,0.0,0.0,0.0,0.0,,,0.0,,0.0
2015-02-27,47,975845.0,0,0,0.0,0.0,0.0,0.0,,,0.0,,0.0
2015-03-02,47,975845.0,0,0,0.0,0.0,0.0,0.0,,,0.0,,0.0
2015-03-03,47,975845.0,0,1,0.02128,0.00781,0.00769,0.00781,,,137455.0,,137455.0
2015-03-04,46,977431.0,0,0,0.0,0.0,0.0,0.0,,,0.0,,0.0
2015-03-05,46,977431.0,0,0,0.0,0.0,0.0,0.0,,,0.0,,0.0
2015-03-06,46,977431.0,0,0,0.0,0.0,0.0,0.0,,,0.0,,0.0
2015-03-09,46,977431.0,0,0,0.0,0.0,0.0,0.0,,,0.0,,0.0
2015-03-10,46,977431.0,0,0,0.0,0.0,0.0,0.0,,,0.0,,0.0
2015-03-11,46,977431.0,0,2,0.04348,0.01317,0.00942,0.01317,,,524605.0,,524605.0
2015-03-12,44,980880.0,0,0,0.0,0.0,0.0,0.0,,,0.0,,0.0
2015-03-13,44,980880.0,0,0,0.0,0.0,0.0,0.0,,,0.0,,0.0
2015-03-16,44,980880.0,0,0,0.0,0.0082,0.0082,0.0082,,,128577.0,,128577.0
2015-03-17,44,982470.0,0,0,0.0,0.0,0.0,0.0,,,0.0,,0.0
2015-03-18,44,982470.0,0,0,0.0,0.0,0.0,0.0,,,0.0,,0.0
2015-03-19,44,982470.0,1,1,0.04545,0.0158,0.01246,0.0158,,,473675.0,,473675.0
2015-03-20,44,985376.0,0,0,0.0,0.0,0.0,0.0,,,0.0,,0.0
2015-03-23,44,985376.0,0,0,0.0,0.00124,0.00124,0.00124,,,20407.0,,20407.0
2015-03-24,44,985647.0,0,0,0.0,0.00578,0.00578,0.00578,,,203297.0,,203297.0
2015-03-25,44,982327.0,0,0,0.0,0.0,0.0,0.0,,,0.0,,0.0
2015-03-26,44,982327.0,0,0,0.0,0.0,0.0,0.0,,,0.0,,0.0
2015-03-27,44,982327.0,0,0,0.0,0.00206,0.00206,0.00206,,,79795.0,,79795.0
2015-03-30,44,981514.0,0,0,0.0,0.00957,0.00957,0.00957,,,168979.0,,168979.0
2015-03-31,44,980105.0,1,0,0.02273,0.00486,0.00338,0.00486,,,218866.0,,218866.0
2015-04-01,45,981321.0,0,0,0.0,0.0,0.0,0.0,,,0.0,,0.0
2015-04-02,45,981321.0,0,0,0.0,0.0,0.0,0.0,,,0.0,,0.0
2015-04-06,45,981321.0,1,1,0.04444,0.04259,0.03996,0.04259,,,182364.0,,182364.0
2015-04-07,45,942798.0,0,0,0.0,0.0,0.0,0.0,,,0.0,,0.0
2015-04-08,45,942798.0,0,0,0.0,0.00038,0.00038,0.00038,,,33934.0,,33934.0
2015-04-09,45,942754.0,0,0,0.0,0.0,0.0,0.0,,,0.0,,0.0
2015-04-10,45,942754.0,0,0,0.0,0.0,0.0,0.0,,,0.0,,0.0
2015-04-13,45,942754.0,0,0,0.0,0.0,0.0,0.0,,,0.0,,0.0
2015-04-14,45,942754.0,1,1,0.04444,0.0122,0.01026,0.0122,,,461335.0,,461335.0
2015-04-15,45,940779.0,0,0,0.0,0.0,0.0,0.0,,,0.0,,0.0
2015-04-16,45,940779.0,0,0,0.0,0.0,0.0,0.0,,,0.0,,0.0
2015-04-17,45,940779.0,0,0,0.0,0.00072,0.00072,0.00072,,,6102.0,,6102.0
2015-04-20,45,940101.0,0,0,0.0,0.00179,0.00179,0.00179,,,83466.0,,83466.0
2015-04-21,45,940701.0,1,0,0.02222,0.00361,0.00216,0.00361,,,196096.0,,196096.0
2015-04-22,46,942067.0,0,0,0.0,0.00042,0.00042,0.00042,,,21908.0,,21908.0
2015-04-23,46,942067.0,0,0,0.0,0.0,0.0,0.0,,,0.0,,0.0
2015-04-24,46,942067.0,0,0,0.0,0.09883,0.09883,0.09883,,,1024549.0,,1024549.0
2015-04-27,46,1035174.0,0,1,0.02174,0.01368,0.01064,0.01368,,,613924.0,,613924.0
2015-04-28,45,1032630.0,0,0,0.0,0.00663,0.00663,0.00663,,,195505.0,,195505.0
2015-04-29,45,1029714.0,0,0,0.0,0.0,0.0,0.0,,,0.0,,0.0
2015-04-30,45,1029714.0,0,0,0.0,0.17739,0.17739,0.17739,,,1997744.0,,1997744.0
2015-05-01,45,1210769.0,0,0,0.0,0.0,0.0,0.0,,,0.0,,0.0
2015-05-04,45,1210769.0,0,0,0.0,0.0043,0.0043,0.0043,,,151117.0,,151117.0
2015-05-05,45,1207977.0,0,0,0.0,0.00113,0.00113,0.00113,,,102760.0,,102760.0
2015-05-06,45,1208537.0,0,0,0.0,0.0,0.0,0.0,,,0.0,,0.0
2015-05-07,45,1208537.0,0,0,0.0,0.01982,0.01982,0.01982,,,384708.0,,384708.0
2015-05-08,45,1204078.0,0,0,0.0,1e-05,1e-05,1e-05,,,463.0,,463.0
2015-05-11,45,1204061.0,0,0,0.0,0.10096,0.10096,0.10096,,,126091.0,,126091.0
2015-05-12,45,1323776.0,0,0,0.0,0.03813,0.03813,0.03813,,,47926.0,,47926.0
2015-05-13,45,1373619.0,0,0,0.0,0.0,0.0,0.0,,,0.0,,0.0
2015-05-14,45,1373619.0,0,0,0.0,0.00579,0.00579,0.00579,,,117016.0,,117016.0
2015-05-15,45,1374468.0,1,0,0.02222,0.00548,0.0032,0.00548,,,137709.0,,137709.0
2015-05-18,46,1373214.0,0,1,0.02174,0.00385,0.00311,0.00385,,,135405.0,,135405.0
2015-05-19,45,1376451.0,0,0,0.0,0.01172,0.01172,0.01172,,,280189.0,,280189.0
2015-05-20,45,1373066.0,0,0,0.0,0.00065,0.00065,0.00065,,,52965.0,,52965.0
2015-05-21,45,1373546.0,0,0,0.0,0.0,0.0,0.0,,,0.0,,0.0
2015-05-22,45,1373546.0,0,0,0.0,0.0,0.0,0.0,,,0.0,,0.0
2015-05-26,45,1373546.0,0,0,0.0,0.00203,0.00203,0.00203,,,75616.0,,75616.0
2015-05-27,45,1373990.0,0,0,0.0,0.00186,0.00186,0.00186,,,62591.0,,62591.0
2015-05-28,45,1372550.0,0,0,0.0,0.0,0.0,0.0,,,0.0,,0.0
2015-05-29,45,1372550.0,0,0,0.0,0.0,0.0,0.0,,,0.0,,0.0
2015-06-01,45,1372550.0,0,0,0.0,0.0,0.0,0.0,,,0.0,,0.0
2015-06-02,45,1372550.0,0,0,0.0,0.01174,0.01174,0.01174,,,399305.0,,399305.0
2015-06-03,45,1367140.0,0,0,0.0,0.0,0.0,0.0,,,0.0,,0.0
2015-06-04,45,1367140.0,0,0,0.0,0.0,0.0,0.0,,,0.0,,0.0
2015-06-05,45,1367140.0,1,0,0.02222,0.00478,0.00291,0.00478,,,131456.0,,131456.0
2015-06-08,46,1365725.0,0,0,0.0,0.0,0.0,0.0,,,0.0,,0.0
2015-06-09,46,1365725.0,0,0,0.0,0.00173,0.00173,0.00173,,,126950.0,,126950.0
2015-06-10,46,1366510.0,0,0,0.0,0.00068,0.00068,0.00068,,,105667.0,,105667.0
2015-06-11,46,1366439.0,0,0,0.0,0.0,0.0,0.0,,,0.0,,0.0
2015-06-12,46,1366439.0,0,0,0.0,0.0,0.0,0.0,,,0.0,,0.0
2015-06-15,46,1366439.0,1,0,0.02174,0.00454,0.00432,0.00454,,,185941.0,,185941.0
2015-06-16,47,1365392.0,0,1,0.02128,0.00245,0.00243,0.00245,,,139325.0,,139325.0
2015-06-17,46,1368675.0,0,0,0.0,0.0,0.0,0.0,,,0.0,,0.0
2015-06-18,46,1368675.0,0,0,0.0,0.00061,0.00061,0.00061,,,55840.0,,55840.0
2015-06-19,46,1368738.0,0,0,0.0,0.00065,0.00065,0.00065,,,35970.0,,35970.0
2015-06-22,46,1368258.0,0,0,0.0,0.0,0.0,0.0,,,0.0,,0.0
2015-06-23,46,1368258.0,0,0,0.0,0.00104,0.00104,0.00104,,,131076.0,,131076.0
2015-06-24,46,1368095.0,0,0,0.0,0.0,0.0,0.0,,,0.0,,0.0
2015-06-25,46,1368095.0,0,0,0.0,0.0,0.0,0.0,,,0.0,,0.0
2015-06-26,46,1368095.0,0,0,0.0,0.0,0.0,0.0,,,0.0,,0.0
2015-06-29,46,1368095.0,0,0,0.0,0.00635,0.00635,0.00635,,,101034.0,,101034.0
2015-06-30,46,1361470.0,0,0,0.0,0.13535,0.13535,0.13535,,,1239525.0,,1239525.0
2015-07-01,46,1542665.0,0,0,0.0,0.0,0.0,0.0,,,0.0,,0.0
2015-07-02,46,1542665.0,0,0,0.0,0.0,0.0,0.0,,,0.0,,0.0
2015-07-06,46,1542665.0,0,0,0.0,0.0,0.0,0.0,,,0.0,,0.0
2015-07-07,46,1542665.0,0,0,0.0,0.0,0.0,0.0,,,0.0,,0.0
2015-07-08,46,1542665.0,0,1,0.02174,0.05357,0.05349,0.05357,,,710280.0,,710280.0
2015-07-09,45,1599716.0,0,0,0.0,0.00735,0.00735,0.00735,,,285048.0,,285048.0
2015-07-10,45,1599158.0,0,0,0.0,0.07372,0.07372,0.07372,,,316840.0,,316840.0
2015-07-13,45,1711602.0,0,0,0.0,0.00108,0.00108,0.00108,,,68505.0,,68505.0
2015-07-14,45,1711515.0,0,0,0.0,0.00256,0.00256,0.00256,,,167232.0,,167232.0
2015-07-15,45,1712964.0,0,0,0.0,0.0,0.0,0.0,,,0.0,,0.0
2015-07-16,45,1712964.0,0,0,0.0,0.0,0.0,0.0,,,0.0,,0.0
2015-07-17,45,1712964.0,1,1,0.04444,0.00194,0.00104,0.00194,,,116351.0,,116351.0
2015-07-20,45,1714340.0,0,0,0.0,0.00092,0.00092,0.00092,,,84616.0,,84616.0
2015-07-21,45,1713614.0,0,0,0.0,0.0,0.0,0.0,,,0.0,,0.0
2015-07-22,45,1713614.0,0,0,0.0,0.0,0.0,0.0,,,0.0,,0.0
2015-07-23,45,1713614.0,0,1,0.02222,0.00487,0.00221,0.00487,,,286373.0,,286373.0
2015-07-24,44,1712816.0,0,0,0.0,0.0,0.0,0.0,,,0.0,,0.0
2015-07-27,44,1712816.0,0,0,0.0,0.00296,0.00296,0.00296,,,312854.0,,312854.0
2015-07-28,44,1713851.0,0,0,0.0,0.0,0.0,0.0,,,0.0,,0.0
2015-07-29,44,1713851.0,0,0,0.0,0.0028,0.0028,0.0028,,,215983.0,,215983.0
2015-07-30,44,1717456.0,0,0,0.0,0.0021,0.0021,0.0021,,,95185.0,,95185.0
2015-07-31,44,1715060.0,0,0,0.0,0.0,0.0,0.0,,,0.0,,0.0
2015-08-03,44,1715060.0,0,0,0.0,0.0,0.0,0.0,,,0.0,,0.0
2015-08-04,44,1715060.0,0,1,0.02273,0.00879,0.00804,0.00879,,,761213.0,,761213.0
2015-08-05,43,1719264.0,0,0,0.0,0.0,0.0,0.0,,,0.0,,0.0
2015-08-06,43,1719264.0,0,0,0.0,0.00645,0.00645,0.00645,,,291620.0,,291620.0
2015-08-07,43,1721884.0,0,0,0.0,0.00209,0.00209,0.00209,,,111648.0,,111648.0
2015-08-10,43,1724281.0,0,0,0.0,0.00044,0.00044,0.00044,,,36566.0,,36566.0
2015-08-11,43,1724524.0,0,0,0.0,0.0,0.0,0.0,,,0.0,,0.0
2015-08-12,43,1724524.0,0,0,0.0,0.0,0.0,0.0,,,0.0,,0.0
2015-08-13,43,1724524.0,0,0,0.0,0.0,0.0,0.0,,,0.0,,0.0
2015-08-14,43,1724524.0,0,0,0.0,0.0,0.0,0.0,,,0.0,,0.0
2015-08-17,43,1724524.0,0,0,0.0,0.03343,0.03343,0.03343,,,127161.0,,127161.0
2015-08-18,43,1671743.0,0,0,0.0,0.00502,0.00502,0.00502,,,257595.0,,257595.0
2015-08-19,43,1672139.0,0,0,0.0,0.0,0.0,0.0,,,0.0,,0.0
2015-08-20,43,1672139.0,0,0,0.0,0.0,0.0,0.0,,,0.0,,0.0
2015-08-21,43,1672139.0,0,0,0.0,0.0,0.0,0.0,,,0.0,,0.0
2015-08-24,43,1672139.0,0,0,0.0,0.0,0.0,0.0,,,0.0,,0.0
2015-08-25,43,1672139.0,0,0,0.0,0.01653,0.01653,0.01653,,,632041.0,,632041.0
2015-08-26,43,1677803.0,0,0,0.0,0.0,0.0,0.0,,,0.0,,0.0
2015-08-27,43,1677803.0,0,0,0.0,0.0,0.0,0.0,,,0.0,,0.0
2015-08-28,43,1677803.0,0,1,0.02326,0.0053,0.00139,0.0053,,,250652.0,,250652.0
2015-08-31,42,1673567.0,0,0,0.0,0.0,0.0,0.0,,,0.0,,0.0
2015-09-01,42,1673567.0,0,0,0.0,0.00099,0.00099,0.00099,,,76220.0,,76220.0
2015-09-02,42,1673177.0,0,0,0.0,0.0,0.0,0.0,,,0.0,,0.0
2015-09-03,42,1673177.0,0,0,0.0,0.00104,0.00104,0.00104,,,86264.0,,86264.0
2015-09-04,42,1672637.0,0,0,0.0,0.00046,0.00046,0.00046,,,37323.0,,37323.0
2015-09-08,42,1672377.0,0,0,0.0,0.00034,0.00034,0.00034,,,48827.0,,48827.0
2015-09-09,42,1672503.0,0,0,0.0,0.00489,0.00489,0.00489,,,201762.0,,201762.0
2015-09-10,42,1674373.0,0,0,0.0,0.00241,0.00241,0.00241,,,131968.0,,131968.0
2015-09-11,42,1674495.0,0,0,0.0,0.0,0.0,0.0,,,0.0,,0.0
2015-09-14,42,1674495.0,0,0,0.0,0.00121,0.00121,0.00121,,,203761.0,,203761.0
2015-09-15,42,1675320.0,0,0,0.0,0.0,0.0,0.0,,,0.0,,0.0
2015-09-16,42,1675320.0,0,0,0.0,0.0,0.0,0.0,,,0.0,,0.0
2015-09-17,42,1675320.0,1,1,0.04762,0.04103,0.0386,0.04103,,,199855.0,,199855.0
2015-09-18,42,1614498.0,0,0,0.0,0.0,0.0,0.0,,,0.0,,0.0
2015-09-21,42,1614498.0,0,0,0.0,0.0,0.0,0.0,,,0.0,,0.0
2015-09-22,42,1614498.0,0,0,0.0,0.0,0.0,0.0,,,0.0,,0.0
2015-09-24,42,1614498.0,0,0,0.0,0.01082,0.01082,0.01082,,,300793.0,,300793.0
2015-09-25,42,1611030.0,0,0,0.0,0.0,0.0,0.0,,,0.0,,0.0
2015-09-28,42,1611030.0,0,0,0.0,0.0,0.0,0.0,,,0.0,,0.0
2015-09-29,42,1611030.0,0,0,0.0,0.0,0.0,0.0,,,0.0,,0.0
2015-09-30,42,1611030.0,0,0,0.0,0.0,0.0,0.0,,,0.0,,0.0
2015-10-01,42,1611030.0,0,2,0.04762,0.09066,0.07734,0.09066,,,925555.0,,925555.0
2015-10-02,40,1495001.0,0,0,0.0,0.0,0.0,0.0,,,0.0,,0.0
2015-10-05,40,1495001.0,0,0,0.0,0.0,0.0,0.0,,,0.0,,0.0
2015-10-06,40,1495001.0,0,0,0.0,0.06801,0.06801,0.06801,,,211429.0,,211429.0
2015-10-07,40,1401145.0,0,0,0.0,0.01128,0.01128,0.01128,,,10278.0,,10278.0
2015-10-08,40,1385345.0,0,0,0.0,0.03782,0.03782,0.03782,,,128565.0,,128565.0
2015-10-09,40,1335796.0,0,0,0.0,0.04229,0.04229,0.04229,,,152015.0,,152015.0
2015-10-12,40,1286407.0,0,0,0.0,0.0,0.0,0.0,,,0.0,,0.0
2015-10-13,40,1286407.0,0,0,0.0,0.00199,0.00199,0.00199,,,74322.0,,74322.0
2015-10-14,40,1286881.0,0,0,0.0,0.00124,0.00124,0.00124,,,48378.0,,48378.0
2015-10-15,40,1287354.0,0,0,0.0,0.0,0.0,0.0,,,0.0,,0.0
2015-10-16,40,1287354.0,0,0,0.0,0.03194,0.03194,0.03194,,,55457.0,,55457.0
2015-10-19,40,1248474.0,0,0,0.0,0.0,0.0,0.0,,,0.0,,0.0
2015-10-20,40,1248474.0,0,0,0.0,0.03791,0.03791,0.03791,,,65079.0,,65079.0
2015-10-21,40,1202207.0,0,0,0.0,0.0,0.0,0.0,,,0.0,,0.0
2015-10-22,40,1202207.0,0,0,0.0,0.0,0.0,0.0,,,0.0,,0.0
2015-10-23,40,1202207.0,0,0,0.0,0.0,0.0,0.0,,,0.0,,0.0
2015-10-26,40,1202207.0,0,0,0.0,0.0,0.0,0.0,,,0.0,,0.0
2015-10-27,40,1202207.0,0,0,0.0,0.0,0.0,0.0,,,0.0,,0.0
2015-10-28,40,1202207.0,0,0,0.0,0.0,0.0,0.0,,,0.0,,0.0
2015-10-29,40,1202207.0,0,0,0.0,0.0,0.0,0.0,,,0.0,,0.0
2015-10-30,40,1202207.0,0,0,0.0,0.0,0.0,0.0,,,0.0,,0.0
2015-11-02,40,1202207.0,0,0,0.0,0.0,0.0,0.0,,,0.0,,0.0
2015-11-03,40,1202207.0,0,0,0.0,0.0,0.0,0.0,,,0.0,,0.0
2015-11-04,40,1202207.0,0,0,0.0,0.0,0.0,0.0,,,0.0,,0.0
2015-11-05,40,1202207.0,0,0,0.0,0.0,0.0,0.0,,,0.0,,0.0
2015-11-06,40,1202207.0,0,0,0.0,0.0,0.0,0.0,,,0.0,,0.0
2015-11-09,40,1202207.0,1,1,0.05,0.09348,0.08317,0.09348,,,901841.0,,901841.0
2015-11-10,40,1133871.0,0,0,0.0,0.00355,0.00355,0.00355,,,54267.0,,54267.0
2015-11-11,40,1134723.0,0,0,0.0,0.00405,0.00405,0.00405,,,63972.0,,63972.0
2015-11-12,40,1138203.0,0,0,0.0,0.00647,0.00647,0.00647,,,100487.0,,100487.0
2015-11-13,40,1142411.0,1,0,0.025,0.03897,0.03852,0.03897,,,64585.0,,64585.0
2015-11-16,41,1098933.0,0,0,0.0,0.00718,0.00718,0.00718,,,113108.0,,113108.0
2015-11-17,41,1104981.0,0,0,0.0,0.00482,0.00482,0.00482,,,104469.0,,104469.0
2015-11-18,41,1107078.0,0,0,0.0,0.00243,0.00243,0.00243,,,52227.0,,52227.0
2015-11-19,41,1107532.0,0,0,0.0,0.0,0.0,0.0,,,0.0,,0.0
2015-11-20,41,1107532.0,0,0,0.0,0.0,0.0,0.0,,,0.0,,0.0
2015-11-23,41,1107532.0,0,0,0.0,0.00484,0.00484,0.00484,,,130465.0,,130465.0
2015-11-24,41,1110785.0,0,0,0.0,0.0,0.0,0.0,,,0.0,,0.0
2015-11-25,41,1110785.0,0,0,0.0,0.00178,0.00178,0.00178,,,67686.0,,67686.0
2015-11-27,41,1111699.0,0,0,0.0,0.0,0.0,0.0,,,0.0,,0.0
2015-11-30,41,1111699.0,0,0,0.0,0.0,0.0,0.0,,,0.0,,0.0
2015-12-01,41,1111699.0,0,0,0.0,0.0,0.0,0.0,,,0.0,,0.0
2015-12-02,41,1111699.0,0,0,0.0,0.0,0.0,0.0,,,0.0,,0.0
2015-12-03,41,1111699.0,0,0,0.0,0.0,0.0,0.0,,,0.0,,0.0
2015-12-04,41,1111699.0,0,0,0.0,0.0,0.0,0.0,,,0.0,,0.0
2015-12-07,41,1111699.0,0,0,0.0,0.00045,0.00045,0.00045,,,29279.0,,29279.0
2015-12-08,41,1111802.0,0,0,0.0,0.0,0.0,0.0,,,0.0,,0.0
2015-12-09,41,1111802.0,0,0,0.0,0.00508,0.00508,0.00508,,,85763.0,,85763.0
2015-12-10,41,1114123.0,0,0,0.0,0.0,0.0,0.0,,,0.0,,0.0
2015-12-11,41,1114123.0,0,0,0.0,0.0,0.0,0.0,,,0.0,,0.0
2015-12-14,41,1114123.0,0,0,0.0,0.0,0.0,0.0,,,0.0,,0.0
2015-12-15,41,1114123.0,0,0,0.0,0.0,0.0,0.0,,,0.0,,0.0
2015-12-16,41,1114123.0,0,0,0.0,0.0,0.0,0.0,,,0.0,,0.0
2015-12-17,41,1114123.0,0,0,0.0,0.0,0.0,0.0,,,0.0,,0.0
2015-12-18,41,1114123.0,0,0,0.0,0.0,0.0,0.0,,,0.0,,0.0
2015-12-21,41,1114123.0,0,0,0.0,0.0,0.0,0.0,,,0.0,,0.0
2015-12-22,41,1114123.0,0,0,0.0,0.0,0.0,0.0,,,0.0,,0.0
2015-12-23,41,1114123.0,0,0,0.0,0.00136,0.00136,0.00136,,,39937.0,,39937.0
2015-12-24,41,1114198.0,0,0,0.0,0.0,0.0,0.0,,,0.0,,0.0
2015-12-28,41,1114198.0,0,0,0.0,0.0,0.0,0.0,,,0.0,,0.0
2015-12-29,41,1114198.0,0,1,0.02439,0.00911,0.0,0.00911,,,175577.0,,175577.0
2015-12-30,40,1104052.0,0,0,0.0,0.0,0.0,0.0,,,0.0,,0.0
2015-12-31,40,1104052.0,0,0,0.0,0.0,0.0,0.0,,,0.0,,0.0
2016-01-04,40,1104052.0,0,0,0.0,0.0,0.0,0.0,,,0.0,,0.0
2016-01-05,40,1104052.0,0,0,0.0,0.01063,0.01063,0.01063,,,234404.0,,234404.0
2016-01-06,40,1105862.0,1,0,0.025,0.00248,0.00141,0.00248,,,65763.0,,65763.0
2016-01-07,41,1105487.0,0,0,0.0,0.0,0.0,0.0,,,0.0,,0.0
2016-01-08,41,1105487.0,0,0,0.0,0.00894,0.00894,0.00894,,,196475.0,,196475.0
2016-01-11,41,1107713.0,0,0,0.0,0.0,0.0,0.0,,,0.0,,0.0
2016-01-12,41,1107713.0,0,0,0.0,0.05719,0.05719,0.05719,,,221243.0,,221243.0
2016-01-13,41,1155544.0,0,0,0.0,0.0,0.0,0.0,,,0.0,,0.0
2016-01-14,41,1155544.0,0,1,0.02439,0.02322,0.02185,0.02322,,,524347.0,,524347.0
2016-01-15,40,1153344.0,0,0,0.0,0.05983,0.05983,0.05983,,,88601.0,,88601.0
2016-01-19,40,1212344.0,0,0,0.0,0.03037,0.03037,0.03037,,,75369.0,,75369.0
2016-01-20,40,1243379.0,0,0,0.0,0.00532,0.00532,0.00532,,,138184.0,,138184.0
2016-01-21,40,1242999.0,0,0,0.0,0.00291,0.00291,0.00291,,,79900.0,,79900.0
2016-01-22,40,1245386.0,0,0,0.0,0.00019,0.00019,0.00019,,,4663.0,,4663.0
2016-01-25,40,1245146.0,0,0,0.0,0.0,0.0,0.0,,,0.0,,0.0
2016-01-26,40,1245146.0,0,0,0.0,0.0,0.0,0.0,,,0.0,,0.0
2016-01-27,40,1245146.0,0,0,0.0,0.0,0.0,0.0,,,0.0,,0.0
2016-01-28,40,1245146.0,0,0,0.0,0.0,0.0,0.0,,,0.0,,0.0
2016-01-29,40,1245146.0,0,0,0.0,0.00418,0.00418,0.00418,,,112879.0,,112879.0
2016-02-01,40,1245780.0,0,0,0.0,0.0,0.0,0.0,,,0.0,,0.0
2016-02-02,40,1245780.0,0,0,0.0,0.00587,0.00587,0.00587,,,176001.0,,176001.0
2016-02-03,40,1248471.0,0,0,0.0,0.0,0.0,0.0,,,0.0,,0.0
2016-02-04,40,1248471.0,0,0,0.0,0.0,0.0,0.0,,,0.0,,0.0
2016-02-05,40,1248471.0,0,1,0.025,0.00571,0.00382,0.00571,,,145948.0,,145948.0
2016-02-08,39,1250398.0,0,1,0.02564,0.01492,0.00775,0.01492,,,378967.0,,378967.0
2016-02-09,38,1243265.0,0,1,0.02632,0.07956,0.07515,0.07956,,,350132.0,,350132.0
2016-02-10,37,1316045.0,0,0,0.0,0.00554,0.00554,0.00554,,,101439.0,,101439.0
2016-02-11,37,1309740.0,0,0,0.0,0.00067,0.00067,0.00067,,,39713.0,,39713.0
2016-02-12,37,1310014.0,0,1,0.02703,0.00594,0.00132,0.00594,,,87412.0,,87412.0
2016-02-16,36,1305669.0,0,0,0.0,0.0,0.0,0.0,,,0.0,,0.0
2016-02-17,36,1305669.0,0,0,0.0,0.0,0.0,0.0,,,0.0,,0.0
2016-02-18,36,1305669.0,0,0,0.0,0.0,0.0,0.0,,,0.0,,0.0
2016-02-19,36,1305669.0,0,0,0.0,0.0,0.0,0.0,,,0.0,,0.0
2016-02-22,36,1305669.0,0,0,0.0,0.0,0.0,0.0,,,0.0,,0.0
2016-02-23,36,1305669.0,0,0,0.0,0.0,0.0,0.0,,,0.0,,0.0
2016-02-24,36,1305669.0,0,0,0.0,0.0,0.0,0.0,,,0.0,,0.0
2016-02-25,36,1305669.0,0,0,0.0,0.0,0.0,0.0,,,0.0,,0.0
2016-02-26,36,1305669.0,0,0,0.0,0.0,0.0,0.0,,,0.0,,0.0
2016-02-29,36,1305669.0,0,0,0.0,0.00613,0.00613,0.00613,,,6272.0,,6272.0
2016-03-01,36,1297669.0,0,0,0.0,0.0,0.0,0.0,,,0.0,,0.0
2016-03-02,36,1297669.0,0,0,0.0,0.0,0.0,0.0,,,0.0,,0.0
2016-03-03,36,1297669.0,0,0,0.0,0.0,0.0,0.0,,,0.0,,0.0
2016-03-04,36,1297669.0,0,1,0.02778,0.00614,0.00474,0.00614,,,380622.0,,380622.0
2016-03-08,35,1300534.0,1,1,0.05714,0.0098,0.00827,0.0098,,,699142.0,,699142.0
2016-03-09,35,1299594.0,0,0,0.0,0.0,0.0,0.0,,,0.0,,0.0
2016-03-10,35,1299594.0,0,0,0.0,0.0,0.0,0.0,,,0.0,,0.0
2016-03-11,35,1299594.0,0,0,0.0,0.0041,0.0041,0.0041,,,74082.0,,74082.0
2016-03-14,35,1300828.0,0,0,0.0,0.0,0.0,0.0,,,0.0,,0.0
2016-03-15,35,1300828.0,0,0,0.0,0.0,0.0,0.0,,,0.0,,0.0
2016-03-16,35,1300828.0,0,0,0.0,0.0,0.0,0.0,,,0.0,,0.0
2016-03-17,35,1300828.0,0,0,0.0,0.00215,0.00215,0.00215,,,128821.0,,128821.0
2016-03-18,35,1299590.0,0,0,0.0,0.0,0.0,0.0,,,0.0,,0.0
2016-03-21,35,1299590.0,0,0,0.0,0.0,0.0,0.0,,,0.0,,0.0
2016-03-22,35,1299590.0,0,0,0.0,0.00648,0.00648,0.00648,,,207311.0,,207311.0
2016-03-23,35,1297185.0,0,0,0.0,0.0,0.0,0.0,,,0.0,,0.0
2016-03-24,35,1297185.0,0,0,0.0,0.01017,0.01017,0.01017,,,18919.0,,18919.0
2016-03-28,35,1286371.0,0,0,0.0,0.0,0.0,0.0,,,0.0,,0.0
2016-03-29,35,1286371.0,0,0,0.0,0.0,0.0,0.0,,,0.0,,0.0
2016-03-30,35,1286371.0,0,0,0.0,0.0,0.0,0.0,,,0.0,,0.0
2016-03-31,35,1286371.0,0,0,0.0,0.0,0.0,0.0,,,0.0,,0.0
2016-04-01,35,1286371.0,0,0,0.0,0.0,0.0,0.0,,,0.0,,0.0
2016-04-04,35,1286371.0,0,0,0.0,0.0,0.0,0.0,,,0.0,,0.0
2016-04-05,35,1286371.0,0,0,0.0,0.0,0.0,0.0,,,0.0,,0.0
2016-04-06,35,1286371.0,0,0,0.0,0.0,0.0,0.0,,,0.0,,0.0
2016-04-07,35,1286371.0,0,0,0.0,0.0,0.0,0.0,,,0.0,,0.0
2016-04-08,35,1286371.0,0,0,0.0,0.0,0.0,0.0,,,0.0,,0.0
2016-04-11,35,1286371.0,0,0,0.0,0.00021,0.00021,0.00021,,,20911.0,,20911.0
2016-04-12,35,1286096.0,0,0,0.0,0.0,0.0,0.0,,,0.0,,0.0
2016-04-13,35,1286096.0,0,0,0.0,0.0,0.0,0.0,,,0.0,,0.0
2016-04-14,35,1286096.0,0,0,0.0,0.00146,0.00146,0.00146,,,58201.0,,58201.0
2016-04-15,35,1284690.0,0,0,0.0,0.002,0.002,0.002,,,64870.0,,64870.0
2016-04-18,35,1284899.0,0,0,0.0,0.0,0.0,0.0,,,0.0,,0.0
2016-04-19,35,1284899.0,0,0,0.0,0.00311,0.00311,0.00311,,,109772.0,,109772.0
2016-04-20,35,1282415.0,0,0,0.0,0.0,0.0,0.0,,,0.0,,0.0
2016-04-21,35,1282415.0,0,0,0.0,0.0,0.0,0.0,,,0.0,,0.0
2016-04-22,35,1282415.0,0,0,0.0,0.0,0.0,0.0,,,0.0,,0.0
2016-04-25,35,1282415.0,0,0,0.0,0.07137,0.07137,0.07137,,,969886.0,,969886.0
2016-04-26,35,1373940.0,0,0,0.0,0.0,0.0,0.0,,,0.0,,0.0
2016-04-27,35,1373940.0,0,0,0.0,0.0,0.0,0.0,,,0.0,,0.0
2016-04-28,35,1373940.0,0,0,0.0,0.00863,0.00863,0.00863,,,342609.0,,342609.0
2016-04-29,35,1375051.0,0,0,0.0,0.01496,0.01496,0.01496,,,426689.0,,426689.0
2016-05-02,35,1364828.0,0,0,0.0,0.00231,0.00231,0.00231,,,175111.0,,175111.0
2016-05-03,35,1363490.0,0,0,0.0,0.00268,0.00268,0.00268,,,154638.0,,154638.0
2016-05-04,35,1361694.0,0,0,0.0,0.0,0.0,0.0,,,0.0,,0.0
2016-05-05,35,1361694.0,0,0,0.0,0.0,0.0,0.0,,,0.0,,0.0
2016-05-09,35,1361694.0,0,0,0.0,0.01222,0.01222,0.01222,,,362151.0,,362151.0
2016-05-10,35,1368971.0,0,0,0.0,0.0052,0.0052,0.0052,,,178659.0,,178659.0
2016-05-11,35,1370091.0,0,0,0.0,0.03562,0.03562,0.03562,,,83081.0,,83081.0
2016-05-12,35,1327291.0,0,0,0.0,0.03112,0.03112,0.03112,,,65994.0,,65994.0
2016-05-13,35,1292830.0,0,0,0.0,0.0,0.0,0.0,,,0.0,,0.0
2016-05-16,35,1292830.0,0,0,0.0,0.0,0.0,0.0,,,0.0,,0.0
2016-05-17,35,1292830.0,0,0,0.0,0.00256,0.00256,0.00256,,,53865.0,,53865.0
2016-05-18,35,1295215.0,0,0,0.0,0.01005,0.01005,0.01005,,,22223.0,,22223.0
2016-05-19,35,1285036.0,0,0,0.0,0.01434,0.01434,0.01434,,,273014.0,,273014.0
2016-05-20,35,1281098.0,0,0,0.0,0.0,0.0,0.0,,,0.0,,0.0
2016-05-23,35,1281098.0,0,0,0.0,0.0,0.0,0.0,,,0.0,,0.0
2016-05-24,35,1281098.0,0,0,0.0,0.0,0.0,0.0,,,0.0,,0.0
2016-05-25,35,1281098.0,0,0,0.0,0.0,0.0,0.0,,,0.0,,0.0
2016-05-26,35,1281098.0,0,0,0.0,0.0,0.0,0.0,,,0.0,,0.0
2016-05-27,35,1281098.0,0,0,0.0,0.0,0.0,0.0,,,0.0,,0.0
2016-05-31,35,1281098.0,1,0,0.02857,0.00273,0.00236,0.00273,,,97756.0,,97756.0
2016-06-01,36,1279075.0,0,0,0.0,0.0,0.0,0.0,,,0.0,,0.0
2016-06-02,36,1279075.0,0,0,0.0,0.0,0.0,0.0,,,0.0,,0.0
2016-06-03,36,1279075.0,0,0,0.0,0.0,0.0,0.0,,,0.0,,0.0
2016-06-06,36,1279075.0,0,0,0.0,0.0,0.0,0.0,,,0.0,,0.0
2016-06-07,36,1279075.0,0,0,0.0,0.0,0.0,0.0,,,0.0,,0.0
2016-06-08,36,1279075.0,0,0,0.0,0.0,0.0,0.0,,,0.0,,0.0
2016-06-09,36,1279075.0,0,0,0.0,0.0,0.0,0.0,,,0.0,,0.0
2016-06-10,36,1279075.0,0,0,0.0,0.0,0.0,0.0,,,0.0,,0.0
2016-06-13,36,1279075.0,0,0,0.0,0.0,0.0,0.0,,,0.0,,0.0
2016-06-14,36,1279075.0,0,0,0.0,0.01042,0.01042,0.01042,,,632815.0,,632815.0
2016-06-15,36,1288995.0,0,0,0.0,0.00128,0.00128,0.00128,,,21064.0,,21064.0
2016-06-16,36,1290240.0,0,0,0.0,0.0,0.0,0.0,,,0.0,,0.0
2016-06-17,36,1290240.0,0,0,0.0,0.0,0.0,0.0,,,0.0,,0.0
2016-06-20,36,1290240.0,0,0,0.0,0.0,0.0,0.0,,,0.0,,0.0
2016-06-21,36,1290240.0,0,0,0.0,0.00122,0.00122,0.00122,,,142101.0,,142101.0
2016-06-22,36,1291077.0,1,0,0.02778,0.00084,0.0003,0.00084,,,147923.0,,147923.0
2016-06-23,37,1291379.0,0,0,0.0,0.0,0.0,0.0,,,0.0,,0.0
2016-06-24,37,1291379.0,0,0,0.0,0.0,0.0,0.0,,,0.0,,0.0
2016-06-27,37,1291379.0,0,0,0.0,0.0028,0.0028,0.0028,,,277361.0,,277361.0
2016-06-28,37,1293494.0,0,0,0.0,0.00407,0.00407,0.00407,,,371969.0,,371969.0
2016-06-29,37,1296809.0,0,0,0.0,0.0,0.0,0.0,,,0.0,,0.0
2016-06-30,37,1296809.0,0,0,0.0,0.00268,0.00268,0.00268,,,78588.0,,78588.0
2016-07-01,37,1299884.0,0,0,0.0,0.0,0.0,0.0,,,0.0,,0.0
2016-07-05,37,1299884.0,0,0,0.0,0.0,0.0,0.0,,,0.0,,0.0
2016-07-06,37,1299884.0,0,0,0.0,0.00326,0.00326,0.00326,,,241444.0,,241444.0
2016-07-07,37,1301776.0,1,1,0.05405,0.00142,4e-05,0.00142,,,134418.0,,134418.0
2016-07-08,37,1302887.0,0,0,0.0,0.01057,0.01057,0.01057,,,282250.0,,282250.0
2016-07-11,37,1297122.0,0,0,0.0,0.0,0.0,0.0,,,0.0,,0.0
2016-07-12,37,1297122.0,1,0,0.02703,0.04691,0.04623,0.04691,,,147785.0,,147785.0
2016-07-13,38,1238053.0,0,0,0.0,0.0,0.0,0.0,,,0.0,,0.0
2016-07-14,38,1238053.0,0,0,0.0,0.0,0.0,0.0,,,0.0,,0.0
2016-07-15,38,1238053.0,0,0,0.0,0.0,0.0,0.0,,,0.0,,0.0
2016-07-18,38,1238053.0,0,0,0.0,0.0,0.0,0.0,,,0.0,,0.0
2016-07-19,38,1238053.0,0,0,0.0,0.01477,0.01477,0.01477,,,594933.0,,594933.0
2016-07-20,38,1247364.0,0,0,0.0,0.0,0.0,0.0,,,0.0,,0.0
2016-07-21,38,1247364.0,0,0,0.0,0.0,0.0,0.0,,,0.0,,0.0
2016-07-22,38,1247364.0,0,0,0.0,0.0,0.0,0.0,,,0.0,,0.0
2016-07-25,38,1247364.0,0,0,0.0,0.0,0.0,0.0,,,0.0,,0.0
2016-07-26,38,1247364.0,0,0,0.0,0.0,0.0,0.0,,,0.0,,0.0
2016-07-27,38,1247364.0,1,0,0.02632,0.01688,0.01476,0.01688,,,725230.0,,725230.0
2016-07-28,39,1257554.0,0,0,0.0,0.0,0.0,0.0,,,0.0,,0.0
2016-07-29,39,1257554.0,0,1,0.02564,0.00639,0.00492,0.00639,,,459447.0,,459447.0
2016-08-01,38,1260045.0,0,0,0.0,0.00048,0.00048,0.00048,,,35570.0,,35570.0
2016-08-02,38,1259845.0,0,0,0.0,0.00181,0.00181,0.00181,,,61007.0,,61007.0
2016-08-03,38,1260710.0,0,0,0.0,0.00221,0.00221,0.00221,,,66244.0,,66244.0
2016-08-04,38,1262919.0,0,0,0.0,0.0,0.0,0.0,,,0.0,,0.0
2016-08-05,38,1262919.0,0,0,0.0,0.0,0.0,0.0,,,0.0,,0.0
2016-08-08,38,1262919.0,0,1,0.02632,0.00476,0.00367,0.00476,,,291725.0,,291725.0
2016-08-09,37,1266160.0,0,0,0.0,0.0079,0.0079,0.0079,,,311659.0,,311659.0
2016-08-10,37,1268161.0,0,0,0.0,0.00022,0.00022,0.00022,,,6355.0,,6355.0
2016-08-11,37,1267883.0,0,0,0.0,0.00156,0.00156,0.00156,,,105142.0,,105142.0
2016-08-12,37,1267839.0,0,0,0.0,0.00407,0.00407,0.00407,,,64118.0,,64118.0
2016-08-15,37,1271955.0,0,0,0.0,0.0,0.0,0.0,,,0.0,,0.0
2016-08-16,37,1271955.0,0,0,0.0,0.00538,0.00538,0.00538,,,130876.0,,130876.0
2016-08-17,37,1274416.0,0,0,0.0,0.02524,0.02524,0.02524,,,255910.0,,255910.0
2016-08-18,37,1251182.0,0,0,0.0,0.0,0.0,0.0,,,0.0,,0.0
2016-08-19,37,1251182.0,0,0,0.0,0.0,0.0,0.0,,,0.0,,0.0
2016-08-22,37,1251182.0,0,0,0.0,0.0,0.0,0.0,,,0.0,,0.0
2016-08-23,37,1251182.0,0,0,0.0,0.0,0.0,0.0,,,0.0,,0.0
2016-08-24,37,1251182.0,0,0,0.0,0.0,0.0,0.0,,,0.0,,0.0
2016-08-25,37,1251182.0,0,0,0.0,0.0,0.0,0.0,,,0.0,,0.0
2016-08-26,37,1251182.0,0,0,0.0,0.0,0.0,0.0,,,0.0,,0.0
2016-08-29,37,1251182.0,0,0,0.0,0.00986,0.00986,0.00986,,,126718.0,,126718.0
2016-08-30,37,1241021.0,0,1,0.02703,0.02144,0.00729,0.02144,,,339924.0,,339924.0
2016-08-31,36,1225081.0,0,0,0.0,0.00601,0.00601,0.00601,,,222308.0,,222308.0
2016-09-01,36,1226766.0,0,0,0.0,0.0,0.0,0.0,,,0.0,,0.0
2016-09-02,36,1226766.0,1,1,0.05556,0.01586,0.00715,0.01586,,,518479.0,,518479.0
2016-09-06,36,1220358.0,0,0,0.0,0.0,0.0,0.0,,,0.0,,0.0
2016-09-07,36,1220358.0,1,1,0.05556,0.00652,0.00439,0.00652,,,456366.0,,456366.0
2016-09-08,36,1223883.0,0,0,0.0,0.00148,0.00148,0.00148,,,61238.0,,61238.0
2016-09-09,36,1222798.0,0,0,0.0,0.00031,0.00031,0.00031,,,7666.0,,7666.0
2016-09-12,36,1222420.0,0,0,0.0,0.0,0.0,0.0,,,0.0,,0.0
2016-09-13,36,1222420.0,0,0,0.0,0.00197,0.00197,0.00197,,,62118.0,,62118.0
2016-09-15,36,1220764.0,0,0,0.0,0.0,0.0,0.0,,,0.0,,0.0
2016-09-16,36,1220764.0,0,0,0.0,0.0,0.0,0.0,,,0.0,,0.0
2016-09-19,36,1220764.0,0,0,0.0,0.00259,0.00259,0.00259,,,316706.0,,316706.0
2016-09-20,36,1218949.0,0,0,0.0,0.0041,0.0041,0.0041,,,121818.0,,121818.0
2016-09-21,36,1218085.0,0,0,0.0,0.0,0.0,0.0,,,0.0,,0.0
2016-09-22,36,1218085.0,0,0,0.0,0.0,0.0,0.0,,,0.0,,0.0
2016-09-23,36,1218085.0,0,0,0.0,0.0,0.0,0.0,,,0.0,,0.0
2016-09-26,36,1218085.0,0,0,0.0,0.0,0.0,0.0,,,0.0,,0.0
2016-09-27,36,1218085.0,0,0,0.0,0.0,0.0,0.0,,,0.0,,0.0
2016-09-28,36,1218085.0,1,0,0.02778,0.00322,0.0024,0.00322,,,147532.0,,147532.0
2016-09-29,37,1216165.0,0,0,0.0,0.0,0.0,0.0,,,0.0,,0.0
2016-09-30,37,1216165.0,0,0,0.0,0.0,0.0,0.0,,,0.0,,0.0
2016-10-03,37,1216165.0,0,0,0.0,0.0,0.0,0.0,,,0.0,,0.0
2016-10-04,37,1216165.0,1,0,0.02703,0.04303,0.03795,0.04303,,,226083.0,,226083.0
2016-10-05,38,1177069.0,0,0,0.0,0.0,0.0,0.0,,,0.0,,0.0
2016-10-06,38,1177069.0,0,0,0.0,0.00452,0.00452,0.00452,,,190776.0,,190776.0
2016-10-07,38,1179230.0,0,0,0.0,0.0,0.0,0.0,,,0.0,,0.0
2016-10-10,38,1179230.0,0,0,0.0,0.0,0.0,0.0,,,0.0,,0.0
2016-10-11,38,1179230.0,0,0,0.0,0.00057,0.00057,0.00057,,,9652.0,,9652.0
2016-10-12,38,1178555.0,0,0,0.0,0.0,0.0,0.0,,,0.0,,0.0
2016-10-13,38,1178555.0,0,0,0.0,0.0,0.0,0.0,,,0.0,,0.0
2016-10-14,38,1178555.0,0,0,0.0,0.00493,0.00493,0.00493,,,125036.0,,125036.0
2016-10-17,38,1178615.0,0,0,0.0,0.0,0.0,0.0,,,0.0,,0.0
2016-10-18,38,1178615.0,0,0,0.0,0.0,0.0,0.0,,,0.0,,0.0
2016-10-19,38,1178615.0,0,0,0.0,0.00121,0.00121,0.00121,,,79686.0,,79686.0
2016-10-20,38,1178786.0,0,0,0.0,0.00788,0.00788,0.00788,,,334899.0,,334899.0
2016-10-21,38,1183790.0,0,0,0.0,0.00153,0.00153,0.00153,,,98146.0,,98146.0
2016-10-24,38,1183665.0,0,0,0.0,0.0,0.0,0.0,,,0.0,,0.0
2016-10-25,38,1183665.0,0,0,0.0,0.0049,0.0049,0.0049,,,160983.0,,160983.0
2016-10-26,38,1187860.0,0,0,0.0,0.0,0.0,0.0,,,0.0,,0.0
2016-10-27,38,1187860.0,0,0,0.0,0.0,0.0,0.0,,,0.0,,0.0
2016-10-28,38,1187860.0,0,0,0.0,0.01046,0.01046,0.01046,,,357679.0,,357679.0
2016-10-31,38,1191211.0,0,0,0.0,0.00467,0.00467,0.00467,,,314364.0,,314364.0
2016-11-01,38,1193647.0,0,0,0.0,0.0,0.0,0.0,,,0.0,,0.0
2016-11-02,38,1193647.0,0,1,0.02632,0.01032,0.00569,0.01032,,,320192.0,,320192.0
2016-11-03,37,1194854.0,0,0,0.0,0.0,0.0,0.0,,,0.0,,0.0
2016-11-04,37,1194854.0,1,0,0.02703,0.02232,0.01767,0.02232,,,900178.0,,900178.0
2016-11-07,38,1186380.0,0,3,0.07895,0.03587,0.02653,0.03587,,,1375041.0,,1375041.0
2016-11-08,35,1199091.0,0,0,0.0,0.0,0.0,0.0,,,0.0,,0.0
2016-11-09,35,1199091.0,0,0,0.0,0.0,0.0,0.0,,,0.0,,0.0
2016-11-10,35,1199091.0,0,0,0.0,0.01478,0.01478,0.01478,,,315171.0,,315171.0
2016-11-11,35,1208817.0,0,0,0.0,0.0,0.0,0.0,,,12.0,,12.0
2016-11-14,35,1208817.0,0,0,0.0,0.02555,0.02555,0.02555,,,109456.0,,109456.0
2016-11-15,35,1186902.0,0,0,0.0,0.0,0.0,0.0,,,0.0,,0.0
2016-11-16,35,1186902.0,0,1,0.02857,0.01669,0.01306,0.01669,,,521242.0,,521242.0
2016-11-17,34,1197182.0,0,0,0.0,0.02241,0.02241,0.02241,,,257916.0,,257916.0
2016-11-18,34,1179710.0,0,0,0.0,0.00183,0.00183,0.00183,,,266638.0,,266638.0
2016-11-21,34,1179154.0,0,0,0.0,0.0,0.0,0.0,,,0.0,,0.0
2016-11-22,34,1179154.0,0,1,0.02941,0.00357,0.00245,0.00357,,,260371.0,,260371.0
2016-11-23,33,1180721.0,0,0,0.0,0.0,0.0,0.0,,,0.0,,0.0
2016-11-25,33,1180721.0,0,0,0.0,0.0,0.0,0.0,,,0.0,,0.0
2016-11-28,33,1180721.0,0,0,0.0,0.0,0.0,0.0,,,0.0,,0.0
2016-11-29,33,1180721.0,0,0,0.0,0.0,0.0,0.0,,,0.0,,0.0
2016-11-30,33,1180721.0,0,0,0.0,0.0,0.0,0.0,,,0.0,,0.0
2016-12-01,33,1180721.0,0,0,0.0,0.0,0.0,0.0,,,0.0,,0.0
2016-12-02,33,1180721.0,0,0,0.0,0.0021,0.0021,0.0021,,,94004.0,,94004.0
2016-12-05,33,1181752.0,0,0,0.0,0.00052,0.00052,0.00052,,,59575.0,,59575.0
2016-12-06,33,1181533.0,0,0,0.0,0.0,0.0,0.0,,,0.0,,0.0
2016-12-07,33,1181533.0,0,0,0.0,0.0,0.0,0.0,,,0.0,,0.0
2016-12-08,33,1181533.0,0,0,0.0,0.00206,0.00206,0.00206,,,101511.0,,101511.0
2016-12-09,33,1182520.0,0,0,0.0,0.0,0.0,0.0,,,0.0,,0.0
2016-12-12,33,1182520.0,0,0,0.0,0.0,0.0,0.0,,,0.0,,0.0
2016-12-13,33,1182520.0,0,0,0.0,0.00197,0.00197,0.00197,,,66874.0,,66874.0
2016-12-14,33,1182263.0,0,0,0.0,0.0,0.0,0.0,,,0.0,,0.0
2016-12-15,33,1182263.0,0,0,0.0,0.0,0.0,0.0,,,0.0,,0.0
2016-12-16,33,1182263.0,0,0,0.0,0.0,0.0,0.0,,,0.0,,0.0
2016-12-19,33,1182263.0,0,0,0.0,0.0,0.0,0.0,,,0.0,,0.0
2016-12-20,33,1182263.0,0,0,0.0,0.0,0.0,0.0,,,0.0,,0.0
2016-12-21,33,1182263.0,0,0,0.0,0.0,0.0,0.0,,,0.0,,0.0
2016-12-22,33,1182263.0,0,0,0.0,0.0,0.0,0.0,,,0.0,,0.0
2016-12-23,33,1182263.0,0,0,0.0,0.0,0.0,0.0,,,0.0,,0.0
2016-12-27,33,1182263.0,0,0,0.0,0.0,0.0,0.0,,,0.0,,0.0
2016-12-28,33,1182263.0,0,0,0.0,0.08279,0.08279,0.08279,,,1402681.0,,1402681.0
2016-12-29,33,1180626.0,0,0,0.0,0.0,0.0,0.0,,,0.0,,0.0
2016-12-30,33,1180626.0,0,0,0.0,0.00151,0.00151,0.00151,,,53063.0,,53063.0
2017-01-03,33,1182009.0,0,0,0.0,0.0,0.0,0.0,,,0.0,,0.0
2017-01-04,33,1182009.0,0,0,0.0,0.01431,0.01431,0.01431,,,81726.0,,81726.0
2017-01-05,33,1192929.0,0,0,0.0,0.0,0.0,0.0,,,0.0,,0.0
2017-01-06,33,1192929.0,0,0,0.0,0.0,0.0,0.0,,,0.0,,0.0
2017-01-09,33,1192929.0,0,0,0.0,0.0,0.0,0.0,,,0.0,,0.0
2017-01-10,33,1192929.0,0,0,0.0,0.00511,0.00511,0.00511,,,314643.0,,314643.0
2017-01-11,33,1199023.0,0,0,0.0,0.0,0.0,0.0,,,0.0,,0.0
2017-01-12,33,1199023.0,0,0,0.0,0.0,0.0,0.0,,,0.0,,0.0
2017-01-13,33,1199023.0,0,0,0.0,0.0,0.0,0.0,,,0.0,,0.0
2017-01-17,33,1199023.0,0,0,0.0,0.00018,0.00018,0.00018,,,5505.0,,5505.0
2017-01-18,33,1198806.0,0,0,0.0,0.00059,0.00059,0.00059,,,110365.0,,110365.0
2017-01-19,33,1198723.0,0,0,0.0,0.0,0.0,0.0,,,0.0,,0.0
2017-01-20,33,1198723.0,0,0,0.0,0.0,0.0,0.0,,,0.0,,0.0
2017-01-23,33,1198723.0,0,0,0.0,0.0,0.0,0.0,,,0.0,,0.0
2017-01-24,33,1198723.0,0,0,0.0,0.0,0.0,0.0,,,0.0,,0.0
2017-01-25,33,1198723.0,0,0,0.0,0.0,0.0,0.0,,,0.0,,0.0
2017-01-26,33,1198723.0,0,0,0.0,0.00609,0.00609,0.00609,,,184955.0,,184955.0
2017-01-27,33,1194768.0,0,0,0.0,0.06224,0.06224,0.06224,,,1176283.0,,1176283.0
2017-01-30,33,1269126.0,0,0,0.0,0.0,0.0,0.0,,,0.0,,0.0
2017-01-31,33,1269126.0,0,0,0.0,0.0,0.0,0.0,,,0.0,,0.0
2017-02-01,33,1269126.0,0,0,0.0,0.0,0.0,0.0,,,0.0,,0.0
2017-02-02,33,1269126.0,0,0,0.0,0.0,0.0,0.0,,,0.0,,0.0
2017-02-03,33,1269126.0,0,0,0.0,0.0,0.0,0.0,,,0.0,,0.0
2017-02-06,33,1269126.0,0,0,0.0,0.0,0.0,0.0,,,0.0,,0.0
2017-02-07,33,1269126.0,0,0,0.0,0.00839,0.00839,0.00839,,,504966.0,,504966.0
2017-02-08,33,1263971.0,0,0,0.0,0.0,0.0,0.0,,,0.0,,0.0
2017-02-09,33,1263971.0,0,0,0.0,0.0004,0.0004,0.0004,,,8575.0,,8575.0
2017-02-10,33,1263471.0,0,0,0.0,0.03031,0.03031,0.03031,,,332865.0,,332865.0
2017-02-13,33,1225176.0,0,0,0.0,0.03788,0.03788,0.03788,,,1336899.0,,1336899.0
2017-02-14,33,1262961.0,0,0,0.0,0.00741,0.00741,0.00741,,,48326.0,,48326.0
2017-02-15,33,1254403.0,0,0,0.0,0.0,0.0,0.0,,,0.0,,0.0
2017-02-16,33,1254403.0,1,0,0.0303,0.00246,0.00239,0.00246,,,112885.0,,112885.0
2017-02-17,34,1251484.0,0,0,0.0,0.0,0.0,0.0,,,0.0,,0.0
2017-02-21,34,1251484.0,0,0,0.0,0.0,0.0,0.0,,,0.0,,0.0
2017-02-22,34,1251484.0,1,0,0.02941,0.00311,0.00078,0.00311,,,221765.0,,221765.0
2017-02-23,35,1253434.0,0,0,0.0,0.0,0.0,0.0,,,0.0,,0.0
2017-02-24,35,1253434.0,0,0,0.0,0.05661,0.05661,0.05661,,,1249681.0,,1249681.0
2017-02-27,35,1323552.0,0,0,0.0,0.00449,0.00449,0.00449,,,156541.0,,156541.0
2017-02-28,35,1320055.0,0,0,0.0,0.01326,0.01326,0.01326,,,433428.0,,433428.0
2017-03-02,35,1316712.0,0,0,0.0,0.0,0.0,0.0,,,0.0,,0.0
2017-03-03,35,1316712.0,0,0,0.0,0.0,0.0,0.0,,,0.0,,0.0
2017-03-06,35,1316712.0,0,0,0.0,0.0,0.0,0.0,,,0.0,,0.0
2017-03-07,35,1316712.0,0,0,0.0,0.0,0.0,0.0,,,0.0,,0.0
2017-03-08,35,1316712.0,0,0,0.0,0.0,0.0,0.0,,,0.0,,0.0
2017-03-09,35,1316712.0,0,0,0.0,0.0,0.0,0.0,,,0.0,,0.0
2017-03-10,35,1316712.0,0,0,0.0,0.00799,0.00799,0.00799,,,238170.0,,238170.0
2017-03-13,35,1318606.0,0,0,0.0,0.0,0.0,0.0,,,0.0,,0.0
2017-03-14,35,1318606.0,0,0,0.0,0.0,0.0,0.0,,,0.0,,0.0
2017-03-15,35,1318606.0,0,0,0.0,0.0,0.0,0.0,,,0.0,,0.0
2017-03-16,35,1318606.0,0,0,0.0,0.00587,0.00587,0.00587,,,149451.0,,149451.0
2017-03-17,35,1321833.0,0,0,0.0,0.0,0.0,0.0,,,0.0,,0.0
2017-03-20,35,1321833.0,0,0,0.0,0.00268,0.00268,0.00268,,,50036.0,,50036.0
2017-03-21,35,1324051.0,0,0,0.0,0.0,0.0,0.0,,,0.0,,0.0
2017-03-22,35,1324051.0,0,0,0.0,0.0,0.0,0.0,,,0.0,,0.0
2017-03-23,35,1324051.0,0,0,0.0,0.0,0.0,0.0,,,0.0,,0.0
2017-03-24,35,1324051.0,0,0,0.0,0.0,0.0,0.0,,,0.0,,0.0
2017-03-27,35,1324051.0,0,0,0.0,0.0526,0.0526,0.0526,,,1203759.0,,1203759.0
2017-03-28,35,1393697.0,0,0,0.0,0.0,0.0,0.0,,,0.0,,0.0
2017-03-29,35,1393697.0,0,0,0.0,0.0,0.0,0.0,,,0.0,,0.0
2017-03-30,35,1393697.0,0,0,0.0,0.00411,0.00411,0.00411,,,243078.0,,243078.0
2017-03-31,35,1392144.0,0,0,0.0,0.0,0.0,0.0,,,0.0,,0.0
2017-04-03,35,1392144.0,0,0,0.0,0.0,0.0,0.0,,,0.0,,0.0
2017-04-04,35,1392144.0,1,0,0.02857,0.03568,0.01217,0.03568,,,624414.0,,624414.0
2017-04-05,36,1414931.0,0,0,0.0,0.02696,0.02696,0.02696,,,170900.0,,170900.0
2017-04-06,36,1444466.0,0,0,0.0,0.0,0.0,0.0,,,0.0,,0.0
2017-04-07,36,1444466.0,0,0,0.0,0.0,0.0,0.0,,,0.0,,0.0
2017-04-10,36,1444466.0,0,0,0.0,0.00014,0.00014,0.00014,,,6352.0,,6352.0
2017-04-11,36,1444266.0,2,0,0.05556,0.05766,0.00919,0.05766,,,786738.0,,786738.0
2017-04-12,38,1501000.0,0,0,0.0,0.04992,0.04992,0.04992,,,1221023.0,,1221023.0
2017-04-13,38,1575935.0,0,0,0.0,0.0,0.0,0.0,,,0.0,,0.0
2017-04-17,38,1575935.0,0,1,0.02632,0.03378,0.02379,0.03378,,,528473.0,,528473.0
2017-04-18,37,1531470.0,0,0,0.0,0.0,0.0,0.0,,,0.0,,0.0
2017-04-19,37,1531470.0,0,0,0.0,0.0,0.0,0.0,,,0.0,,0.0
2017-04-20,37,1531470.0,0,0,0.0,0.0,0.0,0.0,,,0.0,,0.0
2017-04-21,37,1531470.0,0,1,0.02703,0.00107,0.0,0.00107,,,3226.0,,3226.0
2017-04-24,36,1529835.0,0,0,0.0,0.0,0.0,0.0,,,0.0,,0.0
2017-04-25,36,1529835.0,0,0,0.0,0.0,0.0,0.0,,,0.0,,0.0
2017-04-26,36,1529835.0,0,0,0.0,0.0,0.0,0.0,,,0.0,,0.0
2017-04-27,36,1529835.0,0,0,0.0,0.0,0.0,0.0,,,0.0,,0.0
2017-04-28,36,1529835.0,0,0,0.0,0.19026,0.19026,0.19026,,,5277107.0,,5277107.0
2017-05-01,36,1820901.0,0,0,0.0,0.00425,0.00425,0.00425,,,149191.0,,149191.0
2017-05-02,36,1822773.0,0,0,0.0,0.11988,0.11988,0.11988,,,3986690.0,,3986690.0
2017-05-03,36,2041290.0,0,0,0.0,0.0,0.0,0.0,,,0.0,,0.0
2017-05-04,36,2041290.0,0,0,0.0,0.0,0.0,0.0,,,0.0,,0.0
2017-05-05,36,2041290.0,0,0,0.0,0.0,0.0,0.0,,,0.0,,0.0
2017-05-08,36,2041290.0,1,0,0.02778,0.02471,0.00014,0.02471,,,105385.0,,105385.0
2017-05-09,37,2091162.0,0,0,0.0,0.00881,0.00881,0.00881,,,773335.0,,773335.0
2017-05-10,37,2081353.0,0,0,0.0,0.02315,0.02315,0.02315,,,196841.0,,196841.0
2017-05-11,37,2126416.0,0,0,0.0,0.10704,0.10704,0.10704,,,4236286.0,,4236286.0
2017-05-12,37,2354026.0,0,0,0.0,0.0,0.0,0.0,,,0.0,,0.0
2017-05-15,37,2354026.0,0,0,0.0,0.0,0.0,0.0,,,0.0,,0.0
2017-05-16,37,2354026.0,0,0,0.0,0.03223,0.03223,0.03223,,,1432034.0,,1432034.0
2017-05-17,37,2429900.0,0,0,0.0,0.0,0.0,0.0,,,0.0,,0.0
2017-05-18,37,2429900.0,0,0,0.0,0.0,0.0,0.0,,,0.0,,0.0
2017-05-19,37,2429900.0,0,0,0.0,0.0,0.0,0.0,,,0.0,,0.0
2017-05-22,37,2429900.0,0,0,0.0,0.0,0.0,0.0,,,0.0,,0.0
2017-05-23,37,2429900.0,0,0,0.0,0.13462,0.13462,0.13462,,,8497932.0,,8497932.0
2017-05-24,37,2757005.0,0,0,0.0,0.03383,0.03383,0.03383,,,273869.0,,273869.0
2017-05-25,37,2807015.0,0,0,0.0,0.0,0.0,0.0,,,0.0,,0.0
2017-05-26,37,2807015.0,0,0,0.0,0.0,0.0,0.0,,,0.0,,0.0
2017-05-30,37,2807015.0,0,0,0.0,0.00298,0.00298,0.00298,,,270679.0,,270679.0
2017-05-31,37,2802947.0,0,0,0.0,0.0,0.0,0.0,,,0.0,,0.0
2017-06-01,37,2802947.0,0,0,0.0,0.0,0.0,0.0,,,0.0,,0.0
2017-06-02,37,2802947.0,0,0,0.0,0.0,0.0,0.0,,,0.0,,0.0
2017-06-05,37,2802947.0,0,0,0.0,0.0,0.0,0.0,,,0.0,,0.0
2017-06-06,37,2802947.0,0,0,0.0,0.0,0.0,0.0,,,0.0,,0.0
2017-06-07,37,2802947.0,0,0,0.0,0.0,0.0,0.0,,,0.0,,0.0
2017-06-08,37,2802947.0,0,0,0.0,0.0,0.0,0.0,,,0.0,,0.0
2017-06-09,37,2802947.0,0,0,0.0,0.0,0.0,0.0,,,0.0,,0.0
2017-06-12,37,2802947.0,0,0,0.0,0.07886,0.07886,0.07886,,,4265112.0,,4265112.0
2017-06-13,37,3023990.0,1,0,0.02703,0.0628,0.05592,0.0628,,,2257885.0,,2257885.0
2017-06-14,38,2903711.0,0,0,0.0,0.0,0.0,0.0,,,0.0,,0.0
2017-06-15,38,2903711.0,0,0,0.0,0.0,0.0,0.0,,,0.0,,0.0
2017-06-16,38,2903711.0,0,0,0.0,0.0,0.0,0.0,,,0.0,,0.0
2017-06-19,38,2903711.0,0,0,0.0,0.00626,0.00626,0.00626,,,601216.0,,601216.0
2017-06-20,38,2897736.0,0,0,0.0,0.0,0.0,0.0,,,0.0,,0.0
2017-06-21,38,2897736.0,0,0,0.0,0.0236,0.0236,0.0236,,,2361097.0,,2361097.0
2017-06-22,38,2907363.0,0,0,0.0,0.0,0.0,0.0,,,0.0,,0.0
2017-06-23,38,2907363.0,0,0,0.0,0.0,0.0,0.0,,,0.0,,0.0
2017-06-26,38,2907363.0,0,0,0.0,0.0,0.0,0.0,,,0.0,,0.0
2017-06-27,38,2907363.0,0,0,0.0,0.0,0.0,0.0,,,0.0,,0.0
2017-06-28,38,2907363.0,0,0,0.0,0.0,0.0,0.0,,,0.0,,0.0
2017-06-29,38,2907363.0,0,0,0.0,0.0,0.0,0.0,,,0.0,,0.0
2017-06-30,38,2907363.0,0,0,0.0,0.0,0.0,0.0,,,0.0,,0.0
2017-07-03,38,2907363.0,0,0,0.0,0.0,0.0,0.0,,,0.0,,0.0
2017-07-05,38,2907363.0,0,0,0.0,0.0,0.0,0.0,,,0.0,,0.0
2017-07-06,38,2907363.0,2,0,0.05263,0.03352,0.00565,0.03352,,,1698056.0,,1698056.0
2017-07-07,40,2971955.0,0,1,0.025,0.0101,0.00915,0.0101,,,1166531.0,,1166531.0
2017-07-10,39,2996273.0,0,0,0.0,0.0,0.0,0.0,,,0.0,,0.0
2017-07-11,39,2996273.0,0,0,0.0,0.0,0.0,0.0,,,0.0,,0.0
2017-07-12,39,2996273.0,0,0,0.0,0.01725,0.01725,0.01725,,,410855.0,,410855.0
2017-07-13,39,3039957.0,0,0,0.0,0.0,0.0,0.0,,,0.0,,0.0
2017-07-14,39,3039957.0,0,0,0.0,0.0,0.0,0.0,,,0.0,,0.0
2017-07-17,39,3039957.0,0,0,0.0,0.0,0.0,0.0,,,0.0,,0.0
2017-07-18,39,3039957.0,0,0,0.0,0.03677,0.03677,0.03677,,,1578852.0,,1578852.0
2017-07-19,39,3150157.0,0,0,0.0,0.02379,0.02379,0.02379,,,1463615.0,,1463615.0
2017-07-20,39,3225092.0,0,0,0.0,0.0,0.0,0.0,,,0.0,,0.0
2017-07-21,39,3225092.0,0,0,0.0,0.0,0.0,0.0,,,0.0,,0.0
2017-07-24,39,3225092.0,0,0,0.0,0.0,0.0,0.0,,,0.0,,0.0
2017-07-25,39,3225092.0,0,0,0.0,0.0,0.0,0.0,,,0.0,,0.0
2017-07-26,39,3225092.0,0,0,0.0,0.04647,0.04647,0.04647,,,2990207.0,,2990207.0
2017-07-27,39,3374959.0,0,0,0.0,0.06539,0.06539,0.06539,,,1243218.0,,1243218.0
2017-07-28,39,3471801.0,0,0,0.0,0.00272,0.00272,0.00272,,,421581.0,,421581.0
2017-07-31,39,3474542.0,0,0,0.0,0.00563,0.00563,0.00563,,,201685.0,,201685.0
2017-08-01,39,3467477.0,0,0,0.0,0.0,0.0,0.0,,,0.0,,0.0
2017-08-02,39,3467477.0,0,0,0.0,0.0,0.0,0.0,,,0.0,,0.0
2017-08-03,39,3467477.0,0,0,0.0,0.0015,0.0015,0.0015,,,338463.0,,338463.0
2017-08-04,39,3468109.0,0,0,0.0,0.00119,0.00119,0.00119,,,146588.0,,146588.0
2017-08-07,39,3470285.0,0,0,0.0,0.0,0.0,0.0,,,0.0,,0.0
2017-08-08,39,3470285.0,0,0,0.0,0.0,0.0,0.0,,,0.0,,0.0
2017-08-09,39,3470285.0,0,0,0.0,0.02686,0.02686,0.02686,,,403994.0,,403994.0
2017-08-10,39,3557885.0,0,0,0.0,0.00244,0.00244,0.00244,,,269716.0,,269716.0
2017-08-11,39,3554978.0,0,0,0.0,0.0,0.0,0.0,,,0.0,,0.0
2017-08-14,39,3554978.0,0,0,0.0,0.03002,0.03002,0.03002,,,1193026.0,,1193026.0
2017-08-15,39,3626167.0,0,0,0.0,0.0,0.0,0.0,,,0.0,,0.0
2017-08-16,39,3626167.0,0,0,0.0,0.0,0.0,0.0,,,0.0,,0.0
2017-08-17,39,3626167.0,0,0,0.0,0.0,0.0,0.0,,,0.0,,0.0
2017-08-18,39,3626167.0,0,0,0.0,0.0,0.0,0.0,,,0.0,,0.0
2017-08-21,39,3626167.0,0,0,0.0,0.0,0.0,0.0,,,0.0,,0.0
2017-08-22,39,3626167.0,0,0,0.0,0.00686,0.00686,0.00686,,,489501.0,,489501.0
2017-08-23,39,3643703.0,0,0,0.0,0.00079,0.00079,0.00079,,,191135.0,,191135.0
2017-08-24,39,3645699.0,0,0,0.0,0.0,0.0,0.0,,,0.0,,0.0
2017-08-25,39,3645699.0,0,0,0.0,0.0,0.0,0.0,,,0.0,,0.0
2017-08-28,39,3645699.0,0,0,0.0,0.0,0.0,0.0,,,0.0,,0.0
2017-08-29,39,3645699.0,0,0,0.0,0.0,0.0,0.0,,,0.0,,0.0
2017-08-30,39,3645699.0,0,0,0.0,0.0,0.0,0.0,,,0.0,,0.0
2017-08-31,39,3645699.0,0,0,0.0,0.0,0.0,0.0,,,0.0,,0.0
2017-09-01,39,3645699.0,0,0,0.0,0.0,0.0,0.0,,,0.0,,0.0
2017-09-05,39,3645699.0,0,0,0.0,0.0424,0.0424,0.0424,,,2930044.0,,2930044.0
2017-09-06,39,3800288.0,0,0,0.0,0.00631,0.00631,0.00631,,,527494.0,,527494.0
2017-09-07,39,3812945.0,0,0,0.0,0.00231,0.00231,0.00231,,,446451.0,,446451.0
2017-09-08,39,3812756.0,1,0,0.02564,0.00471,0.00311,0.00471,,,1421081.0,,1421081.0
2017-09-11,40,3806986.0,0,0,0.0,0.0,0.0,0.0,,,0.0,,0.0
2017-09-12,40,3806986.0,0,0,0.0,0.0,0.0,0.0,,,0.0,,0.0
2017-09-13,40,3806986.0,0,0,0.0,0.0,0.0,0.0,,,0.0,,0.0
2017-09-14,40,3806986.0,0,0,0.0,0.0,0.0,0.0,,,0.0,,0.0
2017-09-15,40,3806986.0,0,0,0.0,0.0,0.0,0.0,,,0.0,,0.0
2017-09-18,40,3806986.0,0,0,0.0,0.0,0.0,0.0,,,0.0,,0.0
2017-09-19,40,3806986.0,2,0,0.05,0.04451,0.0425,0.04451,,,4854023.0,,4854023.0
2017-09-20,42,3961924.0,0,1,0.02381,0.00371,0.00363,0.00371,,,382072.0,,382072.0
2017-09-21,41,3975973.0,0,0,0.0,0.01446,0.01446,0.01446,,,1643707.0,,1643707.0
2017-09-22,41,4029829.0,1,0,0.02439,0.01586,0.0057,0.01586,,,771283.0,,771283.0
2017-09-25,42,4047855.0,0,0,0.0,0.00236,0.00236,0.00236,,,477376.0,,477376.0
2017-09-26,42,4050964.0,0,0,0.0,0.00205,0.00205,0.00205,,,458119.0,,458119.0
2017-09-27,42,4050680.0,0,0,0.0,0.0,0.0,0.0,,,0.0,,0.0
2017-09-28,42,4050680.0,0,0,0.0,0.0,0.0,0.0,,,0.0,,0.0
2017-09-29,42,4050680.0,0,0,0.0,0.02871,0.02871,0.02871,,,748935.0,,748935.0
2017-10-02,42,4002665.0,0,0,0.0,0.0,0.0,0.0,,,0.0,,0.0
2017-10-03,42,4002665.0,1,0,0.02381,0.0069,0.00315,0.0069,,,1192339.0,,1192339.0
2017-10-04,43,4005096.0,0,0,0.0,0.03832,0.03832,0.03832,,,3170076.0,,3170076.0
2017-10-05,43,4158584.0,0,0,0.0,0.00355,0.00355,0.00355,,,512494.0,,512494.0
2017-10-06,43,4165434.0,0,0,0.0,0.0,0.0,0.0,,,0.0,,0.0
2017-10-09,43,4165434.0,0,0,0.0,0.0,0.0,0.0,,,0.0,,0.0
2017-10-10,43,4165434.0,0,0,0.0,0.0,0.0,0.0,,,0.0,,0.0
2017-10-11,43,4165434.0,0,0,0.0,0.01712,0.01712,0.01712,,,938726.0,,938726.0
2017-10-12,43,4138466.0,0,0,0.0,0.05535,0.05535,0.05535,,,4801105.0,,4801105.0
2017-10-13,43,4367530.0,0,0,0.0,0.00418,0.00418,0.00418,,,899022.0,,899022.0
2017-10-16,43,4372437.0,0,0,0.0,0.03421,0.03421,0.03421,,,1947347.0,,1947347.0
2017-10-17,43,4310737.0,0,0,0.0,0.0,0.0,0.0,,,0.0,,0.0
2017-10-18,43,4310737.0,0,0,0.0,0.0,0.0,0.0,,,0.0,,0.0
2017-10-19,43,4310737.0,0,0,0.0,0.03644,0.03644,0.03644,,,3164176.0,,3164176.0
2017-10-20,43,4467724.0,0,0,0.0,0.00528,0.00528,0.00528,,,549303.0,,549303.0
2017-10-23,43,4452407.0,0,0,0.0,0.0,0.0,0.0,,,0.0,,0.0
2017-10-24,43,4452407.0,0,0,0.0,0.0,0.0,0.0,,,0.0,,0.0
2017-10-25,43,4452407.0,0,0,0.0,0.03375,0.03375,0.03375,,,4178732.0,,4178732.0
2017-10-26,43,4385032.0,0,0,0.0,0.0,0.0,0.0,,,0.0,,0.0
2017-10-27,43,4385032.0,0,0,0.0,0.0,0.0,0.0,,,0.0,,0.0
2017-10-30,43,4385032.0,0,1,0.02326,0.04116,0.02846,0.04116,,,3515179.0,,3515179.0
2017-10-31,42,4295405.0,0,0,0.0,0.02935,0.02935,0.02935,,,1936536.0,,1936536.0
2017-11-01,42,4189127.0,0,0,0.0,0.00087,0.00087,0.00087,,,194594.0,,194594.0
2017-11-02,42,4192767.0,0,0,0.0,0.0,0.0,0.0,,,0.0,,0.0
2017-11-03,42,4192767.0,0,0,0.0,0.03639,0.03639,0.03639,,,3871537.0,,3871537.0
2017-11-06,42,4311071.0,0,0,0.0,0.01053,0.01053,0.01053,,,258727.0,,258727.0
2017-11-07,42,4353024.0,1,0,0.02381,0.002,0.00116,0.002,,,500598.0,,500598.0
2017-11-08,43,4351621.0,0,0,0.0,0.0,0.0,0.0,,,0.0,,0.0
2017-11-09,43,4351621.0,0,0,0.0,0.00878,0.00878,0.00878,,,606790.0,,606790.0
2017-11-10,43,4327364.0,0,0,0.0,0.0,0.0,0.0,,,0.0,,0.0
2017-11-13,43,4327364.0,0,0,0.0,0.01036,0.01036,0.01036,,,379996.0,,379996.0
2017-11-14,43,4301700.0,0,0,0.0,0.0,0.0,0.0,,,0.0,,0.0
2017-11-15,43,4301700.0,0,0,0.0,0.0,0.0,0.0,,,0.0,,0.0
2017-11-16,43,4301700.0,0,0,0.0,0.01629,0.01629,0.01629,,,1626608.0,,1626608.0
2017-11-17,43,4371763.0,0,0,0.0,0.0,0.0,0.0,,,0.0,,0.0
2017-11-20,43,4371763.0,0,0,0.0,0.0,0.0,0.0,,,0.0,,0.0
2017-11-21,43,4371763.0,0,0,0.0,0.0,0.0,0.0,,,0.0,,0.0
2017-11-22,43,4371763.0,0,0,0.0,0.08013,0.08013,0.08013,,,8376389.0,,8376389.0
2017-11-27,43,4722078.0,0,0,0.0,0.01484,0.01484,0.01484,,,1682923.0,,1682923.0
2017-11-28,43,4792143.0,0,0,0.0,0.0,0.0,0.0,,,0.0,,0.0
2017-11-29,43,4792143.0,0,0,0.0,0.0,0.0,0.0,,,0.0,,0.0
2017-11-30,43,4792143.0,0,0,0.0,0.01521,0.01521,0.01521,,,1951689.0,,1951689.0
2017-12-01,43,4865023.0,0,0,0.0,0.0,0.0,0.0,,,0.0,,0.0
2017-12-04,43,4865023.0,0,0,0.0,0.0,0.0,0.0,,,0.0,,0.0
2017-12-05,43,4865023.0,1,0,0.02326,0.01056,0.00825,0.01056,,,2880559.0,,2880559.0
2017-12-06,44,4871388.0,0,1,0.02273,0.00365,0.00133,0.00365,,,1190965.0,,1190965.0
2017-12-07,43,4866594.0,0,0,0.0,0.0,0.0,0.0,,,0.0,,0.0
2017-12-08,43,4866594.0,0,0,0.0,0.01917,0.01917,0.01917,,,2553179.0,,2553179.0
2017-12-11,43,4940877.0,0,0,0.0,1e-05,1e-05,1e-05,,,9250.0,,9250.0
2017-12-12,43,4940845.0,0,0,0.0,0.00445,0.00445,0.00445,,,1160055.0,,1160055.0
2017-12-13,43,4948822.0,0,0,0.0,0.00028,0.00028,0.00028,,,61789.0,,61789.0
2017-12-14,43,4950134.0,0,0,0.0,0.0,0.0,0.0,,,0.0,,0.0
2017-12-15,43,4950134.0,0,0,0.0,0.01421,0.01421,0.01421,,,1642765.0,,1642765.0
2017-12-18,43,5020457.0,0,0,0.0,1e-05,1e-05,1e-05,,,16833.0,,16833.0
2017-12-19,43,5020398.0,0,0,0.0,0.0,0.0,0.0,,,0.0,,0.0
2017-12-20,43,5020398.0,0,0,0.0,0.01401,0.01401,0.01401,,,1641423.0,,1641423.0
2017-12-21,43,5090720.0,0,0,0.0,0.0,0.0,0.0,,,0.0,,0.0
2017-12-22,43,5090720.0,0,0,0.0,0.0,0.0,0.0,,,0.0,,0.0
2017-12-26,43,5090720.0,0,0,0.0,0.0,0.0,0.0,,,0.0,,0.0
2017-12-27,43,5090720.0,0,0,0.0,0.0,0.0,0.0,,,0.0,,0.0
2017-12-28,43,5090720.0,0,0,0.0,0.00887,0.00887,0.00887,,,1349974.0,,1349974.0
2017-12-29,43,5045580.0,0,0,0.0,0.0,0.0,0.0,,,0.0,,0.0
2018-01-02,43,5045580.0,0,0,0.0,0.01503,0.01503,0.01503,,,1918269.0,,1918269.0
2018-01-03,43,5116453.0,0,0,0.0,0.0,0.0,0.0,,,0.0,,0.0
2018-01-04,43,5116453.0,1,1,0.04651,0.02714,0.02005,0.02714,,,3689091.0,,3689091.0
2018-01-05,43,5201975.0,0,0,0.0,0.0,0.0,0.0,,,0.0,,0.0
2018-01-08,43,5201975.0,0,0,0.0,0.01362,0.01362,0.01362,,,1693012.0,,1693012.0
2018-01-09,43,5272846.0,1,0,0.02326,0.00686,0.00149,0.00686,,,1254769.0,,1254769.0
2018-01-10,44,5293306.0,0,0,0.0,0.04033,0.04033,0.04033,,,5090017.0,,5090017.0
2018-01-11,44,5506769.0,0,0,0.0,0.02588,0.02588,0.02588,,,2674736.0,,2674736.0
2018-01-12,44,5364263.0,0,0,0.0,0.0,0.0,0.0,,,0.0,,0.0
2018-01-16,44,5364263.0,0,0,0.0,0.04089,0.04089,0.04089,,,5333414.0,,5333414.0
2018-01-17,44,5583620.0,0,0,0.0,0.02619,0.02619,0.02619,,,3583252.0,,3583252.0
2018-01-18,44,5729850.0,0,0,0.0,0.01392,0.01392,0.01392,,,842379.0,,842379.0
2018-01-19,44,5656018.0,0,0,0.0,0.00442,0.00442,0.00442,,,845651.0,,845651.0
2018-01-22,44,5667908.0,0,0,0.0,0.01897,0.01897,0.01897,,,2935833.0,,2935833.0
2018-01-23,44,5760609.0,0,0,0.0,0.0126,0.0126,0.0126,,,1820255.0,,1820255.0
2018-01-24,44,5833174.0,1,0,0.02273,0.00921,0.00513,0.00921,,,2144480.0,,2144480.0
2018-01-25,45,5833461.0,0,0,0.0,0.01244,0.01244,0.01244,,,1794619.0,,1794619.0
2018-01-26,45,5906030.0,0,0,0.0,0.0,0.0,0.0,,,0.0,,0.0
2018-01-29,45,5906030.0,0,0,0.0,0.0,0.0,0.0,,,0.0,,0.0
2018-01-30,45,5906030.0,1,0,0.02222,0.0591,0.03273,0.0591,,,5550471.0,,5550471.0
2018-01-31,46,6048069.0,0,0,0.0,0.00606,0.00606,0.00606,,,884098.0,,884098.0
2018-02-01,46,6014813.0,0,0,0.0,0.0,0.0,0.0,,,0.0,,0.0
2018-02-02,46,6014813.0,0,0,0.0,0.0,0.0,0.0,,,0.0,,0.0
2018-02-05,46,6014813.0,0,0,0.0,0.00548,0.00548,0.00548,,,1508777.0,,1508777.0
2018-02-06,46,6004752.0,0,0,0.0,0.00761,0.00761,0.00761,,,1043357.0,,1043357.0
2018-02-07,46,5979501.0,0,0,0.0,0.02654,0.02654,0.02654,,,2551134.0,,2551134.0
2018-02-08,46,6085436.0,0,0,0.0,0.0,0.0,0.0,,,0.0,,0.0
2018-02-09,46,6085436.0,0,0,0.0,0.00303,0.00303,0.00303,,,641200.0,,641200.0
2018-02-12,46,6096011.0,0,1,0.02174,0.09617,0.01606,0.09617,,,2792648.0,,2792648.0
2018-02-13,45,5610257.0,0,1,0.02222,0.04327,0.02273,0.04327,,,4268794.0,,4268794.0
2018-02-14,44,5582486.0,0,0,0.0,0.0,0.0,0.0,,,0.0,,0.0
2018-02-15,44,5582486.0,0,0,0.0,0.03316,0.03316,0.03316,,,2149203.0,,2149203.0
2018-02-16,44,5415110.0,0,0,0.0,0.0,0.0,0.0,,,0.0,,0.0
2018-02-20,44,5415110.0,0,0,0.0,0.01344,0.01344,0.01344,,,1793082.0,,1793082.0
2018-02-21,44,5404622.0,0,0,0.0,0.0,0.0,0.0,,,0.0,,0.0
2018-02-22,44,5404622.0,0,0,0.0,0.01328,0.01328,0.01328,,,1981297.0,,1981297.0
2018-02-23,44,5474330.0,0,0,0.0,0.00912,0.00912,0.00912,,,307609.0,,307609.0
2018-02-26,44,5426307.0,0,1,0.02273,0.00822,0.00387,0.00822,,,1908881.0,,1908881.0
2018-02-27,43,5381715.0,0,0,0.0,0.00631,0.00631,0.00631,,,955403.0,,955403.0
2018-02-28,43,5386611.0,0,0,0.0,0.0,0.0,0.0,,,0.0,,0.0
2018-03-01,43,5386611.0,0,0,0.0,0.01513,0.01513,0.01513,,,2036610.0,,2036610.0
2018-03-02,43,5468110.0,0,0,0.0,0.0043,0.0043,0.0043,,,765081.0,,765081.0
2018-03-05,43,5484269.0,0,0,0.0,0.01165,0.01165,0.01165,,,2056257.0,,2056257.0
2018-03-06,43,5477187.0,0,0,0.0,0.02762,0.02762,0.02762,,,4241561.0,,4241561.0
2018-03-07,43,5604784.0,0,0,0.0,0.02342,0.02342,0.02342,,,3546851.0,,3546851.0
2018-03-08,43,5736052.0,0,0,0.0,0.00235,0.00235,0.00235,,,915986.0,,915986.0
2018-03-09,43,5742974.0,0,0,0.0,0.0,0.0,0.0,,,0.0,,0.0
2018-03-12,43,5742974.0,0,0,0.0,0.0,0.0,0.0,,,0.0,,0.0
2018-03-13,43,5742974.0,0,0,0.0,0.04415,0.04415,0.04415,,,7791640.0,,7791640.0
2018-03-14,43,5869779.0,0,0,0.0,0.0,0.0,0.0,,,0.0,,0.0
2018-03-15,43,5869779.0,0,0,0.0,0.0,0.0,0.0,,,0.0,,0.0
2018-03-16,43,5869779.0,0,0,0.0,0.0,0.0,0.0,,,0.0,,0.0
2018-03-19,43,5869779.0,0,0,0.0,0.0,0.0,0.0,,,0.0,,0.0
2018-03-20,43,5869779.0,0,0,0.0,0.01106,0.01106,0.01106,,,1760266.0,,1760266.0
2018-03-21,43,5934709.0,0,0,0.0,0.0,0.0,0.0,,,0.0,,0.0
2018-03-22,43,5934709.0,0,0,0.0,0.0,0.0,0.0,,,0.0,,0.0
2018-03-23,43,5934709.0,0,2,0.04651,0.00095,0.00078,0.00095,,,269490.0,,269490.0
2018-03-26,41,5938362.0,0,0,0.0,0.01798,0.01798,0.01798,,,1576100.0,,1576100.0
2018-03-27,41,5907651.0,0,0,0.0,0.00735,0.00735,0.00735,,,2567843.0,,2567843.0
2018-03-28,41,5930348.0,0,0,0.0,0.04283,0.04283,0.04283,,,1158872.0,,1158872.0
2018-03-29,41,5742986.0,0,1,0.02439,0.06833,0.01714,0.06833,,,1688358.0,,1688358.0
2018-04-02,40,5537170.0,0,1,0.025,0.02738,0.01163,0.02738,,,3217078.0,,3217078.0
2018-04-03,39,5512359.0,0,0,0.0,0.00281,0.00281,0.00281,,,435064.0,,435064.0
2018-04-04,39,5521734.0,0,0,0.0,0.0,0.0,0.0,,,0.0,,0.0
2018-04-05,39,5521734.0,0,0,0.0,0.01434,0.01434,0.01434,,,2016220.0,,2016220.0
2018-04-06,39,5600897.0,0,0,0.0,0.0,0.0,0.0,,,0.0,,0.0
2018-04-09,39,5600897.0,0,0,0.0,0.0,0.0,0.0,,,0.0,,0.0
2018-04-10,39,5600897.0,0,0,0.0,0.0,0.0,0.0,,,0.0,,0.0
2018-04-11,39,5600897.0,0,0,0.0,0.01174,0.01174,0.01174,,,1561753.0,,1561753.0
2018-04-12,39,5648560.0,0,0,0.0,0.0,0.0,0.0,,,0.0,,0.0
2018-04-13,39,5648560.0,0,0,0.0,0.0,0.0,0.0,,,0.0,,0.0
2018-04-17,39,5648560.0,0,1,0.02564,0.00311,0.00309,0.00311,,,1294743.0,,1294743.0
2018-04-18,38,5652570.0,0,0,0.0,0.0,0.0,0.0,,,0.0,,0.0
2018-04-19,38,5652570.0,1,0,0.02632,0.01826,0.01764,0.01826,,,4110791.0,,4110791.0
2018-04-20,39,5578286.0,0,0,0.0,0.00308,0.00308,0.00308,,,922003.0,,922003.0
2018-04-23,39,5583166.0,0,0,0.0,0.0066,0.0066,0.0066,,,1773718.0,,1773718.0
2018-04-24,39,5591817.0,0,0,0.0,0.0,0.0,0.0,,,0.0,,0.0
2018-04-25,39,5591817.0,0,0,0.0,0.00755,0.00755,0.00755,,,735964.0,,735964.0
2018-04-26,39,5561262.0,0,0,0.0,0.00722,0.00722,0.00722,,,2005724.0,,2005724.0
2018-04-27,39,5576072.0,0,0,0.0,0.01357,0.01357,0.01357,,,1859631.0,,1859631.0
2018-04-30,39,5564722.0,0,0,0.0,0.00526,0.00526,0.00526,,,754009.0,,754009.0
2018-05-01,39,5558229.0,0,0,0.0,0.0,0.0,0.0,,,0.0,,0.0
2018-05-02,39,5558229.0,0,0,0.0,0.0,0.0,0.0,,,0.0,,0.0
2018-05-03,39,5558229.0,0,0,0.0,0.01,0.01,0.01,,,1843977.0,,1843977.0
2018-05-04,39,5593162.0,0,0,0.0,0.03613,0.03613,0.03613,,,4935808.0,,4935808.0
2018-05-07,39,5391083.0,0,0,0.0,0.0,0.0,0.0,,,0.0,,0.0
2018-05-08,39,5391083.0,0,0,0.0,0.0,0.0,0.0,,,0.0,,0.0
2018-05-09,39,5391083.0,0,0,0.0,0.00416,0.00416,0.00416,,,1232039.0,,1232039.0
2018-05-10,39,5403264.0,0,0,0.0,0.01355,0.01355,0.01355,,,789825.0,,789825.0
2018-05-11,39,5352567.0,0,0,0.0,0.0,0.0,0.0,,,0.0,,0.0
2018-05-14,39,5352567.0,0,0,0.0,0.0,0.0,0.0,,,0.0,,0.0
2018-05-15,39,5352567.0,0,0,0.0,0.0,0.0,0.0,,,0.0,,0.0
2018-05-16,39,5352567.0,0,0,0.0,0.0,0.0,0.0,,,0.0,,0.0
2018-05-17,39,5352567.0,0,0,0.0,0.0,0.0,0.0,,,0.0,,0.0
2018-05-18,39,5352567.0,0,0,0.0,0.0,0.0,0.0,,,0.0,,0.0
2018-05-21,39,5352567.0,0,0,0.0,0.00617,0.00617,0.00617,,,1191384.0,,1191384.0
2018-05-23,39,5324304.0,0,1,0.02564,0.00947,0.00623,0.00947,,,3611838.0,,3611838.0
2018-05-24,38,5339938.0,0,0,0.0,0.0,0.0,0.0,,,0.0,,0.0
2018-05-25,38,5339938.0,0,0,0.0,0.01122,0.01122,0.01122,,,1694291.0,,1694291.0
2018-05-29,38,5279998.0,0,0,0.0,0.00491,0.00491,0.00491,,,712670.0,,712670.0
2018-05-30,38,5292172.0,0,0,0.0,0.0,0.0,0.0,,,0.0,,0.0
2018-05-31,38,5292172.0,0,0,0.0,0.03406,0.03406,0.03406,,,5075523.0,,5075523.0
2018-06-01,38,5111937.0,0,0,0.0,0.0,0.0,0.0,,,0.0,,0.0
2018-06-04,38,5111937.0,0,0,0.0,0.00139,0.00139,0.00139,,,357750.0,,357750.0
2018-06-05,38,5116074.0,0,0,0.0,0.0062,0.0062,0.0062,,,1125764.0,,1125764.0
2018-06-06,38,5114058.0,0,0,0.0,0.0,0.0,0.0,,,0.0,,0.0
2018-06-07,38,5114058.0,0,0,0.0,0.0,0.0,0.0,,,0.0,,0.0
2018-06-08,38,5114058.0,0,0,0.0,0.0,0.0,0.0,,,0.0,,0.0
2018-06-11,38,5114058.0,0,0,0.0,0.0,0.0,0.0,,,0.0,,0.0
2018-06-12,38,5114058.0,0,0,0.0,0.0,0.0,0.0,,,0.0,,0.0
2018-06-13,38,5114058.0,0,0,0.0,0.0,0.0,0.0,,,0.0,,0.0
2018-06-14,38,5114058.0,0,0,0.0,0.0,0.0,0.0,,,0.0,,0.0
2018-06-15,38,5114058.0,0,0,0.0,0.0,0.0,0.0,,,0.0,,0.0
2018-06-18,38,5114058.0,0,0,0.0,0.0,0.0,0.0,,,0.0,,0.0
2018-06-19,38,5114058.0,0,0,0.0,0.0,0.0,0.0,,,0.0,,0.0
2018-06-20,38,5114058.0,0,0,0.0,0.0,0.0,0.0,,,0.0,,0.0
2018-06-21,38,5114058.0,0,0,0.0,0.0,0.0,0.0,,,0.0,,0.0
2018-06-22,38,5114058.0,0,0,0.0,0.0,0.0,0.0,,,0.0,,0.0
2018-06-25,38,5114058.0,0,0,0.0,0.0,0.0,0.0,,,0.0,,0.0
2018-06-26,38,5114058.0,0,0,0.0,0.0,0.0,0.0,,,0.0,,0.0
2018-06-27,38,5114058.0,0,0,0.0,0.0,0.0,0.0,,,0.0,,0.0
2018-06-28,38,5114058.0,0,0,0.0,0.00626,0.00626,0.00626,,,1167483.0,,1167483.0
2018-06-29,38,5096072.0,0,0,0.0,0.00728,0.00728,0.00728,,,1202531.0,,1202531.0
2018-07-02,38,5072010.0,0,0,0.0,0.01175,0.01175,0.01175,,,1729500.0,,1729500.0
2018-07-03,38,5012393.0,1,1,0.05263,0.02682,0.01153,0.02682,,,4384259.0,,4384259.0
2018-07-05,38,5025755.0,0,0,0.0,0.0,0.0,0.0,,,0.0,,0.0
2018-07-06,38,5025755.0,0,0,0.0,0.0,0.0,0.0,,,0.0,,0.0
2018-07-09,38,5025755.0,0,0,0.0,0.0,0.0,0.0,,,0.0,,0.0
2018-07-10,38,5025755.0,0,0,0.0,0.0,0.0,0.0,,,0.0,,0.0
2018-07-11,38,5025755.0,0,0,0.0,0.0,0.0,0.0,,,0.0,,0.0
2018-07-12,38,5025755.0,0,0,0.0,0.0,0.0,0.0,,,0.0,,0.0
2018-07-13,38,5025755.0,0,0,0.0,0.0,0.0,0.0,,,0.0,,0.0
2018-07-16,38,5025755.0,0,0,0.0,0.0,0.0,0.0,,,0.0,,0.0
2018-07-17,38,5025755.0,0,0,0.0,0.00115,0.00115,0.00115,,,762572.0,,762572.0
2018-07-18,38,5024446.0,0,0,0.0,0.0,0.0,0.0,,,0.0,,0.0
2018-07-19,38,5024446.0,0,0,0.0,0.0,0.0,0.0,,,0.0,,0.0
2018-07-20,38,5024446.0,0,0,0.0,0.0,0.0,0.0,,,0.0,,0.0
2018-07-23,38,5024446.0,0,0,0.0,0.00369,0.00369,0.00369,,,1213668.0,,1213668.0
2018-07-24,38,5029356.0,0,0,0.0,0.02193,0.02193,0.02193,,,3380821.0,,3380821.0
2018-07-25,38,5139666.0,0,0,0.0,0.01228,0.01228,0.01228,,,1743187.0,,1743187.0
2018-07-26,38,5182084.0,1,0,0.02632,0.02563,0.02232,0.02563,,,4897750.0,,4897750.0
2018-07-27,39,5198205.0,0,0,0.0,0.00268,0.00268,0.00268,,,1530422.0,,1530422.0
2018-07-30,39,5200659.0,0,0,0.0,0.0,0.0,0.0,,,0.0,,0.0
2018-07-31,39,5200659.0,0,0,0.0,0.02469,0.02469,0.02469,,,3708583.0,,3708583.0
2018-08-01,39,5328255.0,0,0,0.0,0.0,0.0,0.0,,,0.0,,0.0
2018-08-02,39,5328255.0,0,0,0.0,0.00332,0.00332,0.00332,,,2130705.0,,2130705.0
2018-08-03,39,5319622.0,0,0,0.0,0.00559,0.00559,0.00559,,,947523.0,,947523.0
2018-08-06,39,5307058.0,0,0,0.0,0.02076,0.02076,0.02076,,,3616222.0,,3616222.0
2018-08-07,39,5338203.0,1,0,0.02564,0.03405,0.02178,0.03405,,,4339425.0,,4339425.0
2018-08-08,40,5453786.0,0,0,0.0,0.00171,0.00171,0.00171,,,824254.0,,824254.0
2018-08-09,40,5448094.0,0,0,0.0,0.04375,0.04375,0.04375,,,7262095.0,,7262095.0
2018-08-10,40,5686467.0,0,0,0.0,0.00583,0.00583,0.00583,,,1048739.0,,1048739.0
2018-08-13,40,5674970.0,0,0,0.0,0.00797,0.00797,0.00797,,,573539.0,,573539.0
2018-08-14,40,5715969.0,0,0,0.0,0.02671,0.02671,0.02671,,,2983049.0,,2983049.0
2018-08-15,40,5684085.0,0,0,0.0,0.00897,0.00897,0.00897,,,2850375.0,,2850375.0
2018-08-16,40,5683704.0,0,0,0.0,0.00853,0.00853,0.00853,,,1425499.0,,1425499.0
2018-08-17,40,5673259.0,0,0,0.0,0.02033,0.02033,0.02033,,,3354379.0,,3354379.0
2018-08-20,40,5720265.0,0,0,0.0,0.02362,0.02362,0.02362,,,1613174.0,,1613174.0
2018-08-21,40,5843543.0,0,0,0.0,0.00644,0.00644,0.00644,,,1629162.0,,1629162.0
2018-08-22,40,5871177.0,0,0,0.0,0.0,0.0,0.0,,,0.0,,0.0
2018-08-23,40,5871177.0,0,0,0.0,0.0,0.0,0.0,,,0.0,,0.0
2018-08-24,40,5871177.0,0,0,0.0,0.0,0.0,0.0,,,0.0,,0.0
2018-08-27,40,5871177.0,0,0,0.0,0.0,0.0,0.0,,,0.0,,0.0
2018-08-28,40,5871177.0,0,0,0.0,0.0,0.0,0.0,,,0.0,,0.0
2018-08-29,40,5871177.0,0,0,0.0,0.0,0.0,0.0,,,0.0,,0.0
2018-08-30,40,5871177.0,0,0,0.0,0.0,0.0,0.0,,,0.0,,0.0
2018-08-31,40,5871177.0,0,0,0.0,0.0,0.0,0.0,,,0.0,,0.0
2018-09-04,40,5871177.0,0,0,0.0,0.01026,0.01026,0.01026,,,1820665.0,,1820665.0
2018-09-06,40,5931441.0,0,0,0.0,0.0232,0.0232,0.0232,,,4456530.0,,4456530.0
2018-09-07,40,5903926.0,0,0,0.0,0.0,0.0,0.0,,,0.0,,0.0
2018-09-10,40,5903926.0,0,0,0.0,0.02735,0.02735,0.02735,,,3613217.0,,3613217.0
2018-09-11,40,5920992.0,0,0,0.0,0.00358,0.00358,0.00358,,,883180.0,,883180.0
2018-09-12,40,5932458.0,0,0,0.0,0.0,0.0,0.0,,,0.0,,0.0
2018-09-13,40,5932458.0,0,1,0.025,0.00584,0.00245,0.00584,,,901782.0,,901782.0
2018-09-14,39,5921490.0,0,0,0.0,0.0,0.0,0.0,,,0.0,,0.0
2018-09-17,39,5921490.0,0,0,0.0,0.0,0.0,0.0,,,0.0,,0.0
2018-09-18,39,5921490.0,0,0,0.0,0.04077,0.04077,0.04077,,,7193047.0,,7193047.0
2018-09-19,39,6162898.0,0,0,0.0,0.0,0.0,0.0,,,0.0,,0.0
2018-09-21,39,6162898.0,0,0,0.0,0.0,0.0,0.0,,,0.0,,0.0
2018-09-24,39,6162898.0,0,0,0.0,0.0,0.0,0.0,,,0.0,,0.0
2018-09-25,39,6162898.0,0,0,0.0,0.01202,0.01202,0.01202,,,2485343.0,,2485343.0
2018-09-26,39,6137517.0,0,0,0.0,0.0,0.0,0.0,,,0.0,,0.0
2018-09-27,39,6137517.0,0,0,0.0,0.0,0.0,0.0,,,0.0,,0.0
2018-09-28,39,6137517.0,0,0,0.0,0.00979,0.00979,0.00979,,,1795673.0,,1795673.0
2018-10-01,39,6197621.0,0,0,0.0,0.0097,0.0097,0.0097,,,1817231.0,,1817231.0
2018-10-02,39,6137512.0,0,0,0.0,0.01939,0.01939,0.01939,,,4670662.0,,4670662.0
2018-10-03,39,6175550.0,0,0,0.0,0.0,0.0,0.0,,,0.0,,0.0
2018-10-05,39,6175550.0,0,0,0.0,0.00324,0.00324,0.00324,,,877871.0,,877871.0
2018-10-08,39,6179983.0,0,0,0.0,0.0,0.0,0.0,,,0.0,,0.0
2018-10-09,39,6179983.0,0,0,0.0,0.00369,0.00369,0.00369,,,1733429.0,,1733429.0
2018-10-10,39,6172403.0,0,0,0.0,0.0,0.0,0.0,,,0.0,,0.0
2018-10-12,39,6172403.0,0,2,0.05128,0.03538,0.02469,0.03538,,,8805353.0,,8805353.0
2018-10-15,37,6220508.0,0,0,0.0,0.0098,0.0098,0.0098,,,1609433.0,,1609433.0
2018-10-16,37,6159575.0,0,0,0.0,0.00567,0.00567,0.00567,,,988713.0,,988713.0
2018-10-17,37,6130921.0,0,0,0.0,0.0,0.0,0.0,,,0.0,,0.0
2018-10-18,37,6130921.0,0,0,0.0,0.0,0.0,0.0,,,0.0,,0.0
2018-10-19,37,6130921.0,0,0,0.0,0.00345,0.00345,0.00345,,,959596.0,,959596.0
2018-10-22,37,6139120.0,0,0,0.0,0.0,0.0,0.0,,,0.0,,0.0
2018-10-23,37,6139120.0,0,0,0.0,0.0,0.0,0.0,,,0.0,,0.0
2018-10-24,37,6139120.0,0,0,0.0,0.01659,0.01659,0.01659,,,897243.0,,897243.0
2018-10-25,37,6210487.0,0,0,0.0,0.00468,0.00468,0.00468,,,1315021.0,,1315021.0
2018-10-26,37,6221820.0,0,0,0.0,0.01503,0.01503,0.01503,,,2167579.0,,2167579.0
2018-10-29,37,6234358.0,0,0,0.0,0.00449,0.00449,0.00449,,,944261.0,,944261.0
2018-10-30,37,6218028.0,0,0,0.0,0.00706,0.00706,0.00706,,,1627474.0,,1627474.0
2018-10-31,37,6186946.0,0,0,0.0,0.01149,0.01149,0.01149,,,2528665.0,,2528665.0
2018-11-01,37,6192352.0,0,0,0.0,0.0,0.0,0.0,,,0.0,,0.0
2018-11-02,37,6192352.0,0,0,0.0,0.0,0.0,0.0,,,0.0,,0.0
2018-11-05,37,6192352.0,0,0,0.0,0.0,0.0,0.0,,,0.0,,0.0
2018-11-06,37,6192352.0,0,0,0.0,0.01247,0.01247,0.01247,,,2540345.0,,2540345.0
2018-11-07,37,6259575.0,0,0,0.0,0.01966,0.01966,0.01966,,,3893142.0,,3893142.0
2018-11-08,37,6310990.0,0,0,0.0,0.0,0.0,0.0,,,0.0,,0.0
2018-11-09,37,6310990.0,0,0,0.0,0.0,0.0,0.0,,,0.0,,0.0
2018-11-12,37,6310990.0,0,0,0.0,0.0194,0.0194,0.0194,,,3265587.0,,3265587.0
2018-11-13,37,6433392.0,0,0,0.0,0.02854,0.02854,0.02854,,,4933783.0,,4933783.0
2018-11-14,37,6616993.0,0,0,0.0,0.0,0.0,0.0,,,0.0,,0.0
2018-11-15,37,6616993.0,0,0,0.0,0.0,0.0,0.0,,,0.0,,0.0
2018-11-16,37,6616993.0,0,0,0.0,0.0,0.0,0.0,,,0.0,,0.0
2018-11-19,37,6616993.0,0,0,0.0,0.07242,0.07242,0.07242,,,3546488.0,,3546488.0
2018-11-20,37,6924376.0,0,0,0.0,0.08722,0.08722,0.08722,,,5309505.0,,5309505.0
2018-11-21,37,7269493.0,0,0,0.0,0.05131,0.05131,0.05131,,,2918413.0,,2918413.0
2018-11-23,37,7525657.0,0,0,0.0,0.0,0.0,0.0,,,0.0,,0.0
2018-11-26,37,7525657.0,0,0,0.0,0.0,0.0,0.0,,,0.0,,0.0
2018-11-27,37,7525657.0,0,0,0.0,0.00491,0.00491,0.00491,,,2693862.0,,2693862.0
2018-11-28,37,7527651.0,0,0,0.0,0.0,0.0,0.0,,,0.0,,0.0
2018-11-29,37,7527651.0,0,0,0.0,0.0,0.0,0.0,,,0.0,,0.0
2018-11-30,37,7527651.0,0,0,0.0,0.01851,0.01851,0.01851,,,3319213.0,,3319213.0
2018-12-03,37,7388342.0,0,0,0.0,0.00647,0.00647,0.00647,,,2778935.0,,2778935.0
2018-12-04,37,7364959.0,0,0,0.0,0.0034,0.0034,0.0034,,,888721.0,,888721.0
2018-12-06,37,7352226.0,0,0,0.0,0.0,0.0,0.0,,,0.0,,0.0
2018-12-07,37,7352226.0,0,0,0.0,0.00275,0.00275,0.00275,,,851533.0,,851533.0
2018-12-10,37,7336712.0,0,0,0.0,0.01886,0.01886,0.01886,,,3182285.0,,3182285.0
2018-12-11,37,7475083.0,0,0,0.0,0.01995,0.01995,0.01995,,,2399176.0,,2399176.0
2018-12-12,37,7577887.0,0,0,0.0,0.0177,0.0177,0.0177,,,864134.0,,864134.0
2018-12-13,37,7676797.0,0,0,0.0,0.0,0.0,0.0,,,0.0,,0.0
2018-12-14,37,7676797.0,0,0,0.0,0.0,0.0,0.0,,,0.0,,0.0
2018-12-17,37,7676797.0,0,0,0.0,0.0,0.0,0.0,,,0.0,,0.0
2018-12-18,37,7676797.0,0,0,0.0,0.00457,0.00457,0.00457,,,1306387.0,,1306387.0
2018-12-19,37,7654965.0,0,0,0.0,0.0,0.0,0.0,,,0.0,,0.0
2018-12-20,37,7654965.0,0,0,0.0,0.01877,0.01877,0.01877,,,2127012.0,,2127012.0
2018-12-21,37,7691141.0,0,0,0.0,0.00709,0.00709,0.00709,,,2808166.0,,2808166.0
2018-12-24,37,7725205.0,0,0,0.0,0.0,0.0,0.0,,,0.0,,0.0
2018-12-26,37,7725205.0,0,2,0.05405,0.04352,0.04161,0.04352,,,9248926.0,,9248926.0
2018-12-27,35,7389031.0,0,0,0.0,0.01683,0.01683,0.01683,,,2260076.0,,2260076.0
2018-12-28,35,7472713.0,0,0,0.0,0.0,0.0,0.0,,,0.0,,0.0
2018-12-31,35,7472713.0,0,0,0.0,0.0,0.0,0.0,,,0.0,,0.0
2019-01-02,35,7472713.0,0,0,0.0,0.00218,0.00218,0.00218,,,315780.0,,315780.0
2019-01-03,35,7473849.0,0,0,0.0,0.0,0.0,0.0,,,0.0,,0.0
2019-01-04,35,7473849.0,0,0,0.0,0.00688,0.00688,0.00688,,,2047813.0,,2047813.0
2019-01-07,35,7481897.0,0,0,0.0,0.0,0.0,0.0,,,0.0,,0.0
2019-01-08,35,7481897.0,0,0,0.0,0.00305,0.00305,0.00305,,,1296532.0,,1296532.0
2019-01-09,35,7493379.0,0,0,0.0,0.0,0.0,0.0,,,0.0,,0.0
2019-01-10,35,7493379.0,0,0,0.0,0.0,0.0,0.0,,,0.0,,0.0
2019-01-11,35,7493379.0,0,0,0.0,0.00269,0.00269,0.00269,,,624780.0,,624780.0
2019-01-14,35,7506059.0,0,0,0.0,0.0,0.0,0.0,,,0.0,,0.0
2019-01-15,35,7506059.0,0,0,0.0,0.0034,0.0034,0.0034,,,1630620.0,,1630620.0
2019-01-16,35,7514056.0,0,0,0.0,0.0,0.0,0.0,,,0.0,,0.0
2019-01-17,35,7514056.0,0,0,0.0,0.0,0.0,0.0,,,0.0,,0.0
2019-01-18,35,7514056.0,0,0,0.0,0.0,0.0,0.0,,,0.0,,0.0
2019-01-22,35,7514056.0,0,0,0.0,0.01478,0.01478,0.01478,,,3231401.0,,3231401.0
2019-01-23,35,7564720.0,0,0,0.0,0.00126,0.00126,0.00126,,,1047698.0,,1047698.0
2019-01-24,35,7561643.0,0,0,0.0,0.00391,0.00391,0.00391,,,958648.0,,958648.0
2019-01-25,35,7580707.0,0,0,0.0,0.0,0.0,0.0,,,0.0,,0.0
2019-01-28,35,7580707.0,0,0,0.0,0.0,0.0,0.0,,,0.0,,0.0
2019-01-29,35,7580707.0,0,0,0.0,0.06639,0.06639,0.06639,,,2886039.0,,2886039.0
2019-01-30,35,7938124.0,0,0,0.0,0.03544,0.03544,0.03544,,,1655998.0,,1655998.0
2019-01-31,35,8145872.0,0,0,0.0,0.00369,0.00369,0.00369,,,1277589.0,,1277589.0
2019-02-01,35,8138238.0,0,0,0.0,0.0,0.0,0.0,,,0.0,,0.0
2019-02-04,35,8138238.0,0,0,0.0,0.00441,0.00441,0.00441,,,516301.0,,516301.0
2019-02-05,35,8160553.0,0,0,0.0,0.01952,0.01952,0.01952,,,2230337.0,,2230337.0
2019-02-06,35,8315056.0,0,0,0.0,0.0,0.0,0.0,,,0.0,,0.0
2019-02-07,35,8315056.0,0,0,0.0,0.0,0.0,0.0,,,0.0,,0.0
2019-02-08,35,8315056.0,0,0,0.0,0.00488,0.00488,0.00488,,,1846796.0,,1846796.0
2019-02-11,35,8292568.0,0,0,0.0,0.0,0.0,0.0,,,0.0,,0.0
2019-02-12,35,8292568.0,0,0,0.0,0.0,0.0,0.0,,,0.0,,0.0
2019-02-13,35,8292568.0,0,0,0.0,0.00466,0.00466,0.00466,,,957492.0,,957492.0
2019-02-14,35,8262640.0,0,1,0.02857,0.01303,0.00143,0.01303,,,2636306.0,,2636306.0
2019-02-15,34,8178338.0,0,0,0.0,0.0,0.0,0.0,,,0.0,,0.0
2019-02-19,34,8178338.0,0,0,0.0,0.02753,0.02753,0.02753,,,2537353.0,,2537353.0
2019-02-20,34,8324439.0,0,0,0.0,0.0,0.0,0.0,,,0.0,,0.0
2019-02-21,34,8324439.0,0,0,0.0,0.0,0.0,0.0,,,0.0,,0.0
2019-02-22,34,8324439.0,0,0,0.0,0.00961,0.00961,0.00961,,,1748698.0,,1748698.0
2019-02-25,34,8244453.0,0,0,0.0,0.00784,0.00784,0.00784,,,2720557.0,,2720557.0
2019-02-26,34,8260115.0,0,0,0.0,0.0,0.0,0.0,,,0.0,,0.0
2019-02-27,34,8260115.0,0,0,0.0,0.0,0.0,0.0,,,0.0,,0.0
2019-02-28,34,8260115.0,0,0,0.0,0.0,0.0,0.0,,,0.0,,0.0
2019-03-04,34,8260115.0,0,0,0.0,0.00244,0.00244,0.00244,,,523231.0,,523231.0
2019-03-05,34,8267346.0,0,0,0.0,0.01632,0.01632,0.01632,,,2121117.0,,2121117.0
2019-03-06,34,8357379.0,0,0,0.0,0.00611,0.00611,0.00611,,,1344850.0,,1344850.0
2019-03-07,34,8380406.0,0,0,0.0,0.0,0.0,0.0,,,0.0,,0.0
2019-03-08,34,8380406.0,0,0,0.0,0.0,0.0,0.0,,,0.0,,0.0
2019-03-11,34,8380406.0,0,0,0.0,0.0,0.0,0.0,,,0.0,,0.0
2019-03-12,34,8380406.0,0,0,0.0,0.00134,0.00134,0.00134,,,915610.0,,915610.0
2019-03-13,34,8380734.0,0,0,0.0,0.0,0.0,0.0,,,0.0,,0.0
2019-03-14,34,8380734.0,0,0,0.0,0.0,0.0,0.0,,,0.0,,0.0
2019-03-15,34,8380734.0,0,0,0.0,0.011,0.011,0.011,,,1956143.0,,1956143.0
2019-03-18,34,8467313.0,0,0,0.0,0.0,0.0,0.0,,,0.0,,0.0
2019-03-19,34,8467313.0,0,0,0.0,0.0,0.0,0.0,,,0.0,,0.0
2019-03-20,34,8467313.0,0,0,0.0,0.0,0.0,0.0,,,0.0,,0.0
2019-03-21,34,8467313.0,0,0,0.0,0.0,0.0,0.0,,,0.0,,0.0
2019-03-22,34,8467313.0,0,0,0.0,0.0,0.0,0.0,,,0.0,,0.0
2019-03-25,34,8467313.0,0,0,0.0,0.00961,0.00961,0.00961,,,1666927.0,,1666927.0
2019-03-26,34,8385932.0,0,0,0.0,0.00512,0.00512,0.00512,,,1423778.0,,1423778.0
2019-03-27,34,8423781.0,0,0,0.0,0.0,0.0,0.0,,,0.0,,0.0
2019-03-28,34,8423781.0,0,0,0.0,0.0,0.0,0.0,,,0.0,,0.0
2019-03-29,34,8423781.0,0,0,0.0,0.0,0.0,0.0,,,0.0,,0.0
2019-04-01,34,8423781.0,0,0,0.0,0.0,0.0,0.0,,,0.0,,0.0
2019-04-02,34,8423781.0,0,0,0.0,0.00364,0.00364,0.00364,,,2346802.0,,2346802.0
2019-04-03,34,8425504.0,0,0,0.0,0.01363,0.01363,0.01363,,,3643516.0,,3643516.0
2019-04-04,34,8502866.0,0,0,0.0,0.0,0.0,0.0,,,0.0,,0.0
2019-04-05,34,8502866.0,0,0,0.0,0.01463,0.01463,0.01463,,,947427.0,,947427.0
2019-04-08,34,8430576.0,0,0,0.0,0.0,0.0,0.0,,,0.0,,0.0
2019-04-09,34,8430576.0,1,1,0.05882,0.01016,0.00592,0.01016,,,4431286.0,,4431286.0
2019-04-10,34,8419328.0,0,0,0.0,0.0,0.0,0.0,,,0.0,,0.0
2019-04-11,34,8419328.0,0,0,0.0,0.0,0.0,0.0,,,0.0,,0.0
2019-04-12,34,8419328.0,0,0,0.0,0.0,0.0,0.0,,,0.0,,0.0
2019-04-15,34,8419328.0,0,0,0.0,0.0,0.0,0.0,,,0.0,,0.0
2019-04-16,34,8419328.0,0,0,0.0,0.0,0.0,0.0,,,0.0,,0.0
2019-04-17,34,8419328.0,0,0,0.0,0.0,0.0,0.0,,,0.0,,0.0
2019-04-18,34,8419328.0,0,0,0.0,0.00961,0.00961,0.00961,,,1758729.0,,1758729.0
2019-04-22,34,8500223.0,0,0,0.0,0.0,0.0,0.0,,,0.0,,0.0
2019-04-23,34,8500223.0,0,0,0.0,0.00018,0.00018,0.00018,,,581340.0,,581340.0
2019-04-24,34,8499801.0,0,0,0.0,0.00748,0.00748,0.00748,,,1824534.0,,1824534.0
2019-04-25,34,8521728.0,0,0,0.0,0.0,0.0,0.0,,,0.0,,0.0
2019-04-26,34,8521728.0,0,1,0.02941,0.01463,0.00713,0.01463,,,3693171.0,,3693171.0
2019-04-29,33,8517612.0,0,0,0.0,0.03008,0.03008,0.03008,,,6018836.0,,6018836.0
2019-04-30,33,8313054.0,0,0,0.0,0.00241,0.00241,0.00241,,,997784.0,,997784.0
2019-05-01,33,8313407.0,0,0,0.0,0.0,0.0,0.0,,,0.0,,0.0
2019-05-02,33,8313407.0,0,0,0.0,0.00135,0.00135,0.00135,,,304418.0,,304418.0
2019-05-03,33,8317174.0,0,0,0.0,0.0,0.0,0.0,,,0.0,,0.0
2019-05-06,33,8317174.0,0,0,0.0,0.0,0.0,0.0,,,0.0,,0.0
2019-05-07,33,8317174.0,0,0,0.0,0.0,0.0,0.0,,,0.0,,0.0
2019-05-08,33,8317174.0,0,0,0.0,0.00211,0.00211,0.00211,,,247786.0,,247786.0
2019-05-09,33,8329365.0,0,0,0.0,0.00664,0.00664,0.00664,,,2285865.0,,2285865.0
2019-05-10,33,8344987.0,0,0,0.0,0.00221,0.00221,0.00221,,,820086.0,,820086.0
2019-05-13,33,8345358.0,0,0,0.0,0.00198,0.00198,0.00198,,,972563.0,,972563.0
2019-05-14,33,8353080.0,1,0,0.0303,0.02613,0.00849,0.02613,,,10843285.0,,10843285.0
2019-05-15,34,8504348.0,0,0,0.0,0.0,0.0,0.0,,,0.0,,0.0
2019-05-16,34,8504348.0,0,0,0.0,0.0,0.0,0.0,,,0.0,,0.0
2019-05-17,34,8504348.0,0,0,0.0,0.0,0.0,0.0,,,0.0,,0.0
2019-05-20,34,8504348.0,0,0,0.0,0.00263,0.00263,0.00263,,,512085.0,,512085.0
2019-05-21,34,8519747.0,0,0,0.0,0.00416,0.00416,0.00416,,,823908.0,,823908.0
2019-05-22,34,8543674.0,0,0,0.0,0.0,0.0,0.0,,,0.0,,0.0
2019-05-23,34,8543674.0,0,0,0.0,0.0098,0.0098,0.0098,,,1506587.0,,1506587.0
2019-05-24,34,8627374.0,0,0,0.0,0.00374,0.00374,0.00374,,,643405.0,,643405.0
2019-05-28,34,8644702.0,0,1,0.02941,0.00295,0.00086,0.00295,,,1742458.0,,1742458.0
2019-05-29,33,8632001.0,0,0,0.0,0.0,0.0,0.0,,,0.0,,0.0
2019-05-30,33,8632001.0,0,0,0.0,0.0,0.0,0.0,,,0.0,,0.0
2019-05-31,33,8632001.0,0,0,0.0,0.0,0.0,0.0,,,0.0,,0.0
2019-06-03,33,8632001.0,0,0,0.0,0.0097,0.0097,0.0097,,,1442024.0,,1442024.0
2019-06-04,33,8715743.0,0,0,0.0,0.0,0.0,0.0,,,0.0,,0.0
2019-06-05,33,8715743.0,0,0,0.0,0.00961,0.00961,0.00961,,,1499594.0,,1499594.0
2019-06-06,33,8632003.0,0,0,0.0,0.0,0.0,0.0,,,0.0,,0.0
2019-06-07,33,8632003.0,0,0,0.0,0.0,0.0,0.0,,,0.0,,0.0
2019-06-10,33,8632003.0,0,0,0.0,0.0,0.0,0.0,,,0.0,,0.0
2019-06-11,33,8632003.0,0,0,0.0,0.0,0.0,0.0,,,0.0,,0.0
2019-06-12,33,8632003.0,0,0,0.0,0.0097,0.0097,0.0097,,,1528442.0,,1528442.0
2019-06-13,33,8548263.0,0,0,0.0,0.0,0.0,0.0,,,0.0,,0.0
2019-06-14,33,8548263.0,0,0,0.0,0.0,0.0,0.0,,,0.0,,0.0
2019-06-17,33,8548263.0,0,0,0.0,0.00069,0.00069,0.00069,,,900960.0,,900960.0
2019-06-18,33,8551123.0,0,0,0.0,0.0,0.0,0.0,,,0.0,,0.0
2019-06-19,33,8551123.0,0,0,0.0,0.0,0.0,0.0,,,0.0,,0.0
2019-06-20,33,8551123.0,0,0,0.0,0.0,0.0,0.0,,,0.0,,0.0
2019-06-21,33,8551123.0,0,0,0.0,0.0,0.0,0.0,,,0.0,,0.0
2019-06-24,33,8551123.0,0,0,0.0,0.0,0.0,0.0,,,0.0,,0.0
2019-06-25,33,8551123.0,0,0,0.0,0.0,0.0,0.0,,,0.0,,0.0
2019-06-26,33,8551123.0,0,0,0.0,0.0,0.0,0.0,,,0.0,,0.0
2019-06-27,33,8551123.0,0,0,0.0,0.00339,0.00339,0.00339,,,1424125.0,,1424125.0
2019-06-28,33,8546962.0,0,0,0.0,0.00106,0.00106,0.00106,,,843739.0,,843739.0
2019-07-01,33,8552982.0,0,0,0.0,0.0,0.0,0.0,,,0.0,,0.0
2019-07-02,33,8552982.0,0,0,0.0,0.00316,0.00316,0.00316,,,874906.0,,874906.0
2019-07-03,33,8548862.0,0,0,0.0,0.0,0.0,0.0,,,0.0,,0.0
2019-07-05,33,8548862.0,0,0,0.0,0.0,0.0,0.0,,,0.0,,0.0
2019-07-08,33,8548862.0,0,0,0.0,0.0,0.0,0.0,,,0.0,,0.0
2019-07-10,33,8548862.0,0,0,0.0,0.0,0.0,0.0,,,0.0,,0.0
2019-07-11,33,8548862.0,0,0,0.0,0.0,0.0,0.0,,,0.0,,0.0
2019-07-12,33,8548862.0,0,0,0.0,0.0,0.0,0.0,,,0.0,,0.0
2019-07-15,33,8548862.0,0,0,0.0,0.0,0.0,0.0,,,0.0,,0.0
2019-07-16,33,8548862.0,0,0,0.0,0.0,0.0,0.0,,,0.0,,0.0
2019-07-17,33,8548862.0,0,0,0.0,0.0,0.0,0.0,,,0.0,,0.0
2019-07-18,33,8548862.0,0,0,0.0,0.0,0.0,0.0,,,0.0,,0.0
2019-07-19,33,8548862.0,0,0,0.0,0.0,0.0,0.0,,,0.0,,0.0
2019-07-22,33,8548862.0,0,0,0.0,0.0,0.0,0.0,,,0.0,,0.0
2019-07-23,33,8548862.0,1,0,0.0303,0.01411,0.00554,0.01411,,,3670048.0,,3670048.0
2019-07-24,34,8574702.0,0,0,0.0,0.0,0.0,0.0,,,0.0,,0.0
2019-07-25,34,8574702.0,0,0,0.0,0.0,0.0,0.0,,,0.0,,0.0
2019-07-26,34,8574702.0,0,0,0.0,0.00174,0.00174,0.00174,,,2040835.0,,2040835.0
2019-07-29,34,8579747.0,0,0,0.0,0.0,0.0,0.0,,,0.0,,0.0
2019-07-30,34,8579747.0,1,0,0.02941,0.00711,0.00314,0.00711,,,3459037.0,,3459037.0
2019-07-31,35,8586978.0,0,1,0.02857,0.0304,0.02983,0.0304,,,5544143.0,,5544143.0
2019-08-01,34,8606136.0,0,0,0.0,0.0,0.0,0.0,,,0.0,,0.0
2019-08-02,34,8606136.0,0,0,0.0,0.0,0.0,0.0,,,0.0,,0.0
2019-08-05,34,8606136.0,0,0,0.0,0.0,0.0,0.0,,,0.0,,0.0
2019-08-06,34,8606136.0,0,0,0.0,0.01726,0.01726,0.01726,,,2472251.0,,2472251.0
2019-08-07,34,8501129.0,0,0,0.0,0.00616,0.00616,0.00616,,,1413296.0,,1413296.0
2019-08-08,34,8534713.0,0,0,0.0,0.0097,0.0097,0.0097,,,1526566.0,,1526566.0
2019-08-09,34,8459101.0,0,0,0.0,0.02,0.02,0.02,,,3073415.0,,3073415.0
2019-08-12,34,8289886.0,0,0,0.0,0.02041,0.02041,0.02041,,,3027501.0,,3027501.0
2019-08-13,34,8120665.0,1,0,0.02941,0.01162,0.0032,0.01162,,,2995524.0,,2995524.0
2019-08-14,35,8162961.0,0,0,0.0,0.0,0.0,0.0,,,0.0,,0.0
2019-08-15,35,8162961.0,0,0,0.0,0.0,0.0,0.0,,,0.0,,0.0
2019-08-16,35,8162961.0,0,0,0.0,0.0,0.0,0.0,,,0.0,,0.0
2019-08-19,35,8162961.0,0,0,0.0,0.0,0.0,0.0,,,0.0,,0.0
2019-08-20,35,8162961.0,0,0,0.0,0.0,0.0,0.0,,,0.0,,0.0
2019-08-21,35,8162961.0,0,0,0.0,0.0,0.0,0.0,,,0.0,,0.0
2019-08-22,35,8162961.0,0,0,0.0,0.0,0.0,0.0,,,0.0,,0.0
2019-08-23,35,8162961.0,0,0,0.0,0.03678,0.03678,0.03678,,,3179431.0,,3179431.0
2019-08-26,35,7877166.0,0,0,0.0,0.0,0.0,0.0,,,0.0,,0.0
2019-08-27,35,7877166.0,0,0,0.0,0.0016,0.0016,0.0016,,,863040.0,,863040.0
2019-08-28,35,7873099.0,0,0,0.0,0.0329,0.0329,0.0329,,,1818016.0,,1818016.0
2019-08-29,35,7693047.0,0,0,0.0,0.05353,0.05353,0.05353,,,3122953.0,,3122953.0
2019-08-30,35,7335899.0,0,0,0.0,0.0,0.0,0.0,,,0.0,,0.0
2019-09-03,35,7335899.0,0,0,0.0,0.0,0.0,0.0,,,0.0,,0.0
2019-09-04,35,7335899.0,0,0,0.0,0.0,0.0,0.0,,,0.0,,0.0
2019-09-05,35,7335899.0,0,0,0.0,0.0,0.0,0.0,,,0.0,,0.0
2019-09-06,35,7335899.0,0,0,0.0,0.0,0.0,0.0,,,0.0,,0.0
2019-09-09,35,7335899.0,0,0,0.0,0.0,0.0,0.0,,,0.0,,0.0
2019-09-10,35,7335899.0,0,0,0.0,0.0,0.0,0.0,,,0.0,,0.0
2019-09-11,35,7335899.0,0,0,0.0,0.0,0.0,0.0,,,0.0,,0.0
2019-09-12,35,7335899.0,0,0,0.0,0.0,0.0,0.0,,,0.0,,0.0
2019-09-13,35,7335899.0,0,0,0.0,0.0,0.0,0.0,,,0.0,,0.0
2019-09-16,35,7335899.0,0,0,0.0,0.0,0.0,0.0,,,0.0,,0.0
2019-09-17,35,7335899.0,0,0,0.0,0.0,0.0,0.0,,,0.0,,0.0
2019-09-18,35,7335899.0,0,0,0.0,0.0,0.0,0.0,,,0.0,,0.0
2019-09-19,35,7335899.0,0,0,0.0,0.0,0.0,0.0,,,0.0,,0.0
2019-09-20,35,7335899.0,0,0,0.0,0.0,0.0,0.0,,,0.0,,0.0
2019-09-23,35,7335899.0,0,0,0.0,0.02042,0.02042,0.02042,,,1255106.0,,1255106.0
2019-09-24,35,7198907.0,0,0,0.0,0.0,0.0,0.0,,,0.0,,0.0
2019-09-25,35,7198907.0,0,0,0.0,0.0,0.0,0.0,,,0.0,,0.0
2019-09-26,35,7198907.0,0,0,0.0,0.0,0.0,0.0,,,0.0,,0.0
2019-09-27,35,7198907.0,0,0,0.0,0.0,0.0,0.0,,,0.0,,0.0
2019-09-30,35,7198907.0,0,0,0.0,0.0,0.0,0.0,,,0.0,,0.0
2019-10-01,35,7198907.0,0,0,0.0,0.02105,0.02105,0.02105,,,3112534.0,,3112534.0
2019-10-02,35,7047365.0,0,0,0.0,0.0,0.0,0.0,,,0.0,,0.0
2019-10-03,35,7047365.0,0,0,0.0,0.02588,0.02588,0.02588,,,2773842.0,,2773842.0
2019-10-04,35,6936175.0,0,0,0.0,0.0,0.0,0.0,,,0.0,,0.0
2019-10-07,35,6936175.0,0,0,0.0,0.0,0.0,0.0,,,0.0,,0.0
2019-10-08,35,6936175.0,0,0,0.0,0.0,0.0,0.0,,,0.0,,0.0
2019-10-09,35,6936175.0,0,0,0.0,0.0,0.0,0.0,,,0.0,,0.0
2019-10-10,35,6936175.0,0,0,0.0,0.0,0.0,0.0,,,0.0,,0.0
2019-10-11,35,6936175.0,0,0,0.0,0.0,0.0,0.0,,,0.0,,0.0
2019-10-14,35,6936175.0,0,0,0.0,0.00863,0.00863,0.00863,,,594822.0,,594822.0
2019-10-15,35,6960615.0,0,0,0.0,0.01968,0.01968,0.01968,,,1612358.0,,1612358.0
2019-10-16,35,6884529.0,0,0,0.0,0.0,0.0,0.0,,,0.0,,0.0
2019-10-17,35,6884529.0,0,0,0.0,0.0,0.0,0.0,,,0.0,,0.0
2019-10-18,35,6884529.0,0,0,0.0,0.0,0.0,0.0,,,0.0,,0.0
2019-10-21,35,6884529.0,0,0,0.0,0.00431,0.00431,0.00431,,,905154.0,,905154.0
2019-10-22,35,6861373.0,0,0,0.0,0.0,0.0,0.0,,,1.0,,1.0
2019-10-23,35,6861373.0,0,0,0.0,0.0,0.0,0.0,,,0.0,,0.0
2019-10-24,35,6861373.0,0,0,0.0,0.0,0.0,0.0,,,0.0,,0.0
2019-10-25,35,6861373.0,0,0,0.0,0.01089,0.01089,0.01089,,,2529135.0,,2529135.0
2019-10-28,35,6810766.0,0,0,0.0,0.01075,0.01075,0.01075,,,1702648.0,,1702648.0
2019-10-29,35,6737520.0,0,0,0.0,0.02575,0.02575,0.02575,,,3505021.0,,3505021.0
2019-10-30,35,6630061.0,0,0,0.0,0.0,0.0,0.0,,,0.0,,0.0
2019-10-31,35,6630061.0,0,0,0.0,0.01629,0.01629,0.01629,,,1041419.0,,1041419.0
2019-11-01,35,6540318.0,0,0,0.0,0.0,0.0,0.0,,,0.0,,0.0
2019-11-04,35,6540318.0,0,0,0.0,0.01406,0.01406,0.01406,,,856808.0,,856808.0
2019-11-05,35,6465812.0,0,0,0.0,0.03595,0.03595,0.03595,,,3663453.0,,3663453.0
2019-11-06,35,6292013.0,0,0,0.0,0.0,0.0,0.0,,,0.0,,0.0
2019-11-07,35,6292013.0,0,0,0.0,0.0,0.0,0.0,,,0.0,,0.0
2019-11-08,35,6292013.0,0,0,0.0,0.00049,0.00049,0.00049,,,295349.0,,295349.0
2019-11-11,35,6290195.0,0,0,0.0,0.00058,0.00058,0.00058,,,361904.0,,361904.0
2019-11-12,35,6288167.0,1,0,0.02857,0.01044,0.0082,0.01044,,,1972757.0,,1972757.0
2019-11-13,36,6256482.0,0,0,0.0,0.00064,0.00064,0.00064,,,27986.0,,27986.0
2019-11-14,36,6260503.0,0,0,0.0,0.0,0.0,0.0,,,0.0,,0.0
2019-11-15,36,6260503.0,0,0,0.0,0.00741,0.00741,0.00741,,,976805.0,,976805.0
2019-11-18,36,6265687.0,0,0,0.0,0.0,0.0,0.0,,,0.0,,0.0
2019-11-19,36,6265687.0,0,0,0.0,0.0,0.0,0.0,,,0.0,,0.0
2019-11-20,36,6265687.0,0,0,0.0,0.0,0.0,0.0,,,0.0,,0.0
2019-11-21,36,6265687.0,0,0,0.0,0.0,0.0,0.0,,,0.0,,0.0
2019-11-22,36,6265687.0,0,0,0.0,0.0,0.0,0.0,,,0.0,,0.0
2019-11-25,36,6265687.0,0,0,0.0,0.0,0.0,0.0,,,0.0,,0.0
2019-11-26,36,6265687.0,0,0,0.0,0.0,0.0,0.0,,,0.0,,0.0
2019-11-27,36,6265687.0,0,0,0.0,0.0,0.0,0.0,,,0.0,,0.0
2019-11-29,36,6265687.0,0,0,0.0,0.0,0.0,0.0,,,0.0,,0.0
2019-12-02,36,6265687.0,0,0,0.0,0.0,0.0,0.0,,,0.0,,0.0
2019-12-03,36,6265687.0,0,0,0.0,0.02241,0.02241,0.02241,,,1262834.0,,1262834.0
2019-12-04,36,6164511.0,0,0,0.0,0.0,0.0,0.0,,,0.0,,0.0
2019-12-05,36,6164511.0,0,0,0.0,0.0,0.0,0.0,,,0.0,,0.0
2019-12-06,36,6164511.0,0,0,0.0,0.0,0.0,0.0,,,0.0,,0.0
2019-12-09,36,6164511.0,0,0,0.0,0.0,0.0,0.0,,,0.0,,0.0
2019-12-10,36,6164511.0,0,0,0.0,0.01934,0.01934,0.01934,,,2653864.0,,2653864.0
2019-12-11,36,6123902.0,0,0,0.0,0.0,0.0,0.0,,,0.0,,0.0
2019-12-12,36,6123902.0,0,0,0.0,0.0,0.0,0.0,,,0.0,,0.0
2019-12-13,36,6123902.0,0,0,0.0,0.00369,0.00369,0.00369,,,843645.0,,843645.0
2019-12-16,36,6132038.0,0,0,0.0,0.0,0.0,0.0,,,0.0,,0.0
2019-12-17,36,6132038.0,0,0,0.0,0.0,0.0,0.0,,,0.0,,0.0
2019-12-18,36,6132038.0,0,0,0.0,0.0,0.0,0.0,,,0.0,,0.0
2019-12-19,36,6132038.0,0,0,0.0,0.0,0.0,0.0,,,0.0,,0.0
2019-12-20,36,6132038.0,0,0,0.0,0.0,0.0,0.0,,,0.0,,0.0
2019-12-23,36,6132038.0,0,0,0.0,0.0076,0.0076,0.0076,,,2090814.0,,2090814.0
2019-12-24,36,6103196.0,0,0,0.0,0.02558,0.02558,0.02558,,,5540877.0,,5540877.0
2019-12-26,36,6072496.0,0,0,0.0,0.0042,0.0042,0.0042,,,220830.0,,220830.0
2019-12-27,36,6097996.0,0,0,0.0,0.01679,0.01679,0.01679,,,2180432.0,,2180432.0
2019-12-30,36,6200370.0,0,0,0.0,0.0,0.0,0.0,,,0.0,,0.0
2019-12-31,36,6200370.0,0,0,0.0,0.02396,0.02396,0.02396,,,3773826.0,,3773826.0
2020-01-02,36,6128981.0,0,0,0.0,0.0,0.0,0.0,,,0.0,,0.0
2020-01-03,36,6128981.0,0,0,0.0,0.0,0.0,0.0,,,0.0,,0.0
2020-01-06,36,6128981.0,0,0,0.0,0.0,0.0,0.0,,,0.0,,0.0
2020-01-07,36,6128981.0,1,0,0.02778,0.03438,0.03235,0.03438,,,6768094.0,,6768094.0
2020-01-08,37,6066929.0,0,0,0.0,0.0,0.0,0.0,,,0.0,,0.0
2020-01-09,37,6066929.0,0,0,0.0,0.0,0.0,0.0,,,0.0,,0.0
2020-01-10,37,6066929.0,0,0,0.0,0.0,0.0,0.0,,,0.0,,0.0
2020-01-13,37,6066929.0,0,0,0.0,0.0,0.0,0.0,,,0.0,,0.0
2020-01-14,37,6066929.0,0,0,0.0,0.00415,0.00415,0.00415,,,742171.0,,742171.0
2020-01-15,37,6078731.0,0,0,0.0,0.02128,0.02128,0.02128,,,3910624.0,,3910624.0
2020-01-16,37,6208093.0,0,0,0.0,0.02084,0.02084,0.02084,,,3962355.0,,3962355.0
2020-01-17,37,6078735.0,0,0,0.0,0.03192,0.03192,0.03192,,,5961091.0,,5961091.0
2020-01-21,37,5884694.0,0,0,0.0,0.0,0.0,0.0,,,0.0,,0.0
2020-01-22,37,5884694.0,0,0,0.0,0.0,0.0,0.0,,,0.0,,0.0
2020-01-23,37,5884694.0,0,0,0.0,0.0,0.0,0.0,,,0.0,,0.0
2020-01-24,37,5884694.0,0,0,0.0,0.02198,0.02198,0.02198,,,3946059.0,,3946059.0
2020-01-27,37,6014054.0,0,0,0.0,0.0,0.0,0.0,,,0.0,,0.0
2020-01-28,37,6014054.0,0,0,0.0,0.01789,0.01789,0.01789,,,4529785.0,,4529785.0
2020-01-29,37,5947314.0,0,0,0.0,0.00034,0.00034,0.00034,,,107800.0,,107800.0
2020-01-30,37,5945314.0,0,1,0.02703,0.00816,0.00581,0.00816,,,2677530.0,,2677530.0
2020-01-31,36,5916946.0,0,0,0.0,0.02849,0.02849,0.02849,,,6439629.0,,6439629.0
2020-02-03,36,5951965.0,0,0,0.0,0.0,0.0,0.0,,,0.0,,0.0
2020-02-04,36,5951965.0,2,0,0.05556,0.09599,0.09205,0.09599,,,13291489.0,,13291489.0
2020-02-05,38,5549950.0,0,0,0.0,0.04598,0.04598,0.04598,,,12092182.0,,12092182.0
2020-02-06,38,5703457.0,0,0,0.0,0.0,0.0,0.0,,,0.0,,0.0
2020-02-07,38,5703457.0,0,0,0.0,0.00883,0.00883,0.00883,,,2303792.0,,2303792.0
2020-02-10,38,5678078.0,0,0,0.0,0.0096,0.0096,0.0096,,,1193343.0,,1193343.0
2020-02-11,38,5635725.0,0,0,0.0,0.02192,0.02192,0.02192,,,4743151.0,,4743151.0
2020-02-12,38,5756070.0,0,0,0.0,0.0,0.0,0.0,,,0.0,,0.0
2020-02-13,38,5756070.0,0,0,0.0,0.0,0.0,0.0,,,0.0,,0.0
2020-02-14,38,5756070.0,0,0,0.0,0.0,0.0,0.0,,,0.0,,0.0
2020-02-18,38,5756070.0,0,0,0.0,0.02112,0.02112,0.02112,,,4479985.0,,4479985.0
2020-02-19,38,5872865.0,0,0,0.0,0.0,0.0,0.0,,,0.0,,0.0
2020-02-20,38,5872865.0,0,0,0.0,0.0,0.0,0.0,,,0.0,,0.0
2020-02-21,38,5872865.0,0,0,0.0,0.00326,0.00326,0.00326,,,813026.0,,813026.0
2020-02-24,38,5859188.0,0,0,0.0,0.0,0.0,0.0,,,0.0,,0.0
2020-02-25,38,5859188.0,0,0,0.0,0.00716,0.00716,0.00716,,,1641125.0,,1641125.0
2020-02-26,38,5848122.0,0,1,0.02632,0.01866,0.0157,0.01866,,,3838076.0,,3838076.0
2020-02-27,37,5905171.0,0,0,0.0,0.0,0.0,0.0,,,0.0,,0.0
2020-02-28,37,5905171.0,0,0,0.0,0.0381,0.0381,0.0381,,,9849775.0,,9849775.0
2020-03-02,37,5992143.0,0,0,0.0,0.01168,0.01168,0.01168,,,2463979.0,,2463979.0
2020-03-03,37,5928624.0,0,0,0.0,0.02129,0.02129,0.02129,,,1479040.0,,1479040.0
2020-03-04,37,5837638.0,0,0,0.0,0.00162,0.00162,0.00162,,,768240.0,,768240.0
2020-03-05,37,5832224.0,0,0,0.0,0.0,0.0,0.0,,,0.0,,0.0
2020-03-06,37,5832224.0,0,0,0.0,0.01021,0.01021,0.01021,,,1834531.0,,1834531.0
2020-03-09,37,5891779.0,0,0,0.0,0.01204,0.01204,0.01204,,,3111243.0,,3111243.0
2020-03-10,37,5949165.0,0,1,0.02703,0.05697,0.01907,0.05697,,,9385283.0,,9385283.0
2020-03-11,36,5779788.0,0,0,0.0,0.0,0.0,0.0,,,0.0,,0.0
2020-03-12,36,5779788.0,0,0,0.0,0.00757,0.00757,0.00757,,,1802648.0,,1802648.0
2020-03-13,36,5766445.0,0,0,0.0,0.00507,0.00507,0.00507,,,1375910.0,,1375910.0
2020-03-16,36,5777628.0,0,0,0.0,0.0,0.0,0.0,,,0.0,,0.0
2020-03-17,36,5777628.0,0,0,0.0,0.01499,0.01499,0.01499,,,2607822.0,,2607822.0
2020-03-18,36,5733675.0,0,0,0.0,0.01362,0.01362,0.01362,,,2383408.0,,2383408.0
2020-03-19,36,5748329.0,0,0,0.0,0.00731,0.00731,0.00731,,,1157747.0,,1157747.0
2020-03-20,36,5760496.0,0,0,0.0,0.01501,0.01501,0.01501,,,2473629.0,,2473629.0
2020-03-23,36,5782982.0,0,0,0.0,0.0023,0.0023,0.0023,,,707682.0,,707682.0
2020-03-24,36,5780370.0,0,0,0.0,0.0557,0.0557,0.0557,,,4947105.0,,4947105.0
2020-03-25,36,5519436.0,0,0,0.0,0.02376,0.02376,0.02376,,,3318505.0,,3318505.0
2020-03-26,36,5478857.0,0,0,0.0,0.00802,0.00802,0.00802,,,1461125.0,,1461125.0
2020-03-27,36,5478768.0,0,0,0.0,0.0,0.0,0.0,,,0.0,,0.0
2020-03-30,36,5478768.0,0,0,0.0,0.01021,0.01021,0.01021,,,1650801.0,,1650801.0
2020-03-31,36,5422820.0,0,1,0.02778,0.0051,0.0037,0.0051,,,1595259.0,,1595259.0
2020-04-01,35,5430490.0,0,0,0.0,0.0,0.0,0.0,,,0.0,,0.0
2020-04-02,35,5430490.0,0,0,0.0,0.00801,0.00801,0.00801,,,921730.0,,921730.0
2020-04-03,35,5412697.0,0,0,0.0,0.01856,0.01856,0.01856,,,1160476.0,,1160476.0
2020-04-06,35,5321983.0,0,0,0.0,0.01972,0.01972,0.01972,,,3364876.0,,3364876.0
2020-04-07,35,5217010.0,0,0,0.0,0.0,0.0,0.0,,,0.0,,0.0
2020-04-08,35,5217010.0,0,0,0.0,0.0,0.0,0.0,,,0.0,,0.0
2020-04-09,35,5217010.0,0,0,0.0,0.0,0.0,0.0,,,0.0,,0.0
2020-04-13,35,5217010.0,0,0,0.0,0.0,0.0,0.0,,,0.0,,0.0
2020-04-14,35,5217010.0,0,0,0.0,0.0,0.0,0.0,,,0.0,,0.0
2020-04-16,35,5217010.0,0,0,0.0,0.0,0.0,0.0,,,0.0,,0.0
2020-04-17,35,5217010.0,0,0,0.0,0.0,0.0,0.0,,,0.0,,0.0
2020-04-20,35,5217010.0,0,0,0.0,0.0,0.0,0.0,,,0.0,,0.0
2020-04-21,35,5217010.0,0,0,0.0,0.02871,0.02871,0.02871,,,5763647.0,,5763647.0
2020-04-22,35,5320364.0,0,0,0.0,0.0026,0.0026,0.0026,,,514012.0,,514012.0
2020-04-23,35,5329779.0,0,0,0.0,0.0045,0.0045,0.0045,,,1402398.0,,1402398.0
2020-04-24,35,5324077.0,0,0,0.0,0.00635,0.00635,0.00635,,,2332674.0,,2332674.0
2020-04-27,35,5320515.0,0,0,0.0,0.0,0.0,0.0,,,0.0,,0.0
2020-04-28,35,5320515.0,0,0,0.0,0.02856,0.02856,0.02856,,,6363926.0,,6363926.0
2020-04-29,35,5455566.0,0,0,0.0,0.00111,0.00111,0.00111,,,98087.0,,98087.0
2020-04-30,35,5461647.0,0,0,0.0,0.04041,0.04041,0.04041,,,7849697.0,,7849697.0
2020-05-01,35,5682339.0,0,0,0.0,0.0,0.0,0.0,,,0.0,,0.0
2020-05-04,35,5682339.0,0,0,0.0,0.00971,0.00971,0.00971,,,1899127.0,,1899127.0
2020-05-05,35,5737523.0,0,0,0.0,0.0,0.0,0.0,,,0.0,,0.0
2020-05-06,35,5737523.0,0,0,0.0,0.0,0.0,0.0,,,0.0,,0.0
2020-05-07,35,5737523.0,0,0,0.0,0.0031,0.0031,0.0031,,,618663.0,,618663.0
2020-05-08,35,5752002.0,0,0,0.0,0.00206,0.00206,0.00206,,,1057328.0,,1057328.0
2020-05-11,35,5744102.0,0,0,0.0,0.00962,0.00962,0.00962,,,2044873.0,,2044873.0
2020-05-12,35,5799378.0,0,0,0.0,0.02343,0.02343,0.02343,,,6627323.0,,6627323.0
2020-05-13,35,5861437.0,0,0,0.0,0.00254,0.00254,0.00254,,,473545.0,,473545.0
2020-05-14,35,5864969.0,0,0,0.0,0.0,0.0,0.0,,,0.0,,0.0
2020-05-15,35,5864969.0,0,0,0.0,0.0,0.0,0.0,,,0.0,,0.0
2020-05-18,35,5864969.0,0,0,0.0,0.00451,0.00451,0.00451,,,1517521.0,,1517521.0
2020-05-19,35,5863848.0,0,0,0.0,0.00329,0.00329,0.00329,,,1773258.0,,1773258.0
2020-05-20,35,5873807.0,0,0,0.0,0.0,0.0,0.0,,,0.0,,0.0
2020-05-21,35,5873807.0,0,0,0.0,0.0,0.0,0.0,,,0.0,,0.0
2020-05-22,35,5873807.0,0,0,0.0,0.0,0.0,0.0,,,0.0,,0.0
2020-05-26,35,5873807.0,0,0,0.0,0.01888,0.01888,0.01888,,,4463248.0,,4463248.0
2020-05-27,35,5984707.0,0,0,0.0,0.05559,0.05559,0.05559,,,13450042.0,,13450042.0
2020-05-28,35,6317384.0,0,0,0.0,0.0,0.0,0.0,,,0.0,,0.0
2020-05-29,35,6317384.0,0,0,0.0,0.00813,0.00813,0.00813,,,4555780.0,,4555780.0
2020-06-01,35,6331562.0,0,0,0.0,0.0,0.0,0.0,,,0.0,,0.0
2020-06-02,35,6331562.0,0,0,0.0,0.01307,0.01307,0.01307,,,5556473.0,,5556473.0
2020-06-03,35,6387284.0,0,0,0.0,0.01378,0.01378,0.01378,,,4730198.0,,4730198.0
2020-06-04,35,6440938.0,0,0,0.0,0.05221,0.05221,0.05221,,,13779618.0,,13779618.0
2020-06-05,35,6777234.0,0,0,0.0,0.01654,0.01654,0.01654,,,4672334.0,,4672334.0
2020-06-08,35,6889311.0,0,0,0.0,0.0,0.0,0.0,,,0.0,,0.0
2020-06-09,35,6889311.0,0,0,0.0,0.0107,0.0107,0.0107,,,4089617.0,,4089617.0
2020-06-10,35,6902579.0,0,0,0.0,0.00929,0.00929,0.00929,,,1663065.0,,1663065.0
2020-06-11,35,6948813.0,0,0,0.0,0.00813,0.00813,0.00813,,,2218022.0,,2218022.0
2020-06-12,35,7005338.0,1,0,0.02857,0.00816,0.00147,0.00816,,,1344633.0,,1344633.0
2020-06-15,36,7041948.0,0,0,0.0,0.0285,0.0285,0.0285,,,7785724.0,,7785724.0
2020-06-16,36,7229866.0,0,0,0.0,0.02472,0.02472,0.02472,,,7710838.0,,7710838.0
2020-06-17,36,7312449.0,0,0,0.0,0.00268,0.00268,0.00268,,,648003.0,,648003.0
2020-06-18,36,7296045.0,0,0,0.0,0.00942,0.00942,0.00942,,,3013179.0,,3013179.0
2020-06-19,36,7354922.0,0,0,0.0,0.00782,0.00782,0.00782,,,2287662.0,,2287662.0
2020-06-22,36,7412416.0,0,0,0.0,0.0,0.0,0.0,,,0.0,,0.0
2020-06-23,36,7412416.0,0,0,0.0,0.04436,0.04436,0.04436,,,10591248.0,,10591248.0
2020-06-24,36,7619852.0,0,0,0.0,0.0,0.0,0.0,,,0.0,,0.0
2020-06-25,36,7619852.0,1,0,0.02778,0.029,0.01543,0.029,,,5978976.0,,5978976.0
2020-06-26,37,7835613.0,0,0,0.0,0.0,0.0,0.0,,,0.0,,0.0
2020-06-29,37,7835613.0,0,0,0.0,0.0,0.0,0.0,,,0.0,,0.0
2020-06-30,37,7835613.0,0,0,0.0,0.00392,0.00392,0.00392,,,3045399.0,,3045399.0
2020-07-01,37,7840914.0,0,0,0.0,0.0121,0.0121,0.0121,,,5718864.0,,5718864.0
2020-07-02,37,7892674.0,0,0,0.0,0.01683,0.01683,0.01683,,,5025881.0,,5025881.0
2020-07-06,37,7996411.0,0,0,0.0,0.0,0.0,0.0,,,0.0,,0.0
2020-07-07,37,7996411.0,0,0,0.0,0.02034,0.02034,0.02034,,,8838584.0,,8838584.0
2020-07-08,37,8130060.0,1,0,0.02703,0.10888,0.06417,0.10888,,,22416199.0,,22416199.0
2020-07-09,38,9013359.0,0,0,0.0,0.02863,0.02863,0.02863,,,2789912.0,,2789912.0
2020-07-10,38,9270650.0,0,0,0.0,0.03392,0.03392,0.03392,,,2013628.0,,2013628.0
2020-07-13,38,9565610.0,0,0,0.0,0.01409,0.01409,0.01409,,,4978483.0,,4978483.0
2020-07-14,38,9700385.0,0,0,0.0,0.08932,0.08932,0.08932,,,38486705.0,,38486705.0
2020-07-15,38,10287871.0,0,0,0.0,0.00655,0.00655,0.00655,,,2450069.0,,2450069.0
2020-07-16,38,10333390.0,0,0,0.0,0.01315,0.01315,0.01315,,,5383385.0,,5383385.0
2020-07-17,38,10451527.0,0,0,0.0,6e-05,6e-05,6e-05,,,78178.0,,78178.0
2020-07-20,38,10452116.0,0,0,0.0,0.00646,0.00646,0.00646,,,2695762.0,,2695762.0
2020-07-21,38,10519586.0,0,0,0.0,0.03725,0.03725,0.03725,,,12769859.0,,12769859.0
2020-07-22,38,10809601.0,0,0,0.0,0.01673,0.01673,0.01673,,,2931030.0,,2931030.0
2020-07-23,38,10990434.0,0,0,0.0,0.00633,0.00633,0.00633,,,2657437.0,,2657437.0
2020-07-24,38,11059967.0,0,0,0.0,0.03772,0.03772,0.03772,,,15671533.0,,15671533.0
2020-07-27,38,11477173.0,0,0,0.0,0.00219,0.00219,0.00219,,,2704912.0,,2704912.0
2020-07-28,38,11482610.0,0,0,0.0,0.01882,0.01882,0.01882,,,14581140.0,,14581140.0
2020-07-29,38,11606978.0,0,0,0.0,0.00645,0.00645,0.00645,,,3177287.0,,3177287.0
2020-07-30,38,11681886.0,0,0,0.0,0.00617,0.00617,0.00617,,,2954640.0,,2954640.0
2020-08-03,38,11754012.0,0,0,0.0,0.01198,0.01198,0.01198,,,5498487.0,,5498487.0
2020-08-04,38,11894827.0,0,0,0.0,0.00588,0.00588,0.00588,,,2697112.0,,2697112.0
2020-08-05,38,11964772.0,0,0,0.0,0.00585,0.00585,0.00585,,,2739359.0,,2739359.0
2020-08-06,38,12034719.0,0,0,0.0,0.00581,0.00581,0.00581,,,2699319.0,,2699319.0
2020-08-07,38,12104665.0,0,0,0.0,0.00749,0.00749,0.00749,,,4314817.0,,4314817.0
2020-08-10,38,12179929.0,0,0,0.0,0.02873,0.02873,0.02873,,,13244254.0,,13244254.0
2020-08-11,38,12529845.0,0,0,0.0,0.01501,0.01501,0.01501,,,2949228.0,,2949228.0
2020-08-12,38,12453142.0,0,0,0.0,0.00011,0.00011,0.00011,,,34187.0,,34187.0
2020-08-13,38,12451820.0,0,0,0.0,0.0064,0.0064,0.0064,,,3183817.0,,3183817.0
2020-08-14,38,12524966.0,0,0,0.0,0.01079,0.01079,0.01079,,,5441228.0,,5441228.0
2020-08-17,38,12660088.0,0,1,0.02632,5e-05,2e-05,5e-05,,,30527.0,,30527.0
2020-08-18,37,12659440.0,0,0,0.0,0.01867,0.01867,0.01867,,,4421565.0,,4421565.0
2020-08-19,37,12705297.0,0,0,0.0,0.0366,0.0366,0.0366,,,2531739.0,,2531739.0
2020-08-20,37,13150651.0,0,0,0.0,0.03297,0.03297,0.03297,,,16593672.0,,16593672.0
2020-08-21,37,13584223.0,0,0,0.0,0.00234,0.00234,0.00234,,,5272427.0,,5272427.0
2020-08-24,37,13576688.0,1,0,0.02703,0.02115,0.01315,0.02115,,,20947410.0,,20947410.0
2020-08-25,38,13711616.0,0,0,0.0,0.01344,0.01344,0.01344,,,8534624.0,,8534624.0
2020-08-26,38,13832779.0,0,0,0.0,0.00376,0.00376,0.00376,,,1876048.0,,1876048.0
2020-08-27,38,13872734.0,0,0,0.0,0.00532,0.00532,0.00532,,,2897395.0,,2897395.0
2020-08-28,38,13946532.0,0,0,0.0,0.0525,0.0525,0.0525,,,29300433.0,,29300433.0
2020-08-31,38,14678691.0,0,0,0.0,0.0,0.0,0.0,,,0.0,,0.0
2020-09-01,38,14678691.0,0,0,0.0,0.01102,0.01102,0.01102,,,4578847.0,,4578847.0
2020-09-02,38,14809287.0,0,0,0.0,0.04686,0.04686,0.04686,,,22912750.0,,22912750.0
2020-09-03,38,15503184.0,0,0,0.0,0.02301,0.02301,0.02301,,,5244313.0,,5244313.0
2020-09-04,38,15838844.0,0,0,0.0,0.00685,0.00685,0.00685,,,6416400.0,,6416400.0
2020-09-08,38,15866073.0,0,0,0.0,0.0,0.0,0.0,,,0.0,,0.0
2020-09-09,38,15866073.0,0,0,0.0,0.01396,0.01396,0.01396,,,14229453.0,,14229453.0
2020-09-10,38,15714685.0,0,0,0.0,0.0244,0.0244,0.0244,,,14263303.0,,14263303.0
2020-09-11,38,16098200.0,0,0,0.0,0.00953,0.00953,0.00953,,,5695651.0,,5695651.0
2020-09-14,38,16251546.0,0,0,0.0,0.00045,0.00045,0.00045,,,290034.0,,290034.0
2020-09-15,38,16244306.0,0,0,0.0,0.00063,0.00063,0.00063,,,415894.0,,415894.0
2020-09-16,38,16234120.0,0,0,0.0,0.02164,0.02164,0.02164,,,14031442.0,,14031442.0
2020-09-17,38,16585405.0,0,0,0.0,0.00831,0.00831,0.00831,,,5398459.0,,5398459.0
2020-09-18,38,16723254.0,0,0,0.0,0.01287,0.01287,0.01287,,,8349387.0,,8349387.0
2020-09-21,38,16938432.0,0,0,0.0,0.00423,0.00423,0.00423,,,2747670.0,,2747670.0
2020-09-22,38,17010163.0,0,0,0.0,0.0,0.0,0.0,,,0.0,,0.0
2020-09-23,38,17010163.0,0,0,0.0,0.00635,0.00635,0.00635,,,497451.0,,497451.0
2020-09-24,38,17118187.0,0,0,0.0,0.02609,0.02609,0.02609,,,2019358.0,,2019358.0
2020-09-25,38,17564773.0,0,0,0.0,0.041,0.041,0.041,,,14431779.0,,14431779.0
2020-09-28,38,17949858.0,0,0,0.0,0.0,0.0,0.0,,,0.0,,0.0
2020-09-29,38,17949858.0,0,0,0.0,0.00227,0.00227,0.00227,,,1026868.0,,1026868.0
2020-09-30,38,17973787.0,0,0,0.0,0.01193,0.01193,0.01193,,,613358.0,,613358.0
2020-10-01,38,18188248.0,0,0,0.0,0.01049,0.01049,0.01049,,,7690765.0,,7690765.0
2020-10-02,38,18379096.0,0,0,0.0,0.0,0.0,0.0,,,0.0,,0.0
2020-10-05,38,18379096.0,0,0,0.0,0.0,0.0,0.0,,,0.0,,0.0
2020-10-06,38,18379096.0,0,0,0.0,0.01384,0.01384,0.01384,,,10238513.0,,10238513.0
2020-10-07,38,18633552.0,0,0,0.0,0.00341,0.00341,0.00341,,,2624776.0,,2624776.0
2020-10-08,38,18697165.0,0,0,0.0,0.0068,0.0068,0.0068,,,5298605.0,,5298605.0
2020-10-09,38,18824387.0,0,0,0.0,0.0,0.0,0.0,,,0.0,,0.0
2020-10-12,38,18824387.0,0,0,0.0,0.0,0.0,0.0,,,0.0,,0.0
2020-10-13,38,18824387.0,1,0,0.02632,0.03587,0.03487,0.03587,,,29817432.0,,29817432.0
2020-10-14,39,19499674.0,0,0,0.0,0.0231,0.0231,0.0231,,,19990382.0,,19990382.0
2020-10-15,39,19932443.0,0,0,0.0,0.00887,0.00887,0.00887,,,6849956.0,,6849956.0
2020-10-16,39,20109197.0,0,0,0.0,0.0032,0.0032,0.0032,,,2791565.0,,2791565.0
2020-10-19,39,20173639.0,0,0,0.0,0.0,0.0,0.0,,,0.0,,0.0
2020-10-20,39,20173639.0,0,0,0.0,0.02218,0.02218,0.02218,,,27621272.0,,27621272.0
2020-10-21,39,20500889.0,0,0,0.0,0.0,0.0,0.0,,,0.0,,0.0
2020-10-22,39,20500889.0,0,0,0.0,0.00943,0.00943,0.00943,,,8282769.0,,8282769.0
2020-10-23,39,20694272.0,0,0,0.0,0.0,0.0,0.0,,,0.0,,0.0
2020-10-26,39,20694272.0,0,0,0.0,0.00389,0.00389,0.00389,,,2988651.0,,2988651.0
2020-10-27,39,20613738.0,0,0,0.0,0.08847,0.08847,0.08847,,,10924988.0,,10924988.0
2020-10-28,39,21745419.0,0,0,0.0,0.00317,0.00317,0.00317,,,2587464.0,,2587464.0
2020-10-29,39,21814275.0,0,0,0.0,0.0,0.0,0.0,,,0.0,,0.0
2020-10-30,39,21814275.0,0,0,0.0,0.0,0.0,0.0,,,0.0,,0.0
2020-11-02,39,21814275.0,0,0,0.0,0.0,0.0,0.0,,,0.0,,0.0
2020-11-03,39,21814275.0,1,0,0.02564,0.01212,0.01113,0.01212,,,15525947.0,,15525947.0
2020-11-04,40,21952633.0,0,0,0.0,0.00632,0.00632,0.00632,,,5482504.0,,5482504.0
2020-11-05,40,22091481.0,0,0,0.0,0.022,0.022,0.022,,,19878099.0,,19878099.0
2020-11-06,40,22577393.0,0,0,0.0,0.0123,0.0123,0.0123,,,11346646.0,,11346646.0
2020-11-09,40,22855053.0,0,0,0.0,0.00911,0.00911,0.00911,,,8487694.0,,8487694.0
2020-11-10,40,23063307.0,0,0,0.0,0.00988,0.00988,0.00988,,,14081566.0,,14081566.0
2020-11-11,40,23291086.0,0,0,0.0,0.0,0.0,0.0,,,0.0,,0.0
2020-11-12,40,23291086.0,0,0,0.0,0.00298,0.00298,0.00298,,,2832117.0,,2832117.0
2020-11-13,40,23360571.0,0,0,0.0,0.00892,0.00892,0.00892,,,8617120.0,,8617120.0
2020-11-16,40,23569029.0,0,0,0.0,0.00885,0.00885,0.00885,,,8699615.0,,8699615.0
2020-11-17,40,23777499.0,0,0,0.0,0.04335,0.04335,0.04335,,,22838091.0,,22838091.0
2020-11-18,40,23424791.0,0,0,0.0,0.00577,0.00577,0.00577,,,5913476.0,,5913476.0
2020-11-19,40,23559839.0,0,0,0.0,0.00573,0.00573,0.00573,,,6013490.0,,6013490.0
2020-11-20,40,23694893.0,0,0,0.0,0.01995,0.01995,0.01995,,,21034804.0,,21034804.0
2020-11-23,40,24167533.0,0,0,0.0,0.04976,0.04976,0.04976,,,14405089.0,,14405089.0
2020-11-24,40,25370141.0,0,0,0.0,0.04332,0.04332,0.04332,,,22117465.0,,22117465.0
2020-11-25,40,24918373.0,0,0,0.0,0.02596,0.02596,0.02596,,,29550754.0,,29550754.0
2020-11-27,40,25565211.0,0,0,0.0,0.00538,0.00538,0.00538,,,6388635.0,,6388635.0
2020-11-30,40,25702723.0,0,0,0.0,0.00547,0.00547,0.00547,,,5654590.0,,5654590.0
2020-12-01,40,25817140.0,0,0,0.0,0.0287,0.0287,0.0287,,,59636713.0,,59636713.0
2020-12-02,40,26292656.0,0,0,0.0,0.01355,0.01355,0.01355,,,14735120.0,,14735120.0
2020-12-03,40,26646730.0,0,0,0.0,0.01704,0.01704,0.01704,,,16999872.0,,16999872.0
2020-12-04,40,27100898.0,0,0,0.0,0.01184,0.01184,0.01184,,,20002528.0,,20002528.0
2020-12-07,40,27387404.0,0,0,0.0,0.00769,0.00769,0.00769,,,10042601.0,,10042601.0
2020-12-08,40,27597995.0,0,0,0.0,0.02564,0.02564,0.02564,,,36172546.0,,36172546.0
2020-12-09,40,28305483.0,0,0,0.0,0.00704,0.00704,0.00704,,,11272215.0,,11272215.0
2020-12-10,40,28474943.0,0,0,0.0,0.02657,0.02657,0.02657,,,33986985.0,,33986985.0
2020-12-11,40,29231489.0,0,0,0.0,0.0,0.0,0.0,,,0.0,,0.0
2020-12-14,40,29231489.0,0,0,0.0,0.01446,0.01446,0.01446,,,19765414.0,,19765414.0
2020-12-15,40,29654129.0,0,0,0.0,0.01707,0.01707,0.01707,,,24045311.0,,24045311.0
2020-12-16,40,30158689.0,0,0,0.0,0.01168,0.01168,0.01168,,,16678093.0,,16678093.0
2020-12-17,40,30510999.0,0,0,0.0,0.00684,0.00684,0.00684,,,9773624.0,,9773624.0
2020-12-18,40,30719721.0,0,0,0.0,0.00992,0.00992,0.00992,,,16954490.0,,16954490.0
2020-12-21,40,31024475.0,0,0,0.0,0.00088,0.00088,0.00088,,,729052.0,,729052.0
2020-12-22,40,31051648.0,0,0,0.0,0.03823,0.03823,0.03823,,,59756104.0,,59756104.0
2020-12-23,40,32197288.0,0,0,0.0,0.0257,0.0257,0.0257,,,39455394.0,,39455394.0
2020-12-24,40,33002966.0,0,0,0.0,0.03844,0.03844,0.03844,,,61517657.0,,61517657.0
2020-12-28,40,34271659.0,1,0,0.025,0.00801,0.0066,0.00801,,,18447116.0,,18447116.0
2020-12-29,41,34440875.0,0,0,0.0,0.03039,0.03039,0.03039,,,54391787.0,,54391787.0
2020-12-30,41,35439033.0,0,0,0.0,0.00692,0.00692,0.00692,,,14794659.0,,14794659.0
2020-12-31,41,35605885.0,0,0,0.0,0.00793,0.00793,0.00793,,,13885878.0,,13885878.0
2021-01-04,41,35888337.0,0,0,0.0,0.0059,0.0059,0.0059,,,10515740.0,,10515740.0
2021-01-05,41,36100194.0,0,0,0.0,0.04119,0.04119,0.04119,,,59154232.0,,59154232.0
2021-01-06,41,36727798.0,0,0,0.0,0.03541,0.03541,0.03541,,,64079255.0,,64079255.0
2021-01-07,41,38028458.0,0,0,0.0,0.01135,0.01135,0.01135,,,22793996.0,,22793996.0
2021-01-08,41,38459902.0,0,0,0.0,0.04726,0.04726,0.04726,,,112921558.0,,112921558.0
2021-01-11,41,39904877.0,0,0,0.0,0.03979,0.03979,0.03979,,,92264922.0,,92264922.0
2021-01-12,41,41440099.0,3,0,0.07317,0.03284,0.0295,0.03284,,,105708177.0,,105708177.0
2021-01-13,44,42317768.0,0,0,0.0,0.02435,0.02435,0.02435,,,86209344.0,,86209344.0
2021-01-14,44,42349018.0,0,0,0.0,0.00822,0.00822,0.00822,,,18656698.0,,18656698.0
2021-01-15,44,42697255.0,0,0,0.0,0.02641,0.02641,0.02641,,,75430167.0,,75430167.0
2021-01-19,44,43824771.0,0,0,0.0,0.02068,0.02068,0.02068,,,61259544.0,,61259544.0
2021-01-20,44,44730878.0,0,0,0.0,0.02729,0.02729,0.02729,,,69168305.0,,69168305.0
2021-01-21,44,45951713.0,0,0,0.0,0.0463,0.0463,0.0463,,,113996279.0,,113996279.0
2021-01-22,44,46783998.0,0,0,0.0,0.03512,0.03512,0.03512,,,91506042.0,,91506042.0
2021-01-25,44,48323623.0,0,0,0.0,0.01063,0.01063,0.01063,,,32310255.0,,32310255.0
2021-01-26,44,48805582.0,0,0,0.0,0.03953,0.03953,0.03953,,,119335611.0,,119335611.0
2021-01-27,44,50666590.0,1,0,0.02273,0.01418,0.01265,0.01418,,,52504335.0,,52504335.0
2021-01-28,45,51067911.0,0,0,0.0,0.03152,0.03152,0.03152,,,67918114.0,,67918114.0
2021-01-29,45,51997903.0,0,0,0.0,0.0095,0.0095,0.0095,,,22761949.0,,22761949.0
2021-02-01,45,52447821.0,0,0,0.0,0.03874,0.03874,0.03874,,,66920365.0,,66920365.0
2021-02-02,45,53103242.0,0,0,0.0,0.0,0.0,0.0,,,0.0,,0.0
2021-02-03,45,53103242.0,0,0,0.0,0.03313,0.03313,0.03313,,,118683020.0,,118683020.0
2021-02-04,45,54651846.0,0,0,0.0,0.0215,0.0215,0.0215,,,90684004.0,,90684004.0
2021-02-05,45,55349975.0,0,0,0.0,0.00978,0.00978,0.00978,,,39889118.0,,39889118.0
2021-02-08,45,55670455.0,0,0,0.0,0.0389,0.0389,0.0389,,,97039706.0,,97039706.0
2021-02-09,45,57836224.0,1,0,0.02222,0.03646,0.03411,0.03646,,,155732238.0,,155732238.0
2021-02-10,46,59217773.0,0,0,0.0,0.03914,0.03914,0.03914,,,143458432.0,,143458432.0
2021-02-11,46,60896935.0,0,0,0.0,0.01551,0.01551,0.01551,,,57714324.0,,57714324.0
2021-02-12,46,61841151.0,0,0,0.0,0.02026,0.02026,0.02026,,,69841558.0,,69841558.0
2021-02-16,46,63094096.0,0,0,0.0,0.01638,0.01638,0.01638,,,100815319.0,,100815319.0
2021-02-17,46,63659314.0,1,0,0.02174,0.02517,0.01931,0.02517,,,106526657.0,,106526657.0
2021-02-18,47,65149216.0,0,0,0.0,0.01281,0.01281,0.01281,,,54696964.0,,54696964.0
2021-02-19,47,65642345.0,0,0,0.0,0.00432,0.00432,0.00432,,,5278763.0,,5278763.0
2021-02-22,47,65752768.0,1,0,0.02128,0.02805,0.02361,0.02805,,,107465170.0,,107465170.0
2021-02-23,48,67460356.0,0,0,0.0,0.00821,0.00821,0.00821,,,44618564.0,,44618564.0
2021-02-24,48,67961861.0,0,0,0.0,0.01922,0.01922,0.01922,,,66552873.0,,66552873.0
2021-02-25,48,67928482.0,1,0,0.02083,0.02579,0.02548,0.02579,,,72790925.0,,72790925.0
2021-02-26,49,68232184.0,0,0,0.0,0.02753,0.02753,0.02753,,,124964337.0,,124964337.0
2021-03-01,49,68226286.0,0,0,0.0,0.02697,0.02697,0.02697,,,85785954.0,,85785954.0
2021-03-02,49,68271764.0,0,1,0.02041,0.00213,0.00213,0.00213,,,8694776.0,,8694776.0
2021-03-03,48,68149348.0,0,0,0.0,0.01266,0.01266,0.01266,,,34591993.0,,34591993.0
2021-03-04,48,68667951.0,1,0,0.02083,0.0139,0.01137,0.0139,,,66141233.0,,66141233.0
2021-03-05,49,68303647.0,0,0,0.0,0.03292,0.03292,0.03292,,,113607003.0,,113607003.0
2021-03-08,49,67791439.0,0,0,0.0,0.03572,0.03572,0.03572,,,113241841.0,,113241841.0
2021-03-09,49,66561280.0,0,0,0.0,0.01787,0.01787,0.01787,,,63313112.0,,63313112.0
2021-03-10,49,65612485.0,0,0,0.0,0.01364,0.01364,0.01364,,,56668669.0,,56668669.0
2021-03-11,49,66306424.0,0,0,0.0,0.00414,0.00414,0.00414,,,15599875.0,,15599875.0
2021-03-12,49,66519893.0,1,0,0.02041,0.00593,0.00272,0.00593,,,22479159.0,,22479159.0
2021-03-15,50,66850477.0,0,0,0.0,0.01301,0.01301,0.01301,,,43288943.0,,43288943.0
2021-03-16,50,67687395.0,0,1,0.02,0.0235,0.02344,0.0235,,,44935872.0,,44935872.0
2021-03-17,49,69120804.0,0,4,0.08163,0.00624,0.00624,0.00624,,,12110945.0,,12110945.0
2021-03-18,45,69542146.0,0,0,0.0,0.0001,0.0001,0.0001,,,217212.0,,217212.0
2021-03-19,45,69535246.0,0,0,0.0,0.00093,0.00093,0.00093,,,2600676.0,,2600676.0
2021-03-22,45,69483538.0,0,0,0.0,0.00177,0.00177,0.00177,,,6173103.0,,6173103.0
2021-03-23,45,69377602.0,0,0,0.0,0.0092,0.0092,0.0092,,,45072565.0,,45072565.0
2021-03-24,45,69397528.0,0,0,0.0,0.01585,0.01585,0.01585,,,49383215.0,,49383215.0
2021-03-25,45,69827193.0,1,0,0.02222,0.00617,0.00587,0.00617,,,34651873.0,,34651873.0
2021-03-26,46,69503336.0,0,0,0.0,0.0026,0.0026,0.0026,,,17244367.0,,17244367.0
2021-03-29,46,69387923.0,0,0,0.0,0.01145,0.01145,0.01145,,,36822651.0,,36822651.0
2021-03-30,46,69355215.0,0,0,0.0,0.00531,0.00531,0.00531,,,16697888.0,,16697888.0
2021-03-31,46,69066883.0,0,0,0.0,0.0023,0.0023,0.0023,,,26813535.0,,26813535.0
2021-04-01,46,69176436.0,0,0,0.0,0.00465,0.00465,0.00465,,,16001913.0,,16001913.0
2021-04-05,46,69498221.0,0,0,0.0,0.0,0.0,0.0,,,0.0,,0.0
2021-04-06,46,69498221.0,0,0,0.0,0.00473,0.00473,0.00473,,,16518879.0,,16518879.0
2021-04-07,46,69813261.0,0,0,0.0,0.0,0.0,0.0,,,0.0,,0.0
2021-04-08,46,69813261.0,0,0,0.0,0.01749,0.01749,0.01749,,,108954147.0,,108954147.0
2021-04-09,46,70458563.0,0,0,0.0,0.00804,0.00804,0.00804,,,22428060.0,,22428060.0
2021-04-12,46,70836538.0,0,0,0.0,0.00048,0.00048,0.00048,,,3608939.0,,3608939.0
2021-04-13,46,70870239.0,0,0,0.0,0.01638,0.01638,0.01638,,,45969789.0,,45969789.0
2021-04-14,46,71802766.0,0,0,0.0,0.01819,0.01819,0.01819,,,45173637.0,,45173637.0
2021-04-15,46,72819531.0,0,0,0.0,0.00111,0.00111,0.00111,,,3476218.0,,3476218.0
2021-04-16,46,72888323.0,1,0,0.02174,0.0141,0.0041,0.0141,,,70976434.0,,70976434.0
2021-04-19,47,73526722.0,0,0,0.0,0.00155,0.00155,0.00155,,,5449861.0,,5449861.0
2021-04-20,47,73450895.0,0,0,0.0,0.04656,0.04656,0.04656,,,85221813.0,,85221813.0
2021-04-21,47,73763439.0,0,0,0.0,0.02521,0.02521,0.02521,,,66012982.0,,66012982.0
2021-04-22,47,73541976.0,1,0,0.02128,0.01253,0.00999,0.01253,,,41897439.0,,41897439.0
2021-04-23,48,73020366.0,0,0,0.0,0.00594,0.00594,0.00594,,,11089698.0,,11089698.0
2021-04-26,48,73092513.0,0,0,0.0,0.0069,0.0069,0.0069,,,17638717.0,,17638717.0
2021-04-27,48,72609572.0,0,2,0.04167,0.00834,0.00823,0.00834,,,17734572.0,,17734572.0
2021-04-28,46,72265187.0,0,0,0.0,0.01327,0.01327,0.01327,,,20911897.0,,20911897.0
2021-04-29,46,71621218.0,1,0,0.02174,0.00836,0.00129,0.00836,,,9867806.0,,9867806.0
2021-04-30,47,72038601.0,0,0,0.0,0.03518,0.03518,0.03518,,,47847169.0,,47847169.0
2021-05-03,47,71688835.0,0,0,0.0,0.0,0.0,0.0,,,0.0,,0.0
2021-05-04,47,71688835.0,0,0,0.0,0.01698,0.01698,0.01698,,,60666945.0,,60666945.0
2021-05-05,47,71247101.0,0,0,0.0,0.01137,0.01137,0.01137,,,52230723.0,,52230723.0
2021-05-06,47,71140854.0,0,0,0.0,0.00743,0.00743,0.00743,,,27523293.0,,27523293.0
2021-05-07,47,70968697.0,0,0,0.0,0.06068,0.06068,0.06068,,,175685592.0,,175685592.0
2021-05-10,47,68668830.0,0,0,0.0,0.03009,0.03009,0.03009,,,50941856.0,,50941856.0
2021-05-11,47,66968649.0,0,0,0.0,0.02187,0.02187,0.02187,,,55849332.0,,55849332.0
2021-05-12,47,66143640.0,0,0,0.0,0.04182,0.04182,0.04182,,,56598667.0,,56598667.0
2021-05-13,47,65124665.0,0,0,0.0,0.01398,0.01398,0.01398,,,41099413.0,,41099413.0
2021-05-14,47,64410696.0,0,0,0.0,0.00716,0.00716,0.00716,,,25877772.0,,25877772.0
2021-05-17,47,64113246.0,0,0,0.0,0.00273,0.00273,0.00273,,,7695547.0,,7695547.0
2021-05-18,47,63938039.0,0,0,0.0,0.00868,0.00868,0.00868,,,29735313.0,,29735313.0
2021-05-19,47,63567370.0,0,0,0.0,0.01349,0.01349,0.01349,,,24589385.0,,24589385.0
2021-05-20,47,63404252.0,0,0,0.0,0.00832,0.00832,0.00832,,,24792982.0,,24792982.0
2021-05-21,47,63337856.0,0,1,0.02128,0.01528,0.01523,0.01528,,,17312983.0,,17312983.0
2021-05-24,46,63476913.0,0,0,0.0,0.00098,0.00098,0.00098,,,618330.0,,618330.0
2021-05-25,46,63517637.0,0,0,0.0,0.00883,0.00883,0.00883,,,21773457.0,,21773457.0
2021-05-26,46,63930475.0,0,1,0.02174,0.00356,0.00356,0.00356,,,6446296.0,,6446296.0
2021-05-27,45,64090127.0,0,1,0.02222,0.00295,0.00295,0.00295,,,6154451.0,,6154451.0
2021-05-28,44,64211774.0,0,0,0.0,0.0012,0.0012,0.0012,,,2108487.0,,2108487.0
2021-06-01,44,64253073.0,0,0,0.0,1e-05,1e-05,1e-05,,,265230.0,,265230.0
2021-06-02,44,64253830.0,0,0,0.0,0.00182,0.00182,0.00182,,,26761694.0,,26761694.0
2021-06-03,44,64177351.0,0,0,0.0,0.00282,0.00282,0.00282,,,15046393.0,,15046393.0
2021-06-04,44,64263845.0,0,0,0.0,0.00315,0.00315,0.00315,,,8500803.0,,8500803.0
2021-06-07,44,64285013.0,0,0,0.0,0.00331,0.00331,0.00331,,,19629514.0,,19629514.0
2021-06-08,44,64298815.0,0,0,0.0,0.00299,0.00299,0.00299,,,8524126.0,,8524126.0
2021-06-09,44,64247665.0,0,0,0.0,0.00873,0.00873,0.00873,,,39991701.0,,39991701.0
2021-06-10,44,64228969.0,0,0,0.0,0.01028,0.01028,0.01028,,,45544464.0,,45544464.0
2021-06-11,44,64180916.0,0,0,0.0,0.00434,0.00434,0.00434,,,15981944.0,,15981944.0
2021-06-14,44,64242752.0,1,0,0.02273,0.003,0.00267,0.003,,,6655833.0,,6655833.0
2021-06-15,45,64093458.0,0,0,0.0,0.0065,0.0065,0.0065,,,11884656.0,,11884656.0
2021-06-16,45,63770857.0,0,0,0.0,0.0037,0.0037,0.0037,,,12407049.0,,12407049.0
2021-06-17,45,63883144.0,0,0,0.0,0.01117,0.01117,0.01117,,,15282032.0,,15282032.0
2021-06-18,45,63522949.0,0,0,0.0,0.01381,0.01381,0.01381,,,10811021.0,,10811021.0
2021-06-21,45,63040437.0,0,0,0.0,0.00272,0.00272,0.00272,,,2323739.0,,2323739.0
2021-06-22,45,63207328.0,0,0,0.0,0.02103,0.02103,0.02103,,,66669689.0,,66669689.0
2021-06-23,45,63013128.0,0,0,0.0,0.01079,0.01079,0.01079,,,14691596.0,,14691596.0
2021-06-24,45,62831986.0,0,0,0.0,0.01473,0.01473,0.01473,,,17714318.0,,17714318.0
2021-06-25,45,62234041.0,0,0,0.0,7e-05,7e-05,7e-05,,,41958.0,,41958.0
2021-06-28,45,62229841.0,0,0,0.0,0.0026,0.0026,0.0026,,,8183513.0,,8183513.0
2021-06-29,45,62389805.0,0,0,0.0,0.00566,0.00566,0.00566,,,20011320.0,,20011320.0
2021-06-30,45,62332222.0,0,0,0.0,0.00273,0.00273,0.00273,,,6222268.0,,6222268.0
2021-07-01,45,62482663.0,0,0,0.0,0.00583,0.00583,0.00583,,,20784730.0,,20784730.0
2021-07-02,45,62615180.0,0,0,0.0,0.0014,0.0014,0.0014,,,4275039.0,,4275039.0
2021-07-06,45,62527533.0,0,0,0.0,0.0,0.0,0.0,,,0.0,,0.0
2021-07-07,45,62527533.0,0,0,0.0,0.0014,0.0014,0.0014,,,4178305.0,,4178305.0
2021-07-08,45,62440306.0,0,0,0.0,0.00736,0.00736,0.00736,,,25795108.0,,25795108.0
2021-07-09,45,62243455.0,0,0,0.0,0.00179,0.00179,0.00179,,,4368728.0,,4368728.0
2021-07-12,45,62268670.0,0,0,0.0,0.0014,0.0014,0.0014,,,4166562.0,,4166562.0
2021-07-13,45,62181440.0,0,0,0.0,0.00037,0.00037,0.00037,,,635075.0,,635075.0
2021-07-14,45,62204268.0,0,0,0.0,0.00277,0.00277,0.00277,,,9150215.0,,9150215.0
2021-07-15,45,62329356.0,0,0,0.0,0.00491,0.00491,0.00491,,,12722356.0,,12722356.0
2021-07-16,45,62250965.0,0,0,0.0,0.00611,0.00611,0.00611,,,20446626.0,,20446626.0
2021-07-19,45,62075142.0,0,0,0.0,0.00337,0.00337,0.00337,,,10623662.0,,10623662.0
2021-07-20,45,61907047.0,0,1,0.02222,0.00691,0.00691,0.00691,,,30364441.0,,30364441.0
2021-07-21,44,61696295.0,0,0,0.0,0.00727,0.00727,0.00727,,,29643096.0,,29643096.0
2021-07-22,44,61595091.0,0,0,0.0,0.00728,0.00728,0.00728,,,27635716.0,,27635716.0
2021-07-23,44,61534629.0,0,0,0.0,0.00536,0.00536,0.00536,,,3272544.0,,3272544.0
2021-07-26,44,61584326.0,0,0,0.0,0.00853,0.00853,0.00853,,,15716910.0,,15716910.0
2021-07-27,44,61434448.0,0,1,0.02273,0.00607,0.00607,0.00607,,,19383073.0,,19383073.0
2021-07-28,43,61526682.0,0,0,0.0,0.03644,0.03644,0.03644,,,95213955.0,,95213955.0
2021-07-29,43,60848107.0,0,0,0.0,0.02499,0.02499,0.02499,,,76058995.0,,76058995.0
2021-07-30,43,59948610.0,0,0,0.0,0.01198,0.01198,0.01198,,,22500542.0,,22500542.0
2021-08-02,43,59709814.0,0,0,0.0,0.02221,0.02221,0.02221,,,63885756.0,,63885756.0
2021-08-03,43,59476124.0,0,0,0.0,0.02553,0.02553,0.02553,,,94576962.0,,94576962.0
2021-08-04,43,59284303.0,0,1,0.02326,0.01463,0.01463,0.01463,,,38985574.0,,38985574.0
2021-08-05,42,58531104.0,0,1,0.02381,0.01474,0.01474,0.01474,,,39850865.0,,39850865.0
2021-08-06,41,58346760.0,0,1,0.02439,0.00198,0.00198,0.00198,,,7169094.0,,7169094.0
2021-08-09,40,58293225.0,0,0,0.0,0.0031,0.0031,0.0031,,,7617497.0,,7617497.0
2021-08-10,40,58473671.0,0,0,0.0,0.00024,0.00024,0.00024,,,1111874.0,,1111874.0
2021-08-11,40,58487590.0,0,0,0.0,0.01535,0.01535,0.01535,,,22196432.0,,22196432.0
2021-08-12,40,58683827.0,0,0,0.0,0.00353,0.00353,0.00353,,,13816175.0,,13816175.0
2021-08-13,40,58494203.0,1,0,0.025,0.01918,0.00962,0.01918,,,35856790.0,,35856790.0
2021-08-16,41,58749721.0,0,0,0.0,0.00507,0.00507,0.00507,,,10348903.0,,10348903.0
2021-08-17,41,58671949.0,0,0,0.0,0.00596,0.00596,0.00596,,,16949418.0,,16949418.0
2021-08-18,41,58393990.0,0,0,0.0,0.00942,0.00942,0.00942,,,28060516.0,,28060516.0
2021-08-19,41,58266724.0,0,0,0.0,0.0073,0.0073,0.0073,,,19897311.0,,19897311.0
2021-08-20,41,58291526.0,0,0,0.0,0.00689,0.00689,0.00689,,,17039615.0,,17039615.0
2021-08-23,41,57923550.0,0,0,0.0,0.01047,0.01047,0.01047,,,27033224.0,,27033224.0
2021-08-24,41,58028742.0,0,0,0.0,0.01669,0.01669,0.01669,,,66000292.0,,66000292.0
2021-08-25,41,58269734.0,0,0,0.0,0.0069,0.0069,0.0069,,,23852494.0,,23852494.0
2021-08-26,41,58333742.0,0,0,0.0,0.00555,0.00555,0.00555,,,11210032.0,,11210032.0
2021-08-27,41,58354985.0,0,0,0.0,0.01365,0.01365,0.01365,,,21965699.0,,21965699.0
2021-08-30,41,58901887.0,0,0,0.0,0.00559,0.00559,0.00559,,,9262503.0,,9262503.0
2021-08-31,41,59066460.0,0,0,0.0,0.03043,0.03043,0.03043,,,46705382.0,,46705382.0
2021-09-01,41,60436569.0,0,0,0.0,0.02542,0.02542,0.02542,,,33085393.0,,33085393.0
2021-09-02,41,60702148.0,0,0,0.0,0.0081,0.0081,0.0081,,,11984143.0,,11984143.0
2021-09-03,41,60873386.0,0,2,0.04878,0.01595,0.01594,0.01595,,,27521701.0,,27521701.0
2021-09-07,39,61617127.0,0,0,0.0,0.00311,0.00311,0.00311,,,5050535.0,,5050535.0
2021-09-08,39,61771026.0,0,0,0.0,0.00917,0.00917,0.00917,,,14123349.0,,14123349.0
2021-09-09,39,61731707.0,0,0,0.0,0.0119,0.0119,0.0119,,,54329912.0,,54329912.0
2021-09-10,39,61518621.0,0,0,0.0,0.00669,0.00669,0.00669,,,31505623.0,,31505623.0
2021-09-13,39,61556391.0,0,0,0.0,0.00308,0.00308,0.00308,,,10952093.0,,10952093.0
2021-09-14,39,61500929.0,0,0,0.0,0.00458,0.00458,0.00458,,,12821771.0,,12821771.0
2021-09-15,39,61260593.0,0,1,0.02564,0.00486,0.00485,0.00486,,,11595982.0,,11595982.0
2021-09-16,38,61144590.0,0,0,0.0,0.01314,0.01314,0.01314,,,27516114.0,,27516114.0
2021-09-17,38,61664393.0,0,0,0.0,0.01282,0.01282,0.01282,,,31735303.0,,31735303.0
2021-09-20,38,62316278.0,0,0,0.0,0.00319,0.00319,0.00319,,,9064002.0,,9064002.0
2021-09-21,38,62214500.0,0,0,0.0,0.00376,0.00376,0.00376,,,9448773.0,,9448773.0
2021-09-22,38,62118044.0,0,0,0.0,0.00524,0.00524,0.00524,,,22089574.0,,22089574.0
2021-09-23,38,62331141.0,0,0,0.0,0.00233,0.00233,0.00233,,,5598598.0,,5598598.0
2021-09-24,38,62454530.0,0,0,0.0,0.00287,0.00287,0.00287,,,9325759.0,,9325759.0
2021-09-27,38,62298078.0,0,0,0.0,0.00611,0.00611,0.00611,,,19766422.0,,19766422.0
2021-09-28,38,61917725.0,0,0,0.0,0.00746,0.00746,0.00746,,,34377873.0,,34377873.0
2021-09-29,38,62263284.0,0,0,0.0,0.01971,0.01971,0.01971,,,91645175.0,,91645175.0
2021-09-30,38,62871125.0,0,0,0.0,0.0087,0.0087,0.0087,,,18649957.0,,18649957.0
2021-10-01,38,63029983.0,0,0,0.0,0.00229,0.00229,0.00229,,,8631179.0,,8631179.0
2021-10-04,38,63109153.0,0,0,0.0,0.00293,0.00293,0.00293,,,6439860.0,,6439860.0
2021-10-05,38,63113368.0,0,0,0.0,0.01317,0.01317,0.01317,,,95958168.0,,95958168.0
2021-10-06,38,62995321.0,0,0,0.0,0.00503,0.00503,0.00503,,,4140449.0,,4140449.0
2021-10-07,38,62997285.0,0,0,0.0,0.00505,0.00505,0.00505,,,4524745.0,,4524745.0
2021-10-08,38,63146510.0,0,0,0.0,0.00545,0.00545,0.00545,,,3633945.0,,3633945.0
2021-10-11,38,63112266.0,0,0,0.0,0.00807,0.00807,0.00807,,,8952469.0,,8952469.0
2021-10-12,38,63272606.0,0,1,0.02632,0.00775,0.00774,0.00775,,,9187077.0,,9187077.0
2021-10-13,37,63569487.0,0,0,0.0,0.00556,0.00556,0.00556,,,10341965.0,,10341965.0
2021-10-14,37,63408178.0,0,0,0.0,0.00027,0.00027,0.00027,,,1700563.0,,1700563.0
2021-10-15,37,63425198.0,0,0,0.0,0.00163,0.00163,0.00163,,,1451846.0,,1451846.0
2021-10-18,37,63528409.0,0,0,0.0,0.00421,0.00421,0.00421,,,4517537.0,,4517537.0
2021-10-19,37,63796006.0,0,0,0.0,0.0039,0.0039,0.0039,,,11099799.0,,11099799.0
2021-10-20,37,63655553.0,0,0,0.0,0.0,0.0,0.0,,,57609.0,,57609.0
2021-10-21,37,63655748.0,0,0,0.0,0.00062,0.00062,0.00062,,,5930961.0,,5930961.0
2021-10-22,37,63620817.0,0,0,0.0,0.0018,0.0018,0.0018,,,8101416.0,,8101416.0
2021-10-25,37,63506402.0,0,0,0.0,3e-05,3e-05,3e-05,,,527419.0,,527419.0
2021-10-26,37,63508237.0,0,0,0.0,0.00448,0.00448,0.00448,,,5276940.0,,5276940.0
2021-10-27,37,63618164.0,0,0,0.0,0.01612,0.01612,0.01612,,,38025427.0,,38025427.0
2021-10-28,37,64519804.0,0,0,0.0,0.02099,0.02099,0.02099,,,30975410.0,,30975410.0
2021-11-12,37,65749744.0,0,0,0.0,0.0543,0.0543,0.0543,,,133704957.0,,133704957.0
2021-11-15,37,67126228.0,0,0,0.0,0.00641,0.00641,0.00641,,,10186967.0,,10186967.0
2021-11-16,37,67338048.0,0,0,0.0,0.0094,0.0094,0.0094,,,30161988.0,,30161988.0
2021-11-17,37,67824096.0,0,0,0.0,0.00562,0.00562,0.00562,,,7352647.0,,7352647.0
2021-11-18,37,68173274.0,0,0,0.0,0.00407,0.00407,0.00407,,,11749213.0,,11749213.0
2021-11-19,37,68211276.0,0,0,0.0,0.00887,0.00887,0.00887,,,25950015.0,,25950015.0
2021-11-22,37,68364649.0,0,0,0.0,0.00429,0.00429,0.00429,,,9015670.0,,9015670.0
2021-11-23,37,68444801.0,0,0,0.0,0.02303,0.02303,0.02303,,,62497280.0,,62497280.0
2021-11-24,37,68977357.0,0,0,0.0,0.01279,0.01279,0.01279,,,28196702.0,,28196702.0
2021-11-26,37,69450755.0,0,0,0.0,7e-05,7e-05,7e-05,,,363165.0,,363165.0
2021-11-29,37,69455892.0,0,0,0.0,4e-05,4e-05,4e-05,,,216157.0,,216157.0
2021-11-30,37,69458997.0,0,0,0.0,0.01499,0.01499,0.01499,,,50934458.0,,50934458.0
2021-12-01,37,69961475.0,0,0,0.0,0.01438,0.01438,0.01438,,,19628320.0,,19628320.0
2021-12-02,37,70620055.0,0,0,0.0,0.00856,0.00856,0.00856,,,11159004.0,,11159004.0
2021-12-03,37,70862388.0,1,0,0.02703,0.01097,0.00706,0.01097,,,48022351.0,,48022351.0
2021-12-06,38,71076546.0,0,0,0.0,0.01245,0.01245,0.01245,,,30735092.0,,30735092.0
2021-12-07,38,70255673.0,0,0,0.0,0.00966,0.00966,0.00966,,,32132163.0,,32132163.0
2021-12-08,38,70436394.0,0,0,0.0,0.00158,0.00158,0.00158,,,3936445.0,,3936445.0
2021-12-09,38,70327721.0,0,0,0.0,0.0,0.0,0.0,,,0.0,,0.0
2021-12-10,38,70327721.0,0,0,0.0,0.00316,0.00316,0.00316,,,13528022.0,,13528022.0
2021-12-13,38,70521765.0,0,0,0.0,0.00217,0.00217,0.00217,,,8060067.0,,8060067.0
2021-12-14,38,70438721.0,0,0,0.0,0.00341,0.00341,0.00341,,,7686427.0,,7686427.0
2021-12-15,38,70215919.0,0,0,0.0,0.00584,0.00584,0.00584,,,16355318.0,,16355318.0
2021-12-16,38,70090807.0,0,0,0.0,0.00879,0.00879,0.00879,,,25691014.0,,25691014.0
2021-12-17,38,69636701.0,0,0,0.0,0.00886,0.00886,0.00886,,,18914629.0,,18914629.0
2021-12-20,38,69060350.0,0,0,0.0,0.00167,0.00167,0.00167,,,3695511.0,,3695511.0
2021-12-21,38,68959082.0,0,0,0.0,0.0015,0.0015,0.0015,,,5886114.0,,5886114.0
2021-12-22,38,69009305.0,0,0,0.0,0.00685,0.00685,0.00685,,,17260612.0,,17260612.0
2021-12-23,38,68927390.0,0,0,0.0,0.00126,0.00126,0.00126,,,8498847.0,,8498847.0
2021-12-27,38,68923492.0,0,0,0.0,0.00182,0.00182,0.00182,,,4053774.0,,4053774.0
2021-12-28,38,68816532.0,0,0,0.0,0.00022,0.00022,0.00022,,,5546276.0,,5546276.0
2021-12-29,38,68801322.0,0,0,0.0,0.00632,0.00632,0.00632,,,15165805.0,,15165805.0
2021-12-30,38,68583897.0,0,0,0.0,0.00161,0.00161,0.00161,,,9293760.0,,9293760.0
2021-12-31,38,68663958.0,0,0,0.0,0.00526,0.00526,0.00526,,,11501058.0,,11501058.0
2022-01-03,38,68310109.0,0,0,0.0,0.0,0.0,0.0,,,0.0,,0.0
2022-01-04,38,68310109.0,0,0,0.0,0.01279,0.01279,0.01279,,,47427022.0,,47427022.0
2022-01-05,38,68749771.0,0,0,0.0,0.0076,0.0076,0.0076,,,18912328.0,,18912328.0
2022-01-06,38,68998284.0,0,0,0.0,0.00445,0.00445,0.00445,,,5971764.0,,5971764.0
2022-01-07,38,69243612.0,0,0,0.0,0.00624,0.00624,0.00624,,,15000893.0,,15000893.0
2022-01-10,38,68843733.0,0,0,0.0,0.01293,0.01293,0.01293,,,26748505.0,,26748505.0
2022-01-11,38,68017536.0,0,0,0.0,0.03873,0.03873,0.03873,,,106340534.0,,106340534.0
2022-01-12,38,68078775.0,0,0,0.0,0.00512,0.00512,0.00512,,,9742161.0,,9742161.0
2022-01-13,38,67955641.0,0,0,0.0,0.00631,0.00631,0.00631,,,11494686.0,,11494686.0
2022-01-14,38,67938084.0,0,0,0.0,0.00246,0.00246,0.00246,,,6588539.0,,6588539.0
2022-01-18,38,67842397.0,0,0,0.0,0.00441,0.00441,0.00441,,,9792510.0,,9792510.0
2022-01-19,38,67649748.0,0,0,0.0,0.0046,0.0046,0.0046,,,17290447.0,,17290447.0
2022-01-20,38,67438973.0,0,0,0.0,0.01059,0.01059,0.01059,,,19602858.0,,19602858.0
2022-01-21,38,67010602.0,0,0,0.0,0.00368,0.00368,0.00368,,,6682868.0,,6682868.0
2022-01-24,38,66764054.0,0,0,0.0,0.01782,0.01782,0.01782,,,21392089.0,,21392089.0
2022-01-25,38,67953831.0,0,0,0.0,0.03914,0.03914,0.03914,,,72880309.0,,72880309.0
2022-01-26,38,65294173.0,0,0,0.0,0.00196,0.00196,0.00196,,,3204984.0,,3204984.0
2022-01-27,38,65166017.0,0,0,0.0,0.00587,0.00587,0.00587,,,9402816.0,,9402816.0
2022-01-28,38,64788418.0,0,0,0.0,0.00979,0.00979,0.00979,,,14724564.0,,14724564.0
2022-01-31,38,64154044.0,0,0,0.0,0.00215,0.00215,0.00215,,,3566198.0,,3566198.0
2022-02-01,38,64039519.0,0,0,0.0,0.00822,0.00822,0.00822,,,14028257.0,,14028257.0
2022-02-02,38,63730165.0,0,0,0.0,0.00106,0.00106,0.00106,,,2293672.0,,2293672.0
2022-02-03,38,63727815.0,0,0,0.0,0.00413,0.00413,0.00413,,,6128488.0,,6128488.0
2022-02-04,38,63933566.0,0,0,0.0,0.00573,0.00573,0.00573,,,10549034.0,,10549034.0
2022-02-07,38,63687826.0,0,0,0.0,0.00154,0.00154,0.00154,,,3822209.0,,3822209.0
2022-02-08,38,63602505.0,0,0,0.0,0.00118,0.00118,0.00118,,,3126972.0,,3126972.0
2022-02-09,38,63625282.0,0,0,0.0,0.00071,0.00071,0.00071,,,1470551.0,,1470551.0
2022-02-10,38,63580076.0,0,0,0.0,0.0026,0.0026,0.0026,,,5535739.0,,5535739.0
2022-02-11,38,63417150.0,0,0,0.0,0.00408,0.00408,0.00408,,,6705698.0,,6705698.0
2022-02-14,38,63166596.0,0,0,0.0,0.00017,0.00017,0.00017,,,753395.0,,753395.0
2022-02-15,38,63177202.0,0,0,0.0,0.00822,0.00822,0.00822,,,20876645.0,,20876645.0
2022-02-16,38,63204037.0,0,0,0.0,0.00069,0.00069,0.00069,,,804570.0,,804570.0
2022-02-17,38,63247406.0,0,0,0.0,0.00022,0.00022,0.00022,,,384325.0,,384325.0
2022-02-18,38,63261496.0,0,0,0.0,0.00839,0.00839,0.00839,,,13196313.0,,13196313.0
2022-02-22,38,63028044.0,0,0,0.0,0.02242,0.02242,0.02242,,,22181980.0,,22181980.0
2022-02-23,38,62007059.0,0,0,0.0,0.02183,0.02183,0.02183,,,21079377.0,,21079377.0
2022-02-24,38,61023124.0,0,1,0.02632,0.00822,0.00822,0.00822,,,10381978.0,,10381978.0
2022-02-25,37,60812445.0,0,0,0.0,0.00435,0.00435,0.00435,,,6515012.0,,6515012.0
2022-02-28,37,60608297.0,0,0,0.0,0.00291,0.00291,0.00291,,,4931261.0,,4931261.0
2022-03-01,37,60639018.0,0,0,0.0,0.00055,0.00055,0.00055,,,251572.0,,251572.0
2022-03-02,37,60672561.0,0,0,0.0,0.00116,0.00116,0.00116,,,508447.0,,508447.0
2022-03-03,37,60742252.0,0,0,0.0,0.00064,0.00064,0.00064,,,274840.0,,274840.0
2022-03-04,37,60780936.0,0,0,0.0,0.0044,0.0044,0.0044,,,7531525.0,,7531525.0
2022-03-07,37,61030318.0,0,0,0.0,0.00206,0.00206,0.00206,,,3012689.0,,3012689.0
2022-03-08,37,60904893.0,0,0,0.0,0.00518,0.00518,0.00518,,,10138455.0,,10138455.0
2022-03-09,37,61187665.0,0,1,0.02703,0.00589,0.00589,0.00589,,,8843837.0,,8843837.0
2022-03-10,36,60832506.0,0,0,0.0,0.0,0.0,0.0,,,0.0,,0.0
2022-03-11,36,60832506.0,0,0,0.0,4e-05,4e-05,4e-05,,,60449.0,,60449.0
2022-03-14,36,60835048.0,0,0,0.0,0.00084,0.00084,0.00084,,,1289656.0,,1289656.0
2022-03-15,36,60885852.0,0,0,0.0,0.01673,0.01673,0.01673,,,8726645.0,,8726645.0
2022-03-16,36,61873505.0,0,0,0.0,0.00392,0.00392,0.00392,,,5268173.0,,5268173.0
2022-03-17,36,62099560.0,0,0,0.0,3e-05,3e-05,3e-05,,,395367.0,,395367.0
2022-03-18,36,62097679.0,0,0,0.0,0.0,0.0,0.0,,,0.0,,0.0
2022-03-21,36,62097679.0,0,0,0.0,0.0,0.0,0.0,,,0.0,,0.0
2022-03-22,36,62097679.0,0,0,0.0,0.0,0.0,0.0,,,0.0,,0.0
2022-03-23,36,62097679.0,0,0,0.0,0.0,0.0,0.0,,,0.0,,0.0
2022-03-24,36,62097679.0,0,0,0.0,0.00207,0.00207,0.00207,,,3384055.0,,3384055.0
2022-03-25,36,61969097.0,0,0,0.0,0.0,0.0,0.0,,,0.0,,0.0
2022-03-28,36,61969097.0,1,0,0.02778,0.01532,0.00854,0.01532,,,29334339.0,,29334339.0
2022-03-29,37,62819867.0,1,0,0.02703,0.01214,0.00362,0.01214,,,7873595.0,,7873595.0
2022-03-30,38,63547198.0,0,0,0.0,0.0032,0.0032,0.0032,,,3540089.0,,3540089.0
2022-03-31,38,63710344.0,0,0,0.0,0.00056,0.00056,0.00056,,,820212.0,,820212.0
2022-04-01,38,63734552.0,0,0,0.0,0.00441,0.00441,0.00441,,,12262865.0,,12262865.0
2022-04-04,38,63979195.0,0,0,0.0,0.0,0.0,0.0,,,0.0,,0.0
2022-04-05,38,63979195.0,0,0,0.0,0.0,0.0,0.0,,,0.0,,0.0
2022-04-06,38,63979195.0,0,0,0.0,0.0,0.0,0.0,,,0.0,,0.0
2022-04-07,38,63979195.0,0,0,0.0,1e-05,1e-05,1e-05,,,89570.0,,89570.0
2022-04-08,38,63979600.0,0,0,0.0,0.0,0.0,0.0,,,0.0,,0.0
2022-04-11,38,63979600.0,0,0,0.0,0.0,0.0,0.0,,,0.0,,0.0
2022-04-12,38,63979600.0,0,0,0.0,0.00408,0.00408,0.00408,,,6249697.0,,6249697.0
2022-04-13,38,63718539.0,0,0,0.0,0.00216,0.00216,0.00216,,,3262269.0,,3262269.0
2022-04-14,38,63594820.0,0,0,0.0,1e-05,1e-05,1e-05,,,15756.0,,15756.0
2022-04-18,38,63595531.0,0,0,0.0,7e-05,7e-05,7e-05,,,85019.0,,85019.0
2022-04-19,38,63600041.0,0,0,0.0,0.00418,0.00418,0.00418,,,6261317.0,,6261317.0
2022-04-20,38,63334451.0,0,0,0.0,0.00054,0.00054,0.00054,,,4857859.0,,4857859.0
2022-04-21,38,63335382.0,0,0,0.0,0.00226,0.00226,0.00226,,,2388517.0,,2388517.0
2022-04-22,38,63454363.0,0,0,0.0,0.00832,0.00832,0.00832,,,27319340.0,,27319340.0
2022-04-25,38,63894881.0,0,0,0.0,0.00298,0.00298,0.00298,,,3481408.0,,3481408.0
2022-04-26,38,64085091.0,0,0,0.0,0.00419,0.00419,0.00419,,,6459970.0,,6459970.0
2022-04-27,38,63816720.0,0,0,0.0,0.0,0.0,0.0,,,18405.0,,18405.0
2022-04-28,38,63816634.0,0,0,0.0,0.00405,0.00405,0.00405,,,5608512.0,,5608512.0
2022-04-29,38,63558338.0,0,0,0.0,4e-05,4e-05,4e-05,,,496582.0,,496582.0
2022-05-02,38,63556065.0,0,0,0.0,0.00211,0.00211,0.00211,,,2832682.0,,2832682.0
2022-05-03,38,63421679.0,0,0,0.0,0.00103,0.00103,0.00103,,,5452155.0,,5452155.0
2022-05-04,38,63407141.0,0,0,0.0,0.00424,0.00424,0.00424,,,5791998.0,,5791998.0
2022-05-05,38,63138462.0,0,0,0.0,0.00213,0.00213,0.00213,,,2988680.0,,2988680.0
2022-05-06,38,63004116.0,0,0,0.0,0.0,0.0,0.0,,,0.0,,0.0
2022-05-09,38,63004116.0,0,0,0.0,0.00086,0.00086,0.00086,,,447915.0,,447915.0
2022-05-10,38,63058212.0,1,0,0.02632,0.02245,0.01994,0.02245,,,31759483.0,,31759483.0
2022-05-11,39,63800087.0,0,0,0.0,0.00672,0.00672,0.00672,,,6532000.0,,6532000.0
2022-05-12,39,64164077.0,0,0,0.0,0.00416,0.00416,0.00416,,,4329889.0,,4329889.0
2022-05-13,39,64199464.0,0,0,0.0,0.00644,0.00644,0.00644,,,7455761.0,,7455761.0
2022-05-16,39,63786083.0,0,0,0.0,0.00217,0.00217,0.00217,,,2727324.0,,2727324.0
2022-05-17,39,63647490.0,0,0,0.0,0.00433,0.00433,0.00433,,,5151400.0,,5151400.0
2022-05-18,39,63371936.0,0,0,0.0,0.00437,0.00437,0.00437,,,6028093.0,,6028093.0
2022-05-19,39,63094976.0,0,0,0.0,0.00218,0.00218,0.00218,,,2618391.0,,2618391.0
2022-05-20,39,62957203.0,0,0,0.0,0.00657,0.00657,0.00657,,,8007511.0,,8007511.0
2022-05-23,39,62543885.0,0,0,0.0,0.01322,0.01322,0.01322,,,15635395.0,,15635395.0
2022-05-24,39,61717132.0,0,0,0.0,0.0,0.0,0.0,,,0.0,,0.0
2022-05-25,39,61717132.0,0,0,0.0,0.00223,0.00223,0.00223,,,2527023.0,,2527023.0
2022-05-26,39,61579359.0,0,0,0.0,0.00224,0.00224,0.00224,,,2573495.0,,2573495.0
2022-05-27,39,61441588.0,0,0,0.0,0.0,0.0,0.0,,,24650.0,,24650.0
2022-05-31,39,61441407.0,0,0,0.0,0.0,0.0,0.0,,,0.0,,0.0
2022-06-01,39,61441407.0,0,0,0.0,0.0,0.0,0.0,,,0.0,,0.0
2022-06-02,39,61441407.0,0,0,0.0,0.00448,0.00448,0.00448,,,5383466.0,,5383466.0
2022-06-03,39,61165868.0,0,0,0.0,0.0,0.0,0.0,,,0.0,,0.0
2022-06-06,39,61165868.0,0,0,0.0,0.0,0.0,0.0,,,0.0,,0.0
2022-06-07,39,61165868.0,0,0,0.0,0.00868,0.00868,0.00868,,,11007449.0,,11007449.0
2022-06-08,39,60704254.0,0,0,0.0,0.00053,0.00053,0.00053,,,2942426.0,,2942426.0
2022-06-09,39,60707747.0,0,1,0.02564,0.00076,0.00076,0.00076,,,2182702.0,,2182702.0
2022-06-10,38,60753661.0,0,0,0.0,0.00074,0.00074,0.00074,,,918982.0,,918982.0
2022-06-13,38,60798665.0,0,0,0.0,0.0,0.0,0.0,,,0.0,,0.0
2022-06-14,38,60798665.0,0,0,0.0,0.00053,0.00053,0.00053,,,3919672.0,,3919672.0
2022-06-15,38,60783517.0,0,0,0.0,0.00012,0.00012,0.00012,,,850701.0,,850701.0
2022-06-16,38,60777976.0,0,0,0.0,0.00518,0.00518,0.00518,,,9163006.0,,9163006.0
2022-06-17,38,60463395.0,0,0,0.0,0.00027,0.00027,0.00027,,,3363234.0,,3363234.0
2022-06-21,38,60478217.0,0,0,0.0,4e-05,4e-05,4e-05,,,183410.0,,183410.0
2022-06-22,38,60476021.0,0,0,0.0,0.00798,0.00798,0.00798,,,6394902.0,,6394902.0
2022-06-23,38,60261326.0,0,0,0.0,0.01299,0.01299,0.01299,,,7325546.0,,7325546.0
2022-06-28,38,59551476.0,0,0,0.0,0.01089,0.01089,0.01089,,,3604810.0,,3604810.0
2022-06-29,38,59322770.0,0,0,0.0,0.00226,0.00226,0.00226,,,1058055.0,,1058055.0
2022-06-30,38,59451885.0,0,0,0.0,0.00228,0.00228,0.00228,,,2520868.0,,2520868.0
2022-07-01,38,59316125.0,0,0,0.0,0.0,0.0,0.0,,,0.0,,0.0
2022-07-05,38,59316125.0,0,0,0.0,0.0,0.0,0.0,,,0.0,,0.0
2022-07-06,38,59316125.0,0,0,0.0,0.0007,0.0007,0.0007,,,785964.0,,785964.0
2022-07-07,38,59274981.0,0,0,0.0,0.0,0.0,0.0,,,2163.0,,2163.0
2022-07-08,38,59274695.0,0,0,0.0,0.0,0.0,0.0,,,212.0,,212.0
2022-07-11,38,59274645.0,0,0,0.0,0.00237,0.00237,0.00237,,,2707214.0,,2707214.0
2022-07-12,38,59134084.0,0,0,0.0,0.0,0.0,0.0,,,0.0,,0.0
2022-07-13,38,59134084.0,0,0,0.0,0.0,0.0,0.0,,,0.0,,0.0
2022-07-14,38,59134084.0,0,0,0.0,0.0031,0.0031,0.0031,,,4635611.0,,4635611.0
2022-07-15,38,59075219.0,0,0,0.0,0.00032,0.00032,0.00032,,,131590.0,,131590.0
2022-07-18,38,59056148.0,0,0,0.0,0.00075,0.00075,0.00075,,,308966.0,,308966.0
2022-07-19,38,59011611.0,0,1,0.02632,0.00621,0.00621,0.00621,,,9583280.0,,9583280.0
2022-07-20,37,58943846.0,0,0,0.0,0.00731,0.00731,0.00731,,,9276919.0,,9276919.0
2022-07-21,37,58654628.0,0,0,0.0,0.0019,0.0019,0.0019,,,2897835.0,,2897835.0
2022-07-22,37,58646181.0,0,0,0.0,0.00509,0.00509,0.00509,,,7031874.0,,7031874.0
2022-07-25,37,58642870.0,0,0,0.0,0.00451,0.00451,0.00451,,,5936737.0,,5936737.0
2022-07-26,37,58632559.0,0,0,0.0,0.00184,0.00184,0.00184,,,6669146.0,,6669146.0
2022-07-27,37,58550511.0,0,0,0.0,0.00234,0.00234,0.00234,,,3121324.0,,3121324.0
2022-07-28,37,58413555.0,0,0,0.0,0.00464,0.00464,0.00464,,,5824009.0,,5824009.0
2022-07-29,37,58142456.0,0,0,0.0,0.0,0.0,0.0,,,0.0,,0.0
2022-08-01,37,58142456.0,0,0,0.0,0.0,0.0,0.0,,,0.0,,0.0
2022-08-02,37,58142456.0,0,0,0.0,0.00021,0.00021,0.00021,,,1723078.0,,1723078.0
2022-08-03,37,58146206.0,0,0,0.0,0.00012,0.00012,0.00012,,,548692.0,,548692.0
2022-08-04,37,58151045.0,0,0,0.0,0.00012,0.00012,0.00012,,,621825.0,,621825.0
2022-08-05,37,58155103.0,0,0,0.0,0.00024,0.00024,0.00024,,,355885.0,,355885.0
2022-08-08,37,58168791.0,0,0,0.0,5e-05,5e-05,5e-05,,,84638.0,,84638.0
2022-08-09,37,58171985.0,0,0,0.0,0.0001,0.0001,0.0001,,,153039.0,,153039.0
2022-08-10,37,58177530.0,0,0,0.0,0.00257,0.00257,0.00257,,,3937811.0,,3937811.0
2022-08-11,37,58064086.0,0,0,0.0,0.00231,0.00231,0.00231,,,2937253.0,,2937253.0
2022-08-12,37,57929802.0,0,0,0.0,0.0,0.0,0.0,,,0.0,,0.0
2022-08-15,37,57929802.0,0,0,0.0,0.00054,0.00054,0.00054,,,897512.0,,897512.0
2022-08-16,37,57960966.0,0,0,0.0,9e-05,9e-05,9e-05,,,150037.0,,150037.0
2022-08-17,37,57966121.0,0,0,0.0,0.0,0.0,0.0,,,0.0,,0.0
2022-08-18,37,57966121.0,0,0,0.0,0.0023,0.0023,0.0023,,,2859974.0,,2859974.0
2022-08-19,37,57834568.0,0,0,0.0,0.0,0.0,0.0,,,0.0,,0.0
2022-08-22,37,57834568.0,0,0,0.0,0.00233,0.00233,0.00233,,,2803676.0,,2803676.0
2022-08-23,37,57699735.0,0,0,0.0,0.00234,0.00234,0.00234,,,2712835.0,,2712835.0
2022-08-24,37,57564910.0,0,0,0.0,0.0,0.0,0.0,,,0.0,,0.0
2022-08-25,37,57564910.0,0,0,0.0,0.0,0.0,0.0,,,0.0,,0.0
2022-08-26,37,57564910.0,0,0,0.0,0.0,0.0,0.0,,,0.0,,0.0
2022-08-29,37,57564910.0,0,0,0.0,0.00234,0.00234,0.00234,,,2675209.0,,2675209.0
2022-08-30,37,57430070.0,0,0,0.0,0.00061,0.00061,0.00061,,,1385091.0,,1385091.0
2022-08-31,37,57413788.0,0,0,0.0,0.00021,0.00021,0.00021,,,286354.0,,286354.0
2022-09-01,37,57425719.0,0,0,0.0,1e-05,1e-05,1e-05,,,18186.0,,18186.0
2022-09-02,37,57426468.0,1,0,0.02703,0.01337,0.00778,0.01337,,,11775466.0,,11775466.0
2022-09-06,38,57402230.0,0,0,0.0,0.03727,0.03727,0.03727,,,10561385.0,,10561385.0
2022-09-07,38,55751602.0,0,0,0.0,0.02463,0.02463,0.02463,,,7006903.0,,7006903.0
2022-09-08,38,54975264.0,0,0,0.0,0.07245,0.07245,0.07245,,,20742860.0,,20742860.0
2022-09-09,38,51909635.0,0,0,0.0,0.01215,0.01215,0.01215,,,6083813.0,,6083813.0
2022-09-12,38,52055607.0,0,0,0.0,0.0028,0.0028,0.0028,,,2592032.0,,2592032.0
2022-09-13,38,51916559.0,0,0,0.0,0.0032,0.0032,0.0032,,,6080325.0,,6080325.0
2022-09-14,38,52005305.0,0,0,0.0,0.00278,0.00278,0.00278,,,2195291.0,,2195291.0
2022-09-15,38,52136258.0,0,0,0.0,0.00515,0.00515,0.00515,,,6181528.0,,6181528.0
2022-09-16,38,51867594.0,0,0,0.0,0.0,0.0,0.0,,,3122.0,,3122.0
2022-09-19,38,51867524.0,0,0,0.0,0.00021,0.00021,0.00021,,,480718.0,,480718.0
2022-09-20,38,51856839.0,0,0,0.0,0.00384,0.00384,0.00384,,,8993691.0,,8993691.0
2022-09-21,38,51915662.0,0,0,0.0,0.00244,0.00244,0.00244,,,2936822.0,,2936822.0
2022-09-22,38,51790051.0,0,0,0.0,0.00248,0.00248,0.00248,,,2936017.0,,2936017.0
2022-09-23,38,51661735.0,0,0,0.0,0.0,0.0,0.0,,,0.0,,0.0
2022-09-26,38,51661735.0,0,0,0.0,0.0,0.0,0.0,,,0.0,,0.0
2022-09-27,38,51661735.0,1,0,0.02632,0.00803,0.00032,0.00803,,,2453992.0,,2453992.0
2022-09-28,39,52043367.0,0,0,0.0,0.00369,0.00369,0.00369,,,1793344.0,,1793344.0
2022-09-29,39,52197952.0,0,0,0.0,0.00486,0.00486,0.00486,,,5218408.0,,5218408.0
2022-09-30,39,51944104.0,0,0,0.0,0.00091,0.00091,0.00091,,,685658.0,,685658.0
2022-10-03,39,51988549.0,0,0,0.0,0.00574,0.00574,0.00574,,,6587895.0,,6587895.0
2022-10-04,39,51766375.0,0,0,0.0,0.00383,0.00383,0.00383,,,2952617.0,,2952617.0
2022-10-05,39,51887954.0,0,1,0.02564,0.00362,0.00362,0.00362,,,2593082.0,,2593082.0
2022-10-06,38,52074937.0,0,0,0.0,0.0007,0.0007,0.0007,,,171110.0,,171110.0
2022-10-07,38,52111609.0,0,0,0.0,0.0014,0.0014,0.0014,,,337685.0,,337685.0
2022-10-10,38,52184701.0,0,0,0.0,0.0044,0.0044,0.0044,,,2826124.0,,2826124.0
2022-10-11,38,52190355.0,0,0,0.0,0.0,0.0,0.0,,,0.0,,0.0
2022-10-12,38,52190355.0,0,0,0.0,0.0,0.0,0.0,,,0.0,,0.0
2022-10-13,38,52190355.0,0,0,0.0,0.0,0.0,0.0,,,0.0,,0.0
2022-10-14,38,52190355.0,0,0,0.0,0.00962,0.00962,0.00962,,,8705542.0,,8705542.0
2022-10-17,38,51688501.0,0,0,0.0,0.0,0.0,0.0,,,0.0,,0.0
2022-10-18,38,51688501.0,0,0,0.0,0.00243,0.00243,0.00243,,,2187889.0,,2187889.0
2022-10-19,38,51563039.0,0,0,0.0,0.00487,0.00487,0.00487,,,4418763.0,,4418763.0
2022-10-20,38,51312111.0,0,0,0.0,0.00245,0.00245,0.00245,,,2175277.0,,2175277.0
2022-10-21,38,51186650.0,0,0,0.0,0.0,0.0,0.0,,,0.0,,0.0
2022-10-24,38,51186650.0,0,0,0.0,0.0,0.0,0.0,,,0.0,,0.0
2022-10-25,38,51186650.0,0,0,0.0,0.00243,0.00243,0.00243,,,7909384.0,,7909384.0
2022-10-26,38,51211465.0,0,0,0.0,0.00087,0.00087,0.00087,,,1787930.0,,1787930.0
2022-10-27,38,51203594.0,0,0,0.0,0.0014,0.0014,0.0014,,,337041.0,,337041.0
2022-10-28,38,51275368.0,0,0,0.0,0.0007,0.0007,0.0007,,,172952.0,,172952.0
2022-10-31,38,51311386.0,0,0,0.0,0.00296,0.00296,0.00296,,,2466095.0,,2466095.0
2022-11-01,38,51216838.0,0,0,0.0,0.00674,0.00674,0.00674,,,1225323.0,,1225323.0
2022-11-02,38,50921051.0,0,0,0.0,0.00461,0.00461,0.00461,,,2655968.0,,2655968.0
2022-11-03,38,50845898.0,0,0,0.0,0.00923,0.00923,0.00923,,,5207889.0,,5207889.0
2022-11-04,38,50825749.0,0,0,0.0,0.00169,0.00169,0.00169,,,257091.0,,257091.0
2022-11-07,38,50750922.0,0,0,0.0,0.00449,0.00449,0.00449,,,711584.0,,711584.0
2022-11-08,38,50618605.0,0,0,0.0,0.0022,0.0022,0.0022,,,369316.0,,369316.0
2022-11-09,38,50578857.0,0,0,0.0,0.00484,0.00484,0.00484,,,877723.0,,877723.0
2022-11-10,38,50535393.0,0,0,0.0,0.00881,0.00881,0.00881,,,5443033.0,,5443033.0
2022-11-11,38,50707337.0,0,0,0.0,0.00114,0.00114,0.00114,,,514565.0,,514565.0
2022-11-14,38,50649428.0,0,0,0.0,0.02364,0.02364,0.02364,,,8112113.0,,8112113.0
2022-11-15,38,49591030.0,0,0,0.0,0.02483,0.02483,0.02483,,,18550472.0,,18550472.0
2022-11-16,38,48876039.0,0,0,0.0,0.0039,0.0039,0.0039,,,4650884.0,,4650884.0
2022-11-17,38,48941338.0,0,0,0.0,0.00278,0.00278,0.00278,,,3095067.0,,3095067.0
2022-11-18,38,48810641.0,0,0,0.0,0.00515,0.00515,0.00515,,,5257176.0,,5257176.0
2022-11-21,38,48597658.0,0,0,0.0,0.00227,0.00227,0.00227,,,1029252.0,,1029252.0
2022-11-22,38,48707973.0,0,0,0.0,0.00346,0.00346,0.00346,,,752205.0,,752205.0
2022-11-23,38,48876587.0,0,0,0.0,0.00499,0.00499,0.00499,,,4378885.0,,4378885.0
2022-11-25,38,48632827.0,0,0,0.0,0.0,0.0,0.0,,,0.0,,0.0
2022-11-28,38,48632827.0,0,0,0.0,2e-05,2e-05,2e-05,,,1310.0,,1310.0
2022-11-29,38,48631965.0,0,0,0.0,0.0,0.0,0.0,,,0.0,,0.0
2022-11-30,38,48631965.0,0,0,0.0,0.0,0.0,0.0,,,0.0,,0.0
2022-12-01,38,48631965.0,0,0,0.0,0.00302,0.00302,0.00302,,,2348563.0,,2348563.0
2022-12-02,38,48485265.0,0,0,0.0,0.0,0.0,0.0,,,0.0,,0.0
2022-12-05,38,48485265.0,0,0,0.0,3e-05,3e-05,3e-05,,,2088.0,,2088.0
2022-12-06,38,48483918.0,0,0,0.0,0.00013,0.00013,0.00013,,,14048.0,,14048.0
2022-12-07,38,48477702.0,0,0,0.0,0.0,0.0,0.0,,,97.0,,97.0
2022-12-08,38,48477638.0,0,0,0.0,3e-05,3e-05,3e-05,,,2712.0,,2712.0
2022-12-09,38,48476042.0,0,0,0.0,2e-05,2e-05,2e-05,,,1341.0,,1341.0
2022-12-12,38,48475224.0,0,0,0.0,4e-05,4e-05,4e-05,,,3150.0,,3150.0
2022-12-13,38,48473371.0,0,0,0.0,0.00754,0.00754,0.00754,,,6638608.0,,6638608.0
2022-12-14,38,48108115.0,0,0,0.0,1e-05,1e-05,1e-05,,,894.0,,894.0
2022-12-15,38,48107623.0,0,0,0.0,0.0003,0.0003,0.0003,,,3322383.0,,3322383.0
2022-12-16,38,48113506.0,0,0,0.0,0.00252,0.00252,0.00252,,,2037111.0,,2037111.0
2022-12-19,38,47992488.0,0,0,0.0,0.00253,0.00253,0.00253,,,2091745.0,,2091745.0
2022-12-20,38,47870914.0,0,0,0.0,0.00333,0.00333,0.00333,,,9941484.0,,9941484.0
2022-12-21,38,47763990.0,0,0,0.0,0.0,0.0,0.0,,,0.0,,0.0
2022-12-22,38,47763990.0,0,0,0.0,0.00511,0.00511,0.00511,,,4178425.0,,4178425.0
2022-12-23,38,47520154.0,0,0,0.0,0.00256,0.00256,0.00256,,,2017173.0,,2017173.0
2022-12-27,38,47398600.0,0,0,0.0,0.0,0.0,0.0,,,0.0,,0.0
2022-12-28,38,47398600.0,0,0,0.0,0.00256,0.00256,0.00256,,,1971359.0,,1971359.0
2022-12-29,38,47277036.0,0,0,0.0,0.00257,0.00257,0.00257,,,1970908.0,,1970908.0
2022-12-30,38,47155483.0,0,0,0.0,0.0,0.0,0.0,,,0.0,,0.0
2023-01-03,38,47155483.0,0,0,0.0,0.00516,0.00516,0.00516,,,4098803.0,,4098803.0
2023-01-04,38,46912362.0,0,0,0.0,0.00095,0.00095,0.00095,,,7391618.0,,7391618.0
2023-01-05,38,46930286.0,0,0,0.0,0.00261,0.00261,0.00261,,,2171780.0,,2171780.0
2023-01-06,38,46812160.0,0,0,0.0,0.0,0.0,0.0,,,191.0,,191.0
2023-01-09,38,46812032.0,0,0,0.0,0.01194,0.01194,0.01194,,,7372568.0,,7372568.0
2023-01-10,38,46320345.0,0,0,0.0,0.00311,0.00311,0.00311,,,3149141.0,,3149141.0
2023-01-11,38,46209215.0,0,0,0.0,0.02093,0.02093,0.02093,,,13189226.0,,13189226.0
2023-01-12,38,45284026.0,0,0,0.0,0.00316,0.00316,0.00316,,,3393357.0,,3393357.0
2023-01-13,38,45185649.0,0,1,0.02632,0.00055,0.00055,0.00055,,,111733.0,,111733.0
2023-01-17,37,45160685.0,0,0,0.0,0.00426,0.00426,0.00426,,,1034538.0,,1034538.0
2023-01-18,37,44968415.0,0,0,0.0,0.00945,0.00945,0.00945,,,9568292.0,,9568292.0
2023-01-19,37,44627955.0,0,0,0.0,0.01048,0.01048,0.01048,,,4323217.0,,4323217.0
2023-01-20,37,44195284.0,0,0,0.0,0.00579,0.00579,0.00579,,,1200779.0,,1200779.0
2023-01-23,37,43939213.0,0,0,0.0,0.0015,0.0015,0.0015,,,334733.0,,334733.0
2023-01-24,37,43873256.0,0,0,0.0,0.00018,0.00018,0.00018,,,66766.0,,66766.0
2023-01-25,37,43865423.0,0,0,0.0,0.0,0.0,0.0,,,243.0,,243.0
2023-01-26,37,43865276.0,0,0,0.0,4e-05,4e-05,4e-05,,,16900.0,,16900.0
2023-01-27,37,43863480.0,0,0,0.0,1e-05,1e-05,1e-05,,,3651.0,,3651.0
2023-01-30,37,43863180.0,0,0,0.0,0.0,0.0,0.0,,,1343.0,,1343.0
2023-01-31,37,43863035.0,0,0,0.0,0.00122,0.00122,0.00122,,,9442516.0,,9442516.0
2023-02-01,37,43889317.0,0,0,0.0,0.00262,0.00262,0.00262,,,2395162.0,,2395162.0
2023-02-02,37,43774697.0,0,0,0.0,7e-05,7e-05,7e-05,,,186663.0,,186663.0
2023-02-03,37,43775525.0,0,1,0.02703,0.0001,0.0001,0.0001,,,160970.0,,160970.0
2023-02-06,36,43774151.0,0,0,0.0,4e-05,4e-05,4e-05,,,89596.0,,89596.0
2023-02-07,36,43774313.0,0,0,0.0,1e-05,1e-05,1e-05,,,25679.0,,25679.0
2023-02-08,36,43774454.0,0,0,0.0,0.0001,0.0001,0.0001,,,470446.0,,470446.0
2023-02-09,36,43778519.0,0,0,0.0,0.0002,0.0002,0.0002,,,108816.0,,108816.0
2023-02-10,36,43771471.0,0,0,0.0,0.00064,0.00064,0.00064,,,70190.0,,70190.0
2023-02-13,36,43743618.0,0,0,0.0,9e-05,9e-05,9e-05,,,240449.0,,240449.0
2023-02-14,36,43744094.0,0,0,0.0,0.00091,0.00091,0.00091,,,1381457.0,,1381457.0
2023-02-15,36,43716369.0,0,0,0.0,0.00102,0.00102,0.00102,,,1213041.0,,1213041.0
2023-02-16,36,43699488.0,0,0,0.0,0.00318,0.00318,0.00318,,,3273015.0,,3273015.0
2023-02-17,36,43794253.0,0,0,0.0,0.00232,0.00232,0.00232,,,2152087.0,,2152087.0
2023-02-21,36,43835862.0,0,0,0.0,0.00455,0.00455,0.00455,,,3324661.0,,3324661.0
2023-02-22,36,44010218.0,0,0,0.0,0.00166,0.00166,0.00166,,,1315424.0,,1315424.0
2023-02-23,36,44053556.0,0,0,0.0,0.00043,0.00043,0.00043,,,3911819.0,,3911819.0
2023-02-24,36,44053459.0,0,0,0.0,0.00017,0.00017,0.00017,,,242002.0,,242002.0
2023-02-27,36,44045894.0,0,0,0.0,0.00502,0.00502,0.00502,,,3862960.0,,3862960.0
2023-02-28,36,44018656.0,0,0,0.0,0.00388,0.00388,0.00388,,,1877159.0,,1877159.0
2023-03-01,36,44100585.0,0,0,0.0,0.00538,0.00538,0.00538,,,2161640.0,,2161640.0
2023-03-02,36,44116421.0,0,0,0.0,0.00262,0.00262,0.00262,,,1233684.0,,1233684.0
2023-03-03,36,44114432.0,0,0,0.0,0.0042,0.0042,0.0042,,,3010076.0,,3010076.0
2023-03-06,36,44028951.0,0,0,0.0,1e-05,1e-05,1e-05,,,20778.0,,20778.0
2023-03-07,36,44028351.0,0,0,0.0,0.0,0.0,0.0,,,3369.0,,3369.0
2023-03-08,36,44028243.0,0,2,0.05556,0.00356,0.00356,0.00356,,,6031572.0,,6031572.0
2023-03-09,34,44133560.0,0,0,0.0,0.0,0.0,0.0,,,0.0,,0.0
2023-03-10,34,44133560.0,0,0,0.0,0.0,0.0,0.0,,,0.0,,0.0
2023-03-13,34,44133560.0,0,0,0.0,0.0,0.0,0.0,,,0.0,,0.0
2023-03-14,34,44133560.0,0,0,0.0,0.0,0.0,0.0,,,0.0,,0.0
2023-03-15,34,44133560.0,0,0,0.0,0.00142,0.00142,0.00142,,,2794507.0,,2794507.0
2023-03-16,34,44110989.0,0,0,0.0,0.0053,0.0053,0.0053,,,4782349.0,,4782349.0
2023-03-17,34,43895472.0,0,0,0.0,0.00264,0.00264,0.00264,,,2403169.0,,2403169.0
2023-03-20,34,43779642.0,0,0,0.0,0.0,0.0,0.0,,,0.0,,0.0
2023-03-21,34,43779642.0,0,0,0.0,0.0,0.0,0.0,,,0.0,,0.0
2023-03-22,34,43779642.0,0,0,0.0,0.0,0.0,0.0,,,0.0,,0.0
2023-03-23,34,43779642.0,0,0,0.0,0.0,0.0,0.0,,,0.0,,0.0
2023-03-24,34,43779642.0,0,0,0.0,0.0,0.0,0.0,,,0.0,,0.0
2023-03-27,34,43779642.0,0,0,0.0,0.0,0.0,0.0,,,0.0,,0.0
2023-03-28,34,43779642.0,1,0,0.02941,0.01571,0.00549,0.01571,,,3390011.0,,3390011.0
2023-03-29,35,43986961.0,0,0,0.0,0.02118,0.02118,0.02118,,,5018697.0,,5018697.0
2023-03-30,35,44203719.0,0,0,0.0,0.00125,0.00125,0.00125,,,267098.0,,267098.0
2023-03-31,35,44157299.0,0,0,0.0,0.00328,0.00328,0.00328,,,2569521.0,,2569521.0
2023-04-03,35,44012502.0,0,0,0.0,0.00305,0.00305,0.00305,,,2589819.0,,2589819.0
2023-04-04,35,43878219.0,0,0,0.0,0.00264,0.00264,0.00264,,,481836.0,,481836.0
2023-04-05,35,43993605.0,0,0,0.0,0.00031,0.00031,0.00031,,,57141.0,,57141.0
2023-04-06,35,44007050.0,0,1,0.02857,0.0009,0.0009,0.0009,,,900381.0,,900381.0
2023-04-10,34,44018227.0,0,0,0.0,0.00051,0.00051,0.00051,,,226353.0,,226353.0
2023-04-11,34,44023443.0,0,0,0.0,0.00073,0.00073,0.00073,,,893884.0,,893884.0
2023-04-12,34,44034430.0,0,0,0.0,0.00077,0.00077,0.00077,,,838067.0,,838067.0
2023-04-13,34,44009601.0,0,0,0.0,0.00126,0.00126,0.00126,,,228992.0,,228992.0
2023-04-14,34,44065047.0,0,0,0.0,0.0,0.0,0.0,,,0.0,,0.0
2023-04-17,34,44065047.0,0,0,0.0,0.0,0.0,0.0,,,0.0,,0.0
2023-04-18,34,44065047.0,0,0,0.0,0.0,0.0,0.0,,,378.0,,378.0
2023-04-19,34,44064947.0,0,0,0.0,0.0,0.0,0.0,,,0.0,,0.0
2023-04-20,34,44064947.0,0,1,0.02941,0.0,0.0,0.0,,,377.0,,377.0
2023-04-21,33,44064847.0,0,0,0.0,0.0,0.0,0.0,,,0.0,,0.0
2023-04-24,33,44064847.0,0,0,0.0,0.0,0.0,0.0,,,0.0,,0.0
2023-04-25,33,44064847.0,0,0,0.0,0.0,0.0,0.0,,,0.0,,0.0
2023-04-26,33,44064847.0,0,0,0.0,0.00266,0.00266,0.00266,,,2267533.0,,2267533.0
2023-04-27,33,43947642.0,0,0,0.0,0.0,0.0,0.0,,,0.0,,0.0
2023-04-28,33,43947642.0,0,0,0.0,0.0,0.0,0.0,,,0.0,,0.0
2023-05-01,33,43947642.0,0,0,0.0,0.0,0.0,0.0,,,0.0,,0.0
2023-05-02,33,43947642.0,0,0,0.0,0.01709,0.01709,0.01709,,,10123176.0,,10123176.0
2023-05-03,33,44688042.0,0,0,0.0,0.0,0.0,0.0,,,0.0,,0.0
2023-05-04,33,44688042.0,0,0,0.0,0.00265,0.00265,0.00265,,,2265670.0,,2265670.0
2023-05-05,33,44569808.0,0,0,0.0,3e-05,3e-05,3e-05,,,416611.0,,416611.0
2023-05-08,33,44568434.0,0,0,0.0,0.0,0.0,0.0,,,0.0,,0.0
2023-05-09,33,44568434.0,0,0,0.0,0.00468,0.00468,0.00468,,,2562568.0,,2562568.0
2023-05-10,33,44759555.0,0,0,0.0,0.00279,0.00279,0.00279,,,555000.0,,555000.0
2023-05-11,33,44884555.0,0,0,0.0,0.0,0.0,0.0,,,0.0,,0.0
2023-05-12,33,44884555.0,0,0,0.0,0.0,0.0,0.0,,,0.0,,0.0
2023-05-15,33,44884555.0,0,0,0.0,0.00203,0.00203,0.00203,,,402204.0,,402204.0
2023-05-16,33,44956021.0,0,0,0.0,0.00014,0.00014,0.00014,,,15002.0,,15002.0
2023-05-17,33,44962351.0,0,0,0.0,0.0,0.0,0.0,,,0.0,,0.0
2023-05-18,33,44962351.0,0,0,0.0,0.0,0.0,0.0,,,0.0,,0.0
2023-05-19,33,44962351.0,0,0,0.0,0.0,0.0,0.0,,,0.0,,0.0
2023-05-22,33,44962351.0,0,0,0.0,0.00654,0.00654,0.00654,,,5305849.0,,5305849.0
2023-05-23,33,45241735.0,0,0,0.0,0.00035,0.00035,0.00035,,,77809.0,,77809.0
2023-05-24,33,45257454.0,0,0,0.0,0.0,0.0,0.0,,,0.0,,0.0
2023-05-25,33,45257454.0,0,0,0.0,0.0,0.0,0.0,,,0.0,,0.0
2023-05-26,33,45257454.0,0,0,0.0,0.0097,0.0097,0.0097,,,9190927.0,,9190927.0
2023-05-30,33,45455833.0,0,0,0.0,9e-05,9e-05,9e-05,,,64276.0,,64276.0
2023-05-31,33,45459948.0,0,0,0.0,0.00043,0.00043,0.00043,,,2707640.0,,2707640.0
2023-06-01,33,45466495.0,0,0,0.0,0.00974,0.00974,0.00974,,,18174450.0,,18174450.0
2023-06-02,33,45443617.0,0,0,0.0,0.01326,0.01326,0.01326,,,12595169.0,,12595169.0
2023-06-05,33,46045985.0,0,0,0.0,0.00262,0.00262,0.00262,,,2585890.0,,2585890.0
2023-06-06,33,46166539.0,0,0,0.0,0.00575,0.00575,0.00575,,,3341391.0,,3341391.0
2023-06-07,33,46234500.0,0,0,0.0,0.00332,0.00332,0.00332,,,2962286.0,,2962286.0
2023-06-08,33,46359471.0,0,0,0.0,0.00313,0.00313,0.00313,,,2773087.0,,2773087.0
2023-06-09,33,46504729.0,0,0,0.0,0.0,0.0,0.0,,,0.0,,0.0
2023-06-12,33,46504729.0,0,0,0.0,0.0,0.0,0.0,,,0.0,,0.0
2023-06-13,33,46504729.0,1,0,0.0303,0.00425,0.00214,0.00425,,,21057191.0,,21057191.0
2023-06-14,34,46503403.0,0,0,0.0,0.0052,0.0052,0.0052,,,5570785.0,,5570785.0
2023-06-15,34,46745013.0,0,0,0.0,0.00258,0.00258,0.00258,,,2780508.0,,2780508.0
2023-06-16,34,46865807.0,0,0,0.0,0.0,0.0,0.0,,,0.0,,0.0
2023-06-20,34,46865807.0,0,0,0.0,0.01031,0.01031,0.01031,,,11109139.0,,11109139.0
2023-06-21,34,47349019.0,0,0,0.0,0.00053,0.00053,0.00053,,,5828068.0,,5828068.0
2023-06-22,34,47333740.0,0,0,0.0,0.00129,0.00129,0.00129,,,3751141.0,,3751141.0
2023-06-23,34,47394754.0,0,0,0.0,0.0,0.0,0.0,,,0.0,,0.0
2023-06-26,34,47394754.0,0,0,0.0,0.0,0.0,0.0,,,0.0,,0.0
2023-06-27,34,47394754.0,1,0,0.02941,0.00161,0.00122,0.00161,,,3892075.0,,3892075.0
2023-06-28,35,47460891.0,0,0,0.0,0.0,0.0,0.0,,,0.0,,0.0
2023-06-29,35,47460891.0,0,0,0.0,0.00061,0.00061,0.00061,,,5768221.0,,5768221.0
2023-06-30,35,47454042.0,0,0,0.0,0.00012,0.00012,0.00012,,,46969.0,,46969.0
2023-07-03,35,47459529.0,0,0,0.0,0.00043,0.00043,0.00043,,,176558.0,,176558.0
2023-07-05,35,47479964.0,0,0,0.0,0.00063,0.00063,0.00063,,,256747.0,,256747.0
2023-07-06,35,47509853.0,0,0,0.0,0.00254,0.00254,0.00254,,,5757375.0,,5757375.0
2023-07-07,35,47500540.0,0,0,0.0,0.00022,0.00022,0.00022,,,90866.0,,90866.0
2023-07-10,35,47511180.0,0,0,0.0,8e-05,8e-05,8e-05,,,33859.0,,33859.0
2023-07-11,35,47515108.0,0,0,0.0,0.00524,0.00524,0.00524,,,7951453.0,,7951453.0
2023-07-12,35,47541743.0,0,0,0.0,0.00012,0.00012,0.00012,,,578086.0,,578086.0
2023-07-13,35,47535943.0,1,0,0.02857,0.00738,0.00361,0.00738,,,15021396.0,,15021396.0
2023-07-14,36,47774646.0,0,0,0.0,0.0033,0.0033,0.0033,,,4184472.0,,4184472.0
2023-07-17,36,47845449.0,0,0,0.0,0.00044,0.00044,0.00044,,,664669.0,,664669.0
2023-07-18,36,47832143.0,0,0,0.0,0.00563,0.00563,0.00563,,,6275758.0,,6275758.0
2023-07-19,36,47989867.0,0,0,0.0,3e-05,3e-05,3e-05,,,196226.0,,196226.0
2023-07-20,36,47991542.0,0,0,0.0,2e-05,2e-05,2e-05,,,94324.0,,94324.0
2023-07-21,36,47992360.0,0,0,0.0,0.00211,0.00211,0.00211,,,5676131.0,,5676131.0
2023-07-24,36,47948750.0,0,0,0.0,0.0,0.0,0.0,,,0.0,,0.0
2023-07-25,36,47948750.0,0,0,0.0,0.01093,0.01093,0.01093,,,8904892.0,,8904892.0
2023-07-26,36,47695311.0,0,0,0.0,0.00806,0.00806,0.00806,,,18105252.0,,18105252.0
2023-07-27,36,47721017.0,0,0,0.0,0.00549,0.00549,0.00549,,,5157488.0,,5157488.0
2023-07-28,36,47752296.0,0,0,0.0,0.0,0.0,0.0,,,0.0,,0.0
2023-07-31,36,47752296.0,0,0,0.0,0.0,0.0,0.0,,,0.0,,0.0
2023-08-01,36,47752296.0,0,0,0.0,0.0,0.0,0.0,,,0.0,,0.0
2023-08-02,36,47752296.0,0,0,0.0,0.00322,0.00322,0.00322,,,8517586.0,,8517586.0
2023-08-03,36,47877412.0,0,0,0.0,0.00146,0.00146,0.00146,,,3565736.0,,3565736.0
2023-08-04,36,47947452.0,0,0,0.0,0.00046,0.00046,0.00046,,,608010.0,,608010.0
2023-08-07,36,47930651.0,0,0,0.0,0.0,0.0,0.0,,,0.0,,0.0
2023-08-08,36,47930651.0,0,0,0.0,0.0,0.0,0.0,,,0.0,,0.0
2023-08-09,36,47930651.0,0,0,0.0,4e-05,4e-05,4e-05,,,214984.0,,214984.0
2023-08-10,36,47932674.0,0,0,0.0,0.00283,0.00283,0.00283,,,1400657.0,,1400657.0
2023-08-11,36,48018252.0,0,0,0.0,0.01346,0.01346,0.01346,,,6560518.0,,6560518.0
2023-08-14,36,48591181.0,0,0,0.0,0.00321,0.00321,0.00321,,,3478921.0,,3478921.0
2023-08-15,36,48435132.0,0,0,0.0,0.00204,0.00204,0.00204,,,1691977.0,,1691977.0
2023-08-16,36,48336308.0,0,0,0.0,0.00019,0.00019,0.00019,,,918052.0,,918052.0
2023-08-17,36,48345320.0,0,0,0.0,0.00993,0.00993,0.00993,,,10504057.0,,10504057.0
2023-08-18,36,47865390.0,0,0,0.0,1e-05,1e-05,1e-05,,,29683.0,,29683.0
2023-08-21,36,47865685.0,0,0,0.0,0.00251,0.00251,0.00251,,,2583362.0,,2583362.0
2023-08-22,36,47745697.0,0,0,0.0,0.01005,0.01005,0.01005,,,10553305.0,,10553305.0
2023-08-23,36,47265756.0,0,0,0.0,2e-05,2e-05,2e-05,,,27255.0,,27255.0
2023-08-24,36,47264756.0,0,0,0.0,0.00254,0.00254,0.00254,,,2685691.0,,2685691.0
2023-08-25,36,47144777.0,0,0,0.0,0.0,0.0,0.0,,,0.0,,0.0
2023-08-28,36,47144777.0,0,0,0.0,0.0,0.0,0.0,,,0.0,,0.0
2023-08-29,36,47144777.0,0,0,0.0,0.00385,0.00385,0.00385,,,4014939.0,,4014939.0
2023-08-30,36,47116411.0,0,0,0.0,0.0,0.0,0.0,,,0.0,,0.0
2023-08-31,36,47116411.0,0,0,0.0,0.0,0.0,0.0,,,0.0,,0.0
2023-09-01,36,47116411.0,0,0,0.0,0.0,0.0,0.0,,,0.0,,0.0
2023-09-05,36,47116411.0,0,0,0.0,0.00272,0.00272,0.00272,,,2861834.0,,2861834.0
2023-09-06,36,46988208.0,0,0,0.0,0.0001,0.0001,0.0001,,,29688.0,,29688.0
2023-09-07,36,46992898.0,0,0,0.0,0.0,0.0,0.0,,,0.0,,0.0
2023-09-08,36,46992898.0,0,0,0.0,0.00055,0.00055,0.00055,,,166047.0,,166047.0
2023-09-11,36,47018965.0,0,0,0.0,0.0,0.0,0.0,,,0.0,,0.0
2023-09-12,36,47018965.0,0,0,0.0,0.0016,0.0016,0.0016,,,3426348.0,,3426348.0
2023-09-13,36,46982884.0,0,0,0.0,0.01174,0.01174,0.01174,,,6179264.0,,6179264.0
2023-09-14,36,46509835.0,0,0,0.0,0.00036,0.00036,0.00036,,,168915.0,,168915.0
2023-09-15,36,46502280.0,0,0,0.0,0.0007,0.0007,0.0007,,,173228.0,,173228.0
2023-09-18,36,46469657.0,0,0,0.0,0.0001,0.0001,0.0001,,,215354.0,,215354.0
2023-09-19,36,46474186.0,0,0,0.0,5e-05,5e-05,5e-05,,,208838.0,,208838.0
2023-09-20,36,46472046.0,0,0,0.0,0.00503,0.00503,0.00503,,,1826259.0,,1826259.0
2023-09-21,36,46653295.0,0,0,0.0,0.00972,0.00972,0.00972,,,4716787.0,,4716787.0
2023-09-22,36,46839832.0,0,0,0.0,0.00396,0.00396,0.00396,,,3865292.0,,3865292.0
2023-09-25,36,46729923.0,0,0,0.0,0.00138,0.00138,0.00138,,,1246974.0,,1246974.0
2023-09-26,36,46683614.0,0,0,0.0,0.00028,0.00028,0.00028,,,171694.0,,171694.0
2023-09-27,36,46696822.0,0,0,0.0,8e-05,8e-05,8e-05,,,50012.0,,50012.0
2023-09-28,36,46700669.0,0,0,0.0,0.00592,0.00592,0.00592,,,5470880.0,,5470880.0
2023-09-29,36,46496342.0,0,0,0.0,0.00019,0.00019,0.00019,,,75754.0,,75754.0
2023-10-02,36,46494731.0,0,0,0.0,0.0,0.0,0.0,,,0.0,,0.0
2023-10-03,36,46494731.0,0,0,0.0,0.00517,0.00517,0.00517,,,5173732.0,,5173732.0
2023-10-04,36,46254485.0,0,0,0.0,0.00259,0.00259,0.00259,,,2521647.0,,2521647.0
2023-10-05,36,46137853.0,0,0,0.0,0.0006,0.0006,0.0006,,,1224302.0,,1224302.0
2023-10-06,36,46161883.0,0,0,0.0,0.00248,0.00248,0.00248,,,3983635.0,,3983635.0
2023-10-09,36,46073022.0,0,0,0.0,0.00037,0.00037,0.00037,,,298035.0,,298035.0
2023-10-10,36,46088385.0,0,0,0.0,0.00048,0.00048,0.00048,,,140718.0,,140718.0
2023-10-11,36,46110589.0,0,0,0.0,0.00025,0.00025,0.00025,,,150951.0,,150951.0
2023-10-12,36,46122323.0,0,0,0.0,0.00024,0.00024,0.00024,,,103977.0,,103977.0
2023-10-13,36,46133352.0,0,0,0.0,0.0005,0.0005,0.0005,,,117975.0,,117975.0
2023-10-16,36,46156439.0,0,0,0.0,0.0003,0.0003,0.0003,,,70702.0,,70702.0
2023-10-17,36,46170275.0,0,0,0.0,0.00228,0.00228,0.00228,,,2513277.0,,2513277.0
2023-10-18,36,46073261.0,0,0,0.0,6e-05,6e-05,6e-05,,,15075.0,,15075.0
2023-10-19,36,46076149.0,0,0,0.0,0.00285,0.00285,0.00285,,,2608487.0,,2608487.0
2023-10-20,36,46005404.0,0,0,0.0,0.00503,0.00503,0.00503,,,6217177.0,,6217177.0
2023-10-23,36,45967118.0,0,0,0.0,0.00371,0.00371,0.00371,,,4358839.0,,4358839.0
2023-10-24,36,45807631.0,0,0,0.0,0.00268,0.00268,0.00268,,,2468169.0,,2468169.0
2023-10-25,36,45684794.0,0,0,0.0,3e-05,3e-05,3e-05,,,36925.0,,36925.0
2023-10-26,36,45683293.0,0,0,0.0,4e-05,4e-05,4e-05,,,49500.0,,49500.0
2023-10-27,36,45681293.0,0,0,0.0,0.00533,0.00533,0.00533,,,4729120.0,,4729120.0
2023-10-30,36,45437646.0,0,0,0.0,0.00808,0.00808,0.00808,,,15536402.0,,15536402.0
2023-10-31,36,45240203.0,0,0,0.0,0.0,0.0,0.0,,,0.0,,0.0
2023-11-01,36,45240203.0,0,0,0.0,0.00121,0.00121,0.00121,,,934817.0,,934817.0
2023-11-02,36,45185375.0,0,0,0.0,0.00542,0.00542,0.00542,,,7476424.0,,7476424.0
2023-11-03,36,45062080.0,0,0,0.0,2e-05,2e-05,2e-05,,,19901.0,,19901.0
2023-11-06,36,45061389.0,0,0,0.0,0.00269,0.00269,0.00269,,,2489179.0,,2489179.0
2023-11-07,36,44940143.0,0,0,0.0,0.00163,0.00163,0.00163,,,5299598.0,,5299598.0
2023-11-08,36,44953987.0,0,0,0.0,0.00011,0.00011,0.00011,,,182129.0,,182129.0
2023-11-09,36,44958818.0,0,0,0.0,0.0,0.0,0.0,,,0.0,,0.0
2023-11-10,36,44958818.0,0,1,0.02778,0.0,0.0,0.0,,,2728.0,,2728.0
2023-11-13,35,44958719.0,0,0,0.0,0.00648,0.00648,0.00648,,,4323143.0,,4323143.0
2023-11-14,35,44815264.0,0,0,0.0,0.00297,0.00297,0.00297,,,3334784.0,,3334784.0
2023-11-15,35,44742246.0,0,0,0.0,0.0,0.0,0.0,,,0.0,,0.0
2023-11-16,35,44742246.0,0,0,0.0,0.0,0.0,0.0,,,0.0,,0.0
2023-11-17,35,44742246.0,0,0,0.0,0.0,0.0,0.0,,,0.0,,0.0
2023-11-20,35,44742246.0,0,0,0.0,0.0,0.0,0.0,,,0.0,,0.0
2023-11-21,35,44742246.0,0,0,0.0,0.0,0.0,0.0,,,0.0,,0.0
2023-11-22,35,44742246.0,0,0,0.0,0.0,0.0,0.0,,,0.0,,0.0
2023-11-24,35,44742246.0,0,0,0.0,0.0,0.0,0.0,,,0.0,,0.0
2023-11-27,35,44742246.0,0,0,0.0,0.0,0.0,0.0,,,0.0,,0.0
2023-11-28,35,44742246.0,0,0,0.0,0.0,0.0,0.0,,,0.0,,0.0
2023-11-29,35,44742246.0,0,0,0.0,0.0,0.0,0.0,,,0.0,,0.0
2023-11-30,35,44742246.0,0,0,0.0,0.0,0.0,0.0,,,0.0,,0.0
2023-12-01,35,44742246.0,0,0,0.0,0.0,0.0,0.0,,,0.0,,0.0
2023-12-04,35,44742246.0,0,0,0.0,0.0,0.0,0.0,,,0.0,,0.0
2023-12-05,35,44742246.0,0,0,0.0,0.0,0.0,0.0,,,0.0,,0.0
2023-12-06,35,44742246.0,0,0,0.0,0.00189,0.00189,0.00189,,,2472550.0,,2472550.0
2023-12-07,35,44690940.0,0,0,0.0,0.00245,0.00245,0.00245,,,3523506.0,,3523506.0
2023-12-08,35,44639522.0,0,0,0.0,0.00292,0.00292,0.00292,,,3102912.0,,3102912.0
2023-12-11,35,44537411.0,0,0,0.0,0.00075,0.00075,0.00075,,,819071.0,,819071.0
2023-12-12,35,44504156.0,0,0,0.0,0.0046,0.0046,0.0046,,,4648387.0,,4648387.0
2023-12-13,35,44520082.0,0,0,0.0,0.011,0.011,0.011,,,6145150.0,,6145150.0
2023-12-14,35,44665528.0,0,0,0.0,0.00272,0.00272,0.00272,,,2802983.0,,2802983.0
2023-12-15,35,44544139.0,0,0,0.0,0.0,0.0,0.0,,,0.0,,0.0
2023-12-18,35,44544139.0,0,0,0.0,0.0,0.0,0.0,,,0.0,,0.0
2023-12-19,35,44544139.0,0,0,0.0,0.00273,0.00273,0.00273,,,2853357.0,,2853357.0
2023-12-20,35,44422753.0,0,0,0.0,0.0,0.0,0.0,,,0.0,,0.0
2023-12-21,35,44422753.0,0,0,0.0,0.00273,0.00273,0.00273,,,2810253.0,,2810253.0
2023-12-22,35,44301368.0,0,0,0.0,0.0,0.0,0.0,,,0.0,,0.0
2023-12-26,35,44301368.0,0,0,0.0,0.0,0.0,0.0,,,0.0,,0.0
2023-12-27,35,44301368.0,0,0,0.0,0.00549,0.00549,0.00549,,,3740051.0,,3740051.0
2023-12-28,35,44060954.0,0,0,0.0,0.00136,0.00136,0.00136,,,1329858.0,,1329858.0
2023-12-29,35,44010531.0,0,0,0.0,0.00089,0.00089,0.00089,,,770070.0,,770070.0
2024-01-02,35,43975810.0,0,0,0.0,0.00435,0.00435,0.00435,,,1758710.0,,1758710.0
2024-01-03,35,44019482.0,0,0,0.0,0.00621,0.00621,0.00621,,,1610409.0,,1610409.0
2024-01-04,35,44256574.0,0,0,0.0,0.00293,0.00293,0.00293,,,2755064.0,,2755064.0
2024-01-05,35,44162631.0,0,0,0.0,0.00427,0.00427,0.00427,,,4602633.0,,4602633.0
2024-01-08,35,44025814.0,0,0,0.0,0.00131,0.00131,0.00131,,,1585675.0,,1585675.0
2024-01-09,35,44031699.0,1,0,0.02857,0.00514,0.00443,0.00514,,,9077451.0,,9077451.0
2024-01-10,36,43953797.0,0,0,0.0,0.00748,0.00748,0.00748,,,8874047.0,,8874047.0
2024-01-11,36,43906654.0,0,0,0.0,0.00564,0.00564,0.00564,,,6011053.0,,6011053.0
2024-01-12,36,43696672.0,0,0,0.0,0.00084,0.00084,0.00084,,,1050075.0,,1050075.0
2024-01-16,36,43696758.0,0,0,0.0,0.0,0.0,0.0,,,0.0,,0.0
2024-01-17,36,43696758.0,0,0,0.0,0.0021,0.0021,0.0021,,,454184.0,,454184.0
2024-01-18,36,43788698.0,0,0,0.0,0.00276,0.00276,0.00276,,,2647284.0,,2647284.0
2024-01-19,36,43667726.0,0,0,0.0,0.01108,0.01108,0.01108,,,10675952.0,,10675952.0
2024-01-22,36,43183808.0,0,0,0.0,0.0,0.0,0.0,,,0.0,,0.0
2024-01-23,36,43183808.0,0,0,0.0,0.0,0.0,0.0,,,0.0,,0.0
2024-01-24,36,43183808.0,0,0,0.0,3e-05,3e-05,3e-05,,,15302.0,,15302.0
2024-01-25,36,43182677.0,0,0,0.0,0.0028,0.0028,0.0028,,,2695191.0,,2695191.0
2024-01-26,36,43061708.0,0,0,0.0,0.0,0.0,0.0,,,0.0,,0.0
2024-01-29,36,43061708.0,0,0,0.0,0.0,0.0,0.0,,,0.0,,0.0
2024-01-30,36,43061708.0,0,0,0.0,0.0,0.0,0.0,,,0.0,,0.0
2024-01-31,36,43061708.0,0,0,0.0,0.0,0.0,0.0,,,0.0,,0.0
2024-02-01,36,43061708.0,0,0,0.0,0.00831,0.00831,0.00831,,,9160103.0,,9160103.0
2024-02-02,36,42745565.0,0,0,0.0,0.02204,0.02204,0.02204,,,7562728.0,,7562728.0
2024-02-05,36,43663473.0,0,0,0.0,0.00565,0.00565,0.00565,,,5282618.0,,5282618.0
2024-02-06,36,43416745.0,0,0,0.0,0.0011,0.0011,0.0011,,,5074633.0,,5074633.0
2024-02-07,36,43379967.0,0,0,0.0,3e-05,3e-05,3e-05,,,274503.0,,274503.0
2024-02-08,36,43381450.0,0,0,0.0,0.00577,0.00577,0.00577,,,5575486.0,,5575486.0
2024-02-09,36,43130979.0,0,0,0.0,0.00336,0.00336,0.00336,,,3441828.0,,3441828.0
2024-02-12,36,43013101.0,0,0,0.0,0.00214,0.00214,0.00214,,,1430445.0,,1430445.0
2024-02-13,36,43016337.0,0,0,0.0,0.00283,0.00283,0.00283,,,5162731.0,,5162731.0
2024-02-14,36,43020555.0,0,0,0.0,0.00194,0.00194,0.00194,,,431226.0,,431226.0
2024-02-15,36,43104126.0,0,0,0.0,0.0137,0.0137,0.0137,,,23455903.0,,23455903.0
2024-02-16,36,43249995.0,0,0,0.0,0.01614,0.01614,0.01614,,,14413894.0,,14413894.0
2024-02-20,36,43408810.0,0,0,0.0,0.00877,0.00877,0.00877,,,8627263.0,,8627263.0
2024-02-21,36,43114151.0,0,0,0.0,0.00472,0.00472,0.00472,,,1424835.0,,1424835.0
2024-02-22,36,43317797.0,0,0,0.0,0.00299,0.00299,0.00299,,,645315.0,,645315.0
2024-02-23,36,43447474.0,0,0,0.0,0.00227,0.00227,0.00227,,,336376.0,,336376.0
2024-02-26,36,43546226.0,0,0,0.0,0.02366,0.02366,0.02366,,,24561599.0,,24561599.0
2024-02-27,36,42934099.0,0,0,0.0,0.001,0.001,0.001,,,1033631.0,,1033631.0
2024-02-28,36,42891049.0,0,0,0.0,0.00365,0.00365,0.00365,,,2197732.0,,2197732.0
2024-02-29,36,42996406.0,0,0,0.0,0.00027,0.00027,0.00027,,,548316.0,,548316.0
2024-03-01,36,43006441.0,0,0,0.0,0.00298,0.00298,0.00298,,,2717185.0,,2717185.0
2024-03-04,36,42878442.0,0,0,0.0,0.0,0.0,0.0,,,0.0,,0.0
2024-03-05,36,42878442.0,0,0,0.0,0.00299,0.00299,0.00299,,,2714207.0,,2714207.0
2024-03-06,36,42750435.0,0,0,0.0,0.0006,0.0006,0.0006,,,2733712.0,,2733712.0
2024-03-07,36,42736269.0,0,0,0.0,0.00595,0.00595,0.00595,,,5147822.0,,5147822.0
2024-03-08,36,42484506.0,0,0,0.0,0.00602,0.00602,0.00602,,,5555610.0,,5555610.0
2024-03-11,36,42228541.0,0,0,0.0,0.00303,0.00303,0.00303,,,2755235.0,,2755235.0
2024-03-12,36,42100557.0,0,0,0.0,0.0,0.0,0.0,,,0.0,,0.0
2024-03-13,36,42100557.0,0,0,0.0,8e-05,8e-05,8e-05,,,44073.0,,44073.0
2024-03-14,36,42097034.0,0,0,0.0,2e-05,2e-05,2e-05,,,12362.0,,12362.0
2024-03-15,36,42096009.0,0,0,0.0,0.00079,0.00079,0.00079,,,6096777.0,,6096777.0
2024-03-18,36,42099888.0,0,0,0.0,0.00608,0.00608,0.00608,,,5289118.0,,5289118.0
2024-03-19,36,42355863.0,0,0,0.0,0.01269,0.01269,0.01269,,,12048905.0,,12048905.0
2024-03-20,36,41843327.0,0,0,0.0,0.00029,0.00029,0.00029,,,308522.0,,308522.0
2024-03-21,36,41854905.0,0,1,0.02778,0.0061,0.0061,0.0061,,,5400234.0,,5400234.0
2024-03-22,35,41599418.0,0,0,0.0,0.00014,0.00014,0.00014,,,155412.0,,155412.0
2024-03-25,35,41605055.0,0,0,0.0,0.00352,0.00352,0.00352,,,4081002.0,,4081002.0
2024-03-26,35,41484691.0,0,0,0.0,0.00569,0.00569,0.00569,,,8035154.0,,8035154.0
2024-03-27,35,41431437.0,0,0,0.0,0.00802,0.00802,0.00802,,,19509247.0,,19509247.0
2024-03-28,35,41484369.0,0,0,0.0,0.00513,0.00513,0.00513,,,4602608.0,,4602608.0
2024-04-01,35,41324472.0,0,0,0.0,0.00098,0.00098,0.00098,,,853926.0,,853926.0
2024-04-02,35,41314308.0,0,0,0.0,0.00275,0.00275,0.00275,,,5643352.0,,5643352.0
2024-04-03,35,41371483.0,0,0,0.0,0.00418,0.00418,0.00418,,,6263174.0,,6263174.0
2024-04-04,35,41377296.0,0,0,0.0,0.00034,0.00034,0.00034,,,303843.0,,303843.0
2024-04-05,35,41363190.0,0,0,0.0,0.0,0.0,0.0,,,0.0,,0.0
2024-04-08,35,41363190.0,0,0,0.0,0.0031,0.0031,0.0031,,,2651426.0,,2651426.0
2024-04-09,35,41235115.0,0,0,0.0,0.0004,0.0004,0.0004,,,1526914.0,,1526914.0
2024-04-10,35,41227970.0,0,0,0.0,0.00065,0.00065,0.00065,,,689133.0,,689133.0
2024-04-11,35,41254598.0,0,0,0.0,0.0009,0.0009,0.0009,,,1261240.0,,1261240.0
2024-04-12,35,41290009.0,0,0,0.0,0.0,0.0,0.0,,,0.0,,0.0
2024-04-15,35,41290009.0,0,0,0.0,0.0,0.0,0.0,,,0.0,,0.0
2024-04-16,35,41290009.0,0,0,0.0,0.00932,0.00932,0.00932,,,7683254.0,,7683254.0
2024-04-17,35,40905273.0,0,0,0.0,0.00013,0.00013,0.00013,,,1526887.0,,1526887.0
2024-04-18,35,40903685.0,0,0,0.0,0.0032,0.0032,0.0032,,,2943958.0,,2943958.0
2024-04-19,35,40781448.0,0,0,0.0,0.0008,0.0008,0.0008,,,2406028.0,,2406028.0
2024-04-22,35,40764699.0,0,0,0.0,0.00359,0.00359,0.00359,,,2497895.0,,2497895.0
2024-04-23,35,40618545.0,0,0,0.0,0.00128,0.00128,0.00128,,,3595727.0,,3595727.0
2024-04-24,35,40588850.0,0,0,0.0,0.00041,0.00041,0.00041,,,384729.0,,384729.0
2024-04-25,35,40577517.0,0,0,0.0,0.00394,0.00394,0.00394,,,39992.0,,39992.0
2024-04-26,35,40417548.0,1,0,0.02857,0.00433,0.00322,0.00433,,,4686549.0,,4686549.0
2024-04-29,36,40440896.0,0,0,0.0,0.02413,0.02413,0.02413,,,15733454.0,,15733454.0
2024-04-30,36,40536425.0,0,0,0.0,0.01403,0.01403,0.01403,,,8569608.0,,8569608.0
2024-05-01,36,40788623.0,0,0,0.0,0.00994,0.00994,0.00994,,,9328888.0,,9328888.0
2024-05-02,36,40810317.0,0,0,0.0,0.00103,0.00103,0.00103,,,10366.0,,10366.0
2024-05-03,36,40768230.0,0,0,0.0,0.0099,0.0099,0.0099,,,8267573.0,,8267573.0
2024-05-06,36,40364548.0,0,0,0.0,0.00012,0.00012,0.00012,,,4267.0,,4267.0
2024-05-07,36,40359720.0,0,0,0.0,4e-05,4e-05,4e-05,,,503.0,,503.0
2024-05-08,36,40358220.0,0,0,0.0,0.00529,0.00529,0.00529,,,5130993.0,,5130993.0
2024-05-09,36,40329216.0,0,0,0.0,0.00323,0.00323,0.00323,,,2962603.0,,2962603.0
2024-05-10,36,40228546.0,0,0,0.0,8e-05,8e-05,8e-05,,,221784.0,,221784.0
2024-05-13,36,40225220.0,0,0,0.0,0.00201,0.00201,0.00201,,,785455.0,,785455.0
2024-05-14,36,40296234.0,0,0,0.0,0.00023,0.00023,0.00023,,,77820.0,,77820.0
2024-05-15,36,40286828.0,0,0,0.0,0.00335,0.00335,0.00335,,,2829383.0,,2829383.0
2024-05-16,36,40151981.0,0,1,0.02778,0.00015,0.00014,0.00015,,,214738.0,,214738.0
2024-05-17,35,40145959.0,0,0,0.0,0.0,0.0,0.0,,,0.0,,0.0
2024-05-20,35,40145959.0,0,0,0.0,0.0,0.0,0.0,,,0.0,,0.0
2024-05-21,35,40145959.0,0,0,0.0,0.00776,0.00776,0.00776,,,8098958.0,,8098958.0
2024-05-22,35,39854242.0,0,0,0.0,0.0,0.0,0.0,,,0.0,,0.0
2024-05-23,35,39854242.0,0,0,0.0,0.00325,0.00325,0.00325,,,2811067.0,,2811067.0
2024-05-24,35,39724841.0,0,0,0.0,0.00326,0.00326,0.00326,,,2766185.0,,2766185.0
2024-05-28,35,39595440.0,0,0,0.0,0.00327,0.00327,0.00327,,,2805830.0,,2805830.0
2024-05-29,35,39466022.0,0,0,0.0,0.00145,0.00145,0.00145,,,834635.0,,834635.0
2024-05-30,35,39442507.0,0,0,0.0,0.00305,0.00305,0.00305,,,425593.0,,425593.0
2024-05-31,35,39561931.0,0,0,0.0,0.00281,0.00281,0.00281,,,1684398.0,,1684398.0
2024-06-03,35,39591289.0,0,0,0.0,0.0058,0.0058,0.0058,,,5315887.0,,5315887.0
2024-06-04,35,39375781.0,0,0,0.0,0.00069,0.00069,0.00069,,,116976.0,,116976.0
2024-06-05,35,39402820.0,0,0,0.0,0.00144,0.00144,0.00144,,,566709.0,,566709.0
2024-06-06,35,39418136.0,0,0,0.0,1e-05,1e-05,1e-05,,,1059.0,,1059.0
2024-06-07,35,39418045.0,0,0,0.0,0.0132,0.0132,0.0132,,,10946000.0,,10946000.0
2024-06-10,35,38897875.0,0,0,0.0,0.00336,0.00336,0.00336,,,2709688.0,,2709688.0
2024-06-11,35,38767231.0,0,0,0.0,0.0,0.0,0.0,,,0.0,,0.0
2024-06-12,35,38767231.0,0,0,0.0,1e-05,1e-05,1e-05,,,2168.0,,2168.0
2024-06-13,35,38767682.0,0,0,0.0,5e-05,5e-05,5e-05,,,10177.0,,10177.0
2024-06-14,35,38769808.0,0,0,0.0,0.00015,0.00015,0.00015,,,25675.0,,25675.0
2024-06-17,35,38775459.0,0,0,0.0,0.003,0.003,0.003,,,2642866.0,,2642866.0
2024-06-18,35,38659041.0,0,0,0.0,0.00075,0.00075,0.00075,,,125419.0,,125419.0
2024-06-20,35,38687854.0,0,0,0.0,0.00402,0.00402,0.00402,,,2831024.0,,2831024.0
2024-06-21,35,38533713.0,0,0,0.0,0.00672,0.00672,0.00672,,,5434861.0,,5434861.0
2024-06-24,35,38274853.0,0,0,0.0,0.0007,0.0007,0.0007,,,84871.0,,84871.0
2024-06-25,35,38255298.0,0,0,0.0,0.00032,0.00032,0.00032,,,37832.0,,37832.0
2024-06-26,35,38242960.0,0,0,0.0,0.00135,0.00135,0.00135,,,4325092.0,,4325092.0
2024-06-27,35,38226815.0,0,0,0.0,0.0067,0.0067,0.0067,,,5443867.0,,5443867.0
2024-06-28,35,37970651.0,0,0,0.0,0.00796,0.00796,0.00796,,,5611048.0,,5611048.0
2024-07-01,35,37668569.0,0,0,0.0,0.00025,0.00025,0.00025,,,34097.0,,34097.0
2024-07-02,35,37676336.0,0,0,0.0,0.00892,0.00892,0.00892,,,7485596.0,,7485596.0
2024-07-03,35,37922904.0,0,0,0.0,0.00671,0.00671,0.00671,,,5816682.0,,5816682.0
2024-07-05,35,37751732.0,0,0,0.0,0.00355,0.00355,0.00355,,,3456012.0,,3456012.0
2024-07-08,35,37617621.0,0,0,0.0,0.00352,0.00352,0.00352,,,3224090.0,,3224090.0
2024-07-09,35,37485028.0,0,0,0.0,8e-05,8e-05,8e-05,,,524681.0,,524681.0
2024-07-10,35,37481944.0,0,0,0.0,0.01003,0.01003,0.01003,,,6175224.0,,6175224.0
2024-07-11,35,37398028.0,0,0,0.0,0.02054,0.02054,0.02054,,,3067187.0,,3067187.0
2024-07-12,35,38161412.0,0,0,0.0,0.00369,0.00369,0.00369,,,2937061.0,,2937061.0
2024-07-15,35,38020738.0,0,0,0.0,0.00033,0.00033,0.00033,,,40380.0,,40380.0
2024-07-16,35,38008040.0,1,0,0.02857,0.0085,0.00113,0.0085,,,4711055.0,,4711055.0
2024-07-17,36,38245322.0,0,0,0.0,0.01348,0.01348,0.01348,,,10011838.0,,10011838.0
2024-07-18,36,38154822.0,0,0,0.0,0.0,0.0,0.0,,,0.0,,0.0
2024-07-19,36,38154822.0,0,0,0.0,0.0,0.0,0.0,,,0.0,,0.0
2024-07-22,36,38154822.0,0,0,0.0,0.00396,0.00396,0.00396,,,4609672.0,,4609672.0
2024-07-23,36,38031388.0,0,0,0.0,0.00022,0.00022,0.00022,,,75684.0,,75684.0
2024-07-24,36,38039788.0,0,0,0.0,0.00021,0.00021,0.00021,,,73920.0,,73920.0
2024-07-25,36,38047788.0,0,0,0.0,0.00393,0.00393,0.00393,,,1288097.0,,1288097.0
2024-07-26,36,38194181.0,0,0,0.0,0.00399,0.00399,0.00399,,,3948749.0,,3948749.0
2024-07-29,36,38073584.0,0,0,0.0,0.00018,0.00018,0.00018,,,20584.0,,20584.0
2024-07-30,36,38066768.0,0,0,0.0,0.0,0.0,0.0,,,0.0,,0.0
2024-07-31,36,38066768.0,0,0,0.0,0.00841,0.00841,0.00841,,,4715847.0,,4715847.0
2024-08-01,36,38279211.0,0,0,0.0,0.00356,0.00356,0.00356,,,2822689.0,,2822689.0
2024-08-02,36,38142976.0,1,0,0.02778,0.03776,0.00853,0.03776,,,12718349.0,,12718349.0
2024-08-05,37,38932565.0,0,0,0.0,0.0,0.0,0.0,,,0.0,,0.0
2024-08-06,37,38932565.0,1,0,0.02703,0.00676,0.00633,0.00676,,,8408493.0,,8408493.0
2024-08-07,38,38861748.0,0,0,0.0,0.01076,0.01076,0.01076,,,9409652.0,,9409652.0
2024-08-08,38,38476230.0,0,0,0.0,0.00872,0.00872,0.00872,,,5781232.0,,5781232.0
2024-08-09,38,38141259.0,0,0,0.0,0.00489,0.00489,0.00489,,,2819126.0,,2819126.0
2024-08-12,38,37954904.0,0,0,0.0,0.00133,0.00133,0.00133,,,194774.0,,194774.0
2024-08-13,38,37905723.0,0,0,0.0,0.03175,0.03175,0.03175,,,12834202.0,,12834202.0
2024-08-14,38,37946467.0,0,0,0.0,0.03086,0.03086,0.03086,,,13073274.0,,13073274.0
2024-08-15,38,37854870.0,0,0,0.0,0.00802,0.00802,0.00802,,,3183637.0,,3183637.0
2024-08-16,38,37660248.0,0,0,0.0,0.00463,0.00463,0.00463,,,270164.0,,270164.0
2024-08-19,38,37485748.0,0,0,0.0,0.00209,0.00209,0.00209,,,99405.0,,99405.0
2024-08-20,38,37407426.0,0,0,0.0,0.00999,0.00999,0.00999,,,3179618.0,,3179618.0
2024-08-21,38,37033677.0,0,0,0.0,0.00556,0.00556,0.00556,,,191533.0,,191533.0
2024-08-22,38,36827949.0,0,0,0.0,0.00039,0.00039,0.00039,,,32868.0,,32868.0
2024-08-23,38,36813551.0,0,0,0.0,0.00919,0.00919,0.00919,,,5574149.0,,5574149.0
2024-08-26,38,36475261.0,0,0,0.0,0.00082,0.00082,0.00082,,,39996.0,,39996.0
2024-08-27,38,36445451.0,0,0,0.0,0.00157,0.00157,0.00157,,,311571.0,,311571.0
2024-08-28,38,36388375.0,0,0,0.0,0.00419,0.00419,0.00419,,,2799293.0,,2799293.0
2024-08-29,38,36235920.0,0,1,0.02632,0.0001,0.0001,0.0001,,,4652.0,,4652.0
2024-08-30,37,36232247.0,0,1,0.02703,0.00092,0.00091,0.00092,,,32904.0,,32904.0
2024-09-03,36,36199021.0,0,0,0.0,0.00388,0.00388,0.00388,,,2808512.0,,2808512.0
2024-09-04,36,36058554.0,0,0,0.0,0.00226,0.00226,0.00226,,,73991.0,,73991.0
2024-09-05,36,35976994.0,0,0,0.0,0.00335,0.00335,0.00335,,,419838.0,,419838.0
2024-09-06,36,35982081.0,0,0,0.0,0.00589,0.00589,0.00589,,,213500.0,,213500.0
2024-09-09,36,35770184.0,0,0,0.0,0.00411,0.00411,0.00411,,,143370.0,,143370.0
2024-09-10,36,35623198.0,0,0,0.0,0.00161,0.00161,0.00161,,,7084173.0,,7084173.0
2024-09-11,36,35606256.0,0,0,0.0,0.00585,0.00585,0.00585,,,2781740.0,,2781740.0
2024-09-12,36,35398066.0,0,0,0.0,8e-05,8e-05,8e-05,,,2812.0,,2812.0
2024-09-13,36,35395128.0,0,0,0.0,0.00074,0.00074,0.00074,,,27419.0,,27419.0
2024-09-16,36,35368764.0,0,0,0.0,0.00801,0.00801,0.00801,,,5680420.0,,5680420.0
2024-09-17,36,35085405.0,0,0,0.0,0.00181,0.00181,0.00181,,,169745.0,,169745.0
2024-09-18,36,35021987.0,0,0,0.0,0.01186,0.01186,0.01186,,,1408305.0,,1408305.0
2024-09-19,36,35366288.0,0,0,0.0,0.00152,0.00152,0.00152,,,340236.0,,340236.0
2024-09-20,36,35386793.0,0,0,0.0,0.00202,0.00202,0.00202,,,361473.0,,361473.0
2024-09-23,36,35427741.0,0,0,0.0,0.00094,0.00094,0.00094,,,300076.0,,300076.0
2024-09-24,36,35460049.0,0,0,0.0,0.0109,0.0109,0.0109,,,4590683.0,,4590683.0
2024-09-25,36,35581707.0,0,0,0.0,0.00113,0.00113,0.00113,,,574193.0,,574193.0
2024-09-26,36,35545607.0,0,0,0.0,0.00801,0.00801,0.00801,,,5992941.0,,5992941.0
2024-09-27,36,35261014.0,0,0,0.0,0.00028,0.00028,0.00028,,,425289.0,,425289.0
2024-09-30,36,35255344.0,0,0,0.0,0.00052,0.00052,0.00052,,,97660.0,,97660.0
2024-10-01,36,35236899.0,0,0,0.0,0.00327,0.00327,0.00327,,,637804.0,,637804.0
2024-10-02,36,35236386.0,0,0,0.0,0.00387,0.00387,0.00387,,,575040.0,,575040.0
2024-10-03,36,35365097.0,0,0,0.0,0.00044,0.00044,0.00044,,,148339.0,,148339.0
2024-10-04,36,35372095.0,0,0,0.0,0.0042,0.0042,0.0042,,,3202338.0,,3202338.0
2024-10-07,36,35294887.0,0,0,0.0,0.00176,0.00176,0.00176,,,447909.0,,447909.0
2024-10-08,36,35302282.0,0,0,0.0,0.00381,0.00381,0.00381,,,561802.0,,561802.0
2024-10-09,36,35276313.0,0,1,0.02778,0.01043,0.01043,0.01043,,,1783414.0,,1783414.0
2024-10-10,35,35316422.0,0,0,0.0,0.00445,0.00445,0.00445,,,913963.0,,913963.0
2024-10-11,35,35257064.0,0,0,0.0,0.0035,0.0035,0.0035,,,3443381.0,,3443381.0
2024-10-14,35,35148069.0,0,0,0.0,0.00101,0.00101,0.00101,,,171019.0,,171019.0
2024-10-15,35,35113127.0,0,0,0.0,0.0042,0.0042,0.0042,,,3123128.0,,3123128.0
2024-10-16,35,34965724.0,0,0,0.0,0.00053,0.00053,0.00053,,,76265.0,,76265.0
2024-10-17,35,34967676.0,0,0,0.0,0.0042,0.0042,0.0042,,,3141319.0,,3141319.0
2024-10-18,35,34820837.0,0,0,0.0,0.00069,0.00069,0.00069,,,92298.0,,92298.0
2024-10-21,35,34828263.0,0,0,0.0,2e-05,2e-05,2e-05,,,2573.0,,2573.0
2024-10-22,35,34827700.0,1,0,0.02857,0.01554,0.01464,0.01554,,,16703699.0,,16703699.0
2024-10-23,36,34597171.0,0,0,0.0,7e-05,7e-05,7e-05,,,11234.0,,11234.0
2024-10-24,36,34594775.0,0,0,0.0,0.0,0.0,0.0,,,0.0,,0.0
2024-10-25,36,34594775.0,0,0,0.0,0.01217,0.01217,0.01217,,,7090811.0,,7090811.0
2024-10-28,36,34228809.0,0,0,0.0,0.00735,0.00735,0.00735,,,1267908.0,,1267908.0
2024-10-29,36,34286188.0,0,0,0.0,0.01214,0.01214,0.01214,,,11340215.0,,11340215.0
2024-10-30,36,33934043.0,0,0,0.0,0.0,0.0,0.0,,,0.0,,0.0
2024-10-31,36,33934043.0,0,0,0.0,0.00547,0.00547,0.00547,,,6162921.0,,6162921.0
2024-11-01,36,33768650.0,0,0,0.0,0.0,0.0,0.0,,,4.0,,4.0
2024-11-04,36,33768651.0,0,0,0.0,7e-05,7e-05,7e-05,,,13659.0,,13659.0
2024-11-05,36,33766448.0,0,0,0.0,0.00573,0.00573,0.00573,,,4967812.0,,4967812.0
2024-11-06,36,33616287.0,0,0,0.0,5e-05,5e-05,5e-05,,,9809.0,,9809.0
2024-11-07,36,33614663.0,0,0,0.0,0.0002,0.0002,0.0002,,,43133.0,,43133.0
2024-11-08,36,33607986.0,0,0,0.0,0.00402,0.00402,0.00402,,,3347699.0,,3347699.0
2024-11-11,36,33472737.0,0,0,0.0,0.00408,0.00408,0.00408,,,3427353.0,,3427353.0
2024-11-12,36,33336024.0,0,0,0.0,0.00406,0.00406,0.00406,,,3538539.0,,3538539.0
2024-11-13,36,33200714.0,0,0,0.0,0.00726,0.00726,0.00726,,,1000555.0,,1000555.0
2024-11-14,36,33088321.0,0,0,0.0,0.02253,0.02253,0.02253,,,11287251.0,,11287251.0
2024-11-15,36,33095608.0,0,0,0.0,0.0419,0.0419,0.0419,,,21056680.0,,21056680.0
2024-11-18,36,33515837.0,0,0,0.0,0.00064,0.00064,0.00064,,,122192.0,,122192.0
2024-11-19,36,33537162.0,0,0,0.0,0.00256,0.00256,0.00256,,,1316737.0,,1316737.0
2024-11-20,36,33533302.0,0,0,0.0,0.00356,0.00356,0.00356,,,2318564.0,,2318564.0
2024-11-21,36,33444468.0,0,1,0.02778,0.0009,0.0009,0.0009,,,101284.0,,101284.0
2024-11-22,35,33464972.0,0,0,0.0,6e-05,6e-05,6e-05,,,8360.0,,8360.0
2024-11-25,35,33463072.0,0,0,0.0,0.0,0.0,0.0,,,0.0,,0.0
2024-11-26,35,33463072.0,0,0,0.0,0.00528,0.00528,0.00528,,,12791048.0,,12791048.0
2024-11-27,35,33391229.0,0,0,0.0,0.00179,0.00179,0.00179,,,11090896.0,,11090896.0
2024-11-29,35,33412058.0,0,0,0.0,0.0,0.0,0.0,,,318.0,,318.0
2024-12-02,35,33411978.0,0,0,0.0,0.0,0.0,0.0,,,0.0,,0.0
2024-12-03,35,33411978.0,0,0,0.0,1e-05,1e-05,1e-05,,,1277.0,,1277.0
2024-12-04,35,33411658.0,0,0,0.0,1e-05,1e-05,1e-05,,,1846.0,,1846.0
2024-12-05,35,33411200.0,0,0,0.0,0.0,0.0,0.0,,,0.0,,0.0
2024-12-06,35,33411200.0,0,0,0.0,0.0,0.0,0.0,,,0.0,,0.0
2024-12-09,35,33411200.0,0,0,0.0,0.0,0.0,0.0,,,0.0,,0.0
2024-12-10,35,33411200.0,0,0,0.0,1e-05,1e-05,1e-05,,,1569.0,,1569.0
2024-12-11,35,33410836.0,0,0,0.0,0.0,0.0,0.0,,,215.0,,215.0
2024-12-12,35,33410786.0,1,0,0.02857,0.0108,0.00616,0.0108,,,8939707.0,,8939707.0
2024-12-13,36,33359762.0,0,0,0.0,0.00956,0.00956,0.00956,,,3587537.0,,3587537.0
2024-12-16,36,33674962.0,0,0,0.0,5e-05,5e-05,5e-05,,,694914.0,,694914.0
2024-12-17,36,33673369.0,0,1,0.02778,0.0,0.0,0.0,,,208.0,,208.0
2024-12-18,35,33673319.0,0,0,0.0,0.0,0.0,0.0,,,0.0,,0.0
2024-12-19,35,33673319.0,0,0,0.0,0.0,0.0,0.0,,,0.0,,0.0
2024-12-20,35,33673319.0,0,0,0.0,0.0,0.0,0.0,,,0.0,,0.0
2024-12-23,35,33673319.0,0,0,0.0,0.0,0.0,0.0,,,0.0,,0.0
2024-12-24,35,33673319.0,0,0,0.0,0.0,0.0,0.0,,,0.0,,0.0
2024-12-26,35,33673319.0,0,0,0.0,0.0,0.0,0.0,,,0.0,,0.0
2024-12-27,35,33673319.0,0,0,0.0,0.0,0.0,0.0,,,0.0,,0.0
2024-12-30,35,33673319.0,0,0,0.0,0.00176,0.00176,0.00176,,,1804672.0,,1804672.0
2024-12-31,35,33630287.0,0,0,0.0,0.00013,0.00013,0.00013,,,101934.0,,101934.0
2025-01-02,35,33626049.0,0,0,0.0,0.0107,0.0107,0.0107,,,23183102.0,,23183102.0
2025-01-03,35,33932147.0,0,0,0.0,0.0,0.0,0.0,,,0.0,,0.0
2025-01-06,35,33932147.0,0,0,0.0,0.0,0.0,0.0,,,0.0,,0.0
2025-01-07,35,33932147.0,0,0,0.0,0.0,0.0,0.0,,,0.0,,0.0
2025-01-08,35,33932147.0,0,0,0.0,0.0,0.0,0.0,,,0.0,,0.0
2025-01-10,35,33932147.0,0,0,0.0,0.0,0.0,0.0,,,0.0,,0.0
2025-01-13,35,33932147.0,0,0,0.0,0.0,0.0,0.0,,,0.0,,0.0
2025-01-14,35,33932147.0,0,0,0.0,0.0,0.0,0.0,,,0.0,,0.0
2025-01-15,35,33932147.0,0,0,0.0,0.0,0.0,0.0,,,0.0,,0.0
2025-01-16,35,33932147.0,1,0,0.02857,0.01358,0.00569,0.01358,,,9937760.0,,9937760.0
2025-01-17,36,34006609.0,0,0,0.0,0.0,0.0,0.0,,,0.0,,0.0
2025-01-21,36,34006609.0,0,0,0.0,0.0,0.0,0.0,,,0.0,,0.0
2025-01-22,36,34006609.0,0,0,0.0,0.00213,0.00213,0.00213,,,4383811.0,,4383811.0
2025-01-23,36,33974373.0,0,0,0.0,2e-05,2e-05,2e-05,,,234487.0,,234487.0
2025-01-24,36,33974373.0,0,0,0.0,1e-05,1e-05,1e-05,,,149860.0,,149860.0
2025-01-27,36,33973874.0,0,0,0.0,7e-05,7e-05,7e-05,,,393801.0,,393801.0
2025-01-28,36,33974345.0,0,0,0.0,0.00259,0.00259,0.00259,,,4334361.0,,4334361.0
2025-01-29,36,33953149.0,0,0,0.0,0.00487,0.00487,0.00487,,,6076013.0,,6076013.0
2025-01-30,36,33791928.0,0,0,0.0,0.00396,0.00396,0.00396,,,3948394.0,,3948394.0
2025-01-31,36,33925894.0,0,0,0.0,0.00935,0.00935,0.00935,,,14640119.0,,14640119.0
2025-02-03,36,33740661.0,0,0,0.0,0.0,0.0,0.0,,,0.0,,0.0
2025-02-04,36,33740661.0,1,0,0.02778,0.00549,0.00452,0.00549,,,18196200.0,,18196200.0
2025-02-05,37,33893953.0,0,0,0.0,7e-05,7e-05,7e-05,,,526989.0,,526989.0
2025-02-06,37,33895877.0,0,1,0.02703,0.0,0.0,0.0,,,45368.0,,45368.0
2025-02-07,36,33895777.0,0,0,0.0,0.01922,0.01922,0.01922,,,20078338.0,,20078338.0
2025-02-10,36,34228362.0,0,0,0.0,0.00176,0.00176,0.00176,,,2991963.0,,2991963.0
2025-02-11,36,34181329.0,0,0,0.0,0.0,0.0,0.0,,,0.0,,0.0
2025-02-12,36,34181329.0,0,0,0.0,0.00976,0.00976,0.00976,,,12278220.0,,12278220.0
2025-02-13,36,33949747.0,0,0,0.0,0.00311,0.00311,0.00311,,,6035728.0,,6035728.0
2025-02-14,36,33946880.0,0,0,0.0,0.0,0.0,0.0,,,0.0,,0.0
2025-02-18,36,33946880.0,0,0,0.0,0.0,0.0,0.0,,,0.0,,0.0
2025-02-19,36,33946880.0,0,0,0.0,0.0,0.0,0.0,,,0.0,,0.0
2025-02-20,36,33946880.0,0,0,0.0,0.00482,0.00482,0.00482,,,4314743.0,,4314743.0
2025-02-21,36,33955351.0,0,0,0.0,0.0079,0.0079,0.0079,,,7953105.0,,7953105.0
2025-02-24,36,34217815.0,0,0,0.0,0.0,0.0,0.0,,,0.0,,0.0
2025-02-25,36,34217815.0,0,0,0.0,0.0,0.0,0.0,,,0.0,,0.0
2025-02-26,36,34217815.0,0,0,0.0,0.00791,0.00791,0.00791,,,7279811.0,,7279811.0
2025-02-27,36,33947307.0,0,0,0.0,0.0,0.0,0.0,,,0.0,,0.0
2025-02-28,36,33947307.0,0,0,0.0,0.0,0.0,0.0,,,0.0,,0.0
2025-03-03,36,33947307.0,0,0,0.0,0.00161,0.00161,0.00161,,,485727.0,,485727.0
2025-03-04,36,34002006.0,0,0,0.0,0.00837,0.00837,0.00837,,,10566918.0,,10566918.0
2025-03-05,36,33734427.0,0,0,0.0,0.00124,0.00124,0.00124,,,491395.0,,491395.0
2025-03-06,36,33692748.0,0,0,0.0,0.0016,0.0016,0.0016,,,1793814.0,,1793814.0
2025-03-07,36,33650904.0,0,0,0.0,0.0,0.0,0.0,,,0.0,,0.0
2025-03-10,36,33650904.0,0,0,0.0,0.00033,0.00033,0.00033,,,135447.0,,135447.0
2025-03-11,36,33639901.0,0,0,0.0,0.00859,0.00859,0.00859,,,8267366.0,,8267366.0
2025-03-12,36,33407894.0,0,0,0.0,0.00794,0.00794,0.00794,,,8298381.0,,8298381.0
2025-03-13,36,33198442.0,0,0,0.0,0.00092,0.00092,0.00092,,,1061601.0,,1061601.0
2025-03-14,36,33177649.0,0,0,0.0,0.0,0.0,0.0,,,0.0,,0.0
2025-03-17,36,33177649.0,0,0,0.0,0.00403,0.00403,0.00403,,,3421264.0,,3421264.0
2025-03-18,36,33043852.0,0,0,0.0,0.00039,0.00039,0.00039,,,930916.0,,930916.0
2025-03-19,36,33053061.0,0,0,0.0,0.00041,0.00041,0.00041,,,1381990.0,,1381990.0
2025-03-20,36,33059662.0,0,0,0.0,0.00045,0.00045,0.00045,,,410550.0,,410550.0
2025-03-21,36,33074537.0,0,0,0.0,0.00028,0.00028,0.00028,,,254094.0,,254094.0
2025-03-24,36,33083760.0,0,0,0.0,0.00012,0.00012,0.00012,,,114056.0,,114056.0
2025-03-25,36,33087885.0,1,0,0.02778,0.01078,0.00943,0.01078,,,11741420.0,,11741420.0
2025-03-26,37,33096687.0,0,0,0.0,0.00474,0.00474,0.00474,,,1527882.0,,1527882.0
2025-03-27,37,33173430.0,0,0,0.0,2e-05,2e-05,2e-05,,,84168.0,,84168.0
2025-03-28,37,33174098.0,0,0,0.0,0.0,0.0,0.0,,,0.0,,0.0
2025-03-31,37,33174098.0,0,0,0.0,0.0,0.0,0.0,,,0.0,,0.0
2025-04-01,37,33174098.0,0,0,0.0,0.0,0.0,0.0,,,0.0,,0.0
2025-04-02,37,33174098.0,0,0,0.0,0.0,0.0,0.0,,,0.0,,0.0
2025-04-03,37,33174098.0,0,0,0.0,0.0,0.0,0.0,,,0.0,,0.0
2025-04-04,37,33174098.0,0,0,0.0,0.0,0.0,0.0,,,0.0,,0.0
2025-04-07,37,33174098.0,0,0,0.0,0.0047,0.0047,0.0047,,,2919421.0,,2919421.0
2025-04-08,37,33034931.0,0,0,0.0,0.01527,0.01527,0.01527,,,9129493.0,,9129493.0
2025-04-09,37,32627838.0,0,0,0.0,0.0089,0.0089,0.0089,,,5294505.0,,5294505.0
2025-04-10,37,32372432.0,0,1,0.02703,0.00405,0.00405,0.00405,,,3380860.0,,3380860.0
2025-04-11,36,32241263.0,0,0,0.0,0.0,0.0,0.0,,,0.0,,0.0
2025-04-14,36,32241263.0,0,0,0.0,0.0,0.0,0.0,,,0.0,,0.0
2025-04-15,36,32241263.0,0,0,0.0,0.0,0.0,0.0,,,0.0,,0.0
2025-04-16,36,32241263.0,0,0,0.0,0.0,0.0,0.0,,,0.0,,0.0
2025-04-17,36,32241263.0,0,0,0.0,0.00407,0.00407,0.00407,,,3227477.0,,3227477.0
2025-04-21,36,32110191.0,0,0,0.0,0.0,0.0,0.0,,,0.0,,0.0
2025-04-22,36,32110191.0,0,0,0.0,0.00408,0.00408,0.00408,,,3127491.0,,3127491.0
2025-04-23,36,31979119.0,0,0,0.0,0.00735,0.00735,0.00735,,,11113734.0,,11113734.0
2025-04-24,36,31898717.0,0,0,0.0,0.00407,0.00407,0.00407,,,5731233.0,,5731233.0
2025-04-25,36,31858562.0,0,0,0.0,0.0,0.0,0.0,,,0.0,,0.0
2025-04-28,36,31858562.0,0,0,0.0,0.00028,0.00028,0.00028,,,262445.0,,262445.0
2025-04-29,36,31867627.0,0,0,0.0,0.00085,0.00085,0.00085,,,787147.0,,787147.0
2025-04-30,36,31894711.0,0,0,0.0,0.0,0.0,0.0,,,2198.0,,2198.0
2025-05-01,36,31894811.0,0,0,0.0,0.00264,0.00264,0.00264,,,4730108.0,,4730108.0
2025-05-02,36,31828428.0,0,0,0.0,0.00699,0.00699,0.00699,,,2584079.0,,2584079.0
2025-05-05,36,31975579.0,0,0,0.0,0.0,0.0,0.0,,,0.0,,0.0
2025-05-06,36,31975579.0,0,0,0.0,0.00077,0.00077,0.00077,,,882756.0,,882756.0
2025-05-07,36,31950976.0,0,0,0.0,0.0,0.0,0.0,,,0.0,,0.0
2025-05-08,36,31950976.0,0,0,0.0,0.00152,0.00152,0.00152,,,5308546.0,,5308546.0
2025-05-09,36,31951724.0,0,0,0.0,0.0,0.0,0.0,,,0.0,,0.0
2025-05-12,36,31951724.0,0,0,0.0,0.0,0.0,0.0,,,0.0,,0.0
2025-05-13,36,31951724.0,0,0,0.0,0.00941,0.00941,0.00941,,,9217297.0,,9217297.0
2025-05-14,36,31967806.0,0,0,0.0,0.0,0.0,0.0,,,0.0,,0.0
2025-05-15,36,31967806.0,0,0,0.0,0.0,0.0,0.0,,,0.0,,0.0
2025-05-16,36,31967806.0,0,0,0.0,0.02123,0.02123,0.02123,,,4874010.0,,4874010.0
2025-05-19,36,31529056.0,0,0,0.0,0.0,0.0,0.0,,,0.0,,0.0
2025-05-20,36,31529056.0,0,0,0.0,0.0,0.0,0.0,,,0.0,,0.0
2025-05-21,36,31529056.0,0,0,0.0,0.0,0.0,0.0,,,0.0,,0.0
2025-05-22,36,31529056.0,0,0,0.0,0.0,0.0,0.00036,0.00018,1.0,973446.0,486723.0,0.0
2025-05-23,36,31529056.0,0,0,0.0,0.00018,0.00018,0.01877,0.00929,1.0,20415672.0,9968488.0,478695.0
2025-05-27,36,31534750.0,0,0,0.0,0.00929,0.00929,0.08067,0.03741,1.0,16736668.0,4283196.0,11223268.0
2025-05-28,36,31567078.0,0,0,0.0,0.0408,0.0408,0.04629,0.02489,1.0,10075947.0,3648927.0,7886699.0
2025-05-29,36,30408484.0,0,0,0.0,0.02925,0.02925,0.0294,0.00659,1.0,7165644.0,701977.0,7041147.0
2025-05-30,36,29789626.0,0,0,0.0,0.00672,0.00672,0.00672,0.00124,1.0,706256.0,58989.0,706256.0
2025-06-02,36,29599503.0,0,0,0.0,0.00125,0.00125,0.00125,0.00051,1.0,57145.0,23560.0,57145.0
2025-06-03,36,29562635.0,0,0,0.0,0.00051,0.00051,0.00051,0.00021,1.0,23256.0,9639.0,23256.0
2025-06-04,36,29547435.0,0,0,0.0,0.00021,0.00021,0.00021,8e-05,1.0,11025.0,4375.0,11025.0
2025-06-05,36,29541135.0,0,0,0.0,8e-05,8e-05,8e-05,0.0,,4225.0,0.0,4225.0
2025-06-06,36,29538635.0,0,0,0.0,0.0,0.0,8e-05,4e-05,1.0,4008.0,2004.0,0.0
2025-06-09,36,29538635.0,0,0,0.0,4e-05,4e-05,0.01106,0.00553,1.0,8101165.0,4050582.0,2076.0
2025-06-10,36,29537435.0,0,0,0.0,0.00553,0.00553,0.00553,1e-05,1.0,4044570.0,368.0,4044570.0
2025-06-11,36,29390541.0,0,0,0.0,0.00411,0.00411,0.00899,0.00244,1.0,11222057.0,3528550.0,4165147.0
2025-06-12,36,29510800.0,0,0,0.0,0.00243,0.00243,0.00243,0.0,,3626273.0,0.0,3626273.0
2025-06-13,36,29438956.0,0,0,0.0,0.0,0.0,0.03392,0.01696,1.0,13845066.0,6922533.0,0.0
2025-06-16,36,29438956.0,0,0,0.0,0.01936,0.01936,0.04759,0.01417,1.0,40923407.0,15627484.0,9732858.0
2025-06-17,36,29745805.0,1,0,0.02778,0.01403,0.01282,0.01403,0.00021,1.0,15755983.0,117657.0,15755793.0
2025-06-18,37,29400591.0,0,1,0.02703,0.00022,0.00022,0.00022,9e-05,1.0,116446.0,50934.0,116446.0
2025-06-20,36,29394196.0,0,0,0.0,0.00419,0.00419,0.00419,0.0,,4213395.0,0.0,4213395.0
2025-06-23,36,29511970.0,0,0,0.0,0.0,0.0,8e-05,4e-05,1.0,42497.0,21248.0,0.0
2025-06-24,36,29511970.0,0,0,0.0,4e-05,4e-05,4e-05,2e-05,1.0,21347.0,11112.0,21347.0
2025-06-25,36,29510852.0,0,0,0.0,2e-05,2e-05,2e-05,1e-05,1.0,11271.0,3132.0,11271.0
2025-06-26,36,29510252.0,0,1,0.02778,1e-05,0.0,0.00676,0.00338,1.0,10707009.0,5352564.0,3128.0
2025-06-27,35,29510102.0,0,1,0.02857,0.01137,0.01137,0.01139,5e-05,1.0,13797853.0,627735.0,13503413.0
2025-06-30,34,29807628.0,0,0,0.0,5e-05,5e-05,5e-05,3e-05,1.0,631487.0,436482.0,631487.0
2025-07-01,34,29806174.0,0,0,0.0,3e-05,3e-05,3e-05,0.0,,451748.0,0.0,451748.0
2025-07-02,34,29805169.0,0,0,0.0,0.0,0.0,0.01509,0.00755,1.0,25975208.0,12987604.0,0.0
2025-07-03,34,29805169.0,0,0,0.0,0.00755,0.00755,0.00755,0.0,,12811542.0,0.0,12811542.0
2025-07-07,34,29631690.0,0,0,0.0,0.0,0.0,0.0,0.0,,0.0,0.0,0.0
2025-07-08,34,29631690.0,0,0,0.0,0.0,0.0,0.0,0.0,,0.0,0.0,0.0
2025-07-09,34,29631690.0,0,0,0.0,0.0,0.0,0.0,0.0,,0.0,0.0,0.0
2025-07-10,34,29631690.0,0,0,0.0,0.0,0.0,0.0,0.0,,0.0,0.0,0.0
2025-07-11,34,29631690.0,0,0,0.0,0.00405,0.00405,0.03508,0.01586,1.0,13079436.0,4332258.0,4525436.0
2025-07-14,34,29751668.0,0,0,0.0,0.0158,0.0158,0.0158,0.0,,4508299.0,0.0,4508299.0
2025-07-15,34,30133496.0,0,0,0.0,0.0,0.0,0.0,0.0,,0.0,0.0,0.0
2025-07-16,34,30133496.0,0,0,0.0,0.00403,0.00403,0.00403,0.0,,4677608.0,0.0,4677608.0
2025-07-17,34,30255013.0,0,0,0.0,0.00402,0.00402,0.00402,0.0,,4817596.0,0.0,4817596.0
2025-07-18,34,30376531.0,0,0,0.0,0.008,0.008,0.008,0.0,,9952039.0,0.0,9952039.0
2025-07-21,34,30619563.0,0,0,0.0,0.00397,0.00397,0.00397,0.0,,4987514.0,0.0,4987514.0
2025-07-22,34,30741091.0,0,0,0.0,0.0,0.0,0.0,0.0,,0.0,0.0,0.0
2025-07-23,34,30741091.0,0,0,0.0,0.0,0.0,0.0,0.0,,0.0,0.0,0.0
2025-07-24,34,30741091.0,0,0,0.0,0.0,0.0,0.01272,0.00636,1.0,35828076.0,17914038.0,0.0
2025-07-25,34,30741091.0,0,0,0.0,0.01292,0.01292,0.01292,0.00142,1.0,23280015.0,2234909.0,23280015.0
2025-07-28,34,30965632.0,0,0,0.0,0.00141,0.00141,0.03856,0.01967,1.0,48382658.0,25077136.0,2276727.0
2025-07-29,34,30941595.0,0,0,0.0,0.02206,0.02206,0.02206,0.00288,1.0,27749908.0,1360904.0,27749908.0
2025-07-30,34,30833624.0,0,0,0.0,0.00289,0.00289,0.00465,0.00187,1.0,2793130.0,1353262.0,1286287.0
2025-07-31,34,30861498.0,0,0,0.0,0.00794,0.00794,0.00794,0.0,,9563764.0,0.0,9563764.0
2025-08-01,34,31044872.0,0,0,0.0,0.0,0.0,0.0,0.0,,0.0,0.0,0.0
2025-08-04,34,31044872.0,0,0,0.0,0.0,0.0,0.15821,0.07911,1.0,51289323.0,25644662.0,0.0
2025-08-05,34,31044872.0,0,0,0.0,0.07911,0.07911,0.08482,0.01744,1.0,29794106.0,3917481.0,28081468.0
2025-08-06,34,29315649.0,0,0,0.0,0.01847,0.01847,0.02625,0.01024,1.0,23031225.0,10680249.0,3962407.0
2025-08-07,34,29540769.0,0,0,0.0,0.01016,0.01016,0.01266,0.00234,1.0,14986379.0,4223006.0,10347126.0
2025-08-08,34,29660659.0,0,0,0.0,0.00896,0.00896,0.00896,0.0,,11745459.0,0.0,11745459.0
2025-08-11,34,29895170.0,0,0,0.0,0.00769,0.00769,0.00769,0.0,,9917075.0,0.0,9917075.0
2025-08-12,34,29665180.0,0,0,0.0,0.00388,0.00388,0.08183,0.03988,1.0,58189054.0,26873136.0,4952543.0
2025-08-13,34,29780166.0,1,0,0.02941,0.04634,0.01615,0.04634,0.0,,35563739.0,0.0,35563739.0
2025-08-14,35,30790160.0,0,0,0.0,0.00766,0.00766,0.00766,0.0,,10193666.0,0.0,10193666.0
2025-08-15,35,31026122.0,0,0,0.0,0.01141,0.01141,0.01141,0.0,,15105428.0,0.0,15105428.0
2025-08-18,35,31380059.0,0,0,0.0,0.0,0.0,0.02649,0.01325,1.0,27965099.0,13982549.0,0.0
2025-08-19,35,31380059.0,0,0,0.0,0.01653,0.01653,0.01653,0.00013,1.0,18003914.0,2003810.0,18003914.0
2025-08-20,35,31680995.0,0,0,0.0,0.00013,0.00013,0.00013,0.0,,1996915.0,0.0,1996915.0
2025-08-21,35,31685075.0,0,0,0.0,0.0,0.0,0.0,0.0,,0.0,0.0,0.0
2025-08-22,35,31685075.0,0,0,0.0,0.0,0.0,0.0,0.0,,0.0,0.0,0.0
2025-08-25,35,31685075.0,0,0,0.0,0.0,0.0,0.0,0.0,,0.0,0.0,0.0
2025-08-26,35,31685075.0,0,0,0.0,0.0,0.0,0.0,0.0,,0.0,0.0,0.0
2025-08-27,35,31685075.0,0,0,0.0,0.0,0.0,0.0,0.0,,0.0,0.0,0.0
2025-08-28,35,31685075.0,0,0,0.0,0.0,0.0,0.0,0.0,,0.0,0.0,0.0
2025-08-29,35,31685075.0,0,0,0.0,0.0,0.0,0.0,0.0,,0.0,0.0,0.0
2025-09-02,35,31685075.0,0,0,0.0,0.0,0.0,0.0,0.0,,0.0,0.0,0.0
2025-09-03,35,31685075.0,0,0,0.0,0.0,0.0,0.0,0.0,,0.0,0.0,0.0
2025-09-04,35,31685075.0,0,0,0.0,0.0,0.0,0.0,0.0,,0.0,0.0,0.0
2025-09-05,35,31685075.0,0,0,0.0,0.0,0.0,0.0,0.0,,0.0,0.0,0.0
2025-09-08,35,31685075.0,0,0,0.0,0.0,0.0,0.0,0.0,,0.0,0.0,0.0
2025-09-09,35,31685075.0,0,0,0.0,0.0,0.0,0.0,0.0,,0.0,0.0,0.0
2025-09-10,35,31685075.0,0,0,0.0,0.0,0.0,0.00587,0.00294,1.0,23156436.0,11578218.0,0.0
2025-09-11,35,31685075.0,0,0,0.0,0.00294,0.00294,0.00294,0.00037,1.0,9054541.0,635117.0,9054541.0
2025-09-12,35,31615451.0,0,0,0.0,0.00037,0.00037,0.00037,0.0,,660361.0,0.0,660361.0
2025-09-15,35,31603744.0,0,0,0.0,0.0,0.0,0.0,0.0,,0.0,0.0,0.0
2025-09-16,35,31603744.0,0,0,0.0,0.0,0.0,0.0,0.0,,0.0,0.0,0.0
2025-09-17,35,31603744.0,0,0,0.0,0.0,0.0,0.01245,0.00622,1.0,24290758.0,12145379.0,0.0
2025-09-18,35,31603744.0,0,0,0.0,0.00622,0.00622,0.00622,0.00123,1.0,12216057.0,1803638.0,12216057.0
2025-09-19,35,31615485.0,0,0,0.0,0.00497,0.00497,0.00497,0.0,,7116874.0,0.0,7116874.0
2025-09-22,35,31772715.0,0,0,0.0,0.0,0.0,0.01413,0.00706,1.0,25906416.0,12953208.0,0.0
2025-09-23,35,31772715.0,1,0,0.02857,0.01811,0.01669,0.02062,0.00279,1.0,30021234.0,1045190.0,29111058.0
2025-09-24,36,32242859.0,0,0,0.0,0.01013,0.01013,0.01013,0.0,,11892509.0,0.0,11892509.0
2025-09-25,36,32569546.0,0,0,0.0,0.00732,0.00732,0.00732,0.0,,10919997.0,0.0,10919997.0
2025-09-26,36,32808114.0,0,0,0.0,0.0,0.0,0.05215,0.02608,1.0,24410481.0,12205240.0,0.0
2025-09-29,36,32808114.0,0,0,0.0,0.02608,0.02608,0.02608,0.0,,11936815.0,0.0,11936815.0
2025-09-30,36,33521850.0,0,0,0.0,0.0,0.0,0.0,0.0,,0.0,0.0,0.0
2025-10-01,36,33521850.0,0,0,0.0,0.00364,0.00364,0.01023,0.00339,1.0,11393990.0,2936759.0,5566041.0
2025-10-02,36,33643729.0,0,0,0.0,0.00338,0.00338,0.00944,0.00565,1.0,4114707.0,1133383.0,2899713.0
2025-10-03,36,33706429.0,0,0,0.0,0.00926,0.00926,0.00926,0.0,,7059901.0,0.0,7059901.0
2025-10-06,36,34018701.0,0,0,0.0,0.0,0.0,0.00775,0.00387,1.0,39473731.0,19736866.0,0.0
2025-10-07,36,34018701.0,0,0,0.0,0.00962,0.00962,0.00962,0.0,,27306126.0,0.0,27306126.0
2025-10-08,36,34193442.0,0,0,0.0,0.00717,0.00717,0.00717,0.0,,12025344.0,0.0,12025344.0
2025-10-09,36,34438522.0,0,0,0.0,0.0,0.0,0.0,0.0,,0.0,0.0,0.0
2025-10-10,36,34438522.0,0,0,0.0,0.0,0.0,0.00061,0.00031,1.0,469620.0,234810.0,0.0
2025-10-13,36,34438522.0,0,0,0.0,0.00031,0.00031,0.00031,0.0,,214222.0,0.0,214222.0
2025-10-14,36,34449080.0,0,0,0.0,0.0,0.0,0.0,0.0,,0.0,0.0,0.0
2025-10-15,36,34449080.0,0,0,0.0,0.0,0.0,0.00284,0.00142,1.0,10357779.0,5178890.0,0.0
2025-10-16,36,34449080.0,0,0,0.0,0.00463,0.00463,0.0054,0.00051,1.0,10584299.0,373444.0,10020834.0
2025-10-17,36,34564329.0,0,0,0.0,0.00405,0.00405,0.00737,0.00214,1.0,19272154.0,6998440.0,6255485.0
2025-10-20,36,34704487.0,0,0,0.0,0.00213,0.00213,0.01761,0.00774,1.0,72169664.0,32608449.0,6952766.0
2025-10-21,36,34677524.0,0,0,0.0,0.00774,0.00774,0.00774,0.0016,1.0,33047480.0,757889.0,33047480.0
2025-10-22,36,34645899.0,0,0,0.0,0.00514,0.00514,0.00514,0.0,,6660368.0,0.0,6660368.0
2025-10-23,36,34823830.0,0,0,0.0,0.0,0.0,0.0015,0.00075,1.0,4884265.0,2442132.0,0.0
2025-10-24,36,34823830.0,0,0,0.0,0.00075,0.00075,0.00075,0.0002,1.0,2561533.0,835649.0,2561533.0
2025-10-27,36,34812524.0,0,0,0.0,0.0002,0.0002,0.0002,0.0,,851463.0,0.0,851463.0
2025-10-28,36,34819460.0,0,0,0.0,0.0,0.0,0.0,0.0,,0.0,0.0,0.0
2025-10-29,36,34819460.0,0,0,0.0,0.00352,0.00352,0.00352,0.0,,6049827.0,0.0,6049827.0
2025-10-30,36,34942048.0,0,0,0.0,0.01754,0.01754,0.01865,0.00061,1.0,43745436.0,7171381.0,31135647.0
2025-10-31,36,35554988.0,0,0,0.0,0.00398,0.00398,0.00398,0.0,,12459085.0,0.0,12459085.0
2025-11-03,36,35671450.0,0,0,0.0,0.00687,0.00687,0.00687,0.0,,12403563.0,0.0,12403563.0
2025-11-04,36,35916584.0,0,0,0.0,0.00341,0.00341,0.00341,0.0,,6198196.0,0.0,6198196.0
2025-11-05,36,36039151.0,0,0,0.0,0.0034,0.0034,0.00532,0.00121,1.0,13841192.0,5122629.0,5937713.0
2025-11-06,36,35916584.0,0,0,0.0,0.00804,0.00804,0.03811,0.01595,1.0,35201450.0,12711499.0,17076794.0
2025-11-07,36,35627772.0,0,0,0.0,0.01799,0.01799,0.01799,0.00014,1.0,16673179.0,86849.0,16673179.0
2025-11-10,36,35997173.0,0,0,0.0,0.01049,0.01049,0.02204,0.00611,1.0,32579565.0,9493025.0,17064268.0
2025-11-11,36,35619695.0,0,0,0.0,0.0,0.0,0.00229,0.00114,1.0,1919466.0,959733.0,0.0
2025-11-12,36,35619695.0,0,0,0.0,0.00732,0.00732,0.00806,0.00151,1.0,10907224.0,903190.0,10466761.0
2025-11-13,36,35744367.0,0,0,0.0,0.00151,0.00151,0.00151,2e-05,1.0,909125.0,11677.0,909125.0
2025-11-14,36,35690413.0,0,0,0.0,0.0035,0.0035,0.00359,0.00026,1.0,5473680.0,156051.0,5419271.0
2025-11-17,36,35565377.0,0,0,0.0,0.00026,0.00026,0.00026,3e-05,1.0,154649.0,18310.0,154649.0
2025-11-18,36,35556027.0,0,0,0.0,3e-05,3e-05,5e-05,4e-05,1.0,30799.0,24405.0,18011.0
2025-11-19,36,35554920.0,0,0,0.0,0.00354,0.00354,0.00354,0.00024,1.0,5277862.0,136338.0,5277862.0
2025-11-20,36,35429116.0,0,0,0.0,0.00024,0.00024,0.00024,2e-05,1.0,136760.0,12587.0,136760.0
2025-11-21,36,35420674.0,0,0,0.0,0.00353,0.00353,0.00483,0.00087,1.0,5791372.0,486922.0,5062415.0
2025-11-24,36,35295628.0,0,0,0.0,0.00087,0.00087,0.00294,0.0019,1.0,978329.0,735853.0,493377.0
2025-11-25,36,35264888.0,0,0,0.0,0.0019,0.0019,0.01426,0.00748,1.0,32493247.0,16267130.0,735266.0
2025-11-26,36,35268369.0,0,0,0.0,0.00748,0.00748,0.00864,0.00088,1.0,24548299.0,4232940.0,16430436.0
2025-11-28,36,35416630.0,0,0,0.0,0.00088,0.00088,0.0013,0.00065,1.0,4222844.0,311061.0,4104477.0
2025-12-01,36,35395455.0,0,0,0.0,0.00065,0.00065,0.02835,0.01424,1.0,19656455.0,9853742.0,309762.0
2025-12-02,36,35385258.0,1,0,0.02778,0.01424,0.00246,0.0162,0.00849,1.0,11102823.0,3391606.0,9965734.0
2025-12-03,37,35724265.0,0,0,0.0,0.00841,0.00841,0.00861,0.00659,1.0,3369286.0,2355128.0,3328658.0
2025-12-04,37,35924037.0,0,0,0.0,0.00655,0.00655,0.00669,0.00238,1.0,2542021.0,1122571.0,2459831.0
2025-12-05,37,36078261.0,0,0,0.0,0.00871,0.00871,0.0127,0.00406,1.0,21530552.0,5771968.0,12156282.0
2025-12-08,37,36331709.0,0,0,0.0,0.01002,0.01002,0.01002,0.00048,1.0,14322591.0,164770.0,14322591.0
2025-12-09,37,36636520.0,0,0,0.0,0.00742,0.00742,0.00785,0.00022,1.0,12723034.0,558458.0,11606118.0
2025-12-10,37,36908238.0,0,0,0.0,0.00021,0.00021,0.00179,0.001,1.0,2281310.0,1416340.0,551370.0
2025-12-11,37,36900304.0,0,0,0.0,0.001,0.001,0.001,0.0,,1469645.0,0.0,1469645.0
2025-12-12,37,36863278.0,0,0,0.0,0.0,0.0,0.00397,0.00199,1.0,40827948.0,20413974.0,0.0
2025-12-15,37,36863278.0,0,0,0.0,0.00199,0.00199,0.00199,0.0,,19929367.0,0.0,19929367.0
2025-12-16,37,36843006.0,0,0,0.0,0.00345,0.00345,0.00345,0.0,,5644718.0,0.0,5644718.0
2025-12-17,37,36970036.0,0,0,0.0,0.00344,0.00344,0.00344,0.0,,5669836.0,0.0,5669836.0
2025-12-18,37,37097066.0,0,0,0.0,0.0,0.0,0.0,0.0,,0.0,0.0,0.0
2025-12-19,37,37097066.0,0,0,0.0,0.00342,0.00342,0.00342,0.0,,5625331.0,0.0,5625331.0
2025-12-22,37,37224096.0,0,0,0.0,0.00341,0.00341,0.04524,0.02101,1.0,75798616.0,35045135.0,5831120.0
2025-12-23,37,37351126.0,0,0,0.0,0.03795,0.03795,0.03795,0.00954,1.0,48663693.0,3195679.0,48663693.0
2025-12-24,37,38587193.0,0,0,0.0,0.0159,0.0159,0.0159,0.00263,1.0,15048478.0,901520.0,15048478.0
2025-12-26,37,39200672.0,0,0,0.0,0.00259,0.00259,0.00259,0.0,,897455.0,0.0,897455.0
2025-12-29,37,39302309.0,0,0,0.0,0.0,0.0,0.0,0.0,,0.0,0.0,0.0
2025-12-30,37,39302309.0,0,0,0.0,0.0,0.0,0.00064,0.00032,1.0,439755.0,219878.0,0.0
2025-12-31,37,39302309.0,0,0,0.0,0.00032,0.00032,0.0012,0.00076,1.0,601902.0,410142.0,227400.0
2026-01-02,37,39311721.0,0,0,0.0,0.00399,0.00399,0.00511,0.00113,1.0,8978236.0,1776242.0,5920516.0
2026-01-05,37,39468658.0,0,0,0.0,0.0042,0.0042,0.00548,0.00135,1.0,7664076.0,577261.0,7115125.0
2026-01-06,37,39599639.0,0,0,0.0,0.00464,0.00464,0.00464,0.00099,1.0,6707610.0,408678.0,6707610.0
2026-01-07,37,39783187.0,0,0,0.0,0.01082,0.01082,0.01082,0.0005,1.0,19247359.0,194058.0,19247359.0
2026-01-08,37,40213746.0,0,0,0.0,0.00699,0.00699,0.00699,0.0,,12646543.0,0.0,12646543.0
2026-01-09,37,40494848.0,0,0,0.0,0.01613,0.01613,0.01613,0.0,,31654580.0,0.0,31654580.0
2026-01-12,37,41147913.0,0,0,0.0,0.00317,0.00317,0.00317,0.0,,6446700.0,0.0,6446700.0
2026-01-13,37,41278526.0,0,0,0.0,0.00316,0.00316,0.00316,0.0,,6562778.0,0.0,6562778.0
2026-01-14,37,41409139.0,0,0,0.0,0.00631,0.00631,0.00992,0.00209,1.0,17540506.0,2359475.0,13037377.0
2026-01-15,37,41670365.0,0,0,0.0,0.00494,0.00494,0.00494,0.0,,7632522.0,0.0,7632522.0
2026-01-16,37,41859262.0,0,0,0.0,0.01562,0.01562,0.03237,0.01042,1.0,62369359.0,16914128.0,32970606.0
2026-01-20,37,42513237.0,0,0,0.0,0.01026,0.01026,0.0381,0.02022,1.0,30862443.0,18755868.0,17541142.0
2026-01-21,37,42807100.0,0,0,0.0,0.02009,0.02009,0.02113,0.00322,1.0,18743365.0,1656897.0,18295742.0
2026-01-22,37,43518061.0,0,0,0.0,0.00316,0.00316,0.00567,0.00401,1.0,2614213.0,1680054.0,1649062.0
2026-01-23,37,43648133.0,0,0,0.0,0.00702,0.00702,0.00734,0.00418,1.0,8418889.0,1816832.0,7956743.0
2026-01-26,37,43954412.0,0,0,0.0,0.00714,0.00714,0.00922,0.00227,1.0,9555834.0,1304309.0,7912265.0
2026-01-27,37,44268376.0,0,0,0.0,0.00226,0.00226,0.0027,0.00042,1.0,3455506.0,1565394.0,1279200.0
2026-01-28,37,44360486.0,0,0,0.0,0.00325,0.00325,0.00325,1e-05,1.0,6979719.0,52183.0,6979719.0
2026-01-29,37,44487243.0,0,0,0.0,1e-05,1e-05,0.02657,0.01329,1.0,27743014.0,13876014.0,49800.0
2026-01-30,37,44486801.0,0,0,0.0,0.01912,0.01912,0.02025,0.00084,1.0,23033637.0,350579.0,22565786.0
2026-02-02,37,45298383.0,0,0,0.0,0.00386,0.00386,0.0184,0.00744,1.0,150839831.0,72859101.0,6519813.0
2026-02-03,37,45473090.0,0,0,0.0,0.00742,0.00742,0.00957,0.00155,1.0,74715766.0,5558587.0,73812878.0
2026-02-04,37,45317258.0,0,0,0.0,0.00156,0.00156,0.00376,0.00193,1.0,31858184.0,13480624.0,5568262.0
2026-02-05,37,45387742.0,0,0,0.0,0.00461,0.00461,0.01384,0.0055,1.0,113374778.0,55638005.0,17497548.0
2026-02-06,37,45286582.0,1,0,0.02703,0.00821,0.00708,0.00821,6e-05,1.0,59311612.0,123371.0,59311612.0
2026-02-09,38,45079670.0,0,0,0.0,6e-05,6e-05,7e-05,5e-05,1.0,128774.0,60682.0,124986.0
2026-02-10,38,45080794.0,0,1,0.02632,5e-05,5e-05,0.00133,0.00069,1.0,581768.0,279791.0,60492.0
2026-02-11,37,45082607.0,0,0,0.0,0.00069,0.00069,0.00189,0.00129,1.0,744922.0,507570.0,270218.0
2026-02-12,37,45113489.0,0,0,0.0,0.00402,0.00402,0.00402,0.00046,1.0,6536972.0,177451.0,6536972.0
2026-02-13,37,45034391.0,0,0,0.0,0.00351,0.00351,0.00351,0.0,,6197808.0,0.0,6197808.0
2026-02-17,37,45192260.0,0,0,0.0,0.0,0.0,0.00114,0.00057,1.0,14387863.0,7193931.0,0.0
2026-02-18,37,45192260.0,0,0,0.0,0.00057,0.00057,0.00057,6e-05,1.0,7147841.0,803238.0,7147841.0
2026-02-19,37,45197742.0,0,0,0.0,6e-05,6e-05,0.00022,8e-05,1.0,892612.0,32475.0,827662.0
2026-02-20,37,45195113.0,0,0,0.0,8e-05,8e-05,0.00034,0.00021,1.0,134355.0,83233.0,32110.0
2026-02-23,37,45198766.0,0,0,0.0,0.00021,0.00021,0.04921,0.02471,1.0,131494454.0,65787991.0,81528.0
2026-02-24,37,45208235.0,0,0,0.0,0.02471,0.02471,0.02481,0.00062,1.0,64727402.0,944704.0,64689974.0
2026-02-25,37,45771608.0,0,0,0.0,0.00061,0.00061,0.00988,0.00497,1.0,7431229.0,4102918.0,972833.0
2026-02-26,37,45799673.0,0,0,0.0,0.00497,0.00497,0.0133,0.00417,1.0,20222644.0,8061989.0,4098665.0
2026-02-27,37,46027164.0,0,0,0.0,0.00415,0.00415,0.01224,0.00444,1.0,55114933.0,24149633.0,7635698.0
2026-03-02,37,45901474.0,0,0,0.0,0.00445,0.00445,0.00445,0.0,,23062994.0,0.0,23062994.0
2026-03-03,37,45962169.0,0,0,0.0,0.00608,0.00608,0.07503,0.03491,1.0,68079831.0,29051092.0,12380710.0
2026-03-04,37,45682805.0,0,0,0.0,0.03513,0.03513,0.03516,0.0134,1.0,28376384.0,10381419.0,28080823.0
2026-03-05,37,46244612.0,0,0,0.0,0.01324,0.01324,0.01353,0.00245,1.0,14611045.0,3753902.0,10554937.0
2026-03-06,37,46563342.0,0,0,0.0,0.00243,0.00243,0.00776,0.00468,1.0,6098564.0,2566770.0,3713708.0
2026-03-09,37,46571657.0,0,0,0.0,0.00468,0.00468,0.00468,0.00044,1.0,2557654.0,193951.0,2557654.0
2026-03-10,37,46723592.0,0,0,0.0,0.00305,0.00305,0.00305,0.0,,6075724.0,0.0,6075724.0
2026-03-11,37,46601035.0,0,0,0.0,0.0,0.0,0.0,0.0,,0.0,0.0,0.0
2026-03-12,37,46601035.0,0,0,0.0,0.0,0.0,0.0,0.0,,0.0,0.0,0.0
2026-03-13,37,46601035.0,0,0,0.0,0.0,0.0,0.0,0.0,,0.0,0.0,0.0
2026-03-16,37,46601035.0,0,0,0.0,0.0,0.0,0.0,0.0,,0.0,0.0,0.0
2026-03-17,37,46601035.0,0,0,0.0,0.0,0.0,0.0,0.0,,0.0,0.0,0.0
2026-03-18,37,46601035.0,0,0,0.0,0.04601,0.04601,0.04601,0.0,,91264572.0,0.0,91264572.0
2026-03-19,37,48744955.0,0,0,0.0,0.04398,0.04398,0.04398,0.0,,89165848.0,0.0,89165848.0
2026-03-20,37,46601035.0,0,0,0.0,0.0,0.0,0.0,0.0,,0.0,0.0,0.0
2026-03-23,37,46601035.0,0,0,0.0,0.0,0.0,0.0,0.0,,0.0,0.0,0.0
2026-03-24,37,46601035.0,0,0,0.0,0.0,0.0,0.0,0.0,,0.0,0.0,0.0
2026-03-25,37,46601035.0,0,0,0.0,0.0,0.0,0.0,0.0,,0.0,0.0,0.0
2026-03-26,37,46601035.0,0,0,0.0,0.0,0.0,0.0,0.0,,0.0,0.0,0.0
2026-03-27,37,46601035.0,0,0,0.0,0.0,0.0,0.0,0.0,,0.0,0.0,0.0
2026-03-30,37,46601035.0,0,0,0.0,0.0,0.0,0.00477,0.00239,1.0,11320487.0,5660243.0,0.0
2026-03-31,37,46601035.0,0,0,0.0,0.00239,0.00239,0.02705,0.01389,1.0,12701814.0,5185845.0,5264682.0
2026-04-01,37,46640178.0,0,0,0.0,0.01657,0.01657,0.0171,0.00358,1.0,11253109.0,1450696.0,10691592.0
2026-04-02,37,46067174.0,0,0,0.0,0.00362,0.00362,0.00362,0.00085,1.0,1457549.0,202140.0,1457549.0
2026-04-06,37,46104573.0,0,0,0.0,0.00085,0.00085,0.00438,0.00244,1.0,15930901.0,8005948.0,204137.0
2026-04-07,37,46090768.0,0,0,0.0,0.00244,0.00244,0.00256,0.00142,1.0,8006008.0,1017496.0,7963030.0
2026-04-08,37,46005598.0,0,0,0.0,0.00142,0.00142,0.0048,0.00305,1.0,44779177.0,22718588.0,1000178.0
2026-04-09,37,45958051.0,0,0,0.0,0.00305,0.00305,0.00309,0.00107,1.0,24278756.0,393335.0,23889829.0
2026-04-10,37,45923417.0,0,0,0.0,0.0036,0.0036,0.00578,0.00191,1.0,13396415.0,4097838.0,5941602.0
2026-04-13,37,46015710.0,0,0,0.0,0.00191,0.00191,0.00536,0.00313,1.0,4766949.0,582560.0,4126487.0
2026-04-14,37,45958040.0,0,0,0.0,0.00314,0.00314,0.00314,0.0,,594096.0,0.0,594096.0
2026-04-15,37,45813842.0,0,0,0.0,0.0,0.0,0.0,0.0,,0.0,0.0,0.0
2026-04-16,37,45813842.0,0,0,0.0,0.0,0.0,0.0,0.0,,0.0,0.0,0.0
2026-04-17,37,45813842.0,0,0,0.0,0.0,0.0,0.0,0.0,,0.0,0.0,0.0
2026-04-20,37,45813842.0,0,0,0.0,0.01534,0.01534,0.01534,0.0,,32391420.0,0.0,32391420.0
2026-04-21,37,46516417.0,0,0,0.0,0.00604,0.00604,0.00604,0.0,,12942039.0,0.0,12942039.0
2026-04-22,37,46797447.0,0,0,0.0,0.0,0.0,0.0,0.0,,0.0,0.0,0.0
2026-04-23,37,46797447.0,0,0,0.0,0.02702,0.02702,0.02702,0.0,,58827036.0,0.0,58827036.0
2026-04-24,37,48062082.0,0,0,0.0,0.0,0.0,0.04263,0.02131,1.0,137152543.0,68576271.0,0.0
2026-04-28,37,48062082.0,1,0,0.02703,0.04775,0.02968,0.04775,0.00105,1.0,120324737.0,4140174.0,120324737.0
2026-04-29,38,47544806.0,0,0,0.0,0.0,0.0,0.0,0.0,,0.0,0.0,0.0
2026-04-30,38,47544806.0,0,0,0.0,0.01802,0.01802,0.02015,0.00122,1.0,71741236.0,19910946.0,36947676.0
2026-05-01,38,46688246.0,0,0,0.0,0.00125,0.00125,0.00125,0.0,,21408758.0,0.0,21408758.0
2026-05-04,38,46686395.0,0,0,0.0,0.0,0.0,0.00672,0.00336,1.0,27428472.0,13714236.0,0.0
2026-05-05,38,46686395.0,0,0,0.0,0.00336,0.00336,0.00336,0.0,,13487651.0,0.0,13487651.0
2026-05-06,38,46569811.0,0,0,0.0,0.0,0.0,0.0,0.0,,0.0,0.0,0.0
2026-05-07,38,46569811.0,0,0,0.0,0.0,0.0,0.0,0.0,,0.0,0.0,0.0
2026-05-08,38,46569811.0,0,0,0.0,0.04587,0.04587,0.08146,0.02202,1.0,137707015.0,25479959.0,97790580.0
2026-05-11,38,48705766.0,0,0,0.0,0.05206,0.05206,0.0552,0.00438,1.0,115130104.0,10360339.0,106270040.0
2026-05-12,38,46857151.0,0,0,0.0,0.00745,0.00745,0.00745,0.0,,16569952.0,0.0,16569952.0
2026-05-13,38,47166497.0,0,0,0.0,0.00303,0.00303,0.00303,0.0,,6758842.0,0.0,6758842.0
2026-05-14,38,47309407.0,0,0,0.0,0.26583,0.26583,0.26583,0.0,,599461323.0,0.0,599461323.0
2026-05-15,38,59885487.0,0,0,0.0,0.12648,0.12648,0.12648,0.0,,363378136.0,0.0,363378136.0
2026-05-18,38,67459717.0,0,0,0.0,0.2754,0.2754,0.2754,0.0,,855972374.0,0.0,855972374.0
2026-05-19,38,48881417.0,0,0,0.0,0.02339,0.02339,0.02339,0.0,,52478138.0,0.0,52478138.0
2026-05-20,38,47738137.0,0,0,0.0,0.0,0.0,0.0,0.0,,0.0,0.0,0.0
2026-05-21,38,47738137.0,0,0,0.0,0.00599,0.00599,0.00599,0.0,,13329843.0,0.0,13329843.0
2026-05-22,38,48023957.0,0,0,0.0,0.0,0.0,0.0,0.0,,0.0,0.0,0.0
2026-05-26,38,48023957.0,0,0,0.0,0.0,0.0,0.0,0.0,,0.0,0.0,0.0
2026-05-27,38,48023957.0,0,0,0.0,0.0,0.0,0.0,0.0,,0.0,0.0,0.0
2026-05-28,38,48023957.0,0,0,0.0,0.00298,0.00298,0.00298,0.0,,6980513.0,0.0,6980513.0
2026-05-29,38,48166867.0,0,0,0.0,0.0,0.0,0.00459,0.00229,1.0,24716345.0,12358172.0,0.0
2026-06-01,38,48166867.0,0,0,0.0,0.00229,0.00229,0.00498,0.00168,1.0,46504306.0,23240714.0,12122823.0
2026-06-02,38,48244853.0,0,0,0.0,0.00168,0.00168,0.00168,0.0,,23797996.0,0.0,23797996.0
2026-06-03,38,48270447.0,0,0,0.0,0.00297,0.00297,0.00565,0.00139,1.0,46109888.0,20171468.0,7074264.0
2026-06-04,38,48127229.0,1,0,0.02632,0.00139,0.00105,0.01417,0.00692,1.0,33935411.0,11786433.0,20292669.0
2026-06-05,39,48125929.0,0,0,0.0,0.00847,0.00847,0.02989,0.01595,1.0,25007702.0,7202965.0,16615770.0
2026-06-08,39,48180901.0,0,0,0.0,0.01593,0.01593,0.03063,0.01974,1.0,10429018.0,5881250.0,6504371.0
2026-06-09,39,47923701.0,0,0,0.0,0.01985,0.01985,0.0261,0.00439,1.0,8761421.0,1826991.0,6052829.0
2026-06-10,39,47141778.0,0,0,0.0,0.00447,0.00447,0.01379,0.0085,1.0,13515523.0,7313294.0,1738287.0
2026-06-11,39,47114576.0,0,0,0.0,0.01105,0.01105,0.02144,0.01057,1.0,98403441.0,49506526.0,13384185.0
2026-06-12,39,46857166.0,0,0,0.0,0.31796,0.31796,0.36413,0.02316,1.0,1001838168.0,170883692.0,660456987.0
2026-06-16,39,61697429.0,1,0,0.02564,0.27027,0.25833,0.27027,0.01113,1.0,928267191.0,53000499.0,928267191.0
2026-06-17,40,46495416.0,0,0,0.0,0.00698,0.00698,0.00798,0.0047,1.0,7947344.0,1275339.0,7676333.0
2026-06-18,40,46170750.0,0,0,0.0,0.00735,0.00735,0.01184,0.00679,1.0,8905657.0,1815588.0,7707012.0
2026-06-22,40,46090176.0,0,0,0.0,0.0068,0.0068,0.00869,0.00321,1.0,17933629.0,8659317.0,1843809.0
2026-06-23,40,45776603.0,0,0,0.0,0.00323,0.00323,0.00323,0.00162,1.0,7323759.0,427208.0,7323759.0
2026-06-24,40,45715598.0,0,0,0.0,0.0046,0.0046,0.0046,0.00071,1.0,6706676.0,179761.0,6706676.0
2026-06-25,40,45505259.0,0,0,0.0,0.00071,0.00071,0.00071,0.00028,1.0,177824.0,69790.0,177824.0
2026-06-26,40,45472986.0,0,0,0.0,0.00028,0.00028,0.00338,0.00183,1.0,3394991.0,1731440.0,67890.0
2026-06-29,40,45460320.0,0,0,0.0,0.00183,0.00183,0.00183,0.00077,1.0,1728975.0,185542.0,1728975.0
2026-06-30,40,45394566.0,0,0,0.0,0.00077,0.00077,0.02014,0.01046,1.0,4736799.0,2459070.0,181341.0
2026-07-01,40,45359558.0,0,0,0.0,0.01345,0.01345,0.01345,0.00313,1.0,9086415.0,748693.0,9086415.0
2026-07-02,40,44749449.0,0,0,0.0,0.00916,0.00916,0.00952,0.00355,1.0,13806795.0,838232.0,13721776.0
2026-07-06,40,44339454.0,0,0,0.0,0.00358,0.00358,0.00863,0.00611,1.0,5122686.0,2990778.0,858870.0
2026-07-07,40,44180698.0,0,0,0.0,0.00613,0.00613,0.00858,0.00242,1.0,4978860.0,2495172.0,2992460.0
2026-07-08,40,44023205.0,0,0,0.0,0.00243,0.00243,0.0045,0.00109,1.0,12895919.0,5316941.0,2285774.0
2026-07-09,40,44125457.0,0,0,0.0,0.00109,0.00109,0.00379,0.00164,1.0,5889989.0,373517.0,5274824.0
2026-07-10,40,44147803.0,0,0,0.0,0.02763,0.02763,0.02805,0.00177,1.0,66265219.0,8915275.0,56127780.0
2026-07-14,40,45272038.0,0,0,0.0,0.03043,0.03043,0.04895,0.01661,1.0,104752233.0,41635102.0,88523156.0
2026-07-15,40,44396932.0,0,0,0.0,0.00582,0.00582,0.0124,0.00678,1.0,21525569.0,9085410.0,7325138.0
2026-07-16,40,44415278.0,0,0,0.0,0.00678,0.00678,0.01649,0.00911,1.0,14137829.0,4035532.0,9066793.0
2026-07-17,40,44674007.0,0,0,0.0,0.00906,0.00906,0.02228,0.01096,1.0,57357729.0,28567153.0,3868047.0
2026-07-20,40,45067924.0,0,0,0.0,0.01086,0.01086,0.02117,0.01112,1.0,38581723.0,14923763.0,27527744.0
2026-07-21,40,45267186.0,0,0,0.0,0.01136,0.01136,0.01572,0.00816,1.0,21347892.0,5950497.0,19409830.0
2026-07-22,40,45097561.0,0,0,0.0,0.00819,0.00819,0.02531,0.01131,1.0,16061169.0,6883511.0,6068104.0
2026-07-23,40,45131189.0,0,0,0.0,0.01131,0.01131,0.02061,0.00669,1.0,51889713.0,24255982.0,6621404.0
2026-07-24,40,45557163.0,0,0,0.0,0.00663,0.00663,0.01134,0.00564,1.0,24600952.0,1707344.0,22675681.0
2026-07-27,40,45596038.0,0,0,0.0,0.00564,0.00564,0.00879,0.00356,1.0,22017735.0,10678312.0,1634560.0
2026-07-28,40,45642329.0,0,0,0.0,0.00549,0.00549,0.04902,0.02449,1.0,97761263.0,50611008.0,14335454.0
2026-07-29,40,45476030.0,0,0,0.0,0.02458,0.02458,0.03035,0.00587,1.0,63539372.0,13852719.0,49824168.0
2026-07-30,40,46121520.0,0,0,0.0,0.01168,0.01168,0.02291,0.00647,1.0,44583793.0,12112187.0,26005366.0
2026-07-31,40,45772076.0,0,0,0.0,0.00884,0.00884,0.00928,0.00032,1.0,17048576.0,105573.0,16906688.0
2026-08-03,40,45407574.0,0,0,0.0,0.00032,0.00032,0.00605,0.00302,1.0,23790266.0,11879344.0,105028.0
2026-08-04,40,45413445.0,0,1,0.025,0.00789,0.00789,0.00813,0.00019,1.0,21964107.0,62584.0,21875557.0
2026-08-05,39,45165549.0,0,0,0.0,0.00019,0.00019,0.0034,0.00168,1.0,28062821.0,14018516.0,62540.0
2026-08-06,39,45167750.0,0,0,0.0,0.00461,0.00461,0.00471,0.0002,1.0,22234127.0,2626549.0,18467681.0
2026-08-07,39,45048228.0,0,0,0.0,0.00627,0.00627,0.00627,0.0,,13985212.0,0.0,13985212.0
2026-08-10,39,44765979.0,0,0,0.0,0.0,0.0,0.00201,0.001,1.0,27510289.0,13755145.0,0.0
2026-08-11,39,44765979.0,0,0,0.0,0.001,0.001,0.00419,0.00165,1.0,34021844.0,11794487.0,13559695.0
2026-08-12,39,44777283.0,0,0,0.0,0.00465,0.00465,0.00465,0.0,1.0,17763794.0,295.0,17763794.0
2026-08-13,39,44692254.0,0,1,0.02564,0.00631,0.00631,0.00631,0.0,,12872348.0,0.0,12872348.0
2026-08-14,38,44410277.0,0,0,0.0,0.00317,0.00317,0.00317,0.0,,6491638.0,0.0,6491638.0
2026-08-17,38,44269313.0,0,0,0.0,0.0,0.0,0.00118,0.00059,1.0,16434474.0,8217237.0,0.0
2026-08-18,38,44269313.0,0,0,0.0,0.00059,0.00059,0.00059,0.0,,8147110.0,0.0,8147110.0
2026-08-19,38,44279420.0,0,0,0.0,0.0,0.0,0.00087,0.00044,1.0,16485215.0,8242608.0,0.0
2026-08-20,38,44279420.0,0,0,0.0,0.00361,0.00361,0.00413,0.00026,1.0,18947180.0,2651611.0,13981884.0
2026-08-21,38,44140846.0,0,0,0.0,0.00027,0.00027,0.0034,0.00183,1.0,24606322.0,13636099.0,2665875.0
2026-08-24,38,44148997.0,0,0,0.0,0.00183,0.00183,0.00183,0.0,,13985825.0,0.0,13985825.0
2026-08-25,38,44169623.0,0,0,0.0,0.0,0.0,0.0,0.0,,0.0,0.0,0.0
2026-08-26,38,44169623.0,0,0,0.0,0.0,0.0,0.00085,0.00043,1.0,15396118.0,7698059.0,0.0
2026-08-27,38,44169623.0,0,0,0.0,0.00043,0.00043,0.00043,0.0,,7699429.0,0.0,7699429.0
2026-08-28,38,44172578.0,0,0,0.0,0.0,0.0,0.00663,0.00331,1.0,93947004.0,46973502.0,0.0
2026-08-31,38,44172578.0,0,0,0.0,0.00648,0.00648,0.00648,0.0,,50981510.0,0.0,50981510.0
2026-09-01,38,44362725.0,0,0,0.0,0.0,0.0,0.00303,0.00151,1.0,15263136.0,7631568.0,0.0
2026-09-02,38,44362725.0,0,0,0.0,0.00455,0.00455,0.00455,3e-05,1.0,13147625.0,924201.0,13147625.0
2026-09-03,38,44274682.0,0,0,0.0,3e-05,3e-05,3e-05,0.0,,954672.0,0.0,954672.0
2026-09-04,38,44273315.0,0,0,0.0,0.0,0.0,0.0,0.0,,0.0,0.0,0.0
2026-09-08,38,44273315.0,0,0,0.0,0.00319,0.00319,0.00319,0.0,,6099526.0,0.0,6099526.0
2026-09-09,38,44131887.0,0,0,0.0,0.0,0.0,0.0,0.0,,0.0,0.0,0.0
2026-09-10,38,44131887.0,0,0,0.0,0.0032,0.0032,0.0032,0.0,,6089892.0,0.0,6089892.0
2026-09-11,38,44273315.0,0,0,0.0,0.0,0.0,0.0,0.0,,0.0,0.0,0.0
2026-09-14,38,44273315.0,0,0,0.0,0.0,0.0,0.00084,0.00042,1.0,10166880.0,5083440.0,0.0
2026-09-15,38,44273315.0,0,0,0.0,0.00042,0.00042,0.00042,1e-05,1.0,5137989.0,186895.0,5137989.0
2026-09-16,38,44281461.0,0,1,0.02632,1e-05,0.0,1e-05,0.0,,186895.0,0.0,186895.0
2026-09-17,37,44281148.0,0,0,0.0,0.0,0.0,0.0,0.0,,0.0,0.0,0.0
2026-09-18,37,44281148.0,0,0,0.0,0.0,0.0,0.0,0.0,,0.0,0.0,0.0
2026-09-21,37,44281148.0,0,0,0.0,0.06389,0.06389,0.06389,0.0,,121899858.0,0.0,121899858.0
2026-09-22,37,47110208.0,0,0,0.0,0.0,0.0,0.00304,0.00152,1.0,16848568.0,8424284.0,0.0
2026-09-23,37,47110208.0,0,0,0.0,0.00152,0.00152,0.00152,0.0,,8503551.0,0.0,8503551.0
2026-09-24,37,47157985.0,0,0,0.0,0.06005,0.06005,0.06005,0.0,,124394464.0,0.0,124394464.0
2026-09-25,37,44326065.0,0,0,0.0,0.0,0.0,0.0,0.0,,0.0,0.0,0.0
2026-09-28,37,44326065.0,0,0,0.0,0.00319,0.00319,0.00319,0.0,,6205555.0,0.0,6205555.0
2026-09-29,37,44184469.0,0,0,0.0,0.0,0.0,0.00442,0.00221,1.0,61475311.0,30737656.0,0.0
2026-09-30,37,44184469.0,0,0,0.0,0.00221,0.00221,0.00221,1e-05,1.0,30656301.0,157164.0,30656301.0
2026-10-01,37,44229051.0,0,0,0.0,1e-05,1e-05,0.00253,0.00126,1.0,11444786.0,5677835.0,158621.0
2026-10-02,37,44228590.0,0,1,0.02703,0.00126,0.00126,0.00126,0.0,,5754419.0,0.0,5754419.0
2026-10-05,36,44254319.0,0,0,0.0,0.0,0.0,0.0,0.0,,0.0,0.0,0.0
