d,n0,sh0,add,rem,nt,si,se,tt,ta,ta_cov,tt_usd,ta_usd,si_usd
2014-10-24,38,377468.0,0,0,0.0,0.00491,0.00491,0.00491,,,82570.0,,82570.0
2014-10-27,38,376881.0,0,0,0.0,0.00361,0.00361,0.00361,,,19718.0,,19718.0
2014-10-28,38,378241.0,1,0,0.02632,0.00193,0.00107,0.00193,,,69904.0,,69904.0
2014-10-29,39,378162.0,0,0,0.0,0.00391,0.00391,0.00391,,,65398.0,,65398.0
2014-10-30,39,379139.0,0,0,0.0,0.0,0.0,0.0,,,0.0,,0.0
2014-10-31,39,379139.0,0,0,0.0,0.0,0.0,0.0,,,0.0,,0.0
2014-11-03,39,379139.0,0,1,0.02564,0.03083,0.01303,0.03083,,,216630.0,,216630.0
2014-11-04,38,376391.0,0,0,0.0,0.0,0.0,0.0,,,0.0,,0.0
2014-11-05,38,376391.0,0,0,0.0,0.0,0.0,0.0,,,0.0,,0.0
2014-11-06,38,376391.0,0,0,0.0,0.14554,0.14554,0.14554,,,1128658.0,,1128658.0
2014-11-07,38,428782.0,0,0,0.0,0.00763,0.00763,0.00763,,,99127.0,,99127.0
2014-11-10,38,430363.0,0,0,0.0,0.00046,0.00046,0.00046,,,6920.0,,6920.0
2014-11-11,38,430163.0,1,0,0.02632,0.00332,0.00138,0.00332,,,82411.0,,82411.0
2014-11-12,39,430401.0,0,0,0.0,0.0,0.0,0.0,,,0.0,,0.0
2014-11-13,39,430401.0,0,0,0.0,0.0,0.0,0.0,,,0.0,,0.0
2014-11-14,39,430401.0,0,0,0.0,0.00122,0.00122,0.00122,,,26103.0,,26103.0
2014-11-17,39,430524.0,0,0,0.0,0.0,0.0,0.0,,,0.0,,0.0
2014-11-18,39,430524.0,0,0,0.0,0.00639,0.00639,0.00639,,,141621.0,,141621.0
2014-11-19,39,431238.0,0,0,0.0,0.0,0.0,0.0,,,0.0,,0.0
2014-11-20,39,431238.0,0,0,0.0,0.00521,0.00521,0.00521,,,106739.0,,106739.0
2014-11-21,39,431083.0,0,0,0.0,0.00375,0.00375,0.00375,,,91750.0,,91750.0
2014-11-24,39,430665.0,0,0,0.0,0.0,0.0,0.0,,,0.0,,0.0
2014-11-25,39,430665.0,0,0,0.0,0.00473,0.00473,0.00473,,,60439.0,,60439.0
2014-11-26,39,429629.0,0,0,0.0,0.00111,0.00111,0.00111,,,34424.0,,34424.0
2014-11-28,39,429552.0,0,0,0.0,0.00343,0.00343,0.00343,,,66596.0,,66596.0
2014-12-01,39,430555.0,0,0,0.0,0.0,0.0,0.0,,,0.0,,0.0
2014-12-02,39,430555.0,0,0,0.0,0.0,0.0,0.0,,,0.0,,0.0
2014-12-03,39,430555.0,0,0,0.0,0.0,0.0,0.0,,,0.0,,0.0
2014-12-04,39,430555.0,0,0,0.0,0.00295,0.00295,0.00295,,,51448.0,,51448.0
2014-12-05,39,430885.0,0,0,0.0,0.0,0.0,0.0,,,0.0,,0.0
2014-12-08,39,430885.0,0,0,0.0,0.02579,0.02579,0.02579,,,254233.0,,254233.0
2014-12-09,39,432452.0,0,0,0.0,0.00542,0.00542,0.00542,,,128734.0,,128734.0
2014-12-10,39,432810.0,0,0,0.0,0.0,0.0,0.0,,,0.0,,0.0
2014-12-11,39,432810.0,0,0,0.0,0.0,0.0,0.0,,,0.0,,0.0
2014-12-12,39,432810.0,1,2,0.07692,0.05723,0.04919,0.05723,,,638153.0,,638153.0
2014-12-15,38,446919.0,0,0,0.0,0.0,0.0,0.0,,,0.0,,0.0
2014-12-16,38,446919.0,0,0,0.0,0.0,0.0,0.0,,,0.0,,0.0
2014-12-17,38,446919.0,1,0,0.02632,0.00461,0.00369,0.00461,,,95134.0,,95134.0
2014-12-18,39,446390.0,0,0,0.0,0.0,0.0,0.0,,,0.0,,0.0
2014-12-19,39,446390.0,0,0,0.0,0.0,0.0,0.0,,,0.0,,0.0
2014-12-22,39,446390.0,0,1,0.02564,0.00396,0.00313,0.00396,,,112873.0,,112873.0
2014-12-23,38,446612.0,0,0,0.0,0.0,0.0,0.0,,,0.0,,0.0
2014-12-24,38,446612.0,0,0,0.0,0.00144,0.00144,0.00144,,,61503.0,,61503.0
2014-12-26,38,446857.0,0,0,0.0,0.0,0.0,0.0,,,0.0,,0.0
2014-12-29,38,446857.0,0,0,0.0,0.0,0.0,0.0,,,0.0,,0.0
2014-12-30,38,446857.0,0,0,0.0,0.0,0.0,0.0,,,0.0,,0.0
2014-12-31,38,446857.0,0,0,0.0,0.00339,0.00339,0.00339,,,107621.0,,107621.0
2015-01-02,38,447276.0,0,0,0.0,0.0,0.0,0.0,,,0.0,,0.0
2015-01-05,38,447276.0,0,0,0.0,0.0,0.0,0.0,,,0.0,,0.0
2015-01-06,38,447276.0,0,0,0.0,0.00665,0.00665,0.00665,,,147686.0,,147686.0
2015-01-07,38,446451.0,0,0,0.0,0.00351,0.00351,0.00351,,,106592.0,,106592.0
2015-01-08,38,446685.0,0,0,0.0,0.0,0.0,0.0,,,0.0,,0.0
2015-01-09,38,446685.0,0,0,0.0,0.0,0.0,0.0,,,0.0,,0.0
2015-01-12,38,446685.0,0,0,0.0,0.0,0.0,0.0,,,0.0,,0.0
2015-01-13,38,446685.0,0,0,0.0,0.00123,0.00123,0.00123,,,49556.0,,49556.0
2015-01-14,38,446589.0,0,0,0.0,0.05111,0.05111,0.05111,,,160187.0,,160187.0
2015-01-15,38,467242.0,0,0,0.0,0.0,0.0,0.0,,,0.0,,0.0
2015-01-16,38,467242.0,0,0,0.0,0.0,0.0,0.0,,,0.0,,0.0
2015-01-20,38,467242.0,2,1,0.07895,0.04106,0.03258,0.04106,,,562578.0,,562578.0
2015-01-21,39,465342.0,0,0,0.0,0.02686,0.02686,0.02686,,,79717.0,,79717.0
2015-01-22,39,455289.0,0,0,0.0,0.00334,0.00334,0.00334,,,51379.0,,51379.0
2015-01-23,39,456098.0,0,0,0.0,0.00263,0.00263,0.00263,,,41035.0,,41035.0
2015-01-26,39,456756.0,0,0,0.0,0.0,0.0,0.0,,,0.0,,0.0
2015-01-27,39,456756.0,0,0,0.0,0.0,0.0,0.0,,,0.0,,0.0
2015-01-28,39,456756.0,0,0,0.0,0.05118,0.05118,0.05118,,,173234.0,,173234.0
2015-01-29,39,452134.0,0,0,0.0,0.12486,0.12486,0.12486,,,1025284.0,,1025284.0
2015-01-30,39,508587.0,0,0,0.0,0.01848,0.01848,0.01848,,,333173.0,,333173.0
2015-02-02,39,505583.0,0,0,0.0,0.0,0.0,0.0,,,0.0,,0.0
2015-02-03,39,505583.0,2,0,0.05128,0.01487,0.01037,0.01487,,,195664.0,,195664.0
2015-02-04,41,504412.0,0,0,0.0,0.0,0.0,0.0,,,0.0,,0.0
2015-02-05,41,504412.0,0,0,0.0,0.0,0.0,0.0,,,0.0,,0.0
2015-02-06,41,504412.0,0,0,0.0,0.0019,0.0019,0.0019,,,29648.0,,29648.0
2015-02-09,41,504144.0,0,0,0.0,0.00302,0.00302,0.00302,,,67957.0,,67957.0
2015-02-10,41,504183.0,0,0,0.0,0.00111,0.00111,0.00111,,,53580.0,,53580.0
2015-02-11,41,504025.0,0,0,0.0,0.01508,0.01508,0.01508,,,89593.0,,89593.0
2015-02-12,41,497625.0,0,0,0.0,0.00377,0.00377,0.00377,,,83471.0,,83471.0
2015-02-13,41,497347.0,0,0,0.0,0.0,0.0,0.0,,,0.0,,0.0
2015-02-17,41,497347.0,0,0,0.0,0.00403,0.00403,0.00403,,,80160.0,,80160.0
2015-02-18,41,496909.0,1,0,0.02439,0.0055,0.00118,0.0055,,,19614.0,,19614.0
2015-02-19,42,498471.0,0,0,0.0,0.0,0.0,0.0,,,0.0,,0.0
2015-02-20,42,498471.0,0,0,0.0,0.0,0.0,0.0,,,0.0,,0.0
2015-02-23,42,498471.0,0,0,0.0,0.0,0.0,0.0,,,0.0,,0.0
2015-02-24,42,498471.0,1,1,0.04762,0.04284,0.04009,0.04284,,,293462.0,,293462.0
2015-02-25,42,481528.0,1,0,0.02381,0.03263,0.03176,0.03263,,,177074.0,,177074.0
2015-02-26,43,469239.0,0,0,0.0,0.0156,0.0156,0.0156,,,327806.0,,327806.0
2015-02-27,43,465728.0,0,0,0.0,0.0,0.0,0.0,,,0.0,,0.0
2015-03-02,43,465728.0,0,0,0.0,0.00268,0.00268,0.00268,,,81954.0,,81954.0
2015-03-03,43,465566.0,1,0,0.02326,0.03909,0.0305,0.03909,,,170442.0,,170442.0
2015-03-04,44,455766.0,0,0,0.0,0.02696,0.02696,0.02696,,,230431.0,,230431.0
2015-03-05,44,465203.0,0,0,0.0,0.0041,0.0041,0.0041,,,53202.0,,53202.0
2015-03-06,44,464111.0,0,0,0.0,0.0,0.0,0.0,,,0.0,,0.0
2015-03-09,44,464111.0,0,0,0.0,0.0094,0.0094,0.0094,,,202302.0,,202302.0
2015-03-10,44,465009.0,0,0,0.0,0.0,0.0,0.0,,,0.0,,0.0
2015-03-11,44,465009.0,0,0,0.0,0.0,0.0,0.0,,,0.0,,0.0
2015-03-12,44,465009.0,3,1,0.09091,0.01987,0.00471,0.01987,,,344193.0,,344193.0
2015-03-13,46,462759.0,0,0,0.0,0.0,0.0,0.0,,,0.0,,0.0
2015-03-16,46,462759.0,0,0,0.0,0.00408,0.00408,0.00408,,,127177.0,,127177.0
2015-03-17,46,463025.0,1,0,0.02174,0.00989,0.00182,0.00989,,,88144.0,,88144.0
2015-03-18,47,465915.0,0,0,0.0,0.0,0.0,0.0,,,0.0,,0.0
2015-03-19,47,465915.0,0,0,0.0,0.0,0.0,0.0,,,0.0,,0.0
2015-03-20,47,465915.0,0,0,0.0,0.04329,0.04329,0.04329,,,199284.0,,199284.0
2015-03-23,47,460927.0,0,0,0.0,0.00549,0.00549,0.00549,,,98086.0,,98086.0
2015-03-24,47,460705.0,0,0,0.0,0.0,0.0,0.0,,,0.0,,0.0
2015-03-25,47,460705.0,0,0,0.0,0.0,0.0,0.0,,,0.0,,0.0
2015-03-26,47,460705.0,1,0,0.02128,0.0061,0.00458,0.0061,,,102371.0,,102371.0
2015-03-27,48,460632.0,0,0,0.0,0.00621,0.00621,0.00621,,,144997.0,,144997.0
2015-03-30,48,459492.0,0,0,0.0,0.02378,0.02378,0.02378,,,216323.0,,216323.0
2015-03-31,48,467766.0,0,0,0.0,0.0,0.0,0.0,,,0.0,,0.0
2015-04-01,48,467766.0,1,0,0.02083,0.02818,0.02567,0.02818,,,97494.0,,97494.0
2015-04-02,49,456928.0,0,0,0.0,0.0,0.0,0.0,,,0.0,,0.0
2015-04-06,49,456928.0,0,0,0.0,0.00257,0.00257,0.00257,,,84190.0,,84190.0
2015-04-07,49,457228.0,0,0,0.0,0.0,0.0,0.0,,,0.0,,0.0
2015-04-08,49,457228.0,0,0,0.0,0.0,0.0,0.0,,,0.0,,0.0
2015-04-09,49,457228.0,0,0,0.0,0.0,0.0,0.0,,,0.0,,0.0
2015-04-10,49,457228.0,0,0,0.0,0.0,0.0,0.0,,,0.0,,0.0
2015-04-13,49,457228.0,0,0,0.0,0.0,0.0,0.0,,,0.0,,0.0
2015-04-14,49,457228.0,1,3,0.08163,0.02622,0.00967,0.02622,,,451603.0,,451603.0
2015-04-15,47,457414.0,0,0,0.0,0.00611,0.00611,0.00611,,,138507.0,,138507.0
2015-04-16,47,457617.0,0,0,0.0,0.00113,0.00113,0.00113,,,33358.0,,33358.0
2015-04-17,47,457499.0,0,0,0.0,0.00328,0.00328,0.00328,,,73200.0,,73200.0
2015-04-20,47,457156.0,1,0,0.02128,0.00797,0.00493,0.00797,,,206812.0,,206812.0
2015-04-21,48,456290.0,1,0,0.02083,0.11173,0.1094,0.11173,,,1133207.0,,1133207.0
2015-04-22,49,507274.0,0,0,0.0,0.00079,0.00079,0.00079,,,30199.0,,30199.0
2015-04-23,49,507271.0,0,0,0.0,0.00149,0.00149,0.00149,,,50740.0,,50740.0
2015-04-24,49,507067.0,0,0,0.0,0.0,0.0,0.0,,,0.0,,0.0
2015-04-27,49,507067.0,0,0,0.0,0.01753,0.01753,0.01753,,,326754.0,,326754.0
2015-04-28,49,504563.0,0,0,0.0,0.01223,0.01223,0.01223,,,174247.0,,174247.0
2015-04-29,49,502733.0,0,0,0.0,0.0,0.0,0.0,,,0.0,,0.0
2015-04-30,49,502733.0,0,1,0.02041,0.03446,0.0319,0.03446,,,552952.0,,552952.0
2015-05-01,48,500739.0,0,0,0.0,0.0,0.0,0.0,,,0.0,,0.0
2015-05-04,48,500739.0,0,0,0.0,0.0,0.0,0.0,,,0.0,,0.0
2015-05-05,48,500739.0,0,3,0.0625,0.07276,0.036,0.07276,,,793274.0,,793274.0
2015-05-06,45,472184.0,1,0,0.02222,0.0039,0.0,0.0039,,,122618.0,,122618.0
2015-05-07,46,474024.0,0,1,0.02174,0.00915,0.00529,0.00915,,,243584.0,,243584.0
2015-05-08,45,474683.0,0,0,0.0,0.00254,0.00254,0.00254,,,33935.0,,33935.0
2015-05-11,45,475171.0,0,0,0.0,0.06298,0.06298,0.06298,,,167322.0,,167322.0
2015-05-12,45,500331.0,0,0,0.0,0.03366,0.03366,0.03366,,,414588.0,,414588.0
2015-05-13,45,512837.0,0,0,0.0,0.0,0.0,0.0,,,0.0,,0.0
2015-05-14,45,512837.0,0,0,0.0,0.00389,0.00389,0.00389,,,106255.0,,106255.0
2015-05-15,45,513532.0,0,0,0.0,0.00221,0.00221,0.00221,,,55687.0,,55687.0
2015-05-18,45,513490.0,0,0,0.0,0.00313,0.00313,0.00313,,,54871.0,,54871.0
2015-05-19,45,514118.0,0,1,0.02222,0.00709,0.00286,0.00709,,,240205.0,,240205.0
2015-05-20,44,513405.0,0,0,0.0,0.00331,0.00331,0.00331,,,56726.0,,56726.0
2015-05-21,44,512917.0,0,0,0.0,0.0,0.0,0.0,,,0.0,,0.0
2015-05-22,44,512917.0,0,0,0.0,0.0,0.0,0.0,,,0.0,,0.0
2015-05-26,44,512917.0,0,0,0.0,0.0,0.0,0.0,,,0.0,,0.0
2015-05-27,44,512917.0,0,0,0.0,0.0,0.0,0.0,,,0.0,,0.0
2015-05-28,44,512917.0,0,0,0.0,0.0,0.0,0.0,,,0.0,,0.0
2015-05-29,44,512917.0,0,0,0.0,0.0,0.0,0.0,,,0.0,,0.0
2015-06-01,44,512917.0,0,0,0.0,0.0,0.0,0.0,,,0.0,,0.0
2015-06-02,44,512917.0,0,0,0.0,0.0,0.0,0.0,,,0.0,,0.0
2015-06-03,44,512917.0,0,0,0.0,0.0,0.0,0.0,,,0.0,,0.0
2015-06-04,44,512917.0,0,0,0.0,0.0,0.0,0.0,,,0.0,,0.0
2015-06-05,44,512917.0,0,0,0.0,0.0,0.0,0.0,,,0.0,,0.0
2015-06-08,44,512917.0,0,0,0.0,0.0,0.0,0.0,,,0.0,,0.0
2015-06-09,44,512917.0,0,0,0.0,0.0,0.0,0.0,,,0.0,,0.0
2015-06-10,44,512917.0,0,0,0.0,0.0,0.0,0.0,,,0.0,,0.0
2015-06-11,44,512917.0,0,0,0.0,0.0,0.0,0.0,,,0.0,,0.0
2015-06-12,44,512917.0,0,0,0.0,0.05887,0.05887,0.05887,,,781080.0,,781080.0
2015-06-15,44,499344.0,0,1,0.02273,0.00996,0.00671,0.00996,,,284137.0,,284137.0
2015-06-16,43,498253.0,0,0,0.0,0.00333,0.00333,0.00333,,,75508.0,,75508.0
2015-06-17,43,499914.0,0,0,0.0,0.0,0.0,0.0,,,0.0,,0.0
2015-06-18,43,499914.0,0,0,0.0,0.00124,0.00124,0.00124,,,32827.0,,32827.0
2015-06-19,43,500533.0,0,0,0.0,0.0,0.0,0.0,,,0.0,,0.0
2015-06-22,43,500533.0,1,0,0.02326,0.00346,0.00333,0.00346,,,157353.0,,157353.0
2015-06-23,44,500168.0,0,0,0.0,0.00429,0.00429,0.00429,,,121210.0,,121210.0
2015-06-24,44,499906.0,0,0,0.0,0.0,0.0,0.0,,,0.0,,0.0
2015-06-25,44,499906.0,0,0,0.0,0.0,0.0,0.0,,,0.0,,0.0
2015-06-26,44,499906.0,0,0,0.0,0.0,0.0,0.0,,,0.0,,0.0
2015-06-29,44,499906.0,0,0,0.0,0.00723,0.00723,0.00723,,,170183.0,,170183.0
2015-06-30,44,496704.0,0,0,0.0,0.03137,0.03137,0.03137,,,96705.0,,96705.0
2015-07-01,44,510839.0,0,0,0.0,0.0,0.0,0.0,,,0.0,,0.0
2015-07-02,44,510839.0,0,0,0.0,0.09993,0.09993,0.09993,,,1150418.0,,1150418.0
2015-07-06,44,561886.0,0,0,0.0,0.0,0.0,0.0,,,0.0,,0.0
2015-07-07,44,561886.0,0,0,0.0,0.01025,0.01025,0.01025,,,190626.0,,190626.0
2015-07-08,44,558924.0,0,0,0.0,0.04305,0.04305,0.04305,,,274806.0,,274806.0
2015-07-09,44,579108.0,0,0,0.0,0.00432,0.00432,0.00432,,,102091.0,,102091.0
2015-07-10,44,580870.0,0,0,0.0,0.03975,0.03975,0.03975,,,88709.0,,88709.0
2015-07-13,44,603119.0,0,0,0.0,0.0,0.0,0.0,,,0.0,,0.0
2015-07-14,44,603119.0,0,0,0.0,0.0,0.0,0.0,,,0.0,,0.0
2015-07-15,44,603119.0,0,0,0.0,0.0,0.0,0.0,,,0.0,,0.0
2015-07-16,44,603119.0,0,0,0.0,0.0,0.0,0.0,,,0.0,,0.0
2015-07-17,44,603119.0,0,1,0.02273,0.01069,0.00996,0.01069,,,402410.0,,402410.0
2015-07-20,43,606134.0,0,0,0.0,0.00207,0.00207,0.00207,,,66245.0,,66245.0
2015-07-21,43,606862.0,0,0,0.0,0.0,0.0,0.0,,,0.0,,0.0
2015-07-22,43,606862.0,0,2,0.04651,0.00331,0.00225,0.00331,,,155669.0,,155669.0
2015-07-23,41,607583.0,0,0,0.0,0.01132,0.01132,0.01132,,,132289.0,,132289.0
2015-07-24,41,602881.0,0,0,0.0,0.0,0.0,0.0,,,0.0,,0.0
2015-07-27,41,602881.0,0,0,0.0,0.00442,0.00442,0.00442,,,136700.0,,136700.0
2015-07-28,41,602677.0,0,0,0.0,0.0,0.0,0.0,,,0.0,,0.0
2015-07-29,41,602677.0,0,1,0.02439,0.00751,0.00496,0.00751,,,252902.0,,252902.0
2015-07-30,40,604109.0,0,0,0.0,0.0,0.0,0.0,,,0.0,,0.0
2015-07-31,40,604109.0,0,0,0.0,0.01292,0.01292,0.01292,,,489895.0,,489895.0
2015-08-03,40,608417.0,0,0,0.0,0.0,0.0,0.0,,,0.0,,0.0
2015-08-04,40,608417.0,0,0,0.0,0.00472,0.00472,0.00472,,,189909.0,,189909.0
2015-08-05,40,609305.0,0,0,0.0,0.0,0.0,0.0,,,0.0,,0.0
2015-08-06,40,609305.0,0,0,0.0,0.0,0.0,0.0,,,0.0,,0.0
2015-08-07,40,609305.0,0,0,0.0,0.01949,0.01949,0.01949,,,214782.0,,214782.0
2015-08-10,40,608899.0,0,0,0.0,0.0,0.0,0.0,,,0.0,,0.0
2015-08-11,40,608899.0,0,0,0.0,0.00074,0.00074,0.00074,,,18753.0,,18753.0
2015-08-12,40,608949.0,2,0,0.05,0.00393,0.00147,0.00393,,,131939.0,,131939.0
2015-08-13,42,609546.0,0,0,0.0,0.0,0.0,0.0,,,0.0,,0.0
2015-08-14,42,609546.0,0,0,0.0,0.0,0.0,0.0,,,0.0,,0.0
2015-08-17,42,609546.0,1,0,0.02381,0.00842,0.00153,0.00842,,,131625.0,,131625.0
2015-08-18,43,614011.0,0,1,0.02326,0.01211,0.00471,0.01211,,,265081.0,,265081.0
2015-08-19,42,612316.0,0,0,0.0,0.0,0.0,0.0,,,0.0,,0.0
2015-08-20,42,612316.0,0,0,0.0,0.0,0.0,0.0,,,0.0,,0.0
2015-08-21,42,612316.0,0,1,0.02381,0.03545,0.03213,0.03545,,,783075.0,,783075.0
2015-08-24,41,605006.0,0,0,0.0,0.0,0.0,0.0,,,0.0,,0.0
2015-08-25,41,605006.0,0,1,0.02439,0.02118,0.01839,0.02118,,,465529.0,,465529.0
2015-08-26,40,609770.0,0,0,0.0,0.0,0.0,0.0,,,0.0,,0.0
2015-08-27,40,609770.0,0,0,0.0,0.0,0.0,0.0,,,0.0,,0.0
2015-08-28,40,609770.0,0,0,0.0,0.00274,0.00274,0.00274,,,125517.0,,125517.0
2015-08-31,40,609586.0,0,0,0.0,0.0,0.0,0.0,,,0.0,,0.0
2015-09-01,40,609586.0,0,0,0.0,0.00143,0.00143,0.00143,,,70862.0,,70862.0
2015-09-02,40,609916.0,0,0,0.0,0.00459,0.00459,0.00459,,,43940.0,,43940.0
2015-09-03,40,611594.0,0,0,0.0,0.00159,0.00159,0.00159,,,92860.0,,92860.0
2015-09-04,40,611824.0,0,0,0.0,0.0,0.0,0.0,,,0.0,,0.0
2015-09-08,40,611824.0,0,0,0.0,0.0,0.0,0.0,,,0.0,,0.0
2015-09-09,40,611824.0,0,1,0.025,0.02247,0.02093,0.02247,,,325528.0,,325528.0
2015-09-10,39,613943.0,0,0,0.0,0.0,0.0,0.0,,,0.0,,0.0
2015-09-11,39,613943.0,0,0,0.0,0.0,0.0,0.0,,,0.0,,0.0
2015-09-14,39,613943.0,1,1,0.05128,0.25957,0.09098,0.25957,,,599470.0,,599470.0
2015-09-15,39,674273.0,0,0,0.0,0.03307,0.03307,0.03307,,,97841.0,,97841.0
2015-09-16,39,653974.0,0,0,0.0,0.0,0.0,0.0,,,0.0,,0.0
2015-09-17,39,653974.0,0,0,0.0,0.0,0.0,0.0,,,0.0,,0.0
2015-09-18,39,653974.0,0,0,0.0,0.05566,0.05566,0.05566,,,11800.0,,11800.0
2015-09-21,39,690374.0,0,0,0.0,0.0,0.0,0.0,,,0.0,,0.0
2015-09-22,39,690374.0,0,0,0.0,0.0,0.0,0.0,,,0.0,,0.0
2015-09-23,39,690374.0,0,0,0.0,0.0,0.0,0.0,,,0.0,,0.0
2015-09-24,39,690374.0,0,0,0.0,0.00691,0.00691,0.00691,,,118983.0,,118983.0
2015-09-25,39,688156.0,0,0,0.0,0.00116,0.00116,0.00116,,,47063.0,,47063.0
2015-09-28,39,688953.0,0,0,0.0,0.05491,0.05491,0.05491,,,245876.0,,245876.0
2015-09-29,39,656866.0,0,0,0.0,0.0,0.0,0.0,,,0.0,,0.0
2015-09-30,39,656866.0,0,0,0.0,0.0,0.0,0.0,,,0.0,,0.0
2015-10-01,39,656866.0,0,1,0.02564,0.09481,0.09177,0.09481,,,343546.0,,343546.0
2015-10-02,38,688162.0,0,0,0.0,0.00143,0.00143,0.00143,,,61471.0,,61471.0
2015-10-05,38,688961.0,0,0,0.0,0.0,0.0,0.0,,,0.0,,0.0
2015-10-06,38,688961.0,0,0,0.0,0.02473,0.02473,0.02473,,,362043.0,,362043.0
2015-10-07,38,684032.0,0,0,0.0,0.15521,0.15521,0.15521,,,69341.0,,69341.0
2015-10-08,38,778062.0,0,0,0.0,0.00491,0.00491,0.00491,,,61133.0,,61133.0
2015-10-09,38,776240.0,0,0,0.0,0.0,0.0,0.0,,,0.0,,0.0
2015-10-12,38,776240.0,0,0,0.0,0.0,0.0,0.0,,,0.0,,0.0
2015-10-13,38,776240.0,0,0,0.0,0.0,0.0,0.0,,,0.0,,0.0
2015-10-14,38,776240.0,0,1,0.02632,0.0146,0.0133,0.0146,,,431049.0,,431049.0
2015-10-15,37,780780.0,0,0,0.0,0.0,0.0,0.0,,,0.0,,0.0
2015-10-16,37,780780.0,0,0,0.0,0.02702,0.02702,0.02702,,,174922.0,,174922.0
2015-10-19,37,772260.0,0,0,0.0,0.0,0.0,0.0,,,0.0,,0.0
2015-10-20,37,772260.0,0,0,0.0,0.01024,0.01024,0.01024,,,157279.0,,157279.0
2015-10-21,37,774685.0,0,0,0.0,0.0,0.0,0.0,,,0.0,,0.0
2015-10-22,37,774685.0,0,0,0.0,0.01396,0.01396,0.01396,,,277293.0,,277293.0
2015-10-23,37,776519.0,0,0,0.0,0.0,0.0,0.0,,,0.0,,0.0
2015-10-26,37,776519.0,0,0,0.0,0.0,0.0,0.0,,,0.0,,0.0
2015-10-27,37,776519.0,0,0,0.0,0.0,0.0,0.0,,,0.0,,0.0
2015-10-28,37,776519.0,0,0,0.0,0.0,0.0,0.0,,,0.0,,0.0
2015-10-29,37,776519.0,0,0,0.0,0.0,0.0,0.0,,,0.0,,0.0
2015-10-30,37,776519.0,0,0,0.0,0.0,0.0,0.0,,,0.0,,0.0
2015-11-02,37,776519.0,0,0,0.0,0.0,0.0,0.0,,,0.0,,0.0
2015-11-03,37,776519.0,0,0,0.0,0.0,0.0,0.0,,,0.0,,0.0
2015-11-04,37,776519.0,0,0,0.0,0.0,0.0,0.0,,,0.0,,0.0
2015-11-05,37,776519.0,0,0,0.0,0.0,0.0,0.0,,,0.0,,0.0
2015-11-06,37,776519.0,0,0,0.0,0.0,0.0,0.0,,,0.0,,0.0
2015-11-09,37,776519.0,1,0,0.02703,0.16912,0.168,0.16912,,,1464495.0,,1464495.0
2015-11-10,38,821957.0,0,0,0.0,0.00846,0.00846,0.00846,,,423347.0,,423347.0
2015-11-11,38,824777.0,0,0,0.0,0.0,0.0,0.0,,,0.0,,0.0
2015-11-12,38,824777.0,0,0,0.0,0.00193,0.00193,0.00193,,,50248.0,,50248.0
2015-11-13,38,825670.0,0,0,0.0,0.00098,0.00098,0.00098,,,61647.0,,61647.0
2015-11-16,38,825664.0,0,0,0.0,0.0,0.0,0.0,,,0.0,,0.0
2015-11-17,38,825664.0,1,1,0.05263,0.0114,0.00457,0.0114,,,288810.0,,288810.0
2015-11-18,38,834319.0,0,0,0.0,0.00466,0.00466,0.00466,,,54140.0,,54140.0
2015-11-19,38,833611.0,0,0,0.0,0.0,0.0,0.0,,,0.0,,0.0
2015-11-20,38,833611.0,1,0,0.02632,0.00505,0.00239,0.00505,,,126604.0,,126604.0
2015-11-23,39,834929.0,0,0,0.0,0.00515,0.00515,0.00515,,,83922.0,,83922.0
2015-11-24,39,838151.0,0,0,0.0,0.00224,0.00224,0.00224,,,26748.0,,26748.0
2015-11-25,39,836270.0,0,0,0.0,0.00284,0.00284,0.00284,,,131727.0,,131727.0
2015-11-27,39,837843.0,0,0,0.0,0.00211,0.00211,0.00211,,,64160.0,,64160.0
2015-11-30,39,836839.0,0,0,0.0,0.0,0.0,0.0,,,0.0,,0.0
2015-12-01,39,836839.0,0,0,0.0,0.0,0.0,0.0,,,0.0,,0.0
2015-12-02,39,836839.0,0,0,0.0,0.0,0.0,0.0,,,0.0,,0.0
2015-12-03,39,836839.0,0,0,0.0,0.0,0.0,0.0,,,0.0,,0.0
2015-12-04,39,836839.0,0,0,0.0,0.0,0.0,0.0,,,0.0,,0.0
2015-12-07,39,836839.0,0,0,0.0,0.00067,0.00067,0.00067,,,31905.0,,31905.0
2015-12-08,39,836856.0,0,0,0.0,0.0,0.0,0.0,,,0.0,,0.0
2015-12-09,39,836856.0,0,0,0.0,0.0,0.0,0.0,,,0.0,,0.0
2015-12-10,39,836856.0,0,0,0.0,0.0,0.0,0.0,,,0.0,,0.0
2015-12-11,39,836856.0,0,0,0.0,0.0,0.0,0.0,,,0.0,,0.0
2015-12-14,39,836856.0,0,0,0.0,0.00121,0.00121,0.00121,,,49694.0,,49694.0
2015-12-15,39,836835.0,0,0,0.0,0.09064,0.09064,0.09064,,,1169137.0,,1169137.0
2015-12-16,39,912684.0,0,0,0.0,0.0,0.0,0.0,,,0.0,,0.0
2015-12-17,39,912684.0,0,0,0.0,0.0,0.0,0.0,,,0.0,,0.0
2015-12-18,39,912684.0,0,0,0.0,0.0,0.0,0.0,,,0.0,,0.0
2015-12-21,39,912684.0,0,0,0.0,0.0,0.0,0.0,,,0.0,,0.0
2015-12-22,39,912684.0,0,0,0.0,0.0,0.0,0.0,,,0.0,,0.0
2015-12-23,39,912684.0,0,0,0.0,0.0,0.0,0.0,,,0.0,,0.0
2015-12-24,39,912684.0,0,0,0.0,0.0,0.0,0.0,,,0.0,,0.0
2015-12-28,39,912684.0,0,0,0.0,0.0,0.0,0.0,,,0.0,,0.0
2015-12-29,39,912684.0,0,0,0.0,0.01489,0.01489,0.01489,,,346423.0,,346423.0
2015-12-30,39,899090.0,0,0,0.0,0.0,0.0,0.0,,,0.0,,0.0
2015-12-31,39,899090.0,0,0,0.0,0.0,0.0,0.0,,,0.0,,0.0
2016-01-04,39,899090.0,0,0,0.0,0.00111,0.00111,0.00111,,,66192.0,,66192.0
2016-01-05,39,899290.0,2,0,0.05128,0.01566,0.01486,0.01566,,,354309.0,,354309.0
2016-01-06,41,898793.0,0,0,0.0,0.0,0.0,0.0,,,0.0,,0.0
2016-01-07,41,898793.0,0,0,0.0,0.0,0.0,0.0,,,0.0,,0.0
2016-01-08,41,898793.0,0,1,0.02439,0.01413,0.01162,0.01413,,,329212.0,,329212.0
2016-01-11,40,902990.0,0,0,0.0,0.0,0.0,0.0,,,0.0,,0.0
2016-01-12,40,902990.0,0,0,0.0,0.00237,0.00237,0.00237,,,65732.0,,65732.0
2016-01-13,40,903904.0,0,0,0.0,0.0,0.0,0.0,,,0.0,,0.0
2016-01-14,40,903904.0,0,2,0.05,0.01418,0.0065,0.01418,,,348723.0,,348723.0
2016-01-15,38,902739.0,0,0,0.0,0.00055,0.00055,0.00055,,,26350.0,,26350.0
2016-01-19,38,902819.0,0,0,0.0,0.01123,0.01123,0.01123,,,94083.0,,94083.0
2016-01-20,38,911364.0,0,1,0.02632,0.01233,0.00535,0.01233,,,270518.0,,270518.0
2016-01-21,37,908623.0,0,1,0.02703,0.01119,0.00845,0.01119,,,338888.0,,338888.0
2016-01-22,36,911811.0,0,0,0.0,0.0,0.0,0.0,,,0.0,,0.0
2016-01-25,36,911811.0,0,0,0.0,0.0,0.0,0.0,,,0.0,,0.0
2016-01-26,36,911811.0,0,0,0.0,0.0,0.0,0.0,,,0.0,,0.0
2016-01-27,36,911811.0,0,0,0.0,0.0,0.0,0.0,,,0.0,,0.0
2016-01-28,36,911811.0,0,1,0.02778,0.02134,0.01253,0.02134,,,354183.0,,354183.0
2016-01-29,35,914249.0,0,0,0.0,0.00145,0.00145,0.00145,,,74023.0,,74023.0
2016-02-01,35,914119.0,0,0,0.0,0.0,0.0,0.0,,,0.0,,0.0
2016-02-02,35,914119.0,0,2,0.05714,0.00923,0.00691,0.00923,,,335038.0,,335038.0
2016-02-03,33,917110.0,0,0,0.0,0.00115,0.00115,0.00115,,,46302.0,,46302.0
2016-02-04,33,917233.0,0,0,0.0,0.0,0.0,0.0,,,0.0,,0.0
2016-02-05,33,917233.0,0,1,0.0303,0.01549,0.00989,0.01549,,,493115.0,,493115.0
2016-02-08,32,921063.0,0,0,0.0,0.0149,0.0149,0.0149,,,415419.0,,415419.0
2016-02-09,32,913835.0,0,2,0.0625,0.06943,0.04723,0.06943,,,1150881.0,,1150881.0
2016-02-10,30,919919.0,0,0,0.0,0.00118,0.00118,0.00118,,,41280.0,,41280.0
2016-02-11,30,919231.0,0,0,0.0,0.00307,0.00307,0.00307,,,96007.0,,96007.0
2016-02-12,30,919143.0,0,0,0.0,0.0,0.0,0.0,,,0.0,,0.0
2016-02-16,30,919143.0,0,0,0.0,0.0,0.0,0.0,,,0.0,,0.0
2016-02-17,30,919143.0,0,0,0.0,0.0,0.0,0.0,,,0.0,,0.0
2016-02-18,30,919143.0,0,0,0.0,0.0,0.0,0.0,,,0.0,,0.0
2016-02-19,30,919143.0,0,0,0.0,0.0,0.0,0.0,,,0.0,,0.0
2016-02-22,30,919143.0,0,0,0.0,0.0,0.0,0.0,,,0.0,,0.0
2016-02-23,30,919143.0,0,0,0.0,0.0,0.0,0.0,,,0.0,,0.0
2016-02-24,30,919143.0,0,0,0.0,0.0,0.0,0.0,,,0.0,,0.0
2016-02-25,30,919143.0,0,0,0.0,0.0,0.0,0.0,,,0.0,,0.0
2016-02-26,30,919143.0,0,0,0.0,0.0,0.0,0.0,,,0.0,,0.0
2016-02-29,30,919143.0,0,0,0.0,0.00237,0.00237,0.00237,,,6836.0,,6836.0
2016-03-01,30,916963.0,0,0,0.0,0.0,0.0,0.0,,,0.0,,0.0
2016-03-02,30,916963.0,0,0,0.0,0.0,0.0,0.0,,,0.0,,0.0
2016-03-03,30,916963.0,0,0,0.0,0.0,0.0,0.0,,,0.0,,0.0
2016-03-04,30,916963.0,0,0,0.0,0.0,0.0,0.0,,,0.0,,0.0
2016-03-07,30,916963.0,0,0,0.0,0.00685,0.00685,0.00685,,,276645.0,,276645.0
2016-03-08,30,916667.0,0,0,0.0,0.0,0.0,0.0,,,0.0,,0.0
2016-03-09,30,916667.0,0,0,0.0,0.0,0.0,0.0,,,0.0,,0.0
2016-03-10,30,916667.0,0,0,0.0,0.0,0.0,0.0,,,0.0,,0.0
2016-03-11,30,916667.0,0,0,0.0,0.0,0.0,0.0,,,0.0,,0.0
2016-03-14,30,916667.0,0,0,0.0,0.0,0.0,0.0,,,0.0,,0.0
2016-03-15,30,916667.0,0,0,0.0,0.0,0.0,0.0,,,0.0,,0.0
2016-03-16,30,916667.0,0,0,0.0,0.0,0.0,0.0,,,0.0,,0.0
2016-03-17,30,916667.0,0,1,0.03333,0.00838,0.00351,0.00838,,,210115.0,,210115.0
2016-03-18,29,915385.0,2,0,0.06897,0.01226,0.00802,0.01226,,,243960.0,,243960.0
2016-03-21,31,915630.0,0,0,0.0,0.0,0.0,0.0,,,0.0,,0.0
2016-03-22,31,915630.0,0,0,0.0,0.00909,0.00909,0.00909,,,108453.0,,108453.0
2016-03-23,31,911154.0,0,0,0.0,0.0,0.0,0.0,,,0.0,,0.0
2016-03-24,31,911154.0,0,0,0.0,0.0,0.0,0.0,,,0.0,,0.0
2016-03-28,31,911154.0,0,0,0.0,0.0,0.0,0.0,,,0.0,,0.0
2016-03-29,31,911154.0,0,0,0.0,0.0,0.0,0.0,,,0.0,,0.0
2016-03-30,31,911154.0,0,0,0.0,0.0,0.0,0.0,,,0.0,,0.0
2016-03-31,31,911154.0,0,0,0.0,0.0,0.0,0.0,,,0.0,,0.0
2016-04-01,31,911154.0,1,0,0.03226,0.00952,0.00828,0.00952,,,125898.0,,125898.0
2016-04-04,32,904745.0,0,0,0.0,0.0,0.0,0.0,,,0.0,,0.0
2016-04-05,32,904745.0,0,0,0.0,0.0,0.0,0.0,,,0.0,,0.0
2016-04-06,32,904745.0,0,0,0.0,0.0,0.0,0.0,,,0.0,,0.0
2016-04-07,32,904745.0,0,0,0.0,0.0,0.0,0.0,,,0.0,,0.0
2016-04-08,32,904745.0,1,0,0.03125,0.00095,0.0,0.00095,,,37009.0,,37009.0
2016-04-11,33,905601.0,0,0,0.0,0.00567,0.00567,0.00567,,,74248.0,,74248.0
2016-04-12,33,904735.0,0,0,0.0,0.0,0.0,0.0,,,0.0,,0.0
2016-04-13,33,904735.0,0,0,0.0,0.0,0.0,0.0,,,0.0,,0.0
2016-04-14,33,904735.0,0,0,0.0,0.01579,0.01579,0.01579,,,138833.0,,138833.0
2016-04-15,33,891691.0,0,0,0.0,0.0,0.0,0.0,,,0.0,,0.0
2016-04-18,33,891691.0,0,0,0.0,0.0,0.0,0.0,,,0.0,,0.0
2016-04-19,33,891691.0,0,0,0.0,0.0,0.0,0.0,,,0.0,,0.0
2016-04-20,33,891691.0,0,0,0.0,0.01654,0.01654,0.01654,,,77892.0,,77892.0
2016-04-21,33,884941.0,0,0,0.0,0.00254,0.00254,0.00254,,,38284.0,,38284.0
2016-04-22,33,886691.0,0,0,0.0,0.01583,0.01583,0.01583,,,150482.0,,150482.0
2016-04-25,33,875869.0,0,0,0.0,0.0,0.0,0.0,,,0.0,,0.0
2016-04-26,33,875869.0,0,0,0.0,0.0,0.0,0.0,,,0.0,,0.0
2016-04-27,33,875869.0,0,0,0.0,0.0,0.0,0.0,,,0.0,,0.0
2016-04-28,33,875869.0,0,0,0.0,0.0,0.0,0.0,,,0.0,,0.0
2016-04-29,33,875869.0,0,0,0.0,0.0,0.0,0.0,,,0.0,,0.0
2016-05-02,33,875869.0,0,1,0.0303,0.00602,0.00283,0.00602,,,197505.0,,197505.0
2016-05-03,32,871966.0,0,0,0.0,0.00258,0.00258,0.00258,,,88370.0,,88370.0
2016-05-04,32,870402.0,0,0,0.0,0.0,0.0,0.0,,,0.0,,0.0
2016-05-05,32,870402.0,0,0,0.0,0.0,0.0,0.0,,,0.0,,0.0
2016-05-06,32,870402.0,0,1,0.03125,0.0136,0.01238,0.0136,,,344615.0,,344615.0
2016-05-09,31,877569.0,0,0,0.0,0.00748,0.00748,0.00748,,,105944.0,,105944.0
2016-05-10,31,880269.0,0,0,0.0,0.0,0.0,0.0,,,0.0,,0.0
2016-05-11,31,880269.0,0,0,0.0,0.01555,0.01555,0.01555,,,80340.0,,80340.0
2016-05-12,31,872579.0,1,0,0.03226,0.00191,0.00047,0.00191,,,62113.0,,62113.0
2016-05-13,32,873426.0,0,0,0.0,0.0067,0.0067,0.0067,,,73927.0,,73927.0
2016-05-16,32,876018.0,0,0,0.0,0.0,0.0,0.0,,,0.0,,0.0
2016-05-17,32,876018.0,0,0,0.0,0.0,0.0,0.0,,,0.0,,0.0
2016-05-18,32,876018.0,0,0,0.0,0.01418,0.01418,0.01418,,,113970.0,,113970.0
2016-05-19,32,874219.0,0,0,0.0,0.0,0.0,0.0,,,0.0,,0.0
2016-05-20,32,874219.0,2,0,0.0625,0.00895,0.00302,0.00895,,,247231.0,,247231.0
2016-05-23,34,876770.0,0,0,0.0,0.00143,0.00143,0.00143,,,50265.0,,50265.0
2016-05-24,34,875918.0,0,0,0.0,0.0,0.0,0.0,,,0.0,,0.0
2016-05-25,34,875918.0,0,0,0.0,0.00581,0.00581,0.00581,,,130218.0,,130218.0
2016-05-26,34,874969.0,0,0,0.0,0.0,0.0,0.0,,,0.0,,0.0
2016-05-27,34,874969.0,0,0,0.0,0.0,0.0,0.0,,,0.0,,0.0
2016-05-31,34,874969.0,0,0,0.0,0.00227,0.00227,0.00227,,,50808.0,,50808.0
2016-06-01,34,874856.0,0,0,0.0,0.0,0.0,0.0,,,0.0,,0.0
2016-06-02,34,874856.0,0,0,0.0,0.0,0.0,0.0,,,0.0,,0.0
2016-06-03,34,874856.0,0,0,0.0,0.0,0.0,0.0,,,0.0,,0.0
2016-06-06,34,874856.0,0,0,0.0,0.00204,0.00204,0.00204,,,64283.0,,64283.0
2016-06-07,34,875335.0,0,0,0.0,0.00548,0.00548,0.00548,,,90932.0,,90932.0
2016-06-08,34,876539.0,0,0,0.0,0.00112,0.00112,0.00112,,,35356.0,,35356.0
2016-06-09,34,877120.0,0,0,0.0,0.00193,0.00193,0.00193,,,80249.0,,80249.0
2016-06-10,34,877348.0,1,0,0.02941,0.0086,0.00057,0.0086,,,130534.0,,130534.0
2016-06-13,35,883891.0,0,0,0.0,0.0,0.0,0.0,,,1.0,,1.0
2016-06-14,35,883891.0,0,1,0.02857,0.02912,0.02818,0.02912,,,802089.0,,802089.0
2016-06-15,34,904047.0,0,0,0.0,0.00022,0.00022,0.00022,,,38258.0,,38258.0
2016-06-16,34,903847.0,0,0,0.0,0.00194,0.00194,0.00194,,,23982.0,,23982.0
2016-06-17,34,905596.0,0,0,0.0,0.0,0.0,0.0,,,0.0,,0.0
2016-06-20,34,905596.0,0,0,0.0,0.0,0.0,0.0,,,0.0,,0.0
2016-06-21,34,905596.0,0,0,0.0,0.00991,0.00991,0.00991,,,474637.0,,474637.0
2016-06-22,34,912070.0,0,0,0.0,0.0,0.0,0.0,,,0.0,,0.0
2016-06-23,34,912070.0,1,0,0.02941,0.00117,0.00039,0.00117,,,135538.0,,135538.0
2016-06-24,35,912427.0,1,0,0.02857,0.00697,0.00079,0.00697,,,285808.0,,285808.0
2016-06-27,36,917345.0,0,1,0.02778,0.00157,0.00126,0.00157,,,101159.0,,101159.0
2016-06-28,35,918223.0,0,1,0.02857,0.0097,0.00674,0.0097,,,253684.0,,253684.0
2016-06-29,34,921656.0,0,0,0.0,0.0,0.0,0.0,,,0.0,,0.0
2016-06-30,34,921656.0,0,0,0.0,0.0,0.0,0.0,,,0.0,,0.0
2016-07-01,34,921656.0,1,0,0.02941,0.00261,0.00178,0.00261,,,126284.0,,126284.0
2016-07-05,35,920771.0,0,0,0.0,0.0,0.0,0.0,,,0.0,,0.0
2016-07-06,35,920771.0,0,0,0.0,0.0,0.0,0.0,,,0.0,,0.0
2016-07-07,35,920771.0,0,0,0.0,0.00262,0.00262,0.00262,,,155389.0,,155389.0
2016-07-08,35,921461.0,0,0,0.0,0.0,0.0,0.0,,,0.0,,0.0
2016-07-11,35,921461.0,1,0,0.02857,0.00723,0.00311,0.00723,,,136736.0,,136736.0
2016-07-12,36,922397.0,0,0,0.0,0.00163,0.00163,0.00163,,,45398.0,,45398.0
2016-07-13,36,923248.0,0,0,0.0,0.00387,0.00387,0.00387,,,95297.0,,95297.0
2016-07-14,36,925033.0,0,0,0.0,0.0,0.0,0.0,,,0.0,,0.0
2016-07-15,36,925033.0,0,0,0.0,0.0,0.0,0.0,,,0.0,,0.0
2016-07-18,36,925033.0,0,0,0.0,0.0,0.0,0.0,,,0.0,,0.0
2016-07-19,36,925033.0,1,0,0.02778,0.02393,0.00629,0.02393,,,605923.0,,605923.0
2016-07-20,37,937848.0,0,0,0.0,0.01325,0.01325,0.01325,,,191886.0,,191886.0
2016-07-21,37,947401.0,0,0,0.0,0.0,0.0,0.0,,,0.0,,0.0
2016-07-22,37,947401.0,0,0,0.0,0.0,0.0,0.0,,,0.0,,0.0
2016-07-25,37,947401.0,4,2,0.16216,0.03294,0.00964,0.03294,,,1323721.0,,1323721.0
2016-07-26,39,956154.0,0,0,0.0,0.00783,0.00783,0.00783,,,164962.0,,164962.0
2016-07-27,39,957054.0,0,0,0.0,0.00207,0.00207,0.00207,,,57000.0,,57000.0
2016-07-28,39,956622.0,0,0,0.0,0.00866,0.00866,0.00866,,,291690.0,,291690.0
2016-07-29,39,960955.0,0,0,0.0,0.00441,0.00441,0.00441,,,303786.0,,303786.0
2016-08-01,39,961923.0,0,0,0.0,0.0,0.0,0.0,,,0.0,,0.0
2016-08-02,39,961923.0,0,0,0.0,0.00464,0.00464,0.00464,,,113462.0,,113462.0
2016-08-03,39,963788.0,0,0,0.0,0.0,0.0,0.0,,,0.0,,0.0
2016-08-04,39,963788.0,0,0,0.0,0.0,0.0,0.0,,,0.0,,0.0
2016-08-05,39,963788.0,0,0,0.0,0.0,0.0,0.0,,,0.0,,0.0
2016-08-08,39,963788.0,0,0,0.0,0.02827,0.02827,0.02827,,,312866.0,,312866.0
2016-08-09,39,970398.0,1,0,0.02564,0.00949,0.00774,0.00949,,,229909.0,,229909.0
2016-08-10,40,967746.0,0,0,0.0,0.00754,0.00754,0.00754,,,164926.0,,164926.0
2016-08-11,40,972152.0,0,1,0.025,0.04089,0.02542,0.04089,,,473741.0,,473741.0
2016-08-12,39,980031.0,0,0,0.0,0.0,0.0,0.0,,,0.0,,0.0
2016-08-15,39,980031.0,0,0,0.0,0.0,0.0,0.0,,,0.0,,0.0
2016-08-16,39,980031.0,0,0,0.0,0.00195,0.00195,0.00195,,,57944.0,,57944.0
2016-08-17,39,981064.0,0,0,0.0,0.0,0.0,0.0,,,0.0,,0.0
2016-08-18,39,981064.0,0,0,0.0,0.0,0.0,0.0,,,0.0,,0.0
2016-08-19,39,981064.0,0,0,0.0,0.0,0.0,0.0,,,0.0,,0.0
2016-08-22,39,981064.0,0,0,0.0,0.0,0.0,0.0,,,0.0,,0.0
2016-08-23,39,981064.0,0,0,0.0,0.0,0.0,0.0,,,0.0,,0.0
2016-08-24,39,981064.0,0,0,0.0,0.00646,0.00646,0.00646,,,100188.0,,100188.0
2016-08-25,39,984863.0,0,0,0.0,0.0,0.0,0.0,,,0.0,,0.0
2016-08-26,39,984863.0,0,0,0.0,0.0,0.0,0.0,,,0.0,,0.0
2016-08-29,39,984863.0,0,0,0.0,0.00161,0.00161,0.00161,,,123825.0,,123825.0
2016-08-30,39,985244.0,0,0,0.0,0.00609,0.00609,0.00609,,,184778.0,,184778.0
2016-08-31,39,988759.0,0,0,0.0,0.0,0.0,0.0,,,0.0,,0.0
2016-09-01,39,988759.0,0,0,0.0,0.0,0.0,0.0,,,0.0,,0.0
2016-09-02,39,988759.0,1,1,0.05128,0.02879,0.02622,0.02879,,,607743.0,,607743.0
2016-09-06,39,978203.0,0,0,0.0,0.0,0.0,0.0,,,0.0,,0.0
2016-09-07,39,978203.0,0,0,0.0,0.00345,0.00345,0.00345,,,179313.0,,179313.0
2016-09-08,39,976231.0,0,0,0.0,0.00405,0.00405,0.00405,,,61362.0,,61362.0
2016-09-09,39,974121.0,0,0,0.0,0.00034,0.00034,0.00034,,,8790.0,,8790.0
2016-09-12,39,973793.0,0,0,0.0,0.0,0.0,0.0,,,0.0,,0.0
2016-09-13,39,973793.0,0,0,0.0,0.00913,0.00913,0.00913,,,205275.0,,205275.0
2016-09-14,39,976331.0,0,0,0.0,0.0,0.0,0.0,,,0.0,,0.0
2016-09-15,39,976331.0,0,0,0.0,0.0,0.0,0.0,,,0.0,,0.0
2016-09-16,39,976331.0,0,0,0.0,0.0,0.0,0.0,,,0.0,,0.0
2016-09-19,39,976331.0,0,0,0.0,0.0,0.0,0.0,,,0.0,,0.0
2016-09-20,39,976331.0,0,1,0.02564,0.00798,0.005,0.00798,,,165551.0,,165551.0
2016-09-21,38,978276.0,0,0,0.0,0.0,0.0,0.0,,,0.0,,0.0
2016-09-22,38,978276.0,0,0,0.0,0.0,0.0,0.0,,,0.0,,0.0
2016-09-23,38,978276.0,0,0,0.0,0.0,0.0,0.0,,,0.0,,0.0
2016-09-26,38,978276.0,0,0,0.0,0.0,0.0,0.0,,,0.0,,0.0
2016-09-27,38,978276.0,0,0,0.0,0.0,0.0,0.0,,,0.0,,0.0
2016-09-28,38,978276.0,0,0,0.0,0.0,0.0,0.0,,,0.0,,0.0
2016-09-29,38,978276.0,0,0,0.0,0.0,0.0,0.0,,,0.0,,0.0
2016-09-30,38,978276.0,0,0,0.0,0.0,0.0,0.0,,,0.0,,0.0
2016-10-03,38,978276.0,0,0,0.0,0.0,0.0,0.0,,,0.0,,0.0
2016-10-04,38,978276.0,0,0,0.0,0.0,0.0,0.0,,,0.0,,0.0
2016-10-05,38,978276.0,0,0,0.0,0.0,0.0,0.0,,,0.0,,0.0
2016-10-06,38,978276.0,0,0,0.0,0.0,0.0,0.0,,,0.0,,0.0
2016-10-07,38,978276.0,0,0,0.0,0.00261,0.00261,0.00261,,,58844.0,,58844.0
2016-10-10,38,978746.0,0,0,0.0,0.0,0.0,0.0,,,0.0,,0.0
2016-10-11,38,978746.0,0,0,0.0,0.00442,0.00442,0.00442,,,132754.0,,132754.0
2016-10-12,38,981461.0,0,0,0.0,0.0,0.0,0.0,,,0.0,,0.0
2016-10-13,38,981461.0,0,0,0.0,0.0,0.0,0.0,,,0.0,,0.0
2016-10-14,38,981461.0,0,0,0.0,0.00562,0.00562,0.00562,,,72534.0,,72534.0
2016-10-17,38,986245.0,0,0,0.0,0.0034,0.0034,0.0034,,,37777.0,,37777.0
2016-10-18,38,988393.0,0,0,0.0,0.0,0.0,0.0,,,0.0,,0.0
2016-10-19,38,988393.0,0,0,0.0,0.0,0.0,0.0,,,0.0,,0.0
2016-10-20,38,988393.0,0,0,0.0,0.0,0.0,0.0,,,0.0,,0.0
2016-10-21,38,988393.0,0,0,0.0,0.0,0.0,0.0,,,0.0,,0.0
2016-10-24,38,988393.0,1,0,0.02632,0.01022,0.00667,0.01022,,,588394.0,,588394.0
2016-10-25,39,989061.0,0,0,0.0,0.0,0.0,0.0,,,0.0,,0.0
2016-10-26,39,989061.0,0,0,0.0,0.0014,0.0014,0.0014,,,59403.0,,59403.0
2016-10-27,39,989851.0,0,0,0.0,0.0,0.0,0.0,,,0.0,,0.0
2016-10-28,39,989851.0,0,0,0.0,0.00166,0.00166,0.00166,,,158573.0,,158573.0
2016-10-31,39,989910.0,0,1,0.02564,0.01941,0.01883,0.01941,,,792460.0,,792460.0
2016-11-01,38,982140.0,0,0,0.0,0.00226,0.00226,0.00226,,,111703.0,,111703.0
2016-11-02,38,983101.0,0,0,0.0,0.00575,0.00575,0.00575,,,93147.0,,93147.0
2016-11-03,38,984351.0,0,0,0.0,0.00139,0.00139,0.00139,,,67175.0,,67175.0
2016-11-04,38,983720.0,1,0,0.02632,0.02953,0.02866,0.02953,,,1124614.0,,1124614.0
2016-11-07,39,989852.0,0,1,0.02564,0.02945,0.0286,0.02945,,,1097905.0,,1097905.0
2016-11-08,38,983817.0,0,0,0.0,0.0,0.0,0.0,,,0.0,,0.0
2016-11-09,38,983817.0,0,0,0.0,0.00036,0.00036,0.00036,,,10278.0,,10278.0
2016-11-10,38,983460.0,0,0,0.0,0.01291,0.01291,0.01291,,,329355.0,,329355.0
2016-11-11,38,988159.0,0,0,0.0,0.05158,0.05158,0.05158,,,1223042.0,,1223042.0
2016-11-14,38,1039133.0,0,0,0.0,0.02151,0.02151,0.02151,,,418112.0,,418112.0
2016-11-15,38,1026693.0,0,0,0.0,0.0441,0.0441,0.0441,,,364276.0,,364276.0
2016-11-16,38,1048607.0,0,0,0.0,0.0,0.0,0.0,,,0.0,,0.0
2016-11-17,38,1048607.0,0,1,0.02632,0.05231,0.02962,0.05231,,,857219.0,,857219.0
2016-11-18,37,1036306.0,0,0,0.0,0.00173,0.00173,0.00173,,,161584.0,,161584.0
2016-11-21,37,1035512.0,0,0,0.0,0.0,0.0,0.0,,,0.0,,0.0
2016-11-22,37,1035512.0,0,0,0.0,0.0089,0.0089,0.0089,,,135541.0,,135541.0
2016-11-23,37,1030221.0,0,0,0.0,0.0,0.0,0.0,,,0.0,,0.0
2016-11-25,37,1030221.0,0,0,0.0,0.0,0.0,0.0,,,0.0,,0.0
2016-11-28,37,1030221.0,0,0,0.0,0.0,0.0,0.0,,,0.0,,0.0
2016-11-29,37,1030221.0,0,0,0.0,0.0,0.0,0.0,,,0.0,,0.0
2016-11-30,37,1030221.0,0,0,0.0,0.00371,0.00371,0.00371,,,98429.0,,98429.0
2016-12-01,37,1027428.0,0,0,0.0,0.0,0.0,0.0,,,0.0,,0.0
2016-12-02,37,1027428.0,0,0,0.0,0.0,0.0,0.0,,,0.0,,0.0
2016-12-05,37,1027428.0,0,0,0.0,0.00989,0.00989,0.00989,,,316839.0,,316839.0
2016-12-06,37,1025187.0,0,0,0.0,0.0,0.0,0.0,,,0.0,,0.0
2016-12-07,37,1025187.0,0,0,0.0,0.0,0.0,0.0,,,0.0,,0.0
2016-12-08,37,1025187.0,0,0,0.0,0.0002,0.0002,0.0002,,,15776.0,,15776.0
2016-12-09,37,1024987.0,0,0,0.0,0.0,0.0,0.0,,,0.0,,0.0
2016-12-12,37,1024987.0,0,0,0.0,0.0,0.0,0.0,,,0.0,,0.0
2016-12-13,37,1024987.0,0,1,0.02703,0.00839,0.00436,0.00839,,,326496.0,,326496.0
2016-12-14,36,1025281.0,0,0,0.0,0.0,0.0,0.0,,,0.0,,0.0
2016-12-15,36,1025281.0,0,0,0.0,0.0,0.0,0.0,,,0.0,,0.0
2016-12-16,36,1025281.0,0,0,0.0,0.0,0.0,0.0,,,0.0,,0.0
2016-12-19,36,1025281.0,0,0,0.0,0.0,0.0,0.0,,,0.0,,0.0
2016-12-20,36,1025281.0,0,0,0.0,0.0,0.0,0.0,,,0.0,,0.0
2016-12-21,36,1025281.0,0,0,0.0,0.0,0.0,0.0,,,0.0,,0.0
2016-12-22,36,1025281.0,0,0,0.0,0.0,0.0,0.0,,,0.0,,0.0
2016-12-23,36,1025281.0,0,0,0.0,0.00297,0.00297,0.00297,,,71551.0,,71551.0
2016-12-27,36,1023370.0,0,0,0.0,0.0,0.0,0.0,,,0.0,,0.0
2016-12-28,36,1023370.0,0,0,0.0,0.01834,0.01834,0.01834,,,336557.0,,336557.0
2016-12-29,36,1011776.0,0,0,0.0,0.0,0.0,0.0,,,0.0,,0.0
2016-12-30,36,1011776.0,0,0,0.0,0.0,0.0,0.0,,,0.0,,0.0
2017-01-03,36,1011776.0,0,0,0.0,0.0,0.0,0.0,,,0.0,,0.0
2017-01-04,36,1011776.0,0,0,0.0,0.00578,0.00578,0.00578,,,67573.0,,67573.0
2017-01-05,36,1012426.0,0,0,0.0,0.0,0.0,0.0,,,0.0,,0.0
2017-01-06,36,1012426.0,0,0,0.0,0.0,0.0,0.0,,,0.0,,0.0
2017-01-09,36,1012426.0,0,0,0.0,0.0,0.0,0.0,,,0.0,,0.0
2017-01-10,36,1012426.0,0,0,0.0,0.00526,0.00526,0.00526,,,319486.0,,319486.0
2017-01-11,36,1015103.0,0,0,0.0,0.0,0.0,0.0,,,0.0,,0.0
2017-01-12,36,1015103.0,0,0,0.0,0.0,0.0,0.0,,,0.0,,0.0
2017-01-13,36,1015103.0,0,0,0.0,0.0,0.0,0.0,,,0.0,,0.0
2017-01-17,36,1015103.0,0,0,0.0,0.00466,0.00466,0.00466,,,81412.0,,81412.0
2017-01-18,36,1012930.0,0,0,0.0,0.00215,0.00215,0.00215,,,45157.0,,45157.0
2017-01-19,36,1012375.0,0,0,0.0,0.0,0.0,0.0,,,0.0,,0.0
2017-01-20,36,1012375.0,0,0,0.0,0.0,0.0,0.0,,,0.0,,0.0
2017-01-23,36,1012375.0,0,0,0.0,0.0,0.0,0.0,,,0.0,,0.0
2017-01-24,36,1012375.0,0,0,0.0,0.0,0.0,0.0,,,0.0,,0.0
2017-01-25,36,1012375.0,0,0,0.0,0.0,0.0,0.0,,,0.0,,0.0
2017-01-26,36,1012375.0,0,0,0.0,0.00561,0.00561,0.00561,,,144160.0,,144160.0
2017-01-27,36,1009298.0,0,0,0.0,0.04722,0.04722,0.04722,,,1404355.0,,1404355.0
2017-01-30,36,1056285.0,0,0,0.0,0.0,0.0,0.0,,,0.0,,0.0
2017-01-31,36,1056285.0,1,0,0.02778,0.0514,0.04832,0.0514,,,612260.0,,612260.0
2017-02-01,37,1077732.0,0,0,0.0,0.00189,0.00189,0.00189,,,64136.0,,64136.0
2017-02-02,37,1079037.0,0,0,0.0,0.0,0.0,0.0,,,0.0,,0.0
2017-02-03,37,1079037.0,0,0,0.0,0.00227,0.00227,0.00227,,,43510.0,,43510.0
2017-02-06,37,1077490.0,0,0,0.0,0.00702,0.00702,0.00702,,,351639.0,,351639.0
2017-02-07,37,1073122.0,0,0,0.0,0.00693,0.00693,0.00693,,,195962.0,,195962.0
2017-02-08,37,1066775.0,0,0,0.0,0.0,0.0,0.0,,,0.0,,0.0
2017-02-09,37,1066775.0,0,0,0.0,0.01337,0.01337,0.01337,,,256213.0,,256213.0
2017-02-10,37,1057880.0,0,0,0.0,0.01148,0.01148,0.01148,,,168506.0,,168506.0
2017-02-13,37,1056163.0,0,0,0.0,0.00522,0.00522,0.00522,,,82806.0,,82806.0
2017-02-14,37,1055912.0,0,0,0.0,0.0,0.0,0.0,,,0.0,,0.0
2017-02-15,37,1055912.0,0,0,0.0,0.0,0.0,0.0,,,0.0,,0.0
2017-02-16,37,1055912.0,0,0,0.0,0.00309,0.00309,0.00309,,,61280.0,,61280.0
2017-02-17,37,1054677.0,1,1,0.05405,0.02349,0.01327,0.02349,,,849323.0,,849323.0
2017-02-21,37,1044143.0,0,0,0.0,0.07136,0.07136,0.07136,,,1430676.0,,1430676.0
2017-02-22,37,1118656.0,0,0,0.0,0.0,0.0,0.0,,,0.0,,0.0
2017-02-23,37,1118656.0,0,0,0.0,0.0,0.0,0.0,,,0.0,,0.0
2017-02-24,37,1118656.0,0,0,0.0,0.00303,0.00303,0.00303,,,98909.0,,98909.0
2017-02-27,37,1121271.0,0,0,0.0,0.00941,0.00941,0.00941,,,244441.0,,244441.0
2017-02-28,37,1119013.0,0,0,0.0,0.00741,0.00741,0.00741,,,248291.0,,248291.0
2017-03-01,37,1122892.0,0,0,0.0,0.0,0.0,0.0,,,0.0,,0.0
2017-03-02,37,1122892.0,0,0,0.0,0.0,0.0,0.0,,,0.0,,0.0
2017-03-03,37,1122892.0,0,0,0.0,0.0,0.0,0.0,,,0.0,,0.0
2017-03-06,37,1122892.0,0,0,0.0,0.00382,0.00382,0.00382,,,125315.0,,125315.0
2017-03-07,37,1126582.0,0,0,0.0,0.0,0.0,0.0,,,0.0,,0.0
2017-03-08,37,1126582.0,0,0,0.0,0.0,0.0,0.0,,,0.0,,0.0
2017-03-09,37,1126582.0,0,0,0.0,0.0,0.0,0.0,,,0.0,,0.0
2017-03-10,37,1126582.0,0,0,0.0,0.00018,0.00018,0.00018,,,8598.0,,8598.0
2017-03-13,37,1126382.0,0,0,0.0,0.0,0.0,0.0,,,0.0,,0.0
2017-03-14,37,1126382.0,0,0,0.0,0.0,0.0,0.0,,,0.0,,0.0
2017-03-15,37,1126382.0,0,1,0.02703,0.00465,0.00175,0.00465,,,368465.0,,368465.0
2017-03-16,36,1125060.0,0,0,0.0,0.00157,0.00157,0.00157,,,43514.0,,43514.0
2017-03-17,36,1126159.0,0,0,0.0,0.0,0.0,0.0,,,0.0,,0.0
2017-03-20,36,1126159.0,0,0,0.0,0.0,0.0,0.0,,,0.0,,0.0
2017-03-21,36,1126159.0,0,0,0.0,0.0,0.0,0.0,,,0.0,,0.0
2017-03-22,36,1126159.0,0,0,0.0,0.00486,0.00486,0.00486,,,104710.0,,104710.0
2017-03-23,36,1124269.0,0,0,0.0,0.0,0.0,0.0,,,0.0,,0.0
2017-03-24,36,1124269.0,0,0,0.0,0.0,0.0,0.0,,,0.0,,0.0
2017-03-27,36,1124269.0,0,0,0.0,0.0,0.0,0.0,,,0.0,,0.0
2017-03-28,36,1124269.0,0,0,0.0,0.0,0.0,0.0,,,0.0,,0.0
2017-03-29,36,1124269.0,0,0,0.0,0.0,0.0,0.0,,,0.0,,0.0
2017-03-30,36,1124269.0,0,0,0.0,0.00498,0.00498,0.00498,,,215268.0,,215268.0
2017-03-31,36,1122372.0,0,0,0.0,0.0,0.0,0.0,,,0.0,,0.0
2017-04-03,36,1122372.0,0,0,0.0,0.0,0.0,0.0,,,0.0,,0.0
2017-04-04,36,1122372.0,0,0,0.0,0.00597,0.00597,0.00597,,,198253.0,,198253.0
2017-04-05,36,1119077.0,0,0,0.0,0.01581,0.01581,0.01581,,,256791.0,,256791.0
2017-04-06,36,1126927.0,0,0,0.0,0.0,0.0,0.0,,,0.0,,0.0
2017-04-07,36,1126927.0,0,0,0.0,0.0,0.0,0.0,,,0.0,,0.0
2017-04-10,36,1126927.0,0,0,0.0,0.00054,0.00054,0.00054,,,6655.0,,6655.0
2017-04-11,36,1126317.0,0,0,0.0,0.0,0.0,0.0,,,0.0,,0.0
2017-04-12,36,1126317.0,0,0,0.0,0.00756,0.00756,0.00756,,,176490.0,,176490.0
2017-04-13,36,1123945.0,0,0,0.0,0.00594,0.00594,0.00594,,,261347.0,,261347.0
2017-04-17,36,1118814.0,0,0,0.0,0.0,0.0,0.0,,,0.0,,0.0
2017-04-18,36,1118814.0,0,0,0.0,0.0,0.0,0.0,,,0.0,,0.0
2017-04-19,36,1118814.0,0,0,0.0,0.06662,0.06662,0.06662,,,1466804.0,,1466804.0
2017-04-20,36,1193344.0,0,0,0.0,0.00067,0.00067,0.00067,,,65165.0,,65165.0
2017-04-21,36,1192945.0,0,0,0.0,0.0,0.0,0.0,,,0.0,,0.0
2017-04-24,36,1192945.0,0,0,0.0,0.0,0.0,0.0,,,0.0,,0.0
2017-04-25,36,1192945.0,0,0,0.0,0.0,0.0,0.0,,,0.0,,0.0
2017-04-26,36,1192945.0,0,0,0.0,0.0,0.0,0.0,,,0.0,,0.0
2017-04-27,36,1192945.0,0,0,0.0,0.0,0.0,0.0,,,0.0,,0.0
2017-04-28,36,1192945.0,0,0,0.0,0.00753,0.00753,0.00753,,,324460.0,,324460.0
2017-05-01,36,1198867.0,0,0,0.0,0.0092,0.0092,0.0092,,,650135.0,,650135.0
2017-05-02,36,1194409.0,0,0,0.0,0.00131,0.00131,0.00131,,,125026.0,,125026.0
2017-05-03,36,1194118.0,0,0,0.0,0.0,0.0,0.0,,,0.0,,0.0
2017-05-04,36,1194118.0,0,0,0.0,0.01654,0.01654,0.01654,,,452596.0,,452596.0
2017-05-05,36,1186663.0,0,0,0.0,0.00438,0.00438,0.00438,,,123038.0,,123038.0
2017-05-08,36,1187463.0,0,0,0.0,0.0023,0.0023,0.0023,,,113352.0,,113352.0
2017-05-09,36,1188428.0,0,0,0.0,0.06367,0.06367,0.06367,,,1655478.0,,1655478.0
2017-05-10,36,1263189.0,0,0,0.0,0.0,0.0,0.0,,,0.0,,0.0
2017-05-11,36,1263189.0,0,0,0.0,0.0,0.0,0.0,,,0.0,,0.0
2017-05-12,36,1263189.0,0,0,0.0,0.0,0.0,0.0,,,0.0,,0.0
2017-05-15,36,1263189.0,0,0,0.0,0.0,0.0,0.0,,,0.0,,0.0
2017-05-16,36,1263189.0,0,0,0.0,0.0,0.0,0.0,,,0.0,,0.0
2017-05-17,36,1263189.0,0,0,0.0,0.0,0.0,0.0,,,0.0,,0.0
2017-05-18,36,1263189.0,0,0,0.0,0.0,0.0,0.0,,,0.0,,0.0
2017-05-19,36,1263189.0,2,0,0.05556,0.07362,0.05858,0.07362,,,1870830.0,,1870830.0
2017-05-22,38,1354251.0,0,0,0.0,0.00878,0.00878,0.00878,,,897958.0,,897958.0
2017-05-23,38,1359394.0,0,0,0.0,0.11101,0.11101,0.11101,,,3342728.0,,3342728.0
2017-05-24,38,1510306.0,0,0,0.0,0.0,0.0,0.0,,,0.0,,0.0
2017-05-25,38,1510306.0,0,0,0.0,0.0,0.0,0.0,,,0.0,,0.0
2017-05-26,38,1510306.0,0,0,0.0,0.0241,0.0241,0.0241,,,162000.0,,162000.0
2017-05-30,38,1473906.0,0,0,0.0,0.15101,0.15101,0.15101,,,5307290.0,,5307290.0
2017-05-31,38,1696482.0,0,0,0.0,0.0,0.0,0.0,,,0.0,,0.0
2017-06-01,38,1696482.0,0,0,0.0,0.02269,0.02269,0.02269,,,216470.0,,216470.0
2017-06-02,38,1657989.0,0,0,0.0,0.03183,0.03183,0.03183,,,728397.0,,728397.0
2017-06-05,38,1635046.0,0,0,0.0,0.13027,0.13027,0.13027,,,5408299.0,,5408299.0
2017-06-06,38,1848044.0,1,0,0.02632,0.05177,0.04515,0.05177,,,973094.0,,973094.0
2017-06-07,39,1776821.0,0,0,0.0,0.03843,0.03843,0.03843,,,1806720.0,,1806720.0
2017-06-08,39,1845096.0,0,0,0.0,0.11101,0.11101,0.11101,,,5477324.0,,5477324.0
2017-06-09,39,2049928.0,0,0,0.0,0.0,0.0,0.0,,,0.0,,0.0
2017-06-12,39,2049928.0,0,0,0.0,0.0,0.0,0.0,,,0.0,,0.0
2017-06-13,39,2049928.0,0,0,0.0,0.03811,0.03811,0.03811,,,1850951.0,,1850951.0
2017-06-14,39,2072034.0,0,0,0.0,0.0,0.0,0.0,,,0.0,,0.0
2017-06-15,39,2072034.0,0,0,0.0,0.0,0.0,0.0,,,0.0,,0.0
2017-06-16,39,2072034.0,0,0,0.0,0.0,0.0,0.0,,,0.0,,0.0
2017-06-19,39,2072034.0,0,0,0.0,0.00792,0.00792,0.00792,,,750000.0,,750000.0
2017-06-20,39,2070815.0,0,0,0.0,0.0,0.0,0.0,,,0.0,,0.0
2017-06-21,39,2070815.0,0,0,0.0,0.01615,0.01615,0.01615,,,992229.0,,992229.0
2017-06-22,39,2097572.0,0,0,0.0,0.0,0.0,0.0,,,0.0,,0.0
2017-06-23,39,2097572.0,0,0,0.0,0.0,0.0,0.0,,,0.0,,0.0
2017-06-26,39,2097572.0,0,0,0.0,0.03329,0.03329,0.03329,,,1799173.0,,1799173.0
2017-06-27,39,2167406.0,0,0,0.0,0.0,0.0,0.0,,,0.0,,0.0
2017-06-28,39,2167406.0,0,0,0.0,0.0,0.0,0.0,,,0.0,,0.0
2017-06-29,39,2167406.0,1,0,0.02564,0.02357,0.02264,0.02357,,,861510.0,,861510.0
2017-06-30,40,2193161.0,0,0,0.0,0.0,0.0,0.0,,,0.0,,0.0
2017-07-03,40,2193161.0,0,0,0.0,0.03222,0.03222,0.03222,,,1734476.0,,1734476.0
2017-07-05,40,2263835.0,0,0,0.0,0.0,0.0,0.0,,,0.0,,0.0
2017-07-06,40,2263835.0,0,0,0.0,0.01239,0.01239,0.01239,,,1051518.0,,1051518.0
2017-07-07,40,2265413.0,0,0,0.0,0.00719,0.00719,0.00719,,,546487.0,,546487.0
2017-07-10,40,2275082.0,0,0,0.0,0.06244,0.06244,0.06244,,,3505531.0,,3505531.0
2017-07-11,40,2417131.0,1,0,0.025,0.0,0.0,0.0,,,8.0,,8.0
2017-07-12,41,2417132.0,0,1,0.02439,0.02112,0.02112,0.02112,,,408064.0,,408064.0
2017-07-13,40,2460178.0,0,0,0.0,0.0,0.0,0.0,,,0.0,,0.0
2017-07-14,40,2460178.0,0,0,0.0,0.0,0.0,0.0,,,0.0,,0.0
2017-07-17,40,2460178.0,0,0,0.0,0.0,0.0,0.0,,,0.0,,0.0
2017-07-18,40,2460178.0,0,0,0.0,0.01521,0.01521,0.01521,,,252525.0,,252525.0
2017-07-19,40,2485722.0,0,0,0.0,0.0,0.0,0.0,,,0.0,,0.0
2017-07-20,40,2485722.0,0,0,0.0,0.02937,0.02937,0.02937,,,1845739.0,,1845739.0
2017-07-21,40,2558726.0,0,0,0.0,0.0032,0.0032,0.0032,,,188799.0,,188799.0
2017-07-24,40,2565648.0,0,0,0.0,0.0,0.0,0.0,,,0.0,,0.0
2017-07-25,40,2565648.0,0,0,0.0,0.05706,0.05706,0.05706,,,3736305.0,,3736305.0
2017-07-26,40,2712052.0,0,0,0.0,0.0,0.0,0.0,,,0.0,,0.0
2017-07-27,40,2712052.0,0,0,0.0,0.00343,0.00343,0.00343,,,445191.0,,445191.0
2017-07-28,40,2718199.0,0,1,0.025,0.01521,0.01411,0.01521,,,1107280.0,,1107280.0
2017-07-31,39,2741913.0,1,0,0.02564,0.0069,0.00391,0.0069,,,372011.0,,372011.0
2017-08-01,40,2739407.0,0,0,0.0,0.0198,0.0198,0.0198,,,1366097.0,,1366097.0
2017-08-02,40,2746335.0,1,0,0.025,0.00393,0.00014,0.00393,,,173385.0,,173385.0
2017-08-03,41,2756340.0,0,0,0.0,0.01283,0.01283,0.01283,,,530673.0,,530673.0
2017-08-04,41,2783822.0,0,0,0.0,0.00211,0.00211,0.00211,,,200621.0,,200621.0
2017-08-07,41,2785683.0,0,0,0.0,0.01499,0.01499,0.01499,,,1230779.0,,1230779.0
2017-08-08,41,2768282.0,0,0,0.0,0.0,0.0,0.0,,,0.0,,0.0
2017-08-09,41,2768282.0,0,0,0.0,0.05445,0.05445,0.05445,,,3772335.0,,3772335.0
2017-08-10,41,2919026.0,0,0,0.0,0.0,0.0,0.0,,,0.0,,0.0
2017-08-11,41,2919026.0,0,0,0.0,0.00541,0.00541,0.00541,,,427164.0,,427164.0
2017-08-14,41,2917677.0,0,0,0.0,0.01977,0.01977,0.01977,,,789279.0,,789279.0
2017-08-15,41,2906266.0,0,0,0.0,0.07536,0.07536,0.07536,,,2416529.0,,2416529.0
2017-08-16,41,2823154.0,0,0,0.0,0.0,0.0,0.0,,,0.0,,0.0
2017-08-17,41,2823154.0,0,0,0.0,0.0,0.0,0.0,,,0.0,,0.0
2017-08-18,41,2823154.0,0,0,0.0,0.00705,0.00705,0.00705,,,295917.0,,295917.0
2017-08-21,41,2806480.0,0,0,0.0,0.0,0.0,0.0,,,0.0,,0.0
2017-08-22,41,2806480.0,0,0,0.0,0.0,0.0,0.0,,,0.0,,0.0
2017-08-23,41,2806480.0,0,0,0.0,0.00256,0.00256,0.00256,,,316855.0,,316855.0
2017-08-24,41,2809215.0,0,0,0.0,0.00383,0.00383,0.00383,,,532427.0,,532427.0
2017-08-25,41,2804066.0,0,0,0.0,0.07687,0.07687,0.07687,,,5850172.0,,5850172.0
2017-08-28,41,3019619.0,0,0,0.0,0.0,0.0,0.0,,,0.0,,0.0
2017-08-29,41,3019619.0,0,0,0.0,0.0,0.0,0.0,,,0.0,,0.0
2017-08-30,41,3019619.0,0,0,0.0,0.01543,0.01543,0.01543,,,474624.0,,474624.0
2017-08-31,41,2973027.0,0,0,0.0,0.02338,0.02338,0.02338,,,767820.0,,767820.0
2017-09-01,41,2903503.0,1,0,0.02439,0.04323,0.03979,0.04323,,,1531774.0,,1531774.0
2017-09-05,42,2889960.0,0,0,0.0,0.05273,0.05273,0.05273,,,5454773.0,,5454773.0
2017-09-06,42,3042346.0,0,0,0.0,0.00882,0.00882,0.00882,,,566285.0,,566285.0
2017-09-07,42,3069172.0,0,0,0.0,0.00892,0.00892,0.00892,,,725087.0,,725087.0
2017-09-08,42,3096557.0,1,1,0.04762,0.01261,0.00612,0.01261,,,1635213.0,,1635213.0
2017-09-11,42,3103033.0,0,0,0.0,0.0,0.0,0.0,,,0.0,,0.0
2017-09-12,42,3103033.0,0,0,0.0,0.0,0.0,0.0,,,0.0,,0.0
2017-09-13,42,3103033.0,0,0,0.0,0.0,0.0,0.0,,,0.0,,0.0
2017-09-14,42,3103033.0,0,0,0.0,0.0,0.0,0.0,,,0.0,,0.0
2017-09-15,42,3103033.0,0,0,0.0,0.0,0.0,0.0,,,0.0,,0.0
2017-09-18,42,3103033.0,0,0,0.0,0.0,0.0,0.0,,,0.0,,0.0
2017-09-19,42,3103033.0,1,0,0.02381,0.00611,0.00387,0.00611,,,567068.0,,567068.0
2017-09-20,43,3100700.0,0,0,0.0,0.0077,0.0077,0.0077,,,652525.0,,652525.0
2017-09-21,43,3108626.0,0,0,0.0,0.00322,0.00322,0.00322,,,928041.0,,928041.0
2017-09-22,43,3104732.0,0,0,0.0,0.0168,0.0168,0.0168,,,1902280.0,,1902280.0
2017-09-25,43,3156876.0,0,0,0.0,0.03543,0.03543,0.03543,,,4129704.0,,4129704.0
2017-09-26,43,3265786.0,0,0,0.0,0.00781,0.00781,0.00781,,,1178432.0,,1178432.0
2017-09-27,43,3282229.0,0,0,0.0,0.0,0.0,0.0,,,0.0,,0.0
2017-09-28,43,3282229.0,0,0,0.0,0.0,0.0,0.0,,,0.0,,0.0
2017-09-29,43,3282229.0,0,0,0.0,0.0,0.0,0.0,,,0.0,,0.0
2017-10-02,43,3282229.0,0,0,0.0,0.0,0.0,0.0,,,0.0,,0.0
2017-10-03,43,3282229.0,0,0,0.0,0.02628,0.02628,0.02628,,,3050039.0,,3050039.0
2017-10-04,43,3265585.0,0,0,0.0,0.0,0.0,0.0,,,0.0,,0.0
2017-10-05,43,3265585.0,0,0,0.0,0.03873,0.03873,0.03873,,,2960873.0,,2960873.0
2017-10-06,43,3356152.0,0,0,0.0,0.0,0.0,0.0,,,0.0,,0.0
2017-10-09,43,3356152.0,0,0,0.0,0.01447,0.01447,0.01447,,,1431006.0,,1431006.0
2017-10-10,43,3374726.0,0,0,0.0,0.0,0.0,0.0,,,0.0,,0.0
2017-10-11,43,3374726.0,0,0,0.0,0.0,0.0,0.0,,,0.0,,0.0
2017-10-12,43,3374726.0,0,0,0.0,0.01582,0.01582,0.01582,,,1955602.0,,1955602.0
2017-10-13,43,3428122.0,0,1,0.02326,0.00441,0.00394,0.00441,,,756444.0,,756444.0
2017-10-16,42,3440031.0,0,0,0.0,0.00416,0.00416,0.00416,,,417671.0,,417671.0
2017-10-17,42,3429265.0,0,0,0.0,0.03115,0.03115,0.03115,,,3925399.0,,3925399.0
2017-10-18,42,3536103.0,0,0,0.0,0.0,0.0,0.0,,,0.0,,0.0
2017-10-19,42,3536103.0,0,0,0.0,0.00814,0.00814,0.00814,,,1275360.0,,1275360.0
2017-10-20,42,3539212.0,0,0,0.0,0.00356,0.00356,0.00356,,,434671.0,,434671.0
2017-10-23,42,3545175.0,0,0,0.0,0.0,0.0,0.0,,,0.0,,0.0
2017-10-24,42,3545175.0,0,0,0.0,0.00295,0.00295,0.00295,,,714309.0,,714309.0
2017-10-25,42,3537828.0,0,0,0.0,0.01511,0.01511,0.01511,,,1935570.0,,1935570.0
2017-10-26,42,3591267.0,0,0,0.0,0.01488,0.01488,0.01488,,,1959042.0,,1959042.0
2017-10-27,42,3644705.0,0,0,0.0,0.00239,0.00239,0.00239,,,549518.0,,549518.0
2017-10-30,42,3645076.0,0,0,0.0,0.01399,0.01399,0.01399,,,2370371.0,,2370371.0
2017-10-31,42,3645942.0,0,0,0.0,0.0139,0.0139,0.0139,,,1899279.0,,1899279.0
2017-11-01,42,3614043.0,0,0,0.0,0.04742,0.04742,0.04742,,,6007276.0,,6007276.0
2017-11-02,42,3785404.0,0,0,0.0,0.0,0.0,0.0,,,0.0,,0.0
2017-11-03,42,3785404.0,0,0,0.0,0.0597,0.0597,0.0597,,,8056919.0,,8056919.0
2017-11-06,42,4011391.0,0,0,0.0,0.0,0.0,0.0,,,0.0,,0.0
2017-11-07,42,4011391.0,0,0,0.0,0.02659,0.02659,0.02659,,,4010451.0,,4010451.0
2017-11-08,42,4118057.0,0,0,0.0,0.0061,0.0061,0.0061,,,620535.0,,620535.0
2017-11-09,42,4116494.0,0,0,0.0,0.00815,0.00815,0.00815,,,1128439.0,,1128439.0
2017-11-10,42,4130740.0,0,0,0.0,0.0,0.0,0.0,,,0.0,,0.0
2017-11-13,42,4130740.0,0,0,0.0,0.00401,0.00401,0.00401,,,352626.0,,352626.0
2017-11-14,42,4147303.0,0,0,0.0,0.05187,0.05187,0.05187,,,7984310.0,,7984310.0
2017-11-15,42,4362418.0,0,0,0.0,0.0,0.0,0.0,,,0.0,,0.0
2017-11-16,42,4362418.0,0,0,0.0,0.00362,0.00362,0.00362,,,744045.0,,744045.0
2017-11-17,42,4378217.0,0,0,0.0,0.0,0.0,0.0,,,0.0,,0.0
2017-11-20,42,4378217.0,0,0,0.0,0.0,0.0,0.0,,,0.0,,0.0
2017-11-21,42,4378217.0,0,0,0.0,0.03347,0.03347,0.03347,,,5029762.0,,5029762.0
2017-11-22,42,4524767.0,0,0,0.0,0.0,0.0,0.0,,,0.0,,0.0
2017-11-27,42,4524767.0,0,0,0.0,0.07237,0.07237,0.07237,,,12660544.0,,12660544.0
2017-11-28,42,4852215.0,0,0,0.0,0.0,0.0,0.0,,,0.0,,0.0
2017-11-29,42,4852215.0,0,0,0.0,0.05624,0.05624,0.05624,,,10239375.0,,10239375.0
2017-11-30,42,5125089.0,0,0,0.0,0.02504,0.02504,0.02504,,,5107178.0,,5107178.0
2017-12-01,42,5253415.0,0,0,0.0,0.00325,0.00325,0.00325,,,357177.0,,357177.0
2017-12-04,42,5270513.0,0,0,0.0,0.0,0.0,0.0,,,0.0,,0.0
2017-12-05,42,5270513.0,0,0,0.0,0.02155,0.02155,0.02155,,,6367942.0,,6367942.0
2017-12-06,42,5339150.0,0,0,0.0,0.0,0.0,0.0,,,0.0,,0.0
2017-12-07,42,5339150.0,0,0,0.0,0.02067,0.02067,0.02067,,,4115977.0,,4115977.0
2017-12-08,42,5449514.0,0,0,0.0,0.01125,0.01125,0.01125,,,1139424.0,,1139424.0
2017-12-11,42,5474758.0,0,0,0.0,0.02027,0.02027,0.02027,,,4180843.0,,4180843.0
2017-12-12,42,5585705.0,0,0,0.0,0.0,0.0,0.0,,,0.0,,0.0
2017-12-13,42,5585705.0,0,0,0.0,0.0,0.0,0.0,,,0.0,,0.0
2017-12-14,42,5585705.0,0,0,0.0,0.05959,0.05959,0.05959,,,12627964.0,,12627964.0
2017-12-15,42,5918548.0,0,0,0.0,0.01875,0.01875,0.01875,,,4255844.0,,4255844.0
2017-12-18,42,6029496.0,0,0,0.0,0.01514,0.01514,0.01514,,,597004.0,,597004.0
2017-12-19,42,6120781.0,0,0,0.0,0.06453,0.06453,0.06453,,,15092025.0,,15092025.0
2017-12-20,42,6515744.0,0,0,0.0,0.02717,0.02717,0.02717,,,5043178.0,,5043178.0
2017-12-21,42,6692754.0,0,0,0.0,0.00091,0.00091,0.00091,,,746907.0,,746907.0
2017-12-22,42,6698820.0,0,0,0.0,0.0,0.0,0.0,,,0.0,,0.0
2017-12-26,42,6698820.0,0,0,0.0,0.0,0.0,0.0,,,0.0,,0.0
2017-12-27,42,6698820.0,0,0,0.0,0.0,0.0,0.0,,,0.0,,0.0
2017-12-28,42,6698820.0,0,0,0.0,0.00817,0.00817,0.00817,,,2839333.0,,2839333.0
2017-12-29,42,6644064.0,0,0,0.0,0.0,0.0,0.0,,,0.0,,0.0
2018-01-02,42,6644064.0,0,1,0.02381,0.00853,0.0072,0.00853,,,2888972.0,,2888972.0
2018-01-03,41,6677879.0,0,0,0.0,0.01721,0.01721,0.01721,,,4405670.0,,4405670.0
2018-01-04,41,6792793.0,0,0,0.0,0.03383,0.03383,0.03383,,,8828790.0,,8828790.0
2018-01-05,41,7022620.0,0,0,0.0,0.01636,0.01636,0.01636,,,4463388.0,,4463388.0
2018-01-08,41,7137534.0,0,0,0.0,0.0,0.0,0.0,,,0.0,,0.0
2018-01-09,41,7137534.0,0,0,0.0,0.0483,0.0483,0.0483,,,13482813.0,,13482813.0
2018-01-10,41,7482274.0,0,0,0.0,0.04033,0.04033,0.04033,,,11555694.0,,11555694.0
2018-01-11,41,7784028.0,0,0,0.0,0.07053,0.07053,0.07053,,,11494981.0,,11494981.0
2018-01-12,41,7350204.0,0,0,0.0,0.0,0.0,0.0,,,0.0,,0.0
2018-01-16,41,7350204.0,1,0,0.02439,0.0071,0.00269,0.0071,,,4145297.0,,4145297.0
2018-01-17,42,7362838.0,0,0,0.0,0.00816,0.00816,0.00816,,,2388289.0,,2388289.0
2018-01-18,42,7422940.0,0,0,0.0,0.0,0.0,0.0,,,0.0,,0.0
2018-01-19,42,7422940.0,0,0,0.0,0.0,0.0,0.0,,,0.0,,0.0
2018-01-22,42,7422940.0,1,0,0.02381,0.05177,0.00247,0.05177,,,2809548.0,,2809548.0
2018-01-23,43,7770586.0,0,0,0.0,0.03245,0.03245,0.03245,,,9856562.0,,9856562.0
2018-01-24,43,8022727.0,0,0,0.0,0.04427,0.04427,0.04427,,,11161839.0,,11161839.0
2018-01-25,43,8219829.0,0,0,0.0,0.03432,0.03432,0.03432,,,10400426.0,,10400426.0
2018-01-26,43,8501931.0,0,0,0.0,0.01501,0.01501,0.01501,,,5016040.0,,5016040.0
2018-01-29,43,8629545.0,0,0,0.0,0.02218,0.02218,0.02218,,,7490486.0,,7490486.0
2018-01-30,43,8820969.0,1,0,0.02326,0.04843,0.03816,0.04843,,,14983759.0,,14983759.0
2018-01-31,44,9099104.0,0,0,0.0,0.0,0.0,0.0,,,0.0,,0.0
2018-02-01,44,9099104.0,0,0,0.0,0.0,0.0,0.0,,,0.0,,0.0
2018-02-02,44,9099104.0,0,0,0.0,0.01073,0.01073,0.01073,,,3810730.0,,3810730.0
2018-02-05,44,9143491.0,0,0,0.0,0.03144,0.03144,0.03144,,,3538693.0,,3538693.0
2018-02-06,44,9131973.0,0,1,0.02273,0.04637,0.04086,0.04637,,,12103025.0,,12103025.0
2018-02-07,43,9034496.0,0,0,0.0,0.04282,0.04282,0.04282,,,13380702.0,,13380702.0
2018-02-08,43,8776875.0,0,0,0.0,0.0,0.0,0.0,,,0.0,,0.0
2018-02-09,43,8776875.0,0,0,0.0,0.02651,0.02651,0.02651,,,7720134.0,,7720134.0
2018-02-12,43,8983302.0,0,0,0.0,0.02221,0.02221,0.02221,,,6393807.0,,6393807.0
2018-02-13,43,8979764.0,0,1,0.02326,0.01686,0.01136,0.01686,,,8229398.0,,8229398.0
2018-02-15,42,9025776.0,0,0,0.0,0.01505,0.01505,0.01505,,,5985055.0,,5985055.0
2018-02-16,42,9127996.0,0,0,0.0,0.05515,0.05515,0.05515,,,17586711.0,,17586711.0
2018-02-20,42,9631372.0,0,0,0.0,0.02071,0.02071,0.02071,,,7553844.0,,7553844.0
2018-02-21,42,9830801.0,0,0,0.0,0.0,0.0,0.0,,,0.0,,0.0
2018-02-22,42,9830801.0,0,0,0.0,0.03897,0.03897,0.03897,,,13500945.0,,13500945.0
2018-02-23,42,10213915.0,0,0,0.0,0.01308,0.01308,0.01308,,,5096350.0,,5096350.0
2018-02-26,42,10347549.0,0,0,0.0,0.01272,0.01272,0.01272,,,2707223.0,,2707223.0
2018-02-27,42,10363442.0,0,0,0.0,0.01938,0.01938,0.01938,,,7637307.0,,7637307.0
2018-02-28,42,10564241.0,0,0,0.0,0.01488,0.01488,0.01488,,,5975907.0,,5975907.0
2018-03-01,42,10674223.0,0,0,0.0,0.03803,0.03803,0.03803,,,15124071.0,,15124071.0
2018-03-02,42,11080139.0,0,0,0.0,0.00524,0.00524,0.00524,,,1580247.0,,1580247.0
2018-03-05,42,11105362.0,0,0,0.0,0.01845,0.01845,0.01845,,,8524174.0,,8524174.0
2018-03-06,42,11246021.0,0,0,0.0,0.02412,0.02412,0.02412,,,10507407.0,,10507407.0
2018-03-07,42,11517291.0,0,0,0.0,0.02944,0.02944,0.02944,,,13240572.0,,13240572.0
2018-03-08,42,11856396.0,0,0,0.0,0.00572,0.00572,0.00572,,,2657055.0,,2657055.0
2018-03-09,42,11924217.0,0,0,0.0,0.0,0.0,0.0,,,0.0,,0.0
2018-03-12,42,11924217.0,0,0,0.0,0.03981,0.03981,0.03981,,,18947212.0,,18947212.0
2018-03-13,42,12398965.0,0,0,0.0,0.01098,0.01098,0.01098,,,5546540.0,,5546540.0
2018-03-14,42,12463101.0,0,0,0.0,0.03264,0.03264,0.03264,,,16113283.0,,16113283.0
2018-03-15,42,12869909.0,0,0,0.0,0.00527,0.00527,0.00527,,,2680438.0,,2680438.0
2018-03-16,42,12937710.0,0,0,0.0,0.00524,0.00524,0.00524,,,2675904.0,,2675904.0
2018-03-19,42,13005511.0,0,0,0.0,0.0,0.0,0.0,,,0.0,,0.0
2018-03-20,42,13005511.0,0,0,0.0,0.00521,0.00521,0.00521,,,2650051.0,,2650051.0
2018-03-21,42,13073312.0,0,0,0.0,0.012,0.012,0.012,,,5165149.0,,5165149.0
2018-03-22,42,13079180.0,0,0,0.0,0.00519,0.00519,0.00519,,,2569220.0,,2569220.0
2018-03-23,42,13147010.0,0,0,0.0,0.00126,0.00126,0.00126,,,866635.0,,866635.0
2018-03-26,42,13163552.0,0,0,0.0,0.00614,0.00614,0.00614,,,2540920.0,,2540920.0
2018-03-27,42,13205264.0,0,0,0.0,0.01219,0.01219,0.01219,,,6979972.0,,6979972.0
2018-03-28,42,13202813.0,0,0,0.0,0.02994,0.02994,0.02994,,,10247581.0,,10247581.0
2018-03-29,42,13331020.0,0,0,0.0,0.03113,0.03113,0.03113,,,14648333.0,,14648333.0
2018-04-02,42,13085074.0,0,1,0.02381,0.02304,0.01901,0.02304,,,8670105.0,,8670105.0
2018-04-03,41,13007154.0,0,2,0.04878,0.00616,0.00594,0.00616,,,2564074.0,,2564074.0
2018-04-04,39,13064343.0,1,0,0.02564,0.03034,0.02824,0.03034,,,15788785.0,,15788785.0
2018-04-05,40,12722967.0,0,0,0.0,0.01338,0.01338,0.01338,,,5913990.0,,5913990.0
2018-04-06,40,12559382.0,0,0,0.0,0.0,0.0,0.0,,,0.0,,0.0
2018-04-09,40,12559382.0,0,0,0.0,0.0,0.0,0.0,,,0.0,,0.0
2018-04-11,40,12559382.0,0,0,0.0,0.00737,0.00737,0.00737,,,4512396.0,,4512396.0
2018-04-12,40,12565931.0,0,0,0.0,0.02416,0.02416,0.02416,,,10272866.0,,10272866.0
2018-04-13,40,12863791.0,0,0,0.0,0.0106,0.0106,0.0106,,,4948923.0,,4948923.0
2018-04-16,40,13000205.0,0,0,0.0,0.0,0.0,0.0,,,0.0,,0.0
2018-04-17,40,13000205.0,0,1,0.025,0.01379,0.01113,0.01379,,,7045212.0,,7045212.0
2018-04-18,39,13088830.0,0,0,0.0,0.00858,0.00858,0.00858,,,6004507.0,,6004507.0
2018-04-19,39,13128451.0,0,0,0.0,0.01044,0.01044,0.01044,,,5112623.0,,5112623.0
2018-04-20,39,13265513.0,0,0,0.0,0.0071,0.0071,0.0071,,,4870745.0,,4870745.0
2018-04-23,39,13295403.0,2,0,0.05128,0.02947,0.01316,0.02947,,,15416901.0,,15416901.0
2018-04-24,41,13483698.0,0,0,0.0,0.00737,0.00737,0.00737,,,6653555.0,,6653555.0
2018-04-25,41,13534326.0,0,0,0.0,0.0064,0.0064,0.0064,,,4162788.0,,4162788.0
2018-04-26,41,13524407.0,0,0,0.0,0.00874,0.00874,0.00874,,,5097599.0,,5097599.0
2018-04-27,41,13576016.0,0,1,0.02439,0.00477,0.00058,0.00477,,,4112117.0,,4112117.0
2018-04-30,40,13526879.0,1,0,0.025,0.02623,0.02206,0.02623,,,17098494.0,,17098494.0
2018-05-01,41,13502969.0,0,0,0.0,0.0158,0.0158,0.0158,,,7499173.0,,7499173.0
2018-05-02,41,13289613.0,0,0,0.0,0.02204,0.02204,0.02204,,,8005313.0,,8005313.0
2018-05-03,41,13300848.0,0,0,0.0,0.01337,0.01337,0.01337,,,6357325.0,,6357325.0
2018-05-04,41,13296787.0,0,0,0.0,0.01797,0.01797,0.01797,,,8880864.0,,8880864.0
2018-05-07,41,13370827.0,0,0,0.0,0.0,0.0,0.0,,,0.0,,0.0
2018-05-08,41,13370827.0,0,0,0.0,0.00149,0.00149,0.00149,,,2048619.0,,2048619.0
2018-05-09,41,13364315.0,0,0,0.0,0.01785,0.01785,0.01785,,,9005709.0,,9005709.0
2018-05-10,41,13589346.0,0,0,0.0,0.02598,0.02598,0.02598,,,13360209.0,,13360209.0
2018-05-11,41,13942452.0,0,0,0.0,0.01692,0.01692,0.01692,,,10155091.0,,10155091.0
2018-05-14,41,14112213.0,0,0,0.0,0.00499,0.00499,0.00499,,,2639525.0,,2639525.0
2018-05-15,41,14182615.0,0,0,0.0,0.0,0.0,0.0,,,0.0,,0.0
2018-05-16,41,14182615.0,0,0,0.0,0.0,0.0,0.0,,,0.0,,0.0
2018-05-17,41,14182615.0,0,0,0.0,0.0,0.0,0.0,,,0.0,,0.0
2018-05-18,41,14182615.0,0,0,0.0,0.0,0.0,0.0,,,0.0,,0.0
2018-05-21,41,14182615.0,0,0,0.0,0.00264,0.00264,0.00264,,,2098157.0,,2098157.0
2018-05-22,41,14153362.0,1,0,0.02439,0.0033,0.00203,0.0033,,,2854517.0,,2854517.0
2018-05-23,42,14151345.0,0,0,0.0,0.00542,0.00542,0.00542,,,1903379.0,,1903379.0
2018-05-24,42,14169778.0,0,0,0.0,0.00573,0.00573,0.00573,,,2704515.0,,2704515.0
2018-05-25,42,14217924.0,0,0,0.0,0.0,0.0,0.0,,,0.0,,0.0
2018-05-29,42,14217924.0,0,0,0.0,0.0,0.0,0.0,,,0.0,,0.0
2018-05-30,42,14217924.0,0,0,0.0,0.00973,0.00973,0.00973,,,5854990.0,,5854990.0
2018-05-31,42,14107213.0,0,0,0.0,0.00414,0.00414,0.00414,,,3203355.0,,3203355.0
2018-06-01,42,14073370.0,0,0,0.0,0.01258,0.01258,0.01258,,,4796553.0,,4796553.0
2018-06-04,42,14113506.0,0,0,0.0,0.00494,0.00494,0.00494,,,2752089.0,,2752089.0
2018-06-05,42,14183214.0,0,0,0.0,0.03782,0.03782,0.03782,,,21973501.0,,21973501.0
2018-06-06,42,14300983.0,0,0,0.0,0.02676,0.02676,0.02676,,,15860300.0,,15860300.0
2018-06-07,42,14625420.0,0,0,0.0,0.00471,0.00471,0.00471,,,2777900.0,,2777900.0
2018-06-08,42,14694243.0,0,0,0.0,0.00937,0.00937,0.00937,,,5594255.0,,5594255.0
2018-06-11,42,14831889.0,0,0,0.0,0.0,0.0,0.0,,,0.0,,0.0
2018-06-12,42,14831889.0,0,0,0.0,0.0,0.0,0.0,,,0.0,,0.0
2018-06-13,42,14831889.0,0,0,0.0,0.00464,0.00464,0.00464,,,2855756.0,,2855756.0
2018-06-14,42,14900712.0,0,0,0.0,0.01386,0.01386,0.01386,,,8751885.0,,8751885.0
2018-06-15,42,15107181.0,0,0,0.0,0.00911,0.00911,0.00911,,,5828220.0,,5828220.0
2018-06-18,42,15244830.0,0,0,0.0,0.0,0.0,0.0,,,0.0,,0.0
2018-06-19,42,15244830.0,0,0,0.0,0.00903,0.00903,0.00903,,,5789719.0,,5789719.0
2018-06-20,42,15382480.0,0,0,0.0,0.00895,0.00895,0.00895,,,5856954.0,,5856954.0
2018-06-21,42,15520126.0,0,0,0.0,0.0133,0.0133,0.0133,,,8638871.0,,8638871.0
2018-06-22,42,15726595.0,0,0,0.0,0.01887,0.01887,0.01887,,,14906130.0,,14906130.0
2018-06-25,42,15801994.0,0,0,0.0,0.00531,0.00531,0.00531,,,5587231.0,,5587231.0
2018-06-26,42,15757584.0,0,0,0.0,0.00708,0.00708,0.00708,,,6243164.0,,6243164.0
2018-06-27,42,15690149.0,0,0,0.0,0.00322,0.00322,0.00322,,,3576490.0,,3576490.0
2018-06-28,42,15655984.0,0,0,0.0,0.00637,0.00637,0.00637,,,6370386.0,,6370386.0
2018-06-29,42,15611585.0,0,1,0.02381,0.00056,0.0,0.00056,,,218598.0,,218598.0
2018-07-02,41,15602813.0,0,0,0.0,0.0,0.0,0.0,,,0.0,,0.0
2018-07-03,41,15602813.0,1,0,0.02439,0.0417,0.01479,0.0417,,,18143655.0,,18143655.0
2018-07-05,42,16015158.0,0,0,0.0,0.00742,0.00742,0.00742,,,3380945.0,,3380945.0
2018-07-06,42,16074615.0,0,0,0.0,0.01051,0.01051,0.01051,,,8494115.0,,8494115.0
2018-07-09,42,16167933.0,0,0,0.0,0.00864,0.00864,0.00864,,,5723379.0,,5723379.0
2018-07-10,42,16307633.0,0,0,0.0,0.00428,0.00428,0.00428,,,2852927.0,,2852927.0
2018-07-11,42,16377482.0,0,0,0.0,0.00853,0.00853,0.00853,,,5700233.0,,5700233.0
2018-07-12,42,16517180.0,0,0,0.0,0.00423,0.00423,0.00423,,,2909833.0,,2909833.0
2018-07-13,42,16587029.0,0,0,0.0,0.0,0.0,0.0,,,0.0,,0.0
2018-07-16,42,16587029.0,0,0,0.0,0.01263,0.01263,0.01263,,,8680224.0,,8680224.0
2018-07-17,42,16796580.0,0,0,0.0,0.02934,0.02934,0.02934,,,14643180.0,,14643180.0
2018-07-18,42,16964804.0,0,0,0.0,0.01218,0.01218,0.01218,,,8661287.0,,8661287.0
2018-07-19,42,17171457.0,0,0,0.0,0.0,0.0,0.0,,,0.0,,0.0
2018-07-20,42,17171457.0,0,0,0.0,0.00409,0.00409,0.00409,,,2898174.0,,2898174.0
2018-07-23,42,17241730.0,0,0,0.0,0.00739,0.00739,0.00739,,,6263806.0,,6263806.0
2018-07-24,42,17260723.0,0,0,0.0,0.00116,0.00116,0.00116,,,789166.0,,789166.0
2018-07-25,42,17276145.0,0,0,0.0,0.01262,0.01262,0.01262,,,8983950.0,,8983950.0
2018-07-26,42,17345500.0,0,0,0.0,0.02232,0.02232,0.02232,,,16749486.0,,16749486.0
2018-07-27,42,17686178.0,0,0,0.0,0.01318,0.01318,0.01318,,,16145363.0,,16145363.0
2018-07-30,42,17778171.0,0,0,0.0,0.01374,0.01374,0.01374,,,12358948.0,,12358948.0
2018-07-31,42,17841638.0,1,0,0.02381,0.04143,0.03987,0.04143,,,36911442.0,,36911442.0
2018-08-01,43,17578434.0,0,0,0.0,0.0,0.0,0.0,,,0.0,,0.0
2018-08-02,43,17578434.0,0,1,0.02326,0.02037,0.00488,0.02037,,,9329940.0,,9329940.0
2018-08-03,42,17248422.0,0,0,0.0,0.00148,0.00148,0.00148,,,3410425.0,,3410425.0
2018-08-06,42,17250698.0,1,0,0.02381,0.0216,0.01884,0.0216,,,17099505.0,,17099505.0
2018-08-07,43,17201981.0,0,0,0.0,0.00824,0.00824,0.00824,,,5138097.0,,5138097.0
2018-08-08,43,17309706.0,0,0,0.0,0.00343,0.00343,0.00343,,,4160216.0,,4160216.0
2018-08-09,43,17268605.0,0,0,0.0,0.0,0.0,0.0,,,0.0,,0.0
2018-08-10,43,17268605.0,0,1,0.02326,0.03599,0.01714,0.03599,,,21438287.0,,21438287.0
2018-08-13,42,17132140.0,0,0,0.0,0.0,0.0,0.0,,,0.0,,0.0
2018-08-14,42,17132140.0,0,0,0.0,0.00675,0.00675,0.00675,,,3530625.0,,3530625.0
2018-08-15,42,17090046.0,0,0,0.0,0.00999,0.00999,0.00999,,,12924839.0,,12924839.0
2018-08-16,42,17135133.0,0,1,0.02381,0.01657,0.01362,0.01657,,,15315796.0,,15315796.0
2018-08-17,41,17316573.0,0,1,0.02439,0.02941,0.02466,0.02941,,,29779069.0,,29779069.0
2018-08-20,40,17657210.0,0,0,0.0,0.04037,0.04037,0.04037,,,29787410.0,,29787410.0
2018-08-21,40,17408258.0,0,0,0.0,0.01609,0.01609,0.01609,,,13843580.0,,13843580.0
2018-08-22,40,17318483.0,0,0,0.0,0.00376,0.00376,0.00376,,,3293311.0,,3293311.0
2018-08-23,40,17348883.0,0,0,0.0,0.00854,0.00854,0.00854,,,5718819.0,,5718819.0
2018-08-24,40,17200726.0,0,0,0.0,0.0,0.0,0.0,,,0.0,,0.0
2018-08-27,40,17200726.0,0,0,0.0,0.0,0.0,0.0,,,0.0,,0.0
2018-08-28,40,17200726.0,0,0,0.0,0.0,0.0,0.0,,,0.0,,0.0
2018-08-29,40,17200726.0,0,0,0.0,0.01276,0.01276,0.01276,,,8931280.0,,8931280.0
2018-08-30,40,17420214.0,0,0,0.0,0.0,0.0,0.0,,,0.0,,0.0
2018-08-31,40,17420214.0,0,0,0.0,0.0,0.0,0.0,,,0.0,,0.0
2018-09-04,40,17420214.0,0,0,0.0,0.0,0.0,0.0,,,0.0,,0.0
2018-09-05,40,17420214.0,0,0,0.0,0.02475,0.02475,0.02475,,,18452485.0,,18452485.0
2018-09-06,40,17567449.0,0,0,0.0,0.00894,0.00894,0.00894,,,6044741.0,,6044741.0
2018-09-07,40,17628899.0,0,0,0.0,0.01348,0.01348,0.01348,,,7287855.0,,7287855.0
2018-09-10,40,17696385.0,0,0,0.0,0.0199,0.0199,0.0199,,,8449161.0,,8449161.0
2018-09-11,40,17812270.0,0,0,0.0,0.02635,0.02635,0.02635,,,15979399.0,,15979399.0
2018-09-12,40,17634785.0,1,0,0.025,0.00846,0.00571,0.00846,,,9810121.0,,9810121.0
2018-09-13,41,17582561.0,0,0,0.0,0.0,0.0,0.0,,,0.0,,0.0
2018-09-14,41,17582561.0,0,0,0.0,0.0,0.0,0.0,,,0.0,,0.0
2018-09-17,41,17582561.0,0,0,0.0,0.0,0.0,0.0,,,0.0,,0.0
2018-09-18,41,17582561.0,0,0,0.0,0.01671,0.01671,0.01671,,,10438183.0,,10438183.0
2018-09-19,41,17353455.0,0,0,0.0,0.0,0.0,0.0,,,0.0,,0.0
2018-09-20,41,17353455.0,0,0,0.0,0.01298,0.01298,0.01298,,,8615047.0,,8615047.0
2018-09-21,41,17128260.0,0,0,0.0,0.02769,0.02769,0.02769,,,5369323.0,,5369323.0
2018-09-24,41,16671625.0,0,0,0.0,0.0044,0.0044,0.0044,,,2855264.0,,2855264.0
2018-09-25,41,16598234.0,0,0,0.0,0.0,0.0,0.0,,,0.0,,0.0
2018-09-26,41,16598234.0,0,0,0.0,0.0,0.0,0.0,,,0.0,,0.0
2018-09-27,41,16598234.0,0,0,0.0,0.0,0.0,0.0,,,0.0,,0.0
2018-09-28,41,16598234.0,0,0,0.0,0.0,0.0,0.0,,,0.0,,0.0
2018-10-01,41,16598234.0,0,0,0.0,0.02502,0.02502,0.02502,,,11208259.0,,11208259.0
2018-10-02,41,16761409.0,0,1,0.02439,0.05089,0.00925,0.05089,,,8129413.0,,8129413.0
2018-10-03,40,16121239.0,0,0,0.0,0.00442,0.00442,0.00442,,,2857148.0,,2857148.0
2018-10-04,40,16049967.0,0,0,0.0,0.01798,0.01798,0.01798,,,11807401.0,,11807401.0
2018-10-05,40,15843915.0,0,0,0.0,0.018,0.018,0.018,,,10948551.0,,10948551.0
2018-10-08,40,15558655.0,0,0,0.0,0.02591,0.02591,0.02591,,,11024361.0,,11024361.0
2018-10-09,40,15642832.0,0,0,0.0,0.01548,0.01548,0.01548,,,7535460.0,,7535460.0
2018-10-10,40,15728470.0,0,0,0.0,0.00634,0.00634,0.00634,,,5318269.0,,5318269.0
2018-10-11,40,15769041.0,0,1,0.025,0.03555,0.0174,0.03555,,,17807671.0,,17807671.0
2018-10-12,39,15338819.0,0,2,0.05128,0.05276,0.03961,0.05276,,,40544109.0,,40544109.0
2018-10-15,37,15243189.0,0,0,0.0,0.0048,0.0048,0.0048,,,2577340.0,,2577340.0
2018-10-16,37,15169951.0,0,0,0.0,0.00946,0.00946,0.00946,,,10592153.0,,10592153.0
2018-10-17,37,15140306.0,0,0,0.0,0.0,0.0,0.0,,,0.0,,0.0
2018-10-18,37,15140306.0,0,0,0.0,0.0,0.0,0.0,,,0.0,,0.0
2018-10-19,37,15140306.0,0,0,0.0,0.0,0.0,0.0,,,0.0,,0.0
2018-10-22,37,15140306.0,0,0,0.0,0.0066,0.0066,0.0066,,,6836666.0,,6836666.0
2018-10-23,37,15126450.0,0,0,0.0,0.0,0.0,0.0,,,0.0,,0.0
2018-10-24,37,15126450.0,0,0,0.0,0.0,0.0,0.0,,,0.0,,0.0
2018-10-25,37,15126450.0,1,0,0.02703,0.04568,0.0391,0.04568,,,20259252.0,,20259252.0
2018-10-26,38,14996097.0,0,0,0.0,0.0288,0.0288,0.0288,,,11229248.0,,11229248.0
2018-10-29,38,14860873.0,0,0,0.0,0.02115,0.02115,0.02115,,,9457405.0,,9457405.0
2018-10-30,38,14734309.0,2,0,0.05263,0.02794,0.02278,0.02794,,,26279260.0,,26279260.0
2018-10-31,40,14603966.0,0,1,0.025,0.03547,0.0309,0.03547,,,31906144.0,,31906144.0
2018-11-01,39,14449186.0,0,0,0.0,0.0,0.0,0.0,,,0.0,,0.0
2018-11-02,39,14449186.0,0,0,0.0,0.01259,0.01259,0.01259,,,6899505.0,,6899505.0
2018-11-05,39,14296507.0,0,0,0.0,0.00935,0.00935,0.00935,,,5002039.0,,5002039.0
2018-11-06,39,14259873.0,0,0,0.0,0.00263,0.00263,0.00263,,,2934595.0,,2934595.0
2018-11-07,39,14273715.0,0,0,0.0,0.01222,0.01222,0.01222,,,7714020.0,,7714020.0
2018-11-08,39,14220559.0,0,0,0.0,0.01583,0.01583,0.01583,,,6397274.0,,6397274.0
2018-11-09,39,14202866.0,0,0,0.0,0.00771,0.00771,0.00771,,,7188572.0,,7188572.0
2018-11-12,39,14188460.0,0,0,0.0,0.00413,0.00413,0.00413,,,2575232.0,,2575232.0
2018-11-13,39,14166797.0,0,0,0.0,0.02206,0.02206,0.02206,,,8797276.0,,8797276.0
2018-11-14,39,14123594.0,0,0,0.0,0.0,0.0,0.0,,,0.0,,0.0
2018-11-15,39,14123594.0,0,0,0.0,0.01151,0.01151,0.01151,,,6808999.0,,6808999.0
2018-11-16,39,14092240.0,0,0,0.0,0.0,0.0,0.0,,,0.0,,0.0
2018-11-19,39,14092240.0,0,0,0.0,0.04529,0.04529,0.04529,,,13375679.0,,13375679.0
2018-11-20,39,14069383.0,0,1,0.02564,0.05865,0.02863,0.05865,,,18353502.0,,18353502.0
2018-11-21,38,14024975.0,0,0,0.0,0.03499,0.03499,0.03499,,,11073208.0,,11073208.0
2018-11-23,38,14046662.0,0,0,0.0,0.00976,0.00976,0.00976,,,2378445.0,,2378445.0
2018-11-26,38,14075722.0,0,0,0.0,0.0052,0.0052,0.0052,,,2567484.0,,2567484.0
2018-11-27,38,14002472.0,0,0,0.0,0.02813,0.02813,0.02813,,,11499025.0,,11499025.0
2018-11-28,38,13882329.0,0,0,0.0,0.01414,0.01414,0.01414,,,5508984.0,,5508984.0
2018-11-29,38,13787009.0,0,0,0.0,0.0,0.0,0.0,,,0.0,,0.0
2018-11-30,38,13787009.0,0,0,0.0,0.00819,0.00819,0.00819,,,3031481.0,,3031481.0
2018-12-03,38,13770954.0,1,0,0.02632,0.02962,0.02154,0.02962,,,12710656.0,,12710656.0
2018-12-04,39,14001083.0,0,0,0.0,0.00529,0.00529,0.00529,,,2633203.0,,2633203.0
2018-12-06,39,14075144.0,0,0,0.0,0.00596,0.00596,0.00596,,,6216559.0,,6216559.0
2018-12-07,39,14044615.0,0,0,0.0,0.00039,0.00039,0.00039,,,751073.0,,751073.0
2018-12-10,39,14039123.0,0,0,0.0,0.02714,0.02714,0.02714,,,7080130.0,,7080130.0
2018-12-11,39,14171342.0,0,0,0.0,0.01687,0.01687,0.01687,,,8392296.0,,8392296.0
2018-12-12,39,14115638.0,0,0,0.0,0.00772,0.00772,0.00772,,,2022128.0,,2022128.0
2018-12-13,39,14140703.0,0,0,0.0,0.00526,0.00526,0.00526,,,2613348.0,,2613348.0
2018-12-14,39,14215092.0,0,0,0.0,0.01471,0.01471,0.01471,,,6896166.0,,6896166.0
2018-12-17,39,14351424.0,0,0,0.0,0.00831,0.00831,0.00831,,,2245764.0,,2245764.0
2018-12-18,39,14402394.0,0,1,0.02564,0.02235,0.01772,0.02235,,,13734278.0,,13734278.0
2018-12-19,38,14551186.0,0,0,0.0,0.0,0.0,0.0,,,0.0,,0.0
2018-12-20,38,14551186.0,0,0,0.0,0.00792,0.00792,0.00792,,,2808441.0,,2808441.0
2018-12-21,38,14640453.0,0,1,0.02632,0.05973,0.05427,0.05973,,,28131434.0,,28131434.0
2018-12-24,37,13895937.0,0,0,0.0,0.05685,0.05685,0.05685,,,26012725.0,,26012725.0
2018-12-26,37,13105999.0,0,0,0.0,0.0,0.0,0.0,,,0.0,,0.0
2018-12-27,37,13105999.0,0,0,0.0,0.06906,0.06906,0.06906,,,32430704.0,,32430704.0
2018-12-28,37,12602695.0,0,0,0.0,0.0,0.0,0.0,,,0.0,,0.0
2018-12-31,37,12602695.0,0,1,0.02703,0.00966,0.00867,0.00966,,,6421998.0,,6421998.0
2019-01-02,36,12565107.0,0,0,0.0,0.0,0.0,0.0,,,0.0,,0.0
2019-01-03,36,12565107.0,0,0,0.0,0.02033,0.02033,0.02033,,,7311843.0,,7311843.0
2019-01-04,36,12810204.0,1,2,0.08333,0.09637,0.01791,0.09637,,,27164566.0,,27164566.0
2019-01-07,35,12889478.0,0,0,0.0,0.0,0.0,0.0,,,0.0,,0.0
2019-01-08,35,12889478.0,0,0,0.0,0.0,0.0,0.0,,,0.0,,0.0
2019-01-09,35,12889478.0,0,0,0.0,0.0,0.0,0.0,,,0.0,,0.0
2019-01-10,35,12889478.0,0,0,0.0,0.01981,0.01981,0.01981,,,6652861.0,,6652861.0
2019-01-11,35,13090065.0,0,0,0.0,0.0,0.0,0.0,,,0.0,,0.0
2019-01-14,35,13090065.0,0,0,0.0,0.0,0.0,0.0,,,0.0,,0.0
2019-01-15,35,13090065.0,0,0,0.0,0.01795,0.01795,0.01795,,,8180601.0,,8180601.0
2019-01-16,35,13114358.0,0,0,0.0,0.00481,0.00481,0.00481,,,865838.0,,865838.0
2019-01-17,35,13120537.0,0,0,0.0,0.0,0.0,0.0,,,0.0,,0.0
2019-01-18,35,13120537.0,0,0,0.0,0.0,0.0,0.0,,,0.0,,0.0
2019-01-22,35,13120537.0,0,0,0.0,0.02838,0.02838,0.02838,,,12038607.0,,12038607.0
2019-01-23,35,13303179.0,0,0,0.0,0.01081,0.01081,0.01081,,,4659068.0,,4659068.0
2019-01-24,35,13446955.0,0,0,0.0,0.00653,0.00653,0.00653,,,2753171.0,,2753171.0
2019-01-25,35,13496325.0,0,0,0.0,0.0,0.0,0.0,,,0.0,,0.0
2019-01-28,35,13496325.0,0,0,0.0,0.0,0.0,0.0,,,0.0,,0.0
2019-01-29,35,13496325.0,0,0,0.0,0.03977,0.03977,0.03977,,,14462612.0,,14462612.0
2019-01-30,35,13696600.0,0,0,0.0,0.00368,0.00368,0.00368,,,2774827.0,,2774827.0
2019-01-31,35,13685305.0,0,0,0.0,0.00334,0.00334,0.00334,,,1436166.0,,1436166.0
2019-02-01,35,13710435.0,0,0,0.0,0.00531,0.00531,0.00531,,,2468511.0,,2468511.0
2019-02-04,35,13783181.0,0,0,0.0,0.0,0.0,0.0,,,0.0,,0.0
2019-02-05,35,13783181.0,0,0,0.0,0.01625,0.01625,0.01625,,,7810430.0,,7810430.0
2019-02-06,35,13853456.0,0,0,0.0,0.00084,0.00084,0.00084,,,198408.0,,198408.0
2019-02-07,35,13865025.0,0,0,0.0,0.00526,0.00526,0.00526,,,2456838.0,,2456838.0
2019-02-08,35,13937945.0,0,0,0.0,0.01387,0.01387,0.01387,,,5713785.0,,5713785.0
2019-02-11,35,13990043.0,0,0,0.0,0.00585,0.00585,0.00585,,,2856153.0,,2856153.0
2019-02-12,35,14002642.0,0,0,0.0,0.0133,0.0133,0.0133,,,7994923.0,,7994923.0
2019-02-13,35,13972130.0,0,0,0.0,0.00255,0.00255,0.00255,,,1941659.0,,1941659.0
2019-02-14,35,13963244.0,0,0,0.0,0.0,0.0,0.0,,,0.0,,0.0
2019-02-15,35,13963244.0,0,0,0.0,0.0,0.0,0.0,,,0.0,,0.0
2019-02-19,35,13963244.0,0,0,0.0,0.01233,0.01233,0.01233,,,5975299.0,,5975299.0
2019-02-20,35,14051356.0,0,0,0.0,0.0,0.0,0.0,,,0.0,,0.0
2019-02-21,35,14051356.0,0,0,0.0,0.00153,0.00153,0.00153,,,499436.0,,499436.0
2019-02-22,35,14061012.0,0,0,0.0,0.00539,0.00539,0.00539,,,1786867.0,,1786867.0
2019-02-25,35,14094654.0,0,0,0.0,0.00649,0.00649,0.00649,,,4461565.0,,4461565.0
2019-02-26,35,14116775.0,0,0,0.0,0.0052,0.0052,0.0052,,,2573859.0,,2573859.0
2019-02-27,35,14190243.0,0,0,0.0,0.0,0.0,0.0,,,0.0,,0.0
2019-02-28,35,14190243.0,0,0,0.0,0.00406,0.00406,0.00406,,,2045203.0,,2045203.0
2019-03-01,35,14198896.0,0,0,0.0,0.0,0.0,0.0,,,0.0,,0.0
2019-03-04,35,14198896.0,1,0,0.02857,0.01138,0.00624,0.01138,,,6436132.0,,6436132.0
2019-03-05,36,14260112.0,0,0,0.0,0.01433,0.01433,0.01433,,,6616807.0,,6616807.0
2019-03-06,36,14312922.0,0,0,0.0,0.00882,0.00882,0.00882,,,3163967.0,,3163967.0
2019-03-07,36,14358306.0,0,0,0.0,0.0,0.0,0.0,,,0.0,,0.0
2019-03-08,36,14358306.0,0,0,0.0,0.00842,0.00842,0.00842,,,4337396.0,,4337396.0
2019-03-11,36,14268275.0,0,0,0.0,0.00603,0.00603,0.00603,,,2849762.0,,2849762.0
2019-03-12,36,14299807.0,0,0,0.0,0.02082,0.02082,0.02082,,,10287760.0,,10287760.0
2019-03-13,36,14597533.0,0,0,0.0,0.0,0.0,0.0,,,0.0,,0.0
2019-03-14,36,14597533.0,0,0,0.0,0.00625,0.00625,0.00625,,,2385751.0,,2385751.0
2019-03-15,36,14600058.0,0,0,0.0,0.01589,0.01589,0.01589,,,4948613.0,,4948613.0
2019-03-18,36,14771505.0,0,0,0.0,0.0,0.0,0.0,,,0.0,,0.0
2019-03-19,36,14771505.0,0,0,0.0,0.0102,0.0102,0.0102,,,5182358.0,,5182358.0
2019-03-20,36,14620872.0,0,0,0.0,0.0,0.0,0.0,,,0.0,,0.0
2019-03-21,36,14620872.0,0,0,0.0,0.0,0.0,0.0,,,0.0,,0.0
2019-03-22,36,14620872.0,0,0,0.0,0.01436,0.01436,0.01436,,,7450731.0,,7450731.0
2019-03-25,36,14483835.0,0,0,0.0,0.01232,0.01232,0.01232,,,3885848.0,,3885848.0
2019-03-26,36,14570448.0,0,0,0.0,0.00831,0.00831,0.00831,,,4119172.0,,4119172.0
2019-03-27,36,14683259.0,0,0,0.0,0.0,0.0,0.0,,,0.0,,0.0
2019-03-28,36,14683259.0,0,0,0.0,0.0,0.0,0.0,,,0.0,,0.0
2019-03-29,36,14683259.0,0,0,0.0,0.00759,0.00759,0.00759,,,5054511.0,,5054511.0
2019-04-01,36,14687386.0,0,0,0.0,0.0,0.0,0.0,,,0.0,,0.0
2019-04-02,36,14687386.0,0,0,0.0,0.02128,0.02128,0.02128,,,8739120.0,,8739120.0
2019-04-03,36,14674425.0,0,0,0.0,0.0,0.0,0.0,,,0.0,,0.0
2019-04-04,36,14674425.0,0,0,0.0,0.0,0.0,0.0,,,0.0,,0.0
2019-04-05,36,14674425.0,0,0,0.0,0.02183,0.02183,0.02183,,,5991297.0,,5991297.0
2019-04-08,36,14682235.0,0,0,0.0,0.0,0.0,0.0,,,0.0,,0.0
2019-04-09,36,14682235.0,0,0,0.0,0.00684,0.00684,0.00684,,,3193905.0,,3193905.0
2019-04-10,36,14624055.0,0,0,0.0,0.0,0.0,0.0,,,0.0,,0.0
2019-04-11,36,14624055.0,0,0,0.0,0.0,0.0,0.0,,,0.0,,0.0
2019-04-12,36,14624055.0,0,0,0.0,0.0,0.0,0.0,,,0.0,,0.0
2019-04-15,36,14624055.0,0,0,0.0,0.0,0.0,0.0,,,0.0,,0.0
2019-04-16,36,14624055.0,0,0,0.0,0.0,0.0,0.0,,,0.0,,0.0
2019-04-17,36,14624055.0,0,0,0.0,0.0103,0.0103,0.0103,,,5267378.0,,5267378.0
2019-04-18,36,14473385.0,0,0,0.0,0.00768,0.00768,0.00768,,,6054539.0,,6054539.0
2019-04-22,36,14568889.0,0,0,0.0,0.0,0.0,0.0,,,0.0,,0.0
2019-04-23,36,14568889.0,0,0,0.0,0.0,0.0,0.0,,,0.0,,0.0
2019-04-24,36,14568889.0,0,0,0.0,0.00432,0.00432,0.00432,,,2107043.0,,2107043.0
2019-04-25,36,14627428.0,0,0,0.0,0.0,0.0,0.0,,,0.0,,0.0
2019-04-26,36,14627428.0,0,0,0.0,0.03626,0.03626,0.03626,,,12924419.0,,12924419.0
2019-04-29,36,14739638.0,0,0,0.0,0.02866,0.02866,0.02866,,,11644162.0,,11644162.0
2019-04-30,36,14876116.0,0,0,0.0,0.03206,0.03206,0.03206,,,15569503.0,,15569503.0
2019-05-01,36,14891350.0,0,0,0.0,0.0,0.0,0.0,,,0.0,,0.0
2019-05-02,36,14891350.0,0,0,0.0,0.0,0.0,0.0,,,0.0,,0.0
2019-05-03,36,14891350.0,0,0,0.0,0.01319,0.01319,0.01319,,,8303423.0,,8303423.0
2019-05-06,36,14947035.0,0,0,0.0,0.0,0.0,0.0,,,0.0,,0.0
2019-05-07,36,14947035.0,0,0,0.0,0.01175,0.01175,0.01175,,,6708961.0,,6708961.0
2019-05-08,36,15112026.0,0,0,0.0,0.0,0.0,0.0,,,0.0,,0.0
2019-05-09,36,15112026.0,0,0,0.0,0.01708,0.01708,0.01708,,,9013121.0,,9013121.0
2019-05-10,36,15234146.0,1,0,0.02778,0.00907,0.00674,0.00907,,,7943263.0,,7943263.0
2019-05-13,37,15224225.0,0,0,0.0,0.00249,0.00249,0.00249,,,2396514.0,,2396514.0
2019-05-14,37,15245720.0,0,0,0.0,0.02539,0.02539,0.02539,,,16047394.0,,16047394.0
2019-05-15,37,15288824.0,0,0,0.0,0.00257,0.00257,0.00257,,,2286172.0,,2286172.0
2019-05-16,37,15301438.0,0,0,0.0,0.0,0.0,0.0,,,0.0,,0.0
2019-05-17,37,15301438.0,0,0,0.0,0.0,0.0,0.0,,,0.0,,0.0
2019-05-20,37,15301438.0,0,0,0.0,0.01527,0.01527,0.01527,,,5905335.0,,5905335.0
2019-05-21,37,15310776.0,1,0,0.02703,0.04532,0.04007,0.04532,,,22918613.0,,22918613.0
2019-05-22,38,15430689.0,0,0,0.0,0.0095,0.0095,0.0095,,,5975673.0,,5975673.0
2019-05-23,38,15403720.0,0,0,0.0,0.0358,0.0358,0.0358,,,16746084.0,,16746084.0
2019-05-24,38,14977584.0,0,0,0.0,0.00578,0.00578,0.00578,,,1833721.0,,1833721.0
2019-05-28,38,15036460.0,0,0,0.0,0.00531,0.00531,0.00531,,,3807769.0,,3807769.0
2019-05-29,38,14987482.0,0,0,0.0,0.00329,0.00329,0.00329,,,1858111.0,,1858111.0
2019-05-30,38,14992306.0,0,0,0.0,0.00531,0.00531,0.00531,,,4770051.0,,4770051.0
2019-05-31,38,15020717.0,0,0,0.0,0.01098,0.01098,0.01098,,,4753273.0,,4753273.0
2019-06-03,38,14855752.0,0,0,0.0,0.00934,0.00934,0.00934,,,2488958.0,,2488958.0
2019-06-04,38,14810776.0,0,0,0.0,0.04861,0.04861,0.04861,,,18479145.0,,18479145.0
2019-06-05,38,14236711.0,0,0,0.0,0.00574,0.00574,0.00574,,,2420588.0,,2420588.0
2019-06-06,38,14154939.0,0,0,0.0,0.00578,0.00578,0.00578,,,2422080.0,,2422080.0
2019-06-07,38,14073167.0,0,0,0.0,0.05183,0.05183,0.05183,,,7198267.0,,7198267.0
2019-06-10,38,14681130.0,0,2,0.05263,0.00015,0.0,0.00015,,,51537.0,,51537.0
2019-06-11,36,14678990.0,0,0,0.0,0.00582,0.00582,0.00582,,,7762049.0,,7762049.0
2019-06-12,36,14643584.0,0,0,0.0,0.0,0.0,0.0,,,0.0,,0.0
2019-06-13,36,14643584.0,0,0,0.0,0.00418,0.00418,0.00418,,,2542395.0,,2542395.0
2019-06-14,36,14677122.0,0,0,0.0,0.00397,0.00397,0.00397,,,5938335.0,,5938335.0
2019-06-17,36,14670063.0,1,1,0.05556,0.01544,0.01336,0.01544,,,13064907.0,,13064907.0
2019-06-18,36,14657330.0,0,0,0.0,0.0,0.0,0.0,,,0.0,,0.0
2019-06-19,36,14657330.0,0,0,0.0,0.00581,0.00581,0.00581,,,2567249.0,,2567249.0
2019-06-20,36,14572164.0,0,0,0.0,0.0,0.0,0.0,,,0.0,,0.0
2019-06-21,36,14572164.0,0,0,0.0,0.0,0.0,0.0,,,0.0,,0.0
2019-06-24,36,14572164.0,0,0,0.0,0.0,0.0,0.0,,,0.0,,0.0
2019-06-25,36,14572164.0,0,0,0.0,0.0,0.0,0.0,,,0.0,,0.0
2019-06-26,36,14572164.0,0,0,0.0,0.0,0.0,0.0,,,0.0,,0.0
2019-06-27,36,14572164.0,0,0,0.0,0.02713,0.02713,0.02713,,,10641713.0,,10641713.0
2019-06-28,36,14255794.0,0,0,0.0,0.0,0.0,0.0,,,0.0,,0.0
2019-07-01,36,14255794.0,0,0,0.0,0.0,0.0,0.0,,,0.0,,0.0
2019-07-02,36,14255794.0,0,0,0.0,0.00241,0.00241,0.00241,,,3105923.0,,3105923.0
2019-07-03,36,14263202.0,0,0,0.0,0.0,0.0,0.0,,,0.0,,0.0
2019-07-05,36,14263202.0,0,0,0.0,0.0,0.0,0.0,,,0.0,,0.0
2019-07-08,36,14263202.0,0,0,0.0,0.01177,0.01177,0.01177,,,5238315.0,,5238315.0
2019-07-09,36,14095385.0,0,0,0.0,0.0,0.0,0.0,,,6.0,,6.0
2019-07-10,36,14095385.0,0,0,0.0,0.0,0.0,0.0,,,3.0,,3.0
2019-07-11,36,14095385.0,0,0,0.0,0.0,0.0,0.0,,,0.0,,0.0
2019-07-12,36,14095385.0,0,0,0.0,0.0,0.0,0.0,,,0.0,,0.0
2019-07-15,36,14095385.0,0,0,0.0,0.0,0.0,0.0,,,0.0,,0.0
2019-07-16,36,14095385.0,0,0,0.0,0.0,0.0,0.0,,,0.0,,0.0
2019-07-17,36,14095385.0,0,0,0.0,0.0,0.0,0.0,,,0.0,,0.0
2019-07-18,36,14095385.0,0,0,0.0,0.0,0.0,0.0,,,0.0,,0.0
2019-07-19,36,14095385.0,0,0,0.0,0.00611,0.00611,0.00611,,,3534879.0,,3534879.0
2019-07-22,36,14121422.0,0,0,0.0,0.00595,0.00595,0.00595,,,2694102.0,,2694102.0
2019-07-23,36,14037360.0,0,0,0.0,0.0,0.0,0.0,,,0.0,,0.0
2019-07-24,36,14037360.0,0,0,0.0,0.0,0.0,0.0,,,0.0,,0.0
2019-07-25,36,14037360.0,0,0,0.0,0.00599,0.00599,0.00599,,,2669146.0,,2669146.0
2019-07-26,36,13953296.0,0,0,0.0,0.02045,0.02045,0.02045,,,11081071.0,,11081071.0
2019-07-29,36,14112433.0,0,0,0.0,0.00571,0.00571,0.00571,,,2071542.0,,2071542.0
2019-07-30,36,14168014.0,0,0,0.0,0.0115,0.0115,0.0115,,,4901800.0,,4901800.0
2019-07-31,36,14067547.0,0,0,0.0,0.03919,0.03919,0.03919,,,11762068.0,,11762068.0
2019-08-01,36,14119350.0,0,0,0.0,0.0,0.0,0.0,,,0.0,,0.0
2019-08-02,36,14119350.0,0,0,0.0,0.00606,0.00606,0.00606,,,2533892.0,,2533892.0
2019-08-05,36,14033783.0,0,0,0.0,0.00695,0.00695,0.00695,,,8043694.0,,8043694.0
2019-08-06,36,14059262.0,0,1,0.02778,0.02046,0.01889,0.02046,,,13938808.0,,13938808.0
2019-08-07,35,13872096.0,0,0,0.0,0.0,0.0,0.0,,,0.0,,0.0
2019-08-08,35,13872096.0,0,0,0.0,0.0,0.0,0.0,,,0.0,,0.0
2019-08-09,35,13872096.0,0,0,0.0,0.00648,0.00648,0.00648,,,4194645.0,,4194645.0
2019-08-12,35,13882434.0,1,0,0.02857,0.00882,0.00356,0.00882,,,3919689.0,,3919689.0
2019-08-13,36,13905971.0,2,0,0.05556,0.0487,0.02307,0.0487,,,21407484.0,,21407484.0
2019-08-14,38,14098432.0,0,0,0.0,0.00617,0.00617,0.00617,,,2392790.0,,2392790.0
2019-08-15,38,14011399.0,0,0,0.0,0.01314,0.01314,0.01314,,,8883123.0,,8883123.0
2019-08-16,38,13924074.0,0,0,0.0,0.0,0.0,0.0,,,0.0,,0.0
2019-08-19,38,13924074.0,0,0,0.0,0.01404,0.01404,0.01404,,,7023180.0,,7023180.0
2019-08-20,38,13758512.0,0,0,0.0,0.01266,0.01266,0.01266,,,4986035.0,,4986035.0
2019-08-21,38,13584346.0,0,0,0.0,0.00641,0.00641,0.00641,,,2526798.0,,2526798.0
2019-08-22,38,13497260.0,0,0,0.0,0.00293,0.00293,0.00293,,,2006754.0,,2006754.0
2019-08-23,38,13488179.0,0,0,0.0,0.00942,0.00942,0.00942,,,6034295.0,,6034295.0
2019-08-26,38,13412540.0,0,0,0.0,0.00645,0.00645,0.00645,,,2456504.0,,2456504.0
2019-08-27,38,13499086.0,0,0,0.0,0.01551,0.01551,0.01551,,,4668304.0,,4668304.0
2019-08-28,38,13310798.0,0,1,0.02632,0.03978,0.03895,0.03978,,,11338379.0,,11338379.0
2019-08-29,37,13116516.0,0,0,0.0,0.01178,0.01178,0.01178,,,6103984.0,,6103984.0
2019-08-30,37,12994894.0,0,0,0.0,0.0,0.0,0.0,,,0.0,,0.0
2019-09-03,37,12994894.0,1,0,0.02703,0.00727,0.00645,0.00727,,,6005581.0,,6005581.0
2019-09-04,38,12929042.0,0,0,0.0,0.0065,0.0065,0.0065,,,2483004.0,,2483004.0
2019-09-05,38,12845053.0,0,0,0.0,0.01961,0.01961,0.01961,,,7639277.0,,7639277.0
2019-09-06,38,12593197.0,0,0,0.0,0.0,0.0,0.0,,,0.0,,0.0
2019-09-09,38,12593197.0,0,0,0.0,0.0,0.0,0.0,,,0.0,,0.0
2019-09-10,38,12593197.0,0,0,0.0,0.0,0.0,0.0,,,0.0,,0.0
2019-09-11,38,12593197.0,0,0,0.0,0.00955,0.00955,0.00955,,,1894547.0,,1894547.0
2019-09-12,38,12503440.0,0,0,0.0,0.02757,0.02757,0.02757,,,7884286.0,,7884286.0
2019-09-13,38,12271955.0,0,0,0.0,0.0,0.0,0.0,,,0.0,,0.0
2019-09-16,38,12271955.0,0,0,0.0,0.0,0.0,0.0,,,0.0,,0.0
2019-09-17,38,12271955.0,0,0,0.0,0.0,0.0,0.0,,,0.0,,0.0
2019-09-18,38,12271955.0,0,0,0.0,0.0,0.0,0.0,,,0.0,,0.0
2019-09-19,38,12271955.0,0,0,0.0,0.00671,0.00671,0.00671,,,2531835.0,,2531835.0
2019-09-20,38,12189591.0,0,0,0.0,0.0,0.0,0.0,,,0.0,,0.0
2019-09-23,38,12189591.0,0,0,0.0,0.004,0.004,0.004,,,1454740.0,,1454740.0
2019-09-24,38,12155775.0,0,0,0.0,0.0,0.0,0.0,,,0.0,,0.0
2019-09-25,38,12155775.0,0,0,0.0,0.01641,0.01641,0.01641,,,7309063.0,,7309063.0
2019-09-26,38,12023853.0,0,0,0.0,0.0034,0.0034,0.0034,,,1435731.0,,1435731.0
2019-09-27,38,12030448.0,0,0,0.0,0.00676,0.00676,0.00676,,,2406437.0,,2406437.0
2019-09-30,38,11949148.0,0,0,0.0,0.0,0.0,0.0,,,0.0,,0.0
2019-10-01,38,11949148.0,1,0,0.02632,0.06616,0.06298,0.06616,,,22481337.0,,22481337.0
2019-10-02,39,11642908.0,0,0,0.0,0.0,0.0,0.0,,,0.0,,0.0
2019-10-03,39,11642908.0,0,1,0.02564,0.01806,0.00608,0.01806,,,7193874.0,,7193874.0
2019-10-04,38,11572651.0,0,0,0.0,0.0,0.0,0.0,,,0.0,,0.0
2019-10-07,38,11572651.0,0,0,0.0,0.0,0.0,0.0,,,0.0,,0.0
2019-10-08,38,11572651.0,0,0,0.0,0.0,0.0,0.0,,,0.0,,0.0
2019-10-09,38,11572651.0,0,0,0.0,0.0,0.0,0.0,,,0.0,,0.0
2019-10-10,38,11572651.0,0,0,0.0,0.0,0.0,0.0,,,0.0,,0.0
2019-10-11,38,11572651.0,0,0,0.0,0.0,0.0,0.0,,,0.0,,0.0
2019-10-14,38,11572651.0,0,0,0.0,0.0,0.0,0.0,,,0.0,,0.0
2019-10-15,38,11572651.0,0,0,0.0,0.03052,0.03052,0.03052,,,7010260.0,,7010260.0
2019-10-16,38,11482715.0,0,0,0.0,0.00849,0.00849,0.00849,,,3288340.0,,3288340.0
2019-10-17,38,11480764.0,0,0,0.0,0.0,0.0,0.0,,,0.0,,0.0
2019-10-18,38,11480764.0,0,0,0.0,0.00192,0.00192,0.00192,,,381382.0,,381382.0
2019-10-21,38,11479968.0,0,0,0.0,0.03784,0.03784,0.03784,,,9071871.0,,9071871.0
2019-10-22,38,11405390.0,0,0,0.0,0.0,0.0,0.0,,,0.0,,0.0
2019-10-23,38,11405390.0,0,0,0.0,0.00568,0.00568,0.00568,,,1621410.0,,1621410.0
2019-10-24,38,11365767.0,0,0,0.0,0.02132,0.02132,0.02132,,,5777546.0,,5777546.0
2019-10-25,38,11282427.0,0,0,0.0,0.02804,0.02804,0.02804,,,5865851.0,,5865851.0
2019-10-28,38,11323191.0,0,0,0.0,0.0069,0.0069,0.0069,,,2626711.0,,2626711.0
2019-10-29,38,11245079.0,0,0,0.0,0.00912,0.00912,0.00912,,,5612342.0,,5612342.0
2019-10-30,38,11211151.0,0,1,0.02632,0.02572,0.01416,0.02572,,,9036675.0,,9036675.0
2019-10-31,37,11236625.0,0,0,0.0,0.02516,0.02516,0.02516,,,8039005.0,,8039005.0
2019-11-01,37,11146523.0,0,0,0.0,0.0,0.0,0.0,,,0.0,,0.0
2019-11-04,37,11146523.0,0,0,0.0,0.08161,0.08161,0.08161,,,34065536.0,,34065536.0
2019-11-05,37,12056232.0,0,0,0.0,0.09993,0.09993,0.09993,,,41661326.0,,41661326.0
2019-11-06,37,13259159.0,0,0,0.0,0.0,0.0,0.0,,,0.0,,0.0
2019-11-07,37,13259159.0,0,0,0.0,0.0123,0.0123,0.0123,,,5770704.0,,5770704.0
2019-11-08,37,13384244.0,0,0,0.0,0.0127,0.0127,0.0127,,,5962608.0,,5962608.0
2019-11-11,37,13322655.0,0,0,0.0,0.00403,0.00403,0.00403,,,1472465.0,,1472465.0
2019-11-12,37,13340043.0,0,0,0.0,0.01082,0.01082,0.01082,,,7975168.0,,7975168.0
2019-11-13,37,13369494.0,0,0,0.0,0.0,0.0,0.0,,,0.0,,0.0
2019-11-14,37,13369494.0,0,0,0.0,0.0,0.0,0.0,,,0.0,,0.0
2019-11-15,37,13369494.0,0,0,0.0,0.0,0.0,0.0,,,0.0,,0.0
2019-11-18,37,13369494.0,0,0,0.0,0.0,0.0,0.0,,,0.0,,0.0
2019-11-19,37,13369494.0,0,0,0.0,0.0,0.0,0.0,,,0.0,,0.0
2019-11-20,37,13369494.0,0,0,0.0,0.0,0.0,0.0,,,0.0,,0.0
2019-11-21,37,13369494.0,0,0,0.0,0.0,0.0,0.0,,,0.0,,0.0
2019-11-22,37,13369494.0,0,0,0.0,0.0,0.0,0.0,,,0.0,,0.0
2019-11-25,37,13369494.0,0,0,0.0,0.0,0.0,0.0,,,0.0,,0.0
2019-11-26,37,13369494.0,0,0,0.0,0.0,0.0,0.0,,,0.0,,0.0
2019-11-27,37,13369494.0,1,0,0.02703,0.01515,0.01431,0.01515,,,5224327.0,,5224327.0
2019-11-29,38,13327731.0,0,0,0.0,0.0,0.0,0.0,,,0.0,,0.0
2019-12-02,38,13327731.0,0,0,0.0,0.0,0.0,0.0,,,0.0,,0.0
2019-12-03,38,13327731.0,0,0,0.0,0.0137,0.0137,0.0137,,,7242825.0,,7242825.0
2019-12-04,38,13384960.0,0,0,0.0,0.0,0.0,0.0,,,0.0,,0.0
2019-12-05,38,13384960.0,0,0,0.0,0.00844,0.00844,0.00844,,,3824196.0,,3824196.0
2019-12-06,38,13322689.0,0,0,0.0,0.00565,0.00565,0.00565,,,2764887.0,,2764887.0
2019-12-09,38,13247426.0,0,0,0.0,0.0,0.0,0.0,,,0.0,,0.0
2019-12-10,38,13247426.0,0,0,0.0,0.02121,0.02121,0.02121,,,5701238.0,,5701238.0
2019-12-11,38,13478109.0,0,0,0.0,0.0,0.0,0.0,,,0.0,,0.0
2019-12-12,38,13478109.0,0,0,0.0,0.00531,0.00531,0.00531,,,1914393.0,,1914393.0
2019-12-13,38,13469277.0,0,0,0.0,0.00529,0.00529,0.00529,,,3760404.0,,3760404.0
2019-12-16,38,13427515.0,0,0,0.0,0.00442,0.00442,0.00442,,,4032929.0,,4032929.0
2019-12-17,38,13453941.0,0,0,0.0,0.0,0.0,0.0,,,0.0,,0.0
2019-12-18,38,13453941.0,0,0,0.0,0.0,0.0,0.0,,,0.0,,0.0
2019-12-19,38,13453941.0,0,0,0.0,0.0,0.0,0.0,,,0.0,,0.0
2019-12-20,38,13453941.0,0,0,0.0,0.01491,0.01491,0.01491,,,4998680.0,,4998680.0
2019-12-23,38,13548814.0,0,0,0.0,0.00562,0.00562,0.00562,,,2911699.0,,2911699.0
2019-12-24,38,13624942.0,1,0,0.02632,0.03836,0.03343,0.03836,,,20043485.0,,20043485.0
2019-12-26,39,13415900.0,0,0,0.0,0.0,0.0,0.0,,,0.0,,0.0
2019-12-27,39,13415900.0,0,0,0.0,0.0,0.0,0.0,,,0.0,,0.0
2019-12-30,39,13415900.0,0,0,0.0,0.0,0.0,0.0,,,0.0,,0.0
2019-12-31,39,13415900.0,0,0,0.0,0.02074,0.02074,0.02074,,,8364678.0,,8364678.0
2020-01-02,39,13243860.0,0,0,0.0,0.07822,0.07822,0.07822,,,41225422.0,,41225422.0
2020-01-03,39,12207902.0,0,0,0.0,0.06061,0.06061,0.06061,,,29316312.0,,29316312.0
2020-01-06,39,11467992.0,0,0,0.0,0.05807,0.05807,0.05807,,,26688000.0,,26688000.0
2020-01-07,39,10802064.0,1,0,0.02564,0.03504,0.03221,0.03504,,,16499081.0,,16499081.0
2020-01-08,40,10853621.0,0,0,0.0,0.00582,0.00582,0.00582,,,2271380.0,,2271380.0
2020-01-09,40,10844714.0,0,0,0.0,0.00391,0.00391,0.00391,,,2245206.0,,2245206.0
2020-01-10,40,10816310.0,0,0,0.0,0.02027,0.02027,0.02027,,,9154162.0,,9154162.0
2020-01-13,40,10597025.0,0,0,0.0,0.00096,0.00096,0.00096,,,2300219.0,,2300219.0
2020-01-14,40,10603900.0,2,0,0.05,0.09099,0.06224,0.09099,,,31279255.0,,31279255.0
2020-01-15,42,10717706.0,0,0,0.0,0.0226,0.0226,0.0226,,,8168783.0,,8168783.0
2020-01-16,42,10833813.0,0,0,0.0,0.01462,0.01462,0.01462,,,6428198.0,,6428198.0
2020-01-17,42,10719835.0,0,0,0.0,0.02069,0.02069,0.02069,,,9458139.0,,9458139.0
2020-01-21,42,10498036.0,0,0,0.0,0.0,0.0,0.0,,,0.0,,0.0
2020-01-22,42,10498036.0,0,0,0.0,0.00704,0.00704,0.00704,,,3164684.0,,3164684.0
2020-01-23,42,10571970.0,0,0,0.0,0.01393,0.01393,0.01393,,,5575479.0,,5575479.0
2020-01-24,42,10587055.0,0,0,0.0,0.02771,0.02771,0.02771,,,8389823.0,,8389823.0
2020-01-27,42,10695323.0,0,0,0.0,0.0151,0.0151,0.0151,,,2204905.0,,2204905.0
2020-01-28,42,10656766.0,0,0,0.0,0.01288,0.01288,0.01288,,,4947421.0,,4947421.0
2020-01-29,42,10614459.0,0,0,0.0,0.0,0.0,0.0,,,0.0,,0.0
2020-01-30,42,10614459.0,0,0,0.0,0.00557,0.00557,0.00557,,,3061828.0,,3061828.0
2020-01-31,42,10590651.0,0,0,0.0,0.02657,0.02657,0.02657,,,9365991.0,,9365991.0
2020-02-03,42,10599422.0,0,0,0.0,0.0,0.0,0.0,,,0.0,,0.0
2020-02-04,42,10599422.0,1,0,0.02381,0.03181,0.02916,0.03181,,,17430859.0,,17430859.0
2020-02-05,43,10614318.0,0,0,0.0,0.04221,0.04221,0.04221,,,18190486.0,,18190486.0
2020-02-06,43,10960345.0,0,0,0.0,0.04024,0.04024,0.04024,,,15841910.0,,15841910.0
2020-02-07,43,11265160.0,0,0,0.0,0.01325,0.01325,0.01325,,,6694113.0,,6694113.0
2020-02-10,43,11414434.0,0,0,0.0,0.00358,0.00358,0.00358,,,2022396.0,,2022396.0
2020-02-11,43,11428667.0,0,0,0.0,0.03242,0.03242,0.03242,,,12546933.0,,12546933.0
2020-02-12,43,11594419.0,0,0,0.0,0.02774,0.02774,0.02774,,,10675750.0,,10675750.0
2020-02-13,43,11574720.0,0,0,0.0,0.0,0.0,0.0,,,0.0,,0.0
2020-02-14,43,11574720.0,0,0,0.0,0.01016,0.01016,0.01016,,,1626478.0,,1626478.0
2020-02-18,43,11542585.0,0,0,0.0,0.04374,0.04374,0.04374,,,24664568.0,,24664568.0
2020-02-19,43,12047403.0,0,0,0.0,0.0,0.0,0.0,,,0.0,,0.0
2020-02-20,43,12047403.0,0,0,0.0,0.02392,0.02392,0.02392,,,12029611.0,,12029611.0
2020-02-21,43,12315597.0,0,0,0.0,0.00214,0.00214,0.00214,,,2364798.0,,2364798.0
2020-02-24,43,12304546.0,0,0,0.0,0.00386,0.00386,0.00386,,,2829056.0,,2829056.0
2020-02-25,43,12300263.0,0,1,0.02326,0.02239,0.01978,0.02239,,,12380324.0,,12380324.0
2020-02-26,42,12460441.0,1,1,0.04762,0.03665,0.00477,0.03665,,,12872160.0,,12872160.0
2020-02-27,42,12560553.0,0,0,0.0,0.02128,0.02128,0.02128,,,10605446.0,,10605446.0
2020-02-28,42,12305092.0,0,0,0.0,0.04668,0.04668,0.04668,,,21003504.0,,21003504.0
2020-03-02,42,12560852.0,0,1,0.02381,0.03644,0.02777,0.03644,,,22219100.0,,22219100.0
2020-03-03,41,12449349.0,0,0,0.0,0.0484,0.0484,0.0484,,,23421365.0,,23421365.0
2020-03-04,41,12652201.0,0,0,0.0,0.04105,0.04105,0.04105,,,17668282.0,,17668282.0
2020-03-05,41,13062593.0,0,0,0.0,0.01191,0.01191,0.01191,,,6363179.0,,6363179.0
2020-03-06,41,13218109.0,0,0,0.0,0.0,0.0,0.0,,,0.0,,0.0
2020-03-09,41,13218109.0,0,0,0.0,0.03705,0.03705,0.03705,,,18434504.0,,18434504.0
2020-03-10,41,13472847.0,0,0,0.0,0.04625,0.04625,0.04625,,,18870345.0,,18870345.0
2020-03-11,41,13322974.0,0,0,0.0,0.00592,0.00592,0.00592,,,2084263.0,,2084263.0
2020-03-12,41,13285284.0,0,0,0.0,0.02362,0.02362,0.02362,,,11471272.0,,11471272.0
2020-03-13,41,13343275.0,0,0,0.0,0.04525,0.04525,0.04525,,,18338025.0,,18338025.0
2020-03-16,41,13131201.0,0,0,0.0,0.03141,0.03141,0.03141,,,10265281.0,,10265281.0
2020-03-17,41,13075312.0,0,0,0.0,0.02278,0.02278,0.02278,,,15448454.0,,15448454.0
2020-03-18,41,13006603.0,0,0,0.0,0.01361,0.01361,0.01361,,,6505414.0,,6505414.0
2020-03-19,41,13079667.0,0,0,0.0,0.02046,0.02046,0.02046,,,9567251.0,,9567251.0
2020-03-20,41,13012009.0,0,0,0.0,0.00225,0.00225,0.00225,,,3730274.0,,3730274.0
2020-03-23,41,13033162.0,0,0,0.0,0.00613,0.00613,0.00613,,,2356419.0,,2356419.0
2020-03-24,41,12953223.0,1,0,0.02439,0.02544,0.01489,0.02544,,,16401467.0,,16401467.0
2020-03-25,42,12896983.0,0,0,0.0,0.0,0.0,0.0,,,0.0,,0.0
2020-03-26,42,12896983.0,0,0,0.0,0.01852,0.01852,0.01852,,,8228251.0,,8228251.0
2020-03-27,42,13135816.0,0,0,0.0,0.04849,0.04849,0.04849,,,21079411.0,,21079411.0
2020-03-30,42,13772728.0,0,0,0.0,0.0256,0.0256,0.0256,,,9087498.0,,9087498.0
2020-03-31,42,13978880.0,0,0,0.0,0.02231,0.02231,0.02231,,,9808389.0,,9808389.0
2020-04-01,42,14216847.0,0,0,0.0,0.01234,0.01234,0.01234,,,6121816.0,,6121816.0
2020-04-02,42,14361035.0,0,0,0.0,0.01117,0.01117,0.01117,,,4893573.0,,4893573.0
2020-04-03,42,14521495.0,0,0,0.0,0.0311,0.0311,0.0311,,,11346986.0,,11346986.0
2020-04-06,42,14371405.0,0,0,0.0,0.00811,0.00811,0.00811,,,4427681.0,,4427681.0
2020-04-07,42,14421939.0,0,0,0.0,0.0,0.0,0.0,,,0.0,,0.0
2020-04-08,42,14421939.0,0,0,0.0,0.00556,0.00556,0.00556,,,2760985.0,,2760985.0
2020-04-09,42,14502069.0,1,0,0.02381,0.01783,0.01221,0.01783,,,7870250.0,,7870250.0
2020-04-13,43,14724604.0,0,0,0.0,0.00547,0.00547,0.00547,,,2868820.0,,2868820.0
2020-04-14,43,14805082.0,0,0,0.0,0.0,0.0,0.0,,,0.0,,0.0
2020-04-15,43,14805082.0,0,0,0.0,0.03261,0.03261,0.03261,,,17958962.0,,17958962.0
2020-04-16,43,15287896.0,0,0,0.0,0.02105,0.02105,0.02105,,,12159398.0,,12159398.0
2020-04-17,43,15609776.0,0,0,0.0,0.0,0.0,0.0,,,0.0,,0.0
2020-04-20,43,15609776.0,0,0,0.0,0.03093,0.03093,0.03093,,,18603950.0,,18603950.0
2020-04-21,43,16092608.0,1,0,0.02326,0.00851,0.00813,0.00851,,,5344037.0,,5344037.0
2020-04-22,44,16163115.0,0,0,0.0,0.03093,0.03093,0.03093,,,17121048.0,,17121048.0
2020-04-23,44,16344648.0,0,0,0.0,0.00498,0.00498,0.00498,,,3079264.0,,3079264.0
2020-04-24,44,16425992.0,0,0,0.0,0.01707,0.01707,0.01707,,,13111226.0,,13111226.0
2020-04-27,44,16676075.0,0,0,0.0,0.0,0.0,0.0,,,0.0,,0.0
2020-04-28,44,16676075.0,1,0,0.02273,0.01759,0.01547,0.01759,,,14880781.0,,14880781.0
2020-04-29,45,16576625.0,0,0,0.0,0.00486,0.00486,0.00486,,,3307439.0,,3307439.0
2020-04-30,45,16657110.0,0,0,0.0,0.01933,0.01933,0.01933,,,13101824.0,,13101824.0
2020-05-01,45,16979014.0,0,0,0.0,0.0,0.0,0.0,,,0.0,,0.0
2020-05-04,45,16979014.0,0,0,0.0,0.0,0.0,0.0,,,0.0,,0.0
2020-05-05,45,16979014.0,0,0,0.0,0.01146,0.01146,0.01146,,,9437429.0,,9437429.0
2020-05-06,45,17051889.0,0,0,0.0,0.01399,0.01399,0.01399,,,9408538.0,,9408538.0
2020-05-07,45,17190453.0,0,0,0.0,0.02213,0.02213,0.02213,,,12092764.0,,12092764.0
2020-05-08,45,17440191.0,0,0,0.0,0.01832,0.01832,0.01832,,,20298971.0,,20298971.0
2020-05-11,45,17653052.0,0,0,0.0,0.02714,0.02714,0.02714,,,23842347.0,,23842347.0
2020-05-12,45,18087941.0,0,0,0.0,0.02289,0.02289,0.02289,,,19416527.0,,19416527.0
2020-05-13,45,18473336.0,0,0,0.0,0.00885,0.00885,0.00885,,,6896061.0,,6896061.0
2020-05-14,45,18636820.0,0,0,0.0,0.01224,0.01224,0.01224,,,12094189.0,,12094189.0
2020-05-15,45,18759984.0,0,0,0.0,0.0,0.0,0.0,,,0.0,,0.0
2020-05-18,45,18759984.0,0,0,0.0,0.0,0.0,0.0,,,0.0,,0.0
2020-05-19,45,18759984.0,0,0,0.0,0.0,0.0,0.0,,,0.0,,0.0
2020-05-20,45,18759984.0,0,0,0.0,0.02808,0.02808,0.02808,,,24707375.0,,24707375.0
2020-05-21,45,19080404.0,0,0,0.0,0.05718,0.05718,0.05718,,,51464229.0,,51464229.0
2020-05-22,45,19384131.0,0,0,0.0,0.03538,0.03538,0.03538,,,29042972.0,,29042972.0
2020-05-26,45,19987095.0,0,0,0.0,0.00255,0.00255,0.00255,,,4467764.0,,4467764.0
2020-05-27,45,19977456.0,0,0,0.0,0.02092,0.02092,0.02092,,,13913326.0,,13913326.0
2020-05-28,45,19922859.0,0,0,0.0,0.01633,0.01633,0.01633,,,14659695.0,,14659695.0
2020-05-29,45,20248151.0,0,0,0.0,0.0,0.0,0.0,,,0.0,,0.0
2020-06-01,45,20248151.0,0,0,0.0,0.02492,0.02492,0.02492,,,25420689.0,,25420689.0
2020-06-02,45,20729415.0,0,0,0.0,0.00784,0.00784,0.00784,,,7735651.0,,7735651.0
2020-06-03,45,20891983.0,0,0,0.0,0.0,0.0,0.0,,,0.0,,0.0
2020-06-04,45,20891983.0,0,0,0.0,0.02009,0.02009,0.02009,,,20669050.0,,20669050.0
2020-06-05,45,21294810.0,0,0,0.0,0.00763,0.00763,0.00763,,,7744676.0,,7744676.0
2020-06-08,45,21457372.0,1,0,0.02222,0.02733,0.01973,0.02733,,,26514173.0,,26514173.0
2020-06-09,46,21873849.0,0,0,0.0,0.00813,0.00813,0.00813,,,7338072.0,,7338072.0
2020-06-10,46,21982286.0,0,0,0.0,0.0082,0.0082,0.0082,,,8632786.0,,8632786.0
2020-06-11,46,22125813.0,0,0,0.0,0.01115,0.01115,0.01115,,,11411092.0,,11411092.0
2020-06-12,46,22372539.0,0,0,0.0,0.0,0.0,0.0,,,0.0,,0.0
2020-06-15,46,22372539.0,0,0,0.0,0.0,0.0,0.0,,,0.0,,0.0
2020-06-16,46,22372539.0,1,0,0.02174,0.03285,0.03109,0.03285,,,37900239.0,,37900239.0
2020-06-17,47,22335477.0,0,0,0.0,0.03226,0.03226,0.03226,,,35329335.0,,35329335.0
2020-06-18,47,22658185.0,0,0,0.0,0.00722,0.00722,0.00722,,,8343731.0,,8343731.0
2020-06-19,47,22821803.0,0,0,0.0,0.01434,0.01434,0.01434,,,16743956.0,,16743956.0
2020-06-22,47,23148959.0,0,0,0.0,0.00541,0.00541,0.00541,,,6256312.0,,6256312.0
2020-06-23,47,23203267.0,0,0,0.0,0.02654,0.02654,0.02654,,,30073480.0,,30073480.0
2020-06-24,47,23628041.0,0,0,0.0,0.01426,0.01426,0.01426,,,17308001.0,,17308001.0
2020-06-25,47,23917460.0,0,0,0.0,0.03405,0.03405,0.03405,,,38400270.0,,38400270.0
2020-06-26,47,24640977.0,0,0,0.0,0.0133,0.0133,0.0133,,,14379025.0,,14379025.0
2020-06-29,47,24848789.0,0,0,0.0,0.0015,0.0015,0.0015,,,1373190.0,,1373190.0
2020-06-30,47,24811555.0,1,0,0.02128,0.00874,0.00705,0.00874,,,11350120.0,,11350120.0
2020-07-01,48,25007957.0,0,0,0.0,0.02417,0.02417,0.02417,,,31218964.0,,31218964.0
2020-07-02,48,25584830.0,0,0,0.0,0.04397,0.04397,0.04397,,,58830882.0,,58830882.0
2020-07-06,48,26704868.0,0,0,0.0,0.01743,0.01743,0.01743,,,24716541.0,,24716541.0
2020-07-07,48,27165756.0,0,0,0.0,0.06401,0.06401,0.06401,,,97279560.0,,97279560.0
2020-07-08,48,28820337.0,0,0,0.0,0.03996,0.03996,0.03996,,,44531627.0,,44531627.0
2020-07-09,48,29953545.0,0,0,0.0,0.03987,0.03987,0.03987,,,53321397.0,,53321397.0
2020-07-10,48,31146065.0,0,0,0.0,0.02533,0.02533,0.02533,,,34710246.0,,34710246.0
2020-07-13,48,31834911.0,0,0,0.0,0.01371,0.01371,0.01371,,,15401975.0,,15401975.0
2020-07-14,48,32256285.0,0,0,0.0,0.06879,0.06879,0.06879,,,107450378.0,,107450378.0
2020-07-15,48,33972854.0,1,1,0.04167,0.03419,0.03087,0.03419,,,66487461.0,,66487461.0
2020-07-16,48,33075555.0,0,0,0.0,0.00529,0.00529,0.00529,,,9362490.0,,9362490.0
2020-07-17,48,33250519.0,0,0,0.0,0.0,0.0,0.0,,,0.0,,0.0
2020-07-20,48,33250519.0,0,0,0.0,0.00637,0.00637,0.00637,,,18230714.0,,18230714.0
2020-07-21,48,33285592.0,0,0,0.0,0.02309,0.02309,0.02309,,,38879769.0,,38879769.0
2020-07-22,48,33569199.0,0,0,0.0,0.03074,0.03074,0.03074,,,51564753.0,,51564753.0
2020-07-23,48,34601042.0,0,0,0.0,0.00591,0.00591,0.00591,,,7350626.0,,7350626.0
2020-07-24,48,34737290.0,0,0,0.0,0.0085,0.0085,0.0085,,,13439687.0,,13439687.0
2020-07-27,48,34909299.0,0,0,0.0,0.00519,0.00519,0.00519,,,10251303.0,,10251303.0
2020-07-28,48,34836658.0,1,0,0.02083,0.01078,0.00426,0.01078,,,36183017.0,,36183017.0
2020-07-29,49,34915419.0,0,0,0.0,0.0,0.0,0.0,,,0.0,,0.0
2020-07-30,49,34915419.0,0,0,0.0,0.0203,0.0203,0.0203,,,17938993.0,,17938993.0
2020-07-31,49,34409396.0,0,0,0.0,0.02406,0.02406,0.02406,,,42286549.0,,42286549.0
2020-08-03,49,33914976.0,0,0,0.0,0.0,0.0,0.0,,,0.0,,0.0
2020-08-04,49,33914976.0,1,0,0.02041,0.00484,0.00468,0.00484,,,18842464.0,,18842464.0
2020-08-05,50,33953463.0,0,0,0.0,0.01731,0.01731,0.01731,,,39948857.0,,39948857.0
2020-08-06,50,33813627.0,0,0,0.0,0.01753,0.01753,0.01753,,,40793975.0,,40793975.0
2020-08-07,50,34110820.0,1,0,0.02,0.03763,0.03658,0.03763,,,72657025.0,,72657025.0
2020-08-10,51,34427281.0,0,0,0.0,0.01392,0.01392,0.01392,,,44059887.0,,44059887.0
2020-08-11,51,34646651.0,0,1,0.01961,0.01218,0.01205,0.01218,,,38723940.0,,38723940.0
2020-08-12,50,34670165.0,0,0,0.0,0.01351,0.01351,0.01351,,,18492539.0,,18492539.0
2020-08-13,50,34890619.0,0,0,0.0,0.01624,0.01624,0.01624,,,15168280.0,,15168280.0
2020-08-14,50,35409827.0,0,0,0.0,0.00253,0.00253,0.00253,,,4954715.0,,4954715.0
2020-08-17,50,35499478.0,0,0,0.0,0.01205,0.01205,0.01205,,,23032321.0,,23032321.0
2020-08-18,50,35921618.0,1,0,0.02,0.0134,0.01054,0.0134,,,40866678.0,,40866678.0
2020-08-19,51,36049281.0,0,0,0.0,0.0042,0.0042,0.0042,,,17132900.0,,17132900.0
2020-08-20,51,36091275.0,0,0,0.0,0.02244,0.02244,0.02244,,,47276311.0,,47276311.0
2020-08-21,51,36901221.0,0,0,0.0,0.00133,0.00133,0.00133,,,6047324.0,,6047324.0
2020-08-24,51,36870704.0,0,0,0.0,0.02082,0.02082,0.02082,,,39255676.0,,39255676.0
2020-08-25,51,37529963.0,1,0,0.01961,0.02062,0.01299,0.02062,,,60677241.0,,60677241.0
2020-08-26,52,37948492.0,0,0,0.0,0.01465,0.01465,0.01465,,,33575577.0,,33575577.0
2020-08-27,52,38462502.0,0,0,0.0,0.01925,0.01925,0.01925,,,36380003.0,,36380003.0
2020-08-28,52,39095439.0,0,0,0.0,0.01078,0.01078,0.01078,,,20007457.0,,20007457.0
2020-08-31,52,39426756.0,0,0,0.0,0.00366,0.00366,0.00366,,,9304280.0,,9304280.0
2020-09-01,52,39545057.0,0,2,0.03846,0.03532,0.03532,0.03532,,,86382967.0,,86382967.0
2020-09-02,50,40925931.0,0,1,0.02,0.01132,0.01131,0.01132,,,28551211.0,,28551211.0
2020-09-03,49,41388561.0,0,0,0.0,0.02655,0.02655,0.02655,,,62588360.0,,62588360.0
2020-09-04,49,42207165.0,0,0,0.0,0.01306,0.01306,0.01306,,,28306393.0,,28306393.0
2020-09-08,49,42386183.0,0,0,0.0,0.04318,0.04318,0.04318,,,95413513.0,,95413513.0
2020-09-09,49,41032671.0,0,0,0.0,0.02091,0.02091,0.02091,,,67805515.0,,67805515.0
2020-09-10,49,41351414.0,0,2,0.04082,0.02713,0.02555,0.02713,,,59968392.0,,59968392.0
2020-09-11,47,41158989.0,0,0,0.0,0.00913,0.00913,0.00913,,,19972392.0,,19972392.0
2020-09-14,47,41534853.0,0,0,0.0,0.00226,0.00226,0.00226,,,5143710.0,,5143710.0
2020-09-15,47,41628821.0,0,0,0.0,0.01354,0.01354,0.01354,,,31656664.0,,31656664.0
2020-09-16,47,42192641.0,0,0,0.0,0.0,0.0,0.0,,,0.0,,0.0
2020-09-17,47,42192641.0,1,0,0.02128,0.0,0.0,0.0,,,22754.0,,22754.0
2020-09-18,48,42192741.0,0,0,0.0,0.00668,0.00668,0.00668,,,15441293.0,,15441293.0
2020-09-21,48,42474645.0,0,0,0.0,0.0,0.0,0.0,,,0.0,,0.0
2020-09-22,48,42474645.0,1,0,0.02083,0.02181,0.01831,0.02181,,,57664889.0,,57664889.0
2020-09-23,49,42186809.0,0,0,0.0,0.0187,0.0187,0.0187,,,26545257.0,,26545257.0
2020-09-24,49,42550223.0,0,1,0.02041,0.00836,0.00653,0.00836,,,35769340.0,,35769340.0
2020-09-25,48,42580912.0,0,0,0.0,0.00282,0.00282,0.00282,,,17013299.0,,17013299.0
2020-09-28,48,42579619.0,0,0,0.0,0.00221,0.00221,0.00221,,,5379566.0,,5379566.0
2020-09-29,48,42485437.0,1,0,0.02083,0.00572,0.00443,0.00572,,,11815871.0,,11815871.0
2020-09-30,49,42351485.0,0,0,0.0,0.00399,0.00399,0.00399,,,5166151.0,,5166151.0
2020-10-01,49,42473044.0,0,0,0.0,0.00817,0.00817,0.00817,,,28047158.0,,28047158.0
2020-10-02,49,42711554.0,0,0,0.0,0.01901,0.01901,0.01901,,,48199665.0,,48199665.0
2020-10-05,49,43523471.0,0,0,0.0,0.00043,0.00043,0.00043,,,340928.0,,340928.0
2020-10-06,49,43542152.0,0,0,0.0,0.0066,0.0066,0.0066,,,16551863.0,,16551863.0
2020-10-07,49,43829710.0,0,0,0.0,0.03384,0.03384,0.03384,,,51270562.0,,51270562.0
2020-10-08,49,44912907.0,0,0,0.0,0.01074,0.01074,0.01074,,,21161285.0,,21161285.0
2020-10-09,49,45377263.0,0,0,0.0,0.00204,0.00204,0.00204,,,5723734.0,,5723734.0
2020-10-12,49,45469890.0,0,0,0.0,0.02934,0.02934,0.02934,,,58426023.0,,58426023.0
2020-10-13,49,46679728.0,1,0,0.02041,0.02962,0.02403,0.02962,,,107914825.0,,107914825.0
2020-10-14,50,47504370.0,0,0,0.0,0.01298,0.01298,0.01298,,,42249156.0,,42249156.0
2020-10-15,50,48068105.0,0,0,0.0,0.02038,0.02038,0.02038,,,63539368.0,,63539368.0
2020-10-16,50,48943713.0,3,0,0.06,0.02665,0.0189,0.02665,,,131347194.0,,131347194.0
2020-10-19,53,49304025.0,0,0,0.0,0.01238,0.01238,0.01238,,,31845914.0,,31845914.0
2020-10-20,53,49500285.0,1,2,0.0566,0.01171,0.00493,0.01171,,,57640979.0,,57640979.0
2020-10-21,52,49481339.0,0,0,0.0,0.01026,0.01026,0.01026,,,25262311.0,,25262311.0
2020-10-22,52,49851348.0,0,0,0.0,0.01802,0.01802,0.01802,,,45407991.0,,45407991.0
2020-10-23,52,50157444.0,0,1,0.01923,0.00348,0.00348,0.00348,,,11488796.0,,11488796.0
2020-10-26,51,50331967.0,0,0,0.0,0.0,0.0,0.0,,,0.0,,0.0
2020-10-27,51,50331967.0,0,0,0.0,0.00907,0.00907,0.00907,,,33835058.0,,33835058.0
2020-10-28,51,50552442.0,1,0,0.01961,0.01381,0.01147,0.01381,,,48108318.0,,48108318.0
2020-10-29,52,50510174.0,0,0,0.0,0.00515,0.00515,0.00515,,,13313971.0,,13313971.0
2020-10-30,52,50767286.0,1,1,0.03846,0.03207,0.01569,0.03207,,,119642613.0,,119642613.0
2020-11-02,52,50333556.0,0,0,0.0,0.0,0.0,0.0,,,0.0,,0.0
2020-11-03,52,50333556.0,0,0,0.0,0.00742,0.00742,0.00742,,,38061627.0,,38061627.0
2020-11-04,52,50263860.0,0,0,0.0,0.01895,0.01895,0.01895,,,108643354.0,,108643354.0
2020-11-05,52,50044280.0,0,1,0.01923,0.0023,0.0023,0.0023,,,6789982.0,,6789982.0
2020-11-06,51,50093996.0,0,0,0.0,0.01043,0.01043,0.01043,,,45842286.0,,45842286.0
2020-11-09,51,50588579.0,0,0,0.0,0.01035,0.01035,0.01035,,,25868739.0,,25868739.0
2020-11-10,51,51036474.0,0,0,0.0,0.03647,0.03647,0.03647,,,134303164.0,,134303164.0
2020-11-11,51,52596736.0,0,0,0.0,0.00331,0.00331,0.00331,,,33604470.0,,33604470.0
2020-11-12,51,52610767.0,0,0,0.0,0.00454,0.00454,0.00454,,,27027048.0,,27027048.0
2020-11-13,51,52736481.0,0,0,0.0,0.02896,0.02896,0.02896,,,106085387.0,,106085387.0
2020-11-16,51,54263511.0,0,0,0.0,0.04715,0.04715,0.04715,,,134335677.0,,134335677.0
2020-11-17,51,56698505.0,0,1,0.01961,0.02173,0.01785,0.02173,,,129556971.0,,129556971.0
2020-11-18,50,56636688.0,0,0,0.0,0.00659,0.00659,0.00659,,,29030146.0,,29030146.0
2020-11-19,50,56855840.0,0,0,0.0,0.01286,0.01286,0.01286,,,52660824.0,,52660824.0
2020-11-20,50,57586968.0,0,0,0.0,0.02068,0.02068,0.02068,,,89942121.0,,89942121.0
2020-11-23,50,58021098.0,0,0,0.0,0.00574,0.00574,0.00574,,,24436677.0,,24436677.0
2020-11-24,50,58354154.0,0,0,0.0,0.01553,0.01553,0.01553,,,66856203.0,,66856203.0
2020-11-25,50,59221134.0,0,0,0.0,0.00702,0.00702,0.00702,,,31427486.0,,31427486.0
2020-11-27,50,59637144.0,0,0,0.0,0.00236,0.00236,0.00236,,,2655735.0,,2655735.0
2020-11-30,50,59496144.0,0,0,0.0,0.00316,0.00316,0.00316,,,14317493.0,,14317493.0
2020-12-01,50,59683895.0,0,0,0.0,0.0503,0.0503,0.0503,,,182892817.0,,182892817.0
2020-12-02,50,58879672.0,0,0,0.0,0.0204,0.0204,0.0204,,,108048937.0,,108048937.0
2020-12-03,50,59516593.0,0,0,0.0,0.00158,0.00158,0.00158,,,3706910.0,,3706910.0
2020-12-04,50,59610677.0,0,0,0.0,0.00574,0.00574,0.00574,,,36936873.0,,36936873.0
2020-12-07,50,59868123.0,0,0,0.0,0.01356,0.01356,0.01356,,,67314065.0,,67314065.0
2020-12-08,50,60679793.0,2,0,0.04,0.03597,0.03206,0.03597,,,171725348.0,,171725348.0
2020-12-09,52,60815963.0,0,0,0.0,0.0446,0.0446,0.0446,,,192062328.0,,192062328.0
2020-12-10,52,60785470.0,0,0,0.0,0.01046,0.01046,0.01046,,,65188149.0,,65188149.0
2020-12-11,52,61421405.0,0,0,0.0,0.00494,0.00494,0.00494,,,26751690.0,,26751690.0
2020-12-14,52,61724829.0,0,0,0.0,0.00492,0.00492,0.00492,,,26833734.0,,26833734.0
2020-12-15,52,62028257.0,0,0,0.0,0.0159,0.0159,0.0159,,,77073338.0,,77073338.0
2020-12-16,52,62492247.0,0,0,0.0,0.00242,0.00242,0.00242,,,13556003.0,,13556003.0
2020-12-17,52,62643527.0,0,0,0.0,0.00467,0.00467,0.00467,,,33774766.0,,33774766.0
2020-12-18,52,62936377.0,0,0,0.0,0.00598,0.00598,0.00598,,,34822006.0,,34822006.0
2020-12-21,52,63312432.0,0,0,0.0,0.01663,0.01663,0.01663,,,97508360.0,,97508360.0
2020-12-22,52,64365470.0,1,0,0.01923,0.02588,0.01942,0.02588,,,248620947.0,,248620947.0
2020-12-23,53,65188221.0,0,1,0.01887,0.01605,0.01605,0.01605,,,86450716.0,,86450716.0
2020-12-24,52,65814798.0,0,0,0.0,0.00231,0.00231,0.00231,,,13858642.0,,13858642.0
2020-12-28,52,65966922.0,0,0,0.0,0.00595,0.00595,0.00595,,,54649751.0,,54649751.0
2020-12-29,52,65954058.0,1,0,0.01923,0.0764,0.02121,0.0764,,,184335124.0,,184335124.0
2020-12-30,53,69220380.0,0,0,0.0,0.00669,0.00669,0.00669,,,35183728.0,,35183728.0
2020-12-31,53,68939573.0,1,0,0.01887,0.00538,0.0027,0.00538,,,79735331.0,,79735331.0
2021-01-04,54,68937951.0,0,0,0.0,0.00648,0.00648,0.00648,,,47784787.0,,47784787.0
2021-01-05,54,69326154.0,1,0,0.01852,0.02239,0.01927,0.02239,,,120801123.0,,120801123.0
2021-01-06,55,70427002.0,0,0,0.0,0.01473,0.01473,0.01473,,,68255376.0,,68255376.0
2021-01-07,55,71254053.0,0,0,0.0,0.0027,0.0027,0.0027,,,10291479.0,,10291479.0
2021-01-08,55,71446729.0,0,0,0.0,0.01209,0.01209,0.01209,,,95020396.0,,95020396.0
2021-01-11,55,71353040.0,0,0,0.0,0.02004,0.02004,0.02004,,,130987291.0,,130987291.0
2021-01-12,55,72666019.0,0,0,0.0,0.00813,0.00813,0.00813,,,56990756.0,,56990756.0
2021-01-13,55,73257011.0,0,0,0.0,0.01206,0.01206,0.01206,,,116947226.0,,116947226.0
2021-01-14,55,74096595.0,0,0,0.0,0.01297,0.01297,0.01297,,,93358453.0,,93358453.0
2021-01-15,55,75029572.0,0,0,0.0,0.0086,0.0086,0.0086,,,26871288.0,,26871288.0
2021-01-19,55,75674606.0,0,0,0.0,0.00421,0.00421,0.00421,,,24904642.0,,24904642.0
2021-01-20,55,75767362.0,0,0,0.0,0.02312,0.02312,0.02312,,,179602485.0,,179602485.0
2021-01-21,55,76789978.0,0,0,0.0,0.00991,0.00991,0.00991,,,80501381.0,,80501381.0
2021-01-22,55,77543304.0,0,0,0.0,0.0034,0.0034,0.0034,,,24551885.0,,24551885.0
2021-01-25,55,77807263.0,1,0,0.01818,0.02016,0.01373,0.02016,,,167546507.0,,167546507.0
2021-01-26,56,79024821.0,0,0,0.0,0.01299,0.01299,0.01299,,,114065534.0,,114065534.0
2021-01-27,56,79642223.0,1,0,0.01786,0.03976,0.02203,0.03976,,,192350607.0,,192350607.0
2021-01-28,57,80677949.0,0,0,0.0,0.0,0.0,0.0,,,0.0,,0.0
2021-01-29,57,80677949.0,0,0,0.0,0.01313,0.01313,0.01313,,,111961277.0,,111961277.0
2021-02-01,57,81598905.0,1,2,0.05263,0.03152,0.0239,0.03152,,,217555206.0,,217555206.0
2021-02-02,56,83475469.0,2,0,0.03571,2e-05,0.0,2e-05,,,367043.0,,367043.0
2021-02-03,58,83477495.0,0,0,0.0,0.01636,0.01636,0.01636,,,141550211.0,,141550211.0
2021-02-04,58,84843025.0,0,0,0.0,0.01222,0.01222,0.01222,,,113290900.0,,113290900.0
2021-02-05,58,85356711.0,0,0,0.0,0.01411,0.01411,0.01411,,,114624185.0,,114624185.0
2021-02-08,58,86200947.0,0,0,0.0,0.02689,0.02689,0.02689,,,151046176.0,,151046176.0
2021-02-09,58,87908203.0,0,0,0.0,0.04227,0.04227,0.04227,,,390550422.0,,390550422.0
2021-02-10,58,90591261.0,0,0,0.0,0.02747,0.02747,0.02747,,,237496545.0,,237496545.0
2021-02-11,58,91755471.0,0,0,0.0,0.02145,0.02145,0.02145,,,222073547.0,,222073547.0
2021-02-12,58,93723952.0,0,0,0.0,0.00904,0.00904,0.00904,,,98119561.0,,98119561.0
2021-02-16,58,94571242.0,0,0,0.0,0.00718,0.00718,0.00718,,,76264159.0,,76264159.0
2021-02-17,58,95250418.0,0,0,0.0,0.05044,0.05044,0.05044,,,282910648.0,,282910648.0
2021-02-18,58,99351080.0,0,0,0.0,0.01354,0.01354,0.01354,,,140361555.0,,140361555.0
2021-02-19,58,100042710.0,0,0,0.0,0.01202,0.01202,0.01202,,,117510650.0,,117510650.0
2021-02-22,58,100798513.0,0,0,0.0,0.00679,0.00679,0.00679,,,63043300.0,,63043300.0
2021-02-23,58,101279982.0,0,0,0.0,0.00925,0.00925,0.00925,,,133510974.0,,133510974.0
2021-02-24,58,101945503.0,0,0,0.0,0.01777,0.01777,0.01777,,,215550425.0,,215550425.0
2021-02-25,58,100623309.0,0,0,0.0,0.01039,0.01039,0.01039,,,101342594.0,,101342594.0
2021-02-26,58,99891851.0,0,0,0.0,0.0273,0.0273,0.0273,,,357176737.0,,357176737.0
2021-03-01,58,99250397.0,0,0,0.0,0.04079,0.04079,0.04079,,,332673698.0,,332673698.0
2021-03-02,58,99021985.0,0,4,0.06897,0.00578,0.00555,0.00578,,,66919810.0,,66919810.0
2021-03-03,54,98678111.0,0,0,0.0,0.00669,0.00669,0.00669,,,83947003.0,,83947003.0
2021-03-04,54,99076362.0,0,0,0.0,0.02639,0.02639,0.02639,,,195135758.0,,195135758.0
2021-03-05,54,98591316.0,0,0,0.0,0.04405,0.04405,0.04405,,,328218194.0,,328218194.0
2021-03-08,54,96552834.0,0,0,0.0,0.0385,0.0385,0.0385,,,266059742.0,,266059742.0
2021-03-09,54,93564897.0,0,0,0.0,0.02237,0.02237,0.02237,,,209262406.0,,209262406.0
2021-03-10,54,92418866.0,0,0,0.0,0.0092,0.0092,0.0092,,,52438219.0,,52438219.0
2021-03-11,54,92530337.0,1,0,0.01852,0.00888,0.00327,0.00888,,,78273734.0,,78273734.0
2021-03-12,55,93219985.0,0,0,0.0,0.01043,0.01043,0.01043,,,47283206.0,,47283206.0
2021-03-15,55,93983022.0,0,0,0.0,0.00104,0.00104,0.00104,,,6961475.0,,6961475.0
2021-03-16,55,93885221.0,1,0,0.01818,0.00641,0.00432,0.00641,,,121810681.0,,121810681.0
2021-03-17,56,93954265.0,0,0,0.0,0.0135,0.0135,0.0135,,,126936266.0,,126936266.0
2021-03-18,56,94508171.0,0,0,0.0,0.00411,0.00411,0.00411,,,64440800.0,,64440800.0
2021-03-19,56,94548150.0,0,2,0.03571,0.00116,0.00105,0.00116,,,21233859.0,,21233859.0
2021-03-22,54,94558743.0,0,0,0.0,0.02098,0.02098,0.02098,,,110916989.0,,110916989.0
2021-03-23,54,95895559.0,0,0,0.0,0.0,0.0,0.0,,,0.0,,0.0
2021-03-24,54,95895559.0,0,0,0.0,0.0,0.0,0.0,,,0.0,,0.0
2021-03-25,54,95895559.0,0,0,0.0,0.01087,0.01087,0.01087,,,92089272.0,,92089272.0
2021-03-26,54,95184060.0,0,0,0.0,0.0182,0.0182,0.0182,,,108601005.0,,108601005.0
2021-03-29,54,95944856.0,0,0,0.0,0.0082,0.0082,0.0082,,,81181501.0,,81181501.0
2021-03-30,54,95793474.0,0,0,0.0,0.02615,0.02615,0.02615,,,261352345.0,,261352345.0
2021-03-31,54,95323281.0,0,0,0.0,0.00582,0.00582,0.00582,,,34562228.0,,34562228.0
2021-04-01,54,95304031.0,0,0,0.0,0.00428,0.00428,0.00428,,,28008691.0,,28008691.0
2021-04-05,54,94896515.0,0,0,0.0,0.00217,0.00217,0.00217,,,12887567.0,,12887567.0
2021-04-06,54,94690785.0,0,0,0.0,0.0094,0.0094,0.0094,,,80645143.0,,80645143.0
2021-04-07,54,93944452.0,0,0,0.0,0.00539,0.00539,0.00539,,,44294422.0,,44294422.0
2021-04-08,54,93961857.0,0,0,0.0,0.005,0.005,0.005,,,39924515.0,,39924515.0
2021-04-09,54,94267077.0,1,0,0.01852,0.00588,0.00509,0.00588,,,83714460.0,,83714460.0
2021-04-12,55,94398993.0,0,0,0.0,0.00716,0.00716,0.00716,,,36248526.0,,36248526.0
2021-04-13,55,94422866.0,0,0,0.0,0.00608,0.00608,0.00608,,,78454510.0,,78454510.0
2021-04-14,55,94345725.0,0,0,0.0,0.00725,0.00725,0.00725,,,61650657.0,,61650657.0
2021-04-15,55,94080398.0,1,0,0.01818,0.00612,0.00455,0.00612,,,118909699.0,,118909699.0
2021-04-16,56,94194542.0,0,0,0.0,0.00852,0.00852,0.00852,,,74314290.0,,74314290.0
2021-04-19,56,93500714.0,0,0,0.0,0.00312,0.00312,0.00312,,,63410500.0,,63410500.0
2021-04-20,56,93482575.0,0,0,0.0,0.00833,0.00833,0.00833,,,76148534.0,,76148534.0
2021-04-21,56,93111655.0,0,0,0.0,0.0204,0.0204,0.0204,,,144567916.0,,144567916.0
2021-04-22,56,93160390.0,1,0,0.01786,0.03807,0.03394,0.03807,,,255693255.0,,255693255.0
2021-04-23,57,93986129.0,0,0,0.0,0.00653,0.00653,0.00653,,,88921750.0,,88921750.0
2021-04-26,57,93828344.0,0,0,0.0,0.00663,0.00663,0.00663,,,54537128.0,,54537128.0
2021-04-27,57,93206276.0,0,0,0.0,0.00775,0.00775,0.00775,,,102325263.0,,102325263.0
2021-04-28,57,93357462.0,0,3,0.05263,0.01042,0.01038,0.01042,,,127823645.0,,127823645.0
2021-04-29,54,93310835.0,0,0,0.0,0.00855,0.00855,0.00855,,,97935771.0,,97935771.0
2021-04-30,54,93232523.0,0,0,0.0,0.02901,0.02901,0.02901,,,241606218.0,,241606218.0
2021-05-03,54,92642512.0,0,0,0.0,0.0,0.0,0.0,,,0.0,,0.0
2021-05-04,54,92642512.0,0,0,0.0,0.01917,0.01917,0.01917,,,137724769.0,,137724769.0
2021-05-05,54,92227478.0,0,0,0.0,0.01003,0.01003,0.01003,,,59601031.0,,59601031.0
2021-05-06,54,92090294.0,0,3,0.05556,0.02692,0.02688,0.02692,,,144049369.0,,144049369.0
2021-05-07,51,92517852.0,0,0,0.0,0.07283,0.07283,0.07283,,,361013691.0,,361013691.0
2021-05-10,51,91125058.0,0,0,0.0,0.01206,0.01206,0.01206,,,49022700.0,,49022700.0
2021-05-11,51,91107656.0,2,0,0.03922,0.06249,0.06246,0.06249,,,210996798.0,,210996798.0
2021-05-12,53,89056021.0,0,0,0.0,0.02013,0.02013,0.02013,,,94744299.0,,94744299.0
2021-05-13,53,88718836.0,0,0,0.0,0.02012,0.02012,0.02012,,,122607732.0,,122607732.0
2021-05-14,53,87016656.0,0,0,0.0,0.01808,0.01808,0.01808,,,111041801.0,,111041801.0
2021-05-17,53,85834841.0,1,2,0.0566,0.00985,0.00805,0.00985,,,61229430.0,,61229430.0
2021-05-18,52,85290787.0,0,0,0.0,0.00938,0.00938,0.00938,,,88660483.0,,88660483.0
2021-05-19,52,85445800.0,0,0,0.0,0.00668,0.00668,0.00668,,,50262353.0,,50262353.0
2021-05-20,52,85046385.0,0,0,0.0,0.0101,0.0101,0.0101,,,48949860.0,,48949860.0
2021-05-21,52,84439684.0,0,2,0.03846,0.00679,0.00679,0.00679,,,41408927.0,,41408927.0
2021-05-24,50,84914215.0,0,0,0.0,0.0061,0.0061,0.0061,,,42548886.0,,42548886.0
2021-05-25,50,84487019.0,1,3,0.08,0.00964,0.00958,0.00964,,,40484876.0,,40484876.0
2021-05-26,48,85053638.0,0,2,0.04167,0.015,0.015,0.015,,,79214511.0,,79214511.0
2021-05-27,46,84862360.0,0,0,0.0,0.00024,0.00024,0.00024,,,387019.0,,387019.0
2021-05-28,46,84882990.0,0,0,0.0,0.01272,0.01272,0.01272,,,92340652.0,,92340652.0
2021-06-01,46,84433660.0,0,0,0.0,0.01302,0.01302,0.01302,,,35920581.0,,35920581.0
2021-06-02,46,84878155.0,0,0,0.0,0.01447,0.01447,0.01447,,,71150513.0,,71150513.0
2021-06-03,46,84167617.0,1,0,0.02174,0.00803,0.00616,0.00803,,,67318011.0,,67318011.0
2021-06-04,47,83995528.0,0,0,0.0,0.00106,0.00106,0.00106,,,6346032.0,,6346032.0
2021-06-07,47,84084671.0,0,0,0.0,0.00412,0.00412,0.00412,,,24583600.0,,24583600.0
2021-06-08,47,83752922.0,0,0,0.0,0.00506,0.00506,0.00506,,,33493816.0,,33493816.0
2021-06-09,47,83913648.0,0,0,0.0,0.00923,0.00923,0.00923,,,55229695.0,,55229695.0
2021-06-10,47,83333943.0,0,0,0.0,0.01049,0.01049,0.01049,,,76452302.0,,76452302.0
2021-06-11,47,83903585.0,0,0,0.0,0.00465,0.00465,0.00465,,,28641844.0,,28641844.0
2021-06-14,47,83805240.0,1,0,0.02128,0.00047,1e-05,0.00047,,,1537088.0,,1537088.0
2021-06-15,48,83843538.0,0,1,0.02083,0.00612,0.00612,0.00612,,,60703733.0,,60703733.0
2021-06-16,47,83696375.0,0,0,0.0,0.00303,0.00303,0.00303,,,15558074.0,,15558074.0
2021-06-17,47,83805715.0,0,0,0.0,0.0077,0.0077,0.0077,,,38526912.0,,38526912.0
2021-06-18,47,83425657.0,0,0,0.0,0.0,0.0,0.0,,,0.0,,0.0
2021-06-21,47,83425657.0,1,0,0.02128,0.02246,0.02027,0.02246,,,116859396.0,,116859396.0
2021-06-22,48,83707187.0,0,0,0.0,0.01034,0.01034,0.01034,,,70753259.0,,70753259.0
2021-06-23,48,83274079.0,0,0,0.0,0.03139,0.03139,0.03139,,,119194771.0,,119194771.0
2021-06-24,48,83315370.0,0,0,0.0,0.00848,0.00848,0.00848,,,51200260.0,,51200260.0
2021-06-25,48,83901061.0,0,0,0.0,0.00771,0.00771,0.00771,,,51137377.0,,51137377.0
2021-06-28,48,84546838.0,0,0,0.0,0.00123,0.00123,0.00123,,,7559223.0,,7559223.0
2021-06-29,48,84442709.0,0,1,0.02083,0.00239,0.00239,0.00239,,,9732827.0,,9732827.0
2021-06-30,47,84382460.0,0,0,0.0,0.01916,0.01916,0.01916,,,111155038.0,,111155038.0
2021-07-01,47,85974792.0,0,0,0.0,0.0214,0.0214,0.0214,,,58887522.0,,58887522.0
2021-07-02,47,86076295.0,0,0,0.0,0.01051,0.01051,0.01051,,,39948676.0,,39948676.0
2021-07-06,47,86359086.0,0,0,0.0,0.00697,0.00697,0.00697,,,23517944.0,,23517944.0
2021-07-07,47,86409683.0,1,0,0.02128,0.0227,0.01769,0.0227,,,144650761.0,,144650761.0
2021-07-08,48,86619338.0,0,0,0.0,0.0218,0.0218,0.0218,,,86310291.0,,86310291.0
2021-07-09,48,86948022.0,0,0,0.0,0.01525,0.01525,0.01525,,,73471272.0,,73471272.0
2021-07-12,48,86280637.0,0,0,0.0,0.00317,0.00317,0.00317,,,4141611.0,,4141611.0
2021-07-13,48,86006902.0,2,0,0.04167,0.01617,0.01484,0.01617,,,71732314.0,,71732314.0
2021-07-14,50,85278135.0,0,0,0.0,0.0343,0.0343,0.0343,,,112042659.0,,112042659.0
2021-07-15,50,84628193.0,0,0,0.0,0.0315,0.0315,0.0315,,,136346826.0,,136346826.0
2021-07-16,50,84433366.0,0,0,0.0,0.0373,0.0373,0.0373,,,72512319.0,,72512319.0
2021-07-19,50,83955043.0,0,0,0.0,0.01468,0.01468,0.01468,,,51453998.0,,51453998.0
2021-07-20,50,83811063.0,0,0,0.0,0.04202,0.04202,0.04202,,,118662298.0,,118662298.0
2021-07-21,50,84274936.0,0,0,0.0,0.03566,0.03566,0.03566,,,80478363.0,,80478363.0
2021-07-22,50,84459497.0,0,0,0.0,0.00541,0.00541,0.00541,,,24679846.0,,24679846.0
2021-07-23,50,84295336.0,0,1,0.02,0.01157,0.01157,0.01157,,,37961617.0,,37961617.0
2021-07-26,49,84253019.0,0,0,0.0,0.007,0.007,0.007,,,32664851.0,,32664851.0
2021-07-27,49,84598898.0,0,0,0.0,0.02097,0.02097,0.02097,,,129690147.0,,129690147.0
2021-07-28,49,83751589.0,0,0,0.0,0.05112,0.05112,0.05112,,,276355366.0,,276355366.0
2021-07-29,49,81960258.0,0,0,0.0,0.01537,0.01537,0.01537,,,91681860.0,,91681860.0
2021-07-30,49,81594816.0,1,1,0.04082,0.02767,0.02029,0.02767,,,111132060.0,,111132060.0
2021-08-02,49,82088744.0,0,1,0.02041,0.01491,0.01491,0.01491,,,60660459.0,,60660459.0
2021-08-03,48,82465987.0,0,3,0.0625,0.00834,0.00834,0.00834,,,63644881.0,,63644881.0
2021-08-04,45,82498743.0,0,0,0.0,0.00232,0.00232,0.00232,,,8784687.0,,8784687.0
2021-08-05,45,82486094.0,1,0,0.02222,0.00506,0.00201,0.00506,,,34622005.0,,34622005.0
2021-08-06,46,82681654.0,1,1,0.04348,0.013,0.00961,0.013,,,107857946.0,,107857946.0
2021-08-09,46,83295909.0,0,0,0.0,0.00744,0.00744,0.00744,,,41056575.0,,41056575.0
2021-08-10,46,83060525.0,0,0,0.0,0.0021,0.0021,0.0021,,,10636349.0,,10636349.0
2021-08-11,46,82998152.0,0,0,0.0,0.02566,0.02566,0.02566,,,101310610.0,,101310610.0
2021-08-12,46,82648660.0,0,0,0.0,0.00763,0.00763,0.00763,,,37024623.0,,37024623.0
2021-08-13,46,82473015.0,0,0,0.0,0.00963,0.00963,0.00963,,,31600406.0,,31600406.0
2021-08-16,46,82914545.0,0,0,0.0,0.00426,0.00426,0.00426,,,24563488.0,,24563488.0
2021-08-17,46,82634875.0,0,0,0.0,0.02367,0.02367,0.02367,,,108926092.0,,108926092.0
2021-08-18,46,83272650.0,0,0,0.0,0.00717,0.00717,0.00717,,,53622983.0,,53622983.0
2021-08-19,46,83265612.0,0,0,0.0,0.00445,0.00445,0.00445,,,15267152.0,,15267152.0
2021-08-20,46,83528438.0,0,0,0.0,0.01038,0.01038,0.01038,,,41209454.0,,41209454.0
2021-08-23,46,83341191.0,0,0,0.0,0.00632,0.00632,0.00632,,,34818009.0,,34818009.0
2021-08-24,46,83785391.0,0,0,0.0,0.01641,0.01641,0.01641,,,101838170.0,,101838170.0
2021-08-25,46,84744260.0,0,0,0.0,0.01162,0.01162,0.01162,,,54870004.0,,54870004.0
2021-08-26,46,85294614.0,0,1,0.02174,0.00904,0.00902,0.00904,,,37912044.0,,37912044.0
2021-08-27,45,85761718.0,0,0,0.0,0.00421,0.00421,0.00421,,,36595005.0,,36595005.0
2021-08-30,45,85952024.0,0,0,0.0,0.00216,0.00216,0.00216,,,7965961.0,,7965961.0
2021-08-31,45,85905661.0,0,0,0.0,0.00582,0.00582,0.00582,,,38272467.0,,38272467.0
2021-09-01,45,86328345.0,0,0,0.0,0.00891,0.00891,0.00891,,,53600794.0,,53600794.0
2021-09-02,45,86219250.0,0,0,0.0,0.00528,0.00528,0.00528,,,25222698.0,,25222698.0
2021-09-03,45,86671744.0,0,0,0.0,0.00313,0.00313,0.00313,,,5716592.0,,5716592.0
2021-09-07,45,86942801.0,0,0,0.0,0.00203,0.00203,0.00203,,,24971591.0,,24971591.0
2021-09-08,45,86961542.0,0,1,0.02222,0.01296,0.01295,0.01296,,,89663375.0,,89663375.0
2021-09-09,44,86579073.0,0,0,0.0,0.01507,0.01507,0.01507,,,98965592.0,,98965592.0
2021-09-10,44,85952743.0,0,0,0.0,0.00994,0.00994,0.00994,,,76095093.0,,76095093.0
2021-09-13,44,85623047.0,0,0,0.0,0.00113,0.00113,0.00113,,,9313777.0,,9313777.0
2021-09-14,44,85566499.0,0,0,0.0,0.02494,0.02494,0.02494,,,129373910.0,,129373910.0
2021-09-15,44,84647600.0,0,1,0.02273,0.00819,0.00819,0.00819,,,51172440.0,,51172440.0
2021-09-16,43,84549385.0,0,0,0.0,0.00478,0.00478,0.00478,,,21865638.0,,21865638.0
2021-09-17,43,84470872.0,0,0,0.0,0.0176,0.0176,0.0176,,,60248658.0,,60248658.0
2021-09-20,43,83187232.0,0,0,0.0,0.01004,0.01004,0.01004,,,43568385.0,,43568385.0
2021-09-21,43,83132085.0,0,0,0.0,0.01057,0.01057,0.01057,,,51064577.0,,51064577.0
2021-09-22,43,82555622.0,0,0,0.0,0.01258,0.01258,0.01258,,,85406462.0,,85406462.0
2021-09-23,43,83293776.0,0,0,0.0,0.00314,0.00314,0.00314,,,19058853.0,,19058853.0
2021-09-24,43,83458831.0,0,0,0.0,0.00884,0.00884,0.00884,,,30577631.0,,30577631.0
2021-09-27,43,83368193.0,0,0,0.0,0.00256,0.00256,0.00256,,,15823531.0,,15823531.0
2021-09-28,43,83469518.0,0,0,0.0,0.01424,0.01424,0.01424,,,97884784.0,,97884784.0
2021-09-29,43,82856356.0,0,0,0.0,0.01498,0.01498,0.01498,,,100556810.0,,100556810.0
2021-09-30,43,81845496.0,0,0,0.0,0.01197,0.01197,0.01197,,,73497441.0,,73497441.0
2021-10-01,43,81569461.0,0,0,0.0,0.00476,0.00476,0.00476,,,24619218.0,,24619218.0
2021-10-04,43,81371872.0,0,0,0.0,0.00172,0.00172,0.00172,,,8023272.0,,8023272.0
2021-10-05,43,81291766.0,0,0,0.0,0.0088,0.0088,0.0088,,,95415356.0,,95415356.0
2021-10-06,43,81265147.0,0,0,0.0,0.00564,0.00564,0.00564,,,44950320.0,,44950320.0
2021-10-07,43,80981400.0,0,0,0.0,0.00296,0.00296,0.00296,,,13825553.0,,13825553.0
2021-10-08,43,81015522.0,0,0,0.0,0.00304,0.00304,0.00304,,,20865288.0,,20865288.0
2021-10-11,43,80999578.0,0,0,0.0,0.00423,0.00423,0.00423,,,21406572.0,,21406572.0
2021-10-12,43,80656787.0,0,1,0.02326,0.00451,0.00451,0.00451,,,22169915.0,,22169915.0
2021-10-13,42,80365217.0,0,0,0.0,0.00535,0.00535,0.00535,,,18980908.0,,18980908.0
2021-10-14,42,80692197.0,0,0,0.0,0.00311,0.00311,0.00311,,,14990559.0,,14990559.0
2021-10-15,42,80943085.0,0,0,0.0,0.0,0.0,0.0,,,0.0,,0.0
2021-10-18,42,80943085.0,0,0,0.0,0.00708,0.00708,0.00708,,,37355056.0,,37355056.0
2021-10-19,42,81516425.0,0,0,0.0,0.00205,0.00205,0.00205,,,13488218.0,,13488218.0
2021-10-20,42,81424234.0,0,0,0.0,0.0,0.0,0.0,,,0.0,,0.0
2021-10-21,42,81424234.0,0,0,0.0,0.00423,0.00423,0.00423,,,23227738.0,,23227738.0
2021-10-22,42,81080164.0,0,0,0.0,0.00024,0.00024,0.00024,,,5785968.0,,5785968.0
2021-10-25,42,81060748.0,0,0,0.0,0.01516,0.01516,0.01516,,,70830380.0,,70830380.0
2021-10-26,42,81896724.0,0,0,0.0,0.01305,0.01305,0.01305,,,88039060.0,,88039060.0
2021-10-27,42,82230151.0,0,0,0.0,0.01422,0.01422,0.01422,,,67150524.0,,67150524.0
2021-10-28,42,83292499.0,0,0,0.0,0.01789,0.01789,0.01789,,,95835301.0,,95835301.0
2021-11-12,42,83018608.0,1,1,0.04762,0.08831,0.08492,0.08831,,,576562053.0,,576562053.0
2021-11-15,42,81410427.0,0,0,0.0,0.00144,0.00144,0.00144,,,7826472.0,,7826472.0
2021-11-16,42,81292940.0,0,0,0.0,0.00498,0.00498,0.00498,,,72100116.0,,72100116.0
2021-11-17,42,81361898.0,0,0,0.0,0.01454,0.01454,0.01454,,,83510494.0,,83510494.0
2021-11-18,42,82338803.0,0,0,0.0,0.01057,0.01057,0.01057,,,74110763.0,,74110763.0
2021-11-19,42,81584293.0,0,0,0.0,0.01079,0.01079,0.01079,,,45176273.0,,45176273.0
2021-11-22,42,81740219.0,0,0,0.0,0.00097,0.00097,0.00097,,,21502662.0,,21502662.0
2021-11-23,42,81764372.0,1,0,0.02381,0.04532,0.04495,0.04532,,,299945768.0,,299945768.0
2021-11-24,43,82258163.0,0,0,0.0,0.03768,0.03768,0.03768,,,115292439.0,,115292439.0
2021-11-26,43,84349571.0,0,0,0.0,0.01429,0.01429,0.01429,,,41462278.0,,41462278.0
2021-11-29,43,84439684.0,0,0,0.0,0.00332,0.00332,0.00332,,,1637780.0,,1637780.0
2021-11-30,43,84719995.0,0,0,0.0,0.00637,0.00637,0.00637,,,14174112.0,,14174112.0
2021-12-01,43,85161079.0,0,0,0.0,0.00804,0.00804,0.00804,,,43446858.0,,43446858.0
2021-12-02,43,85279756.0,0,0,0.0,0.00506,0.00506,0.00506,,,27602565.0,,27602565.0
2021-12-03,43,85145514.0,0,0,0.0,0.01259,0.01259,0.01259,,,91294395.0,,91294395.0
2021-12-06,43,84347737.0,0,0,0.0,0.0176,0.0176,0.0176,,,141892357.0,,141892357.0
2021-12-07,43,83725351.0,0,0,0.0,0.01025,0.01025,0.01025,,,76982936.0,,76982936.0
2021-12-08,43,83344500.0,0,0,0.0,0.00301,0.00301,0.00301,,,12997186.0,,12997186.0
2021-12-09,43,83093476.0,0,0,0.0,0.00302,0.00302,0.00302,,,13449222.0,,13449222.0
2021-12-10,43,82842420.0,1,0,0.02326,0.01683,0.0045,0.01683,,,41617901.0,,41617901.0
2021-12-13,44,84034557.0,0,0,0.0,0.00606,0.00606,0.00606,,,25057191.0,,25057191.0
2021-12-14,44,83525421.0,1,0,0.02273,0.01018,0.00852,0.01018,,,54447538.0,,54447538.0
2021-12-15,45,83034145.0,0,0,0.0,0.00718,0.00718,0.00718,,,28009093.0,,28009093.0
2021-12-16,45,83182000.0,0,1,0.02222,0.0269,0.0269,0.0269,,,75477732.0,,75477732.0
2021-12-17,44,83589614.0,0,0,0.0,0.00975,0.00975,0.00975,,,28836978.0,,28836978.0
2021-12-20,44,83212068.0,0,0,0.0,0.00819,0.00819,0.00819,,,31737132.0,,31737132.0
2021-12-21,44,83822300.0,0,0,0.0,0.0068,0.0068,0.0068,,,43738597.0,,43738597.0
2021-12-22,44,83451475.0,0,0,0.0,0.00154,0.00154,0.00154,,,6181807.0,,6181807.0
2021-12-23,44,83323077.0,0,0,0.0,0.00016,0.00016,0.00016,,,431730.0,,431730.0
2021-12-27,44,83336577.0,0,0,0.0,0.00308,0.00308,0.00308,,,12603723.0,,12603723.0
2021-12-28,44,83079727.0,0,2,0.04545,0.0173,0.0173,0.0173,,,102314129.0,,102314129.0
2021-12-29,42,81642597.0,0,0,0.0,0.00926,0.00926,0.00926,,,38827462.0,,38827462.0
2021-12-30,42,80898957.0,0,0,0.0,0.00169,0.00169,0.00169,,,6864846.0,,6864846.0
2021-12-31,42,80789747.0,0,0,0.0,0.00176,0.00176,0.00176,,,6394846.0,,6394846.0
2022-01-03,42,80928802.0,0,0,0.0,0.00198,0.00198,0.00198,,,9787696.0,,9787696.0
2022-01-04,42,80807650.0,0,0,0.0,0.01337,0.01337,0.01337,,,96677990.0,,96677990.0
2022-01-05,42,80999563.0,0,0,0.0,0.00865,0.00865,0.00865,,,46065234.0,,46065234.0
2022-01-06,42,81462603.0,0,0,0.0,0.02602,0.02602,0.02602,,,58220385.0,,58220385.0
2022-01-07,42,82659943.0,0,0,0.0,0.01713,0.01713,0.01713,,,61604983.0,,61604983.0
2022-01-10,42,81247344.0,0,0,0.0,0.0076,0.0076,0.0076,,,40082793.0,,40082793.0
2022-01-11,42,80798456.0,0,0,0.0,0.02725,0.02725,0.02725,,,93150998.0,,93150998.0
2022-01-12,42,78596705.0,0,0,0.0,0.02735,0.02735,0.02735,,,143178252.0,,143178252.0
2022-01-13,42,78524764.0,0,0,0.0,0.00966,0.00966,0.00966,,,44807007.0,,44807007.0
2022-01-14,42,79262239.0,0,0,0.0,0.0066,0.0066,0.0066,,,42258888.0,,42258888.0
2022-01-18,42,78875630.0,0,0,0.0,0.00063,0.00063,0.00063,,,6528040.0,,6528040.0
2022-01-19,42,78905844.0,0,0,0.0,0.01624,0.01624,0.01624,,,35641448.0,,35641448.0
2022-01-20,42,77700787.0,0,0,0.0,0.0309,0.0309,0.0309,,,71700062.0,,71700062.0
2022-01-21,42,75300142.0,0,0,0.0,0.00825,0.00825,0.00825,,,22260542.0,,22260542.0
2022-01-24,42,74929269.0,0,0,0.0,0.00933,0.00933,0.00933,,,25453164.0,,25453164.0
2022-01-25,42,74273273.0,0,0,0.0,0.0104,0.0104,0.0104,,,27844344.0,,27844344.0
2022-01-26,42,75045695.0,0,0,0.0,0.00172,0.00172,0.00172,,,4471350.0,,4471350.0
2022-01-27,42,74916961.0,0,0,0.0,0.0,0.0,0.0,,,0.0,,0.0
2022-01-28,42,74916961.0,0,0,0.0,0.02148,0.02148,0.02148,,,37200218.0,,37200218.0
2022-01-31,42,74966077.0,0,0,0.0,0.01577,0.01577,0.01577,,,39096503.0,,39096503.0
2022-02-01,42,74142494.0,0,0,0.0,0.05942,0.05942,0.05942,,,61758032.0,,61758032.0
2022-02-02,42,69977845.0,0,0,0.0,0.01945,0.01945,0.01945,,,20628384.0,,20628384.0
2022-02-03,42,68797606.0,0,0,0.0,0.01422,0.01422,0.01422,,,39506972.0,,39506972.0
2022-02-04,42,67931283.0,0,1,0.02381,0.00681,0.00681,0.00681,,,24523332.0,,24523332.0
2022-02-07,41,67657309.0,0,0,0.0,0.00712,0.00712,0.00712,,,18439949.0,,18439949.0
2022-02-08,41,67175641.0,0,0,0.0,0.00846,0.00846,0.00846,,,26661009.0,,26661009.0
2022-02-09,41,66703206.0,0,0,0.0,0.00503,0.00503,0.00503,,,11170572.0,,11170572.0
2022-02-10,41,66919908.0,0,0,0.0,0.00385,0.00385,0.00385,,,10848940.0,,10848940.0
2022-02-11,41,66670712.0,0,2,0.04878,0.0043,0.0043,0.0043,,,10281596.0,,10281596.0
2022-02-14,39,66661702.0,0,0,0.0,0.00327,0.00327,0.00327,,,7336459.0,,7336459.0
2022-02-15,39,66745570.0,0,0,0.0,0.00651,0.00651,0.00651,,,56566577.0,,56566577.0
2022-02-16,39,66749510.0,0,0,0.0,0.02524,0.02524,0.02524,,,67666616.0,,67666616.0
2022-02-17,39,68433937.0,0,0,0.0,0.00462,0.00462,0.00462,,,13060546.0,,13060546.0
2022-02-18,39,68351770.0,0,0,0.0,0.00934,0.00934,0.00934,,,14495132.0,,14495132.0
2022-02-22,39,67827193.0,0,0,0.0,0.03028,0.03028,0.03028,,,40655981.0,,40655981.0
2022-02-23,39,66057859.0,0,0,0.0,0.0603,0.0603,0.0603,,,74327866.0,,74327866.0
2022-02-24,39,62471966.0,0,0,0.0,0.03037,0.03037,0.03037,,,47452460.0,,47452460.0
2022-02-25,39,60778698.0,0,0,0.0,0.01022,0.01022,0.01022,,,31321760.0,,31321760.0
2022-02-28,39,61292380.0,0,0,0.0,0.00362,0.00362,0.00362,,,8561244.0,,8561244.0
2022-03-01,39,61070555.0,1,0,0.02564,0.02037,0.01622,0.02037,,,71940229.0,,71940229.0
2022-03-02,40,60998357.0,0,1,0.025,0.00023,0.00023,0.00023,,,2095784.0,,2095784.0
2022-03-03,39,61008420.0,0,2,0.05128,0.02259,0.02259,0.02259,,,98393572.0,,98393572.0
2022-03-04,37,61337033.0,0,0,0.0,0.03159,0.03159,0.03159,,,91041921.0,,91041921.0
2022-03-07,37,61270125.0,0,1,0.02703,0.0025,0.0025,0.0025,,,9824520.0,,9824520.0
2022-03-08,36,61157300.0,0,0,0.0,0.01745,0.01745,0.01745,,,34185792.0,,34185792.0
2022-03-09,36,61628103.0,0,0,0.0,0.00363,0.00363,0.00363,,,7423943.0,,7423943.0
2022-03-10,36,61404391.0,0,0,0.0,0.00182,0.00182,0.00182,,,3949979.0,,3949979.0
2022-03-11,36,61292541.0,0,0,0.0,0.0,0.0,0.0,,,0.0,,0.0
2022-03-14,36,61292541.0,0,0,0.0,0.00548,0.00548,0.00548,,,10727543.0,,10727543.0
2022-03-15,36,60956943.0,0,0,0.0,0.0,0.0,0.0,,,0.0,,0.0
2022-03-16,36,60956943.0,0,0,0.0,0.00734,0.00734,0.00734,,,14261162.0,,14261162.0
2022-03-17,36,61404351.0,0,0,0.0,0.00364,0.00364,0.00364,,,7815709.0,,7815709.0
2022-03-18,36,61180649.0,0,0,0.0,0.0128,0.0128,0.0128,,,28707088.0,,28707088.0
2022-03-21,36,61963599.0,0,0,0.0,0.00013,0.00013,0.00013,,,357161.0,,357161.0
2022-03-22,36,61955242.0,0,0,0.0,0.00181,0.00181,0.00181,,,4191470.0,,4191470.0
2022-03-23,36,61843404.0,0,0,0.0,0.00167,0.00167,0.00167,,,4027512.0,,4027512.0
2022-03-24,36,61946900.0,0,0,0.0,0.0,0.0,0.0,,,0.0,,0.0
2022-03-25,36,61946900.0,0,0,0.0,0.00722,0.00722,0.00722,,,17560129.0,,17560129.0
2022-03-28,36,61499624.0,0,0,0.0,0.00319,0.00319,0.00319,,,23771206.0,,23771206.0
2022-03-29,36,61625826.0,0,0,0.0,0.00143,0.00143,0.00143,,,13105479.0,,13105479.0
2022-03-30,36,61624994.0,0,0,0.0,0.00286,0.00286,0.00286,,,22949122.0,,22949122.0
2022-03-31,36,61751080.0,0,0,0.0,0.0037,0.0037,0.0037,,,13124194.0,,13124194.0
2022-04-01,36,61965985.0,0,0,0.0,0.00664,0.00664,0.00664,,,18012873.0,,18012873.0
2022-04-04,36,62323246.0,0,0,0.0,0.00181,0.00181,0.00181,,,4387764.0,,4387764.0
2022-04-05,36,62210528.0,0,0,0.0,0.0,0.0,0.0,,,0.0,,0.0
2022-04-06,36,62210528.0,0,0,0.0,0.0,0.0,0.0,,,0.0,,0.0
2022-04-07,36,62210528.0,0,0,0.0,0.00906,0.00906,0.00906,,,20849396.0,,20849396.0
2022-04-08,36,61647003.0,0,0,0.0,0.00183,0.00183,0.00183,,,4127031.0,,4127031.0
2022-04-11,36,61759707.0,0,0,0.0,0.0,0.0,0.0,,,0.0,,0.0
2022-04-12,36,61759707.0,0,0,0.0,0.00775,0.00775,0.00775,,,24527639.0,,24527639.0
2022-04-13,36,61426201.0,0,0,0.0,0.0,0.0,0.0,,,0.0,,0.0
2022-04-14,36,61426201.0,0,0,0.0,0.0,0.0,0.0,,,0.0,,0.0
2022-04-18,36,61426201.0,0,0,0.0,0.02195,0.02195,0.02195,,,46538111.0,,46538111.0
2022-04-19,36,60078017.0,0,0,0.0,0.02247,0.02247,0.02247,,,45855629.0,,45855629.0
2022-04-20,36,61428137.0,0,0,0.0,0.0022,0.0022,0.0022,,,8301106.0,,8301106.0
2022-04-21,36,61334311.0,0,0,0.0,0.00743,0.00743,0.00743,,,25885393.0,,25885393.0
2022-04-22,36,61018390.0,0,0,0.0,0.00391,0.00391,0.00391,,,21880065.0,,21880065.0
2022-04-25,36,61188189.0,0,0,0.0,0.01069,0.01069,0.01069,,,19123989.0,,19123989.0
2022-04-26,36,61842350.0,0,0,0.0,0.00364,0.00364,0.00364,,,8381637.0,,8381637.0
2022-04-27,36,61617020.0,0,0,0.0,0.00189,0.00189,0.00189,,,3609423.0,,3609423.0
2022-04-28,36,61514756.0,0,0,0.0,0.00186,0.00186,0.00186,,,3467377.0,,3467377.0
2022-04-29,36,61626308.0,0,0,0.0,0.00286,0.00286,0.00286,,,5461143.0,,5461143.0
2022-05-02,36,61802013.0,0,0,0.0,0.0,0.0,0.0,,,0.0,,0.0
2022-05-03,36,61802013.0,0,1,0.02778,0.00126,0.00126,0.00126,,,12619819.0,,12619819.0
2022-05-04,35,61836600.0,0,0,0.0,0.00552,0.00552,0.00552,,,10283760.0,,10283760.0
2022-05-05,35,62177842.0,0,0,0.0,0.00182,0.00182,0.00182,,,3498374.0,,3498374.0
2022-05-06,35,62290908.0,0,0,0.0,0.02733,0.02733,0.02733,,,77674294.0,,77674294.0
2022-05-09,35,61741757.0,0,0,0.0,0.01097,0.01097,0.01097,,,18259968.0,,18259968.0
2022-05-10,35,61064639.0,0,0,0.0,0.03472,0.03472,0.03472,,,50798088.0,,50798088.0
2022-05-11,35,60501423.0,0,0,0.0,0.00621,0.00621,0.00621,,,5709125.0,,5709125.0
2022-05-12,35,60524705.0,0,0,0.0,0.0051,0.0051,0.0051,,,8857303.0,,8857303.0
2022-05-13,35,60336738.0,0,0,0.0,0.01477,0.01477,0.01477,,,21274477.0,,21274477.0
2022-05-16,35,59559674.0,0,0,0.0,0.01304,0.01304,0.01304,,,19717641.0,,19717641.0
2022-05-17,35,60336051.0,0,0,0.0,0.01287,0.01287,0.01287,,,18582311.0,,18582311.0
2022-05-18,35,59559569.0,0,0,0.0,0.0,0.0,0.0,,,0.0,,0.0
2022-05-19,35,59559569.0,0,0,0.0,0.00213,0.00213,0.00213,,,3065395.0,,3065395.0
2022-05-20,35,59643794.0,0,0,0.0,0.0,0.0,0.0,,,0.0,,0.0
2022-05-23,35,59643794.0,0,0,0.0,0.0,0.0,0.0,,,0.0,,0.0
2022-05-24,35,59643794.0,0,0,0.0,0.00877,0.00877,0.00877,,,16537329.0,,16537329.0
2022-05-25,35,59214707.0,0,0,0.0,0.00313,0.00313,0.00313,,,18096035.0,,18096035.0
2022-05-26,35,59234606.0,0,0,0.0,0.00801,0.00801,0.00801,,,15321871.0,,15321871.0
2022-05-27,35,59626608.0,1,0,0.02857,0.01029,0.00467,0.01029,,,22082542.0,,22082542.0
2022-05-31,36,59715600.0,0,0,0.0,0.02122,0.02122,0.02122,,,31120787.0,,31120787.0
2022-06-01,36,60933297.0,0,0,0.0,0.00013,0.00013,0.00013,,,919244.0,,919244.0
2022-06-02,36,60941454.0,0,0,0.0,0.00373,0.00373,0.00373,,,5524990.0,,5524990.0
2022-06-03,36,60714353.0,0,0,0.0,0.0,0.0,0.0,,,0.0,,0.0
2022-06-06,36,60714353.0,0,0,0.0,0.00738,0.00738,0.00738,,,11116011.0,,11116011.0
2022-06-07,36,60266201.0,0,0,0.0,0.01247,0.01247,0.01247,,,31144255.0,,31144255.0
2022-06-08,36,60812421.0,0,0,0.0,0.01116,0.01116,0.01116,,,23150380.0,,23150380.0
2022-06-09,36,61379362.0,0,0,0.0,0.00337,0.00337,0.00337,,,11337840.0,,11337840.0
2022-06-10,36,61298523.0,0,0,0.0,0.00196,0.00196,0.00196,,,3412234.0,,3412234.0
2022-06-13,36,61194127.0,0,0,0.0,0.00218,0.00218,0.00218,,,3554762.0,,3554762.0
2022-06-14,36,61111198.0,0,0,0.0,0.00737,0.00737,0.00737,,,9433940.0,,9433940.0
2022-06-15,36,60660966.0,0,0,0.0,0.00742,0.00742,0.00742,,,9445394.0,,9445394.0
2022-06-16,36,60210726.0,0,0,0.0,6e-05,6e-05,6e-05,,,102942.0,,102942.0
2022-06-17,36,60207401.0,0,0,0.0,0.0,0.0,0.0,,,0.0,,0.0
2022-06-21,36,60207401.0,0,0,0.0,0.0,0.0,0.0,,,0.0,,0.0
2022-06-22,36,60207401.0,0,1,0.02778,0.00422,0.00422,0.00422,,,17137333.0,,17137333.0
2022-06-23,35,60272856.0,0,0,0.0,0.00194,0.00194,0.00194,,,2816791.0,,2816791.0
2022-06-28,35,60381167.0,0,3,0.08571,0.01494,0.01493,0.01494,,,22059745.0,,22059745.0
2022-06-29,32,61281993.0,0,0,0.0,0.0,0.0,0.0,,,0.0,,0.0
2022-06-30,32,61281993.0,0,0,0.0,0.00184,0.00184,0.00184,,,2564219.0,,2564219.0
2022-07-01,32,61169332.0,0,0,0.0,0.0,0.0,0.0,,,0.0,,0.0
2022-07-05,32,61169332.0,0,0,0.0,0.01474,0.01474,0.01474,,,20124766.0,,20124766.0
2022-07-06,32,60267932.0,0,0,0.0,0.0,0.0,0.0,,,0.0,,0.0
2022-07-07,32,60267932.0,0,0,0.0,0.0,0.0,0.0,,,0.0,,0.0
2022-07-08,32,60267932.0,0,0,0.0,0.0,0.0,0.0,,,0.0,,0.0
2022-07-11,32,60267932.0,0,0,0.0,0.00748,0.00748,0.00748,,,11200231.0,,11200231.0
2022-07-12,32,60718616.0,0,0,0.0,0.0,0.0,0.0,,,0.0,,0.0
2022-07-13,32,60718616.0,0,0,0.0,0.0,0.0,0.0,,,0.0,,0.0
2022-07-14,32,60718616.0,0,0,0.0,0.00268,0.00268,0.00268,,,5235395.0,,5235395.0
2022-07-15,32,60712413.0,0,0,0.0,0.002,0.002,0.002,,,2557276.0,,2557276.0
2022-07-18,32,60800931.0,0,0,0.0,0.00079,0.00079,0.00079,,,333314.0,,333314.0
2022-07-19,32,60752903.0,0,0,0.0,0.0069,0.0069,0.0069,,,8426549.0,,8426549.0
2022-07-20,32,60333807.0,0,0,0.0,0.0,0.0,0.0,,,0.0,,0.0
2022-07-21,32,60333807.0,0,0,0.0,0.0,0.0,0.0,,,0.0,,0.0
2022-07-22,32,60333807.0,0,0,0.0,0.0,0.0,0.0,,,0.0,,0.0
2022-07-25,32,60333807.0,0,0,0.0,0.0,0.0,0.0,,,0.0,,0.0
2022-07-26,32,60333807.0,0,0,0.0,0.0,0.0,0.0,,,0.0,,0.0
2022-07-27,32,60333807.0,0,0,0.0,0.00731,0.00731,0.00731,,,20784020.0,,20784020.0
2022-07-28,32,60425636.0,0,0,0.0,0.00931,0.00931,0.00931,,,13761587.0,,13761587.0
2022-07-29,32,59863321.0,0,0,0.0,0.0047,0.0047,0.0047,,,8197066.0,,8197066.0
2022-08-01,32,60109385.0,0,0,0.0,0.00176,0.00176,0.00176,,,7431813.0,,7431813.0
2022-08-02,32,60119570.0,0,0,0.0,0.0,0.0,0.0,,,0.0,,0.0
2022-08-03,32,60119570.0,0,0,0.0,0.00013,0.00013,0.00013,,,284949.0,,284949.0
2022-08-04,32,60127288.0,0,0,0.0,0.00187,0.00187,0.00187,,,3046399.0,,3046399.0
2022-08-05,32,60014673.0,0,0,0.0,0.00015,0.00015,0.00015,,,779075.0,,779075.0
2022-08-08,32,60005714.0,0,0,0.0,0.00164,0.00164,0.00164,,,8460103.0,,8460103.0
2022-08-09,32,60008393.0,0,0,0.0,0.01272,0.01272,0.01272,,,27338318.0,,27338318.0
2022-08-10,32,60323401.0,0,0,0.0,0.00022,0.00022,0.00022,,,462278.0,,462278.0
2022-08-11,32,60336456.0,0,0,0.0,0.01702,0.01702,0.01702,,,28006185.0,,28006185.0
2022-08-12,32,61352656.0,0,0,0.0,0.00017,0.00017,0.00017,,,400380.0,,400380.0
2022-08-15,32,61362891.0,0,0,0.0,0.0,0.0,0.0,,,0.0,,0.0
2022-08-16,32,61362891.0,0,0,0.0,0.0,0.0,0.0,,,0.0,,0.0
2022-08-17,32,61362891.0,0,0,0.0,0.00369,0.00369,0.00369,,,6304069.0,,6304069.0
2022-08-18,32,61136427.0,0,1,0.03125,0.00057,0.00057,0.00057,,,1986425.0,,1986425.0
2022-08-19,31,61165984.0,0,0,0.0,0.00926,0.00926,0.00926,,,14908924.0,,14908924.0
2022-08-22,31,60599514.0,0,0,0.0,0.0,0.0,0.0,,,0.0,,0.0
2022-08-23,31,60599514.0,0,0,0.0,0.00748,0.00748,0.00748,,,10849737.0,,10849737.0
2022-08-24,31,60146338.0,0,0,0.0,0.01241,0.01241,0.01241,,,20921583.0,,20921583.0
2022-08-25,31,59652367.0,0,0,0.0,0.00188,0.00188,0.00188,,,2712528.0,,2712528.0
2022-08-26,31,59764750.0,0,0,0.0,0.0,0.0,0.0,,,0.0,,0.0
2022-08-29,31,59764750.0,0,0,0.0,0.00564,0.00564,0.00564,,,7874476.0,,7874476.0
2022-08-30,31,59427676.0,0,0,0.0,0.01134,0.01134,0.01134,,,15572941.0,,15572941.0
2022-08-31,31,58753540.0,0,0,0.0,0.0,0.0,0.0,,,0.0,,0.0
2022-09-01,31,58753540.0,0,0,0.0,0.00382,0.00382,0.00382,,,5147170.0,,5147170.0
2022-09-02,31,58978250.0,0,0,0.0,0.01298,0.01298,0.01298,,,12625616.0,,12625616.0
2022-09-06,31,59074651.0,0,0,0.0,0.0315,0.0315,0.0315,,,10208684.0,,10208684.0
2022-09-07,31,57638412.0,0,0,0.0,0.01804,0.01804,0.01804,,,4627308.0,,4627308.0
2022-09-08,31,56799511.0,0,0,0.0,0.05615,0.05615,0.05615,,,17052394.0,,17052394.0
2022-09-09,31,54311633.0,0,0,0.0,0.0214,0.0214,0.0214,,,23468486.0,,23468486.0
2022-09-12,31,55021975.0,0,0,0.0,0.0024,0.0024,0.0024,,,2591600.0,,2591600.0
2022-09-13,31,54891198.0,0,0,0.0,0.00068,0.00068,0.00068,,,463326.0,,463326.0
2022-09-14,31,54912284.0,0,0,0.0,0.00137,0.00137,0.00137,,,1518490.0,,1518490.0
2022-09-15,31,54987518.0,0,0,0.0,3e-05,3e-05,3e-05,,,3724.0,,3724.0
2022-09-16,31,54986118.0,0,0,0.0,0.0,0.0,0.0,,,0.0,,0.0
2022-09-19,31,54986118.0,0,0,0.0,0.00944,0.00944,0.00944,,,12950004.0,,12950004.0
2022-09-20,31,54467303.0,1,0,0.03226,0.00168,0.00126,0.00168,,,13596242.0,,13596242.0
2022-09-21,32,54421730.0,0,0,0.0,0.00571,0.00571,0.00571,,,7534081.0,,7534081.0
2022-09-22,32,54110732.0,0,0,0.0,0.00192,0.00192,0.00192,,,2464429.0,,2464429.0
2022-09-23,32,54214400.0,0,0,0.0,0.01147,0.01147,0.01147,,,14126455.0,,14126455.0
2022-09-26,32,53592392.0,0,0,0.0,0.0,0.0,0.0,,,0.0,,0.0
2022-09-27,32,53592392.0,0,0,0.0,0.0,0.0,0.0,,,0.0,,0.0
2022-09-28,32,53592392.0,0,0,0.0,0.0,0.0,0.0,,,0.0,,0.0
2022-09-29,32,53592392.0,0,0,0.0,0.0058,0.0058,0.0058,,,7216206.0,,7216206.0
2022-09-30,32,53903387.0,0,0,0.0,0.00113,0.00113,0.00113,,,883946.0,,883946.0
2022-10-03,32,53960818.0,0,0,0.0,0.0017,0.0017,0.0017,,,2422179.0,,2422179.0
2022-10-04,32,54017595.0,0,0,0.0,0.00301,0.00301,0.00301,,,14828310.0,,14828310.0
2022-10-05,32,53965360.0,0,0,0.0,0.02504,0.02504,0.02504,,,32264251.0,,32264251.0
2022-10-06,32,55306508.0,0,0,0.0,0.01125,0.01125,0.01125,,,14595423.0,,14595423.0
2022-10-07,32,54684159.0,0,0,0.0,0.0,0.0,0.0,,,0.0,,0.0
2022-10-10,32,54684159.0,0,0,0.0,0.00298,0.00298,0.00298,,,3640414.0,,3640414.0
2022-10-11,32,54660578.0,0,0,0.0,0.00253,0.00253,0.00253,,,13528504.0,,13528504.0
2022-10-12,32,54569587.0,0,0,0.0,0.0,0.0,0.0,,,0.0,,0.0
2022-10-13,32,54569587.0,0,1,0.03125,3e-05,3e-05,3e-05,,,92828.0,,92828.0
2022-10-14,31,54567914.0,0,0,0.0,0.0057,0.0057,0.0057,,,6580145.0,,6580145.0
2022-10-17,31,54256667.0,0,0,0.0,0.00382,0.00382,0.00382,,,4161520.0,,4161520.0
2022-10-18,31,54049157.0,0,0,0.0,0.0,0.0,0.0,,,0.0,,0.0
2022-10-19,31,54049157.0,0,0,0.0,0.0,0.0,0.0,,,0.0,,0.0
2022-10-20,31,54049157.0,0,0,0.0,0.00556,0.00556,0.00556,,,6328964.0,,6328964.0
2022-10-21,31,54349751.0,0,0,0.0,0.00184,0.00184,0.00184,,,2130566.0,,2130566.0
2022-10-24,31,54449946.0,0,0,0.0,0.0,0.0,0.0,,,0.0,,0.0
2022-10-25,31,54449946.0,0,0,0.0,0.00686,0.00686,0.00686,,,12972097.0,,12972097.0
2022-10-26,31,54139260.0,0,0,0.0,0.00065,0.00065,0.00065,,,1816233.0,,1816233.0
2022-10-27,31,54173820.0,0,0,0.0,0.00196,0.00196,0.00196,,,2581117.0,,2581117.0
2022-10-28,31,54280074.0,0,1,0.03226,0.00021,0.00021,0.00021,,,849042.0,,849042.0
2022-10-31,30,54291535.0,0,0,0.0,0.0146,0.0146,0.0146,,,18291018.0,,18291018.0
2022-11-01,30,54341736.0,0,0,0.0,0.00874,0.00874,0.00874,,,13677678.0,,13677678.0
2022-11-02,30,54193864.0,0,0,0.0,0.00328,0.00328,0.00328,,,6328000.0,,6328000.0
2022-11-03,30,54371885.0,0,0,0.0,0.00733,0.00733,0.00733,,,5870333.0,,5870333.0
2022-11-04,30,54590369.0,0,0,0.0,0.00743,0.00743,0.00743,,,8589579.0,,8589579.0
2022-11-07,30,54191343.0,0,0,0.0,0.01166,0.01166,0.01166,,,12894830.0,,12894830.0
2022-11-08,30,54222349.0,0,0,0.0,0.00574,0.00574,0.00574,,,6518230.0,,6518230.0
2022-11-09,30,53911255.0,0,0,0.0,0.00559,0.00559,0.00559,,,6101930.0,,6101930.0
2022-11-10,30,53746481.0,0,0,0.0,0.01348,0.01348,0.01348,,,15043516.0,,15043516.0
2022-11-11,30,53059201.0,0,0,0.0,0.0,0.0,0.0,,,0.0,,0.0
2022-11-14,30,53059201.0,0,0,0.0,0.00586,0.00586,0.00586,,,7154385.0,,7154385.0
2022-11-15,30,52748272.0,0,0,0.0,0.01959,0.01959,0.01959,,,16454863.0,,16454863.0
2022-11-16,30,53285631.0,0,0,0.0,0.01087,0.01087,0.01087,,,6122921.0,,6122921.0
2022-11-17,30,53253324.0,0,0,0.0,0.0001,0.0001,0.0001,,,153430.0,,153430.0
2022-11-18,30,53247775.0,0,0,0.0,0.00225,0.00225,0.00225,,,2668836.0,,2668836.0
2022-11-21,30,53128181.0,0,0,0.0,0.00112,0.00112,0.00112,,,3365568.0,,3365568.0
2022-11-22,30,53142807.0,0,0,0.0,0.00584,0.00584,0.00584,,,4336304.0,,4336304.0
2022-11-23,30,53390460.0,0,0,0.0,0.0,0.0,0.0,,,0.0,,0.0
2022-11-25,30,53390460.0,0,0,0.0,0.0,0.0,0.0,,,0.0,,0.0
2022-11-28,30,53390460.0,0,0,0.0,0.00195,0.00195,0.00195,,,2184266.0,,2184266.0
2022-11-29,30,53286569.0,0,0,0.0,0.0,0.0,0.0,,,0.0,,0.0
2022-11-30,30,53286569.0,0,0,0.0,0.00195,0.00195,0.00195,,,2112587.0,,2112587.0
2022-12-01,30,53390453.0,0,0,0.0,0.01177,0.01177,0.01177,,,18110772.0,,18110772.0
2022-12-02,30,53905846.0,0,0,0.0,0.0,0.0,0.0,,,0.0,,0.0
2022-12-05,30,53905846.0,0,0,0.0,0.0,0.0,0.0,,,0.0,,0.0
2022-12-06,30,53905846.0,0,0,0.0,3e-05,3e-05,3e-05,,,118796.0,,118796.0
2022-12-07,30,53904329.0,0,0,0.0,0.0,0.0,0.0,,,0.0,,0.0
2022-12-08,30,53904329.0,0,0,0.0,0.03306,0.03306,0.03306,,,35451452.0,,35451452.0
2022-12-09,30,52122069.0,0,1,0.03333,0.0,0.0,0.0,,,6285.0,,6285.0
2022-12-12,29,52121986.0,0,0,0.0,0.00925,0.00925,0.00925,,,10291016.0,,10291016.0
2022-12-13,29,52553254.0,0,0,0.0,0.0,0.0,0.0,,,0.0,,0.0
2022-12-14,29,52553254.0,0,0,0.0,0.00286,0.00286,0.00286,,,1246882.0,,1246882.0
2022-12-15,29,52402846.0,0,0,0.0,0.00289,0.00289,0.00289,,,3474154.0,,3474154.0
2022-12-16,29,52305155.0,0,0,0.0,0.00594,0.00594,0.00594,,,6141518.0,,6141518.0
2022-12-19,29,51994409.0,0,0,0.0,0.0,0.0,0.0,,,0.0,,0.0
2022-12-20,29,51994409.0,0,0,0.0,0.0,0.0,0.0,,,0.0,,0.0
2022-12-21,29,51994409.0,0,0,0.0,0.0,0.0,0.0,,,0.0,,0.0
2022-12-22,29,51994409.0,0,0,0.0,0.00703,0.00703,0.00703,,,7505635.0,,7505635.0
2022-12-23,29,52359981.0,0,0,0.0,0.00395,0.00395,0.00395,,,3796678.0,,3796678.0
2022-12-27,29,52153009.0,0,0,0.0,0.00992,0.00992,0.00992,,,9429827.0,,9429827.0
2022-12-28,29,51635569.0,0,0,0.0,0.002,0.002,0.002,,,1821029.0,,1821029.0
2022-12-29,29,51532085.0,0,0,0.0,0.00602,0.00602,0.00602,,,5453775.0,,5453775.0
2022-12-30,29,51221639.0,0,0,0.0,0.0,0.0,0.0,,,0.0,,0.0
2023-01-03,29,51221639.0,0,0,0.0,0.00404,0.00404,0.00404,,,3848462.0,,3848462.0
2023-01-04,29,51014657.0,0,0,0.0,0.00358,0.00358,0.00358,,,3569243.0,,3569243.0
2023-01-05,29,51197437.0,0,0,0.0,0.0,0.0,0.0,,,0.0,,0.0
2023-01-06,29,51197437.0,0,0,0.0,0.00054,0.00054,0.00054,,,932570.0,,932570.0
2023-01-09,29,51225250.0,0,0,0.0,0.02166,0.02166,0.02166,,,21867809.0,,21867809.0
2023-01-10,29,52310630.0,0,0,0.0,0.0056,0.0056,0.0056,,,8023135.0,,8023135.0
2023-01-11,29,52040782.0,0,0,0.0,0.0,0.0,0.0,,,0.0,,0.0
2023-01-12,29,52040782.0,0,0,0.0,0.00175,0.00175,0.00175,,,1976444.0,,1976444.0
2023-01-13,29,52131696.0,0,0,0.0,0.0,0.0,0.0,,,0.0,,0.0
2023-01-17,29,52131696.0,0,0,0.0,0.0,0.0,0.0,,,0.0,,0.0
2023-01-18,29,52131696.0,0,0,0.0,0.0,0.0,0.0,,,0.0,,0.0
2023-01-19,29,52131696.0,0,0,0.0,0.00787,0.00787,0.00787,,,8752452.0,,8752452.0
2023-01-20,29,51721180.0,0,0,0.0,0.0,0.0,0.0,,,0.0,,0.0
2023-01-23,29,51721180.0,0,0,0.0,0.0,0.0,0.0,,,0.0,,0.0
2023-01-24,29,51721180.0,0,0,0.0,0.00879,0.00879,0.00879,,,11064765.0,,11064765.0
2023-01-25,29,52175765.0,0,0,0.0,0.0,0.0,0.0,,,0.0,,0.0
2023-01-26,29,52175765.0,0,0,0.0,0.0,0.0,0.0,,,0.0,,0.0
2023-01-27,29,52175765.0,0,0,0.0,0.01179,0.01179,0.01179,,,14304412.0,,14304412.0
2023-01-30,29,51560681.0,0,0,0.0,0.00176,0.00176,0.00176,,,2362814.0,,2362814.0
2023-01-31,29,51651603.0,0,0,0.0,0.00595,0.00595,0.00595,,,7174307.0,,7174307.0
2023-02-01,29,51344130.0,0,0,0.0,0.00045,0.00045,0.00045,,,281248.0,,281248.0
2023-02-02,29,51320982.0,0,0,0.0,0.0,0.0,0.0,,,0.0,,0.0
2023-02-03,29,51320982.0,0,0,0.0,0.00177,0.00177,0.00177,,,2627228.0,,2627228.0
2023-02-06,29,51411897.0,0,0,0.0,0.00222,0.00222,0.00222,,,2819277.0,,2819277.0
2023-02-07,29,51297952.0,0,0,0.0,0.0,0.0,0.0,,,0.0,,0.0
2023-02-08,29,51297952.0,0,0,0.0,0.002,0.002,0.002,,,2670479.0,,2670479.0
2023-02-09,29,51377389.0,0,0,0.0,0.01395,0.01395,0.01395,,,18266115.0,,18266115.0
2023-02-10,29,50660925.0,0,0,0.0,0.0,0.0,0.0,,,0.0,,0.0
2023-02-13,29,50660925.0,0,0,0.0,0.01113,0.01113,0.01113,,,13159999.0,,13159999.0
2023-02-14,29,50116425.0,0,0,0.0,0.00226,0.00226,0.00226,,,3092163.0,,3092163.0
2023-02-15,29,50030539.0,0,0,0.0,6e-05,6e-05,6e-05,,,168117.0,,168117.0
2023-02-16,29,50033387.0,0,0,0.0,0.00205,0.00205,0.00205,,,2746379.0,,2746379.0
2023-02-17,29,49931050.0,0,0,0.0,0.00674,0.00674,0.00674,,,9662220.0,,9662220.0
2023-02-21,29,49791001.0,0,0,0.0,0.00797,0.00797,0.00797,,,10096207.0,,10096207.0
2023-02-22,29,49400169.0,1,0,0.03448,0.00187,0.0004,0.00187,,,6874032.0,,6874032.0
2023-02-23,30,49453491.0,0,0,0.0,0.00572,0.00572,0.00572,,,7707035.0,,7707035.0
2023-02-24,30,49390635.0,0,0,0.0,0.00843,0.00843,0.00843,,,11140410.0,,11140410.0
2023-02-27,30,49601956.0,0,0,0.0,0.00244,0.00244,0.00244,,,4940282.0,,4940282.0
2023-02-28,30,49715362.0,0,0,0.0,0.00727,0.00727,0.00727,,,32419219.0,,32419219.0
2023-03-01,30,49976373.0,0,0,0.0,1e-05,1e-05,1e-05,,,89410.0,,89410.0
2023-03-02,30,49976097.0,0,1,0.03333,0.00182,0.00182,0.00182,,,2380200.0,,2380200.0
2023-03-03,29,50066898.0,0,0,0.0,0.0013,0.0013,0.0013,,,2214944.0,,2214944.0
2023-03-06,29,50012185.0,0,0,0.0,0.00452,0.00452,0.00452,,,4850314.0,,4850314.0
2023-03-07,29,50043079.0,0,0,0.0,0.01443,0.01443,0.01443,,,16772970.0,,16772970.0
2023-03-08,29,50688201.0,0,0,0.0,0.03316,0.03316,0.03316,,,37859550.0,,37859550.0
2023-03-09,29,52108187.0,0,0,0.0,0.01728,0.01728,0.01728,,,20576606.0,,20576606.0
2023-03-10,29,52574578.0,0,0,0.0,0.01126,0.01126,0.01126,,,9135453.0,,9135453.0
2023-03-13,29,53127224.0,0,0,0.0,0.00711,0.00711,0.00711,,,5828298.0,,5828298.0
2023-03-14,29,53212659.0,0,0,0.0,0.01013,0.01013,0.01013,,,12379907.0,,12379907.0
2023-03-15,29,53045073.0,0,0,0.0,0.0015,0.0015,0.0015,,,5602651.0,,5602651.0
2023-03-16,29,53022057.0,0,0,0.0,0.0038,0.0038,0.0038,,,8880306.0,,8880306.0
2023-03-17,29,52857022.0,0,1,0.03448,0.0,0.0,0.0,,,13609.0,,13609.0
2023-03-20,28,52856923.0,0,0,0.0,0.00407,0.00407,0.00407,,,4935384.0,,4935384.0
2023-03-21,28,52647427.0,1,0,0.03571,0.01292,0.01215,0.01292,,,24279854.0,,24279854.0
2023-03-22,29,52313070.0,0,0,0.0,0.0,0.0,0.0,,,0.0,,0.0
2023-03-23,29,52313070.0,0,0,0.0,0.00254,0.00254,0.00254,,,3702910.0,,3702910.0
2023-03-24,29,52436583.0,0,0,0.0,0.00462,0.00462,0.00462,,,11421456.0,,11421456.0
2023-03-27,29,52465042.0,0,0,0.0,0.00182,0.00182,0.00182,,,8136088.0,,8136088.0
2023-03-28,29,52534516.0,0,0,0.0,0.00586,0.00586,0.00586,,,1914967.0,,1914967.0
2023-03-29,29,52841098.0,0,0,0.0,0.00158,0.00158,0.00158,,,1393604.0,,1393604.0
2023-03-30,29,52923118.0,0,0,0.0,0.00209,0.00209,0.00209,,,2809174.0,,2809174.0
2023-03-31,29,52812749.0,0,0,0.0,0.00018,0.00018,0.00018,,,582750.0,,582750.0
2023-04-03,29,52821660.0,0,0,0.0,5e-05,5e-05,5e-05,,,157639.0,,157639.0
2023-04-04,29,52824055.0,0,0,0.0,0.0,0.0,0.0,,,0.0,,0.0
2023-04-05,29,52824055.0,0,0,0.0,0.00414,0.00414,0.00414,,,5259586.0,,5259586.0
2023-04-06,29,52605303.0,0,0,0.0,0.00169,0.00169,0.00169,,,3927347.0,,3927347.0
2023-04-10,29,52609069.0,0,1,0.03448,0.00208,0.00208,0.00208,,,2565035.0,,2565035.0
2023-04-11,28,52718406.0,0,0,0.0,0.00147,0.00147,0.00147,,,1737449.0,,1737449.0
2023-04-12,28,52691726.0,0,0,0.0,0.00037,0.00037,0.00037,,,491321.0,,491321.0
2023-04-13,28,52692044.0,0,0,0.0,0.0,0.0,0.0,,,0.0,,0.0
2023-04-14,28,52692044.0,0,0,0.0,0.0,0.0,0.0,,,0.0,,0.0
2023-04-17,28,52692044.0,0,0,0.0,0.0,0.0,0.0,,,0.0,,0.0
2023-04-18,28,52692044.0,0,0,0.0,0.00121,0.00121,0.00121,,,5028374.0,,5028374.0
2023-04-19,28,52752163.0,0,0,0.0,0.0,0.0,0.0,,,0.0,,0.0
2023-04-20,28,52752163.0,0,0,0.0,0.00207,0.00207,0.00207,,,2569110.0,,2569110.0
2023-04-21,28,52642705.0,0,0,0.0,0.00812,0.00812,0.00812,,,14741118.0,,14741118.0
2023-04-24,28,52510004.0,0,0,0.0,0.00207,0.00207,0.00207,,,2456545.0,,2456545.0
2023-04-25,28,52406718.0,0,0,0.0,0.00081,0.00081,0.00081,,,2172705.0,,2172705.0
2023-04-26,28,52404975.0,0,0,0.0,0.0,0.0,0.0,,,0.0,,0.0
2023-04-27,28,52404975.0,0,0,0.0,0.00453,0.00453,0.00453,,,8510140.0,,8510140.0
2023-04-28,28,52222513.0,0,0,0.0,0.00467,0.00467,0.00467,,,5293216.0,,5293216.0
2023-05-01,28,52288284.0,0,0,0.0,0.01038,0.01038,0.01038,,,18110201.0,,18110201.0
2023-05-02,28,52042058.0,0,0,0.0,0.00076,0.00076,0.00076,,,2695896.0,,2695896.0
2023-05-03,28,52080055.0,0,0,0.0,0.00063,0.00063,0.00063,,,2462982.0,,2462982.0
2023-05-04,28,52110918.0,0,0,0.0,0.00504,0.00504,0.00504,,,7125378.0,,7125378.0
2023-05-05,28,51900180.0,0,0,0.0,0.00019,0.00019,0.00019,,,561483.0,,561483.0
2023-05-08,28,51890381.0,0,0,0.0,0.0029,0.0029,0.0029,,,9121227.0,,9121227.0
2023-05-09,28,51886498.0,0,0,0.0,8e-05,8e-05,8e-05,,,242197.0,,242197.0
2023-05-10,28,51890617.0,0,0,0.0,0.0,0.0,0.0,,,0.0,,0.0
2023-05-11,28,51890617.0,1,0,0.03571,0.01911,0.00726,0.01911,,,20370334.0,,20370334.0
2023-05-12,29,52250070.0,0,0,0.0,0.00284,0.00284,0.00284,,,4927351.0,,4927351.0
2023-05-15,29,52101841.0,0,0,0.0,0.0,0.0,0.0,,,0.0,,0.0
2023-05-16,29,52101841.0,0,0,0.0,0.00211,0.00211,0.00211,,,2473515.0,,2473515.0
2023-05-17,29,51992132.0,0,0,0.0,0.0,0.0,0.0,,,0.0,,0.0
2023-05-18,29,51992132.0,0,0,0.0,0.00771,0.00771,0.00771,,,8759142.0,,8759142.0
2023-05-19,29,51884560.0,0,0,0.0,0.00086,0.00086,0.00086,,,1063898.0,,1063898.0
2023-05-22,29,51907297.0,0,0,0.0,0.0,0.0,0.0,,,0.0,,0.0
2023-05-23,29,51907297.0,0,0,0.0,0.00287,0.00287,0.00287,,,3055050.0,,3055050.0
2023-05-24,29,51839465.0,0,0,0.0,0.00532,0.00532,0.00532,,,8523852.0,,8523852.0
2023-05-25,29,52045322.0,0,0,0.0,0.0,0.0,0.0,,,0.0,,0.0
2023-05-26,29,52045322.0,0,0,0.0,0.01117,0.01117,0.01117,,,12184044.0,,12184044.0
2023-05-30,29,52307668.0,0,0,0.0,0.00414,0.00414,0.00414,,,5041884.0,,5041884.0
2023-05-31,29,52090932.0,0,0,0.0,0.0,0.0,0.0,,,0.0,,0.0
2023-06-01,29,52090932.0,0,0,0.0,0.01062,0.01062,0.01062,,,13280433.0,,13280433.0
2023-06-02,29,52643987.0,0,0,0.0,0.00136,0.00136,0.00136,,,5900058.0,,5900058.0
2023-06-05,29,52710478.0,0,0,0.0,0.00226,0.00226,0.00226,,,4202473.0,,4202473.0
2023-06-06,29,52767405.0,0,0,0.0,0.0,0.0,0.0,,,0.0,,0.0
2023-06-07,29,52767405.0,0,0,0.0,0.00292,0.00292,0.00292,,,5385292.0,,5385292.0
2023-06-08,29,52721048.0,0,0,0.0,0.00134,0.00134,0.00134,,,4266450.0,,4266450.0
2023-06-09,29,52709387.0,0,0,0.0,0.00036,0.00036,0.00036,,,869554.0,,869554.0
2023-06-12,29,52709616.0,0,0,0.0,0.00185,0.00185,0.00185,,,2575102.0,,2575102.0
2023-06-13,29,52766299.0,3,0,0.10345,0.00715,0.00478,0.00715,,,31833622.0,,31833622.0
2023-06-14,32,52639101.0,0,0,0.0,0.00472,0.00472,0.00472,,,7055927.0,,7055927.0
2023-06-15,32,52887572.0,0,0,0.0,0.00111,0.00111,0.00111,,,3460342.0,,3460342.0
2023-06-16,32,52946452.0,0,0,0.0,0.0,0.0,0.0,,,0.0,,0.0
2023-06-20,32,52946452.0,0,0,0.0,0.00564,0.00564,0.00564,,,12306875.0,,12306875.0
2023-06-21,32,52988870.0,0,0,0.0,0.00226,0.00226,0.00226,,,5956776.0,,5956776.0
2023-06-22,32,53034245.0,0,0,0.0,0.01068,0.01068,0.01068,,,14389850.0,,14389850.0
2023-06-23,32,53600411.0,0,0,0.0,0.0022,0.0022,0.0022,,,2414303.0,,2414303.0
2023-06-26,32,53634988.0,0,0,0.0,0.00502,0.00502,0.00502,,,5330810.0,,5330810.0
2023-06-27,32,53876043.0,1,0,0.03125,0.00541,0.00515,0.00541,,,2963541.0,,2963541.0
2023-06-28,33,54161383.0,0,0,0.0,0.00053,0.00053,0.00053,,,85672.0,,85672.0
2023-06-29,33,54190132.0,0,0,0.0,0.00056,0.00056,0.00056,,,4695057.0,,4695057.0
2023-06-30,33,54199845.0,0,0,0.0,0.00207,0.00207,0.00207,,,2907975.0,,2907975.0
2023-07-03,33,54087397.0,0,0,0.0,0.0007,0.0007,0.0007,,,2707238.0,,2707238.0
2023-07-05,33,54110125.0,0,0,0.0,0.00026,0.00026,0.00026,,,1215863.0,,1215863.0
2023-07-06,33,54117252.0,0,0,0.0,0.01171,0.01171,0.01171,,,14683389.0,,14683389.0
2023-07-07,33,54694348.0,0,0,0.0,0.00281,0.00281,0.00281,,,1740251.0,,1740251.0
2023-07-10,33,54847803.0,0,0,0.0,1e-05,1e-05,1e-05,,,7719.0,,7719.0
2023-07-11,33,54848155.0,0,0,0.0,0.0001,0.0001,0.0001,,,123400.0,,123400.0
2023-07-12,33,54853620.0,0,0,0.0,0.00318,0.00318,0.00318,,,536933.0,,536933.0
2023-07-13,33,55027949.0,0,0,0.0,0.01244,0.01244,0.01244,,,18915401.0,,18915401.0
2023-07-14,33,55712435.0,0,0,0.0,0.0,0.0,0.0,,,0.0,,0.0
2023-07-17,33,55712435.0,0,0,0.0,0.00975,0.00975,0.00975,,,23068397.0,,23068397.0
2023-07-18,33,56076318.0,0,0,0.0,0.00373,0.00373,0.00373,,,10608296.0,,10608296.0
2023-07-19,33,56182411.0,0,0,0.0,0.00101,0.00101,0.00101,,,5432099.0,,5432099.0
2023-07-20,33,56212776.0,0,0,0.0,0.0082,0.0082,0.0082,,,13477393.0,,13477393.0
2023-07-21,33,56673540.0,0,0,0.0,0.0,0.0,0.0,,,0.0,,0.0
2023-07-24,33,56673540.0,0,0,0.0,0.0,0.0,0.0,,,0.0,,0.0
2023-07-25,33,56673540.0,0,0,0.0,0.0,0.0,0.0,,,0.0,,0.0
2023-07-26,33,56673540.0,1,0,0.0303,0.00393,0.00298,0.00393,,,15991503.0,,15991503.0
2023-07-27,34,56558818.0,0,0,0.0,0.00012,0.00012,0.00012,,,697452.0,,697452.0
2023-07-28,34,56551826.0,0,0,0.0,0.0,0.0,0.0,,,0.0,,0.0
2023-07-31,34,56551826.0,0,0,0.0,0.0,0.0,0.0,,,0.0,,0.0
2023-08-01,34,56551826.0,0,0,0.0,2e-05,2e-05,2e-05,,,104034.0,,104034.0
2023-08-02,34,56550771.0,0,0,0.0,0.0,0.0,0.0,,,0.0,,0.0
2023-08-03,34,56550771.0,0,0,0.0,0.00204,0.00204,0.00204,,,3163181.0,,3163181.0
2023-08-04,34,56665949.0,0,0,0.0,0.00135,0.00135,0.00135,,,1367150.0,,1367150.0
2023-08-07,34,56729752.0,0,0,0.0,0.00457,0.00457,0.00457,,,6638332.0,,6638332.0
2023-08-08,34,56695247.0,0,0,0.0,0.00238,0.00238,0.00238,,,3371376.0,,3371376.0
2023-08-09,34,56560528.0,0,0,0.0,0.00281,0.00281,0.00281,,,4109234.0,,4109234.0
2023-08-10,34,56636380.0,0,0,0.0,0.01144,0.01144,0.01144,,,17323201.0,,17323201.0
2023-08-11,34,56512906.0,0,0,0.0,0.00046,0.00046,0.00046,,,80558.0,,80558.0
2023-08-14,34,56538726.0,0,0,0.0,0.00205,0.00205,0.00205,,,2898900.0,,2898900.0
2023-08-15,34,56422862.0,0,0,0.0,0.00205,0.00205,0.00205,,,2921702.0,,2921702.0
2023-08-16,34,56307007.0,0,0,0.0,0.00412,0.00412,0.00412,,,5734125.0,,5734125.0
2023-08-17,34,56075289.0,0,0,0.0,0.00207,0.00207,0.00207,,,2817012.0,,2817012.0
2023-08-18,34,55959430.0,0,0,0.0,0.00198,0.00198,0.00198,,,2292178.0,,2292178.0
2023-08-21,34,56035548.0,0,0,0.0,0.01255,0.01255,0.01255,,,16738252.0,,16738252.0
2023-08-22,34,55332253.0,0,0,0.0,0.01546,0.01546,0.01546,,,12969100.0,,12969100.0
2023-08-23,34,55943693.0,0,0,0.0,0.00274,0.00274,0.00274,,,5601050.0,,5601050.0
2023-08-24,34,55821242.0,0,0,0.0,0.0,0.0,0.0,,,0.0,,0.0
2023-08-25,34,55821242.0,0,0,0.0,0.0042,0.0042,0.0042,,,5443328.0,,5443328.0
2023-08-28,34,55586676.0,0,0,0.0,0.0,0.0,0.0,,,0.0,,0.0
2023-08-29,34,55586676.0,0,0,0.0,0.00633,0.00633,0.00633,,,8268987.0,,8268987.0
2023-08-30,34,55234822.0,0,0,0.0,0.0,0.0,0.0,,,0.0,,0.0
2023-08-31,34,55234822.0,0,0,0.0,0.00212,0.00212,0.00212,,,2920917.0,,2920917.0
2023-09-01,34,55117539.0,0,0,0.0,0.00199,0.00199,0.00199,,,2695701.0,,2695701.0
2023-09-05,34,55186518.0,0,0,0.0,0.00105,0.00105,0.00105,,,2046101.0,,2046101.0
2023-09-06,34,55213650.0,0,0,0.0,0.00431,0.00431,0.00431,,,12928502.0,,12928502.0
2023-09-07,34,55304078.0,0,0,0.0,0.00091,0.00091,0.00091,,,3877114.0,,3877114.0
2023-09-08,34,55290982.0,0,0,0.0,0.00013,0.00013,0.00013,,,239200.0,,239200.0
2023-09-11,34,55294315.0,0,0,0.0,7e-05,7e-05,7e-05,,,130544.0,,130544.0
2023-09-12,34,55296094.0,0,0,0.0,1e-05,1e-05,1e-05,,,9969.0,,9969.0
2023-09-13,34,55296512.0,0,0,0.0,0.00425,0.00425,0.00425,,,5891830.0,,5891830.0
2023-09-14,34,55061694.0,0,0,0.0,0.00216,0.00216,0.00216,,,4543788.0,,4543788.0
2023-09-15,34,55109549.0,0,0,0.0,0.02631,0.02631,0.02631,,,16696864.0,,16696864.0
2023-09-18,34,56301111.0,0,0,0.0,0.0,0.0,0.0,,,0.0,,0.0
2023-09-19,34,56301111.0,0,0,0.0,0.00213,0.00213,0.00213,,,2839095.0,,2839095.0
2023-09-20,34,56181059.0,0,0,0.0,0.00141,0.00141,0.00141,,,2176953.0,,2176953.0
2023-09-21,34,56177353.0,0,0,0.0,0.00705,0.00705,0.00705,,,9719976.0,,9719976.0
2023-09-22,34,55981141.0,0,0,0.0,0.00306,0.00306,0.00306,,,4537330.0,,4537330.0
2023-09-25,34,56101644.0,0,0,0.0,0.0,0.0,0.0,,,0.0,,0.0
2023-09-26,34,56101644.0,0,0,0.0,0.0,0.0,0.0,,,0.0,,0.0
2023-09-27,34,56101644.0,0,0,0.0,0.0,0.0,0.0,,,0.0,,0.0
2023-09-28,34,56101644.0,0,0,0.0,0.0,0.0,0.0,,,0.0,,0.0
2023-09-29,34,56101644.0,0,0,0.0,0.00366,0.00366,0.00366,,,5924005.0,,5924005.0
2023-10-02,34,55944593.0,0,0,0.0,0.0,0.0,0.0,,,0.0,,0.0
2023-10-03,34,55944593.0,0,0,0.0,0.0,0.0,0.0,,,0.0,,0.0
2023-10-04,34,55944593.0,0,0,0.0,0.0043,0.0043,0.0043,,,5244426.0,,5244426.0
2023-10-05,34,55703955.0,0,0,0.0,0.00288,0.00288,0.00288,,,5565851.0,,5565851.0
2023-10-06,34,55628731.0,0,0,0.0,0.0008,0.0008,0.0008,,,3532440.0,,3532440.0
2023-10-09,34,55660358.0,0,0,0.0,0.00677,0.00677,0.00677,,,9140586.0,,9140586.0
2023-10-10,34,55283692.0,0,0,0.0,4e-05,4e-05,4e-05,,,108095.0,,108095.0
2023-10-11,34,55286165.0,0,0,0.0,0.00202,0.00202,0.00202,,,2860854.0,,2860854.0
2023-10-12,34,55292794.0,0,0,0.0,0.00079,0.00079,0.00079,,,975317.0,,975317.0
2023-10-13,34,55321732.0,0,0,0.0,0.0,0.0,0.0,,,0.0,,0.0
2023-10-16,34,55321732.0,0,0,0.0,0.00218,0.00218,0.00218,,,2633537.0,,2633537.0
2023-10-17,34,55201190.0,0,0,0.0,0.00437,0.00437,0.00437,,,5404009.0,,5404009.0
2023-10-18,34,54960114.0,0,0,0.0,0.0,0.0,0.0,,,0.0,,0.0
2023-10-19,34,54960114.0,0,0,0.0,0.00077,0.00077,0.00077,,,2426938.0,,2426938.0
2023-10-20,34,54956721.0,0,0,0.0,0.00658,0.00658,0.00658,,,7868036.0,,7868036.0
2023-10-23,34,54595122.0,0,0,0.0,0.00221,0.00221,0.00221,,,2601212.0,,2601212.0
2023-10-24,34,54474584.0,0,0,0.0,0.01103,0.01103,0.01103,,,13139804.0,,13139804.0
2023-10-25,34,54389121.0,0,0,0.0,0.0061,0.0061,0.0061,,,7962656.0,,7962656.0
2023-10-26,34,54533515.0,0,0,0.0,0.0,0.0,0.0,,,0.0,,0.0
2023-10-27,34,54533515.0,0,0,0.0,0.0,0.0,0.0,,,0.0,,0.0
2023-10-30,34,54533515.0,0,0,0.0,0.002,0.002,0.002,,,3366525.0,,3366525.0
2023-10-31,34,54509735.0,0,0,0.0,0.0,0.0,0.0,,,0.0,,0.0
2023-11-01,34,54509735.0,0,0,0.0,0.0,0.0,0.0,,,0.0,,0.0
2023-11-02,34,54509735.0,0,0,0.0,0.00222,0.00222,0.00222,,,2601385.0,,2601385.0
2023-11-03,34,54388591.0,0,0,0.0,0.0,0.0,0.0,,,0.0,,0.0
2023-11-06,34,54388591.0,0,0,0.0,0.0,0.0,0.0,,,0.0,,0.0
2023-11-07,34,54388591.0,0,0,0.0,0.00439,0.00439,0.00439,,,7630212.0,,7630212.0
2023-11-08,34,54348294.0,0,0,0.0,0.00048,0.00048,0.00048,,,738328.0,,738328.0
2023-11-09,34,54322019.0,0,0,0.0,0.00555,0.00555,0.00555,,,4980424.0,,4980424.0
2023-11-10,34,54547388.0,0,0,0.0,0.0,0.0,0.0,,,0.0,,0.0
2023-11-13,34,54547388.0,1,0,0.02941,0.01064,0.01021,0.01064,,,12484686.0,,12484686.0
2023-11-14,35,54231502.0,0,0,0.0,0.00345,0.00345,0.00345,,,3872796.0,,3872796.0
2023-11-15,35,54177475.0,0,0,0.0,0.0,0.0,0.0,,,0.0,,0.0
2023-11-16,35,54177475.0,0,0,0.0,0.0,0.0,0.0,,,0.0,,0.0
2023-11-17,35,54177475.0,0,0,0.0,0.0,0.0,0.0,,,0.0,,0.0
2023-11-20,35,54177475.0,0,0,0.0,0.00223,0.00223,0.00223,,,3113694.0,,3113694.0
2023-11-21,35,54056795.0,0,0,0.0,0.00223,0.00223,0.00223,,,3179694.0,,3179694.0
2023-11-22,35,53936121.0,0,0,0.0,0.00065,0.00065,0.00065,,,1116854.0,,1116854.0
2023-11-24,35,53905474.0,0,0,0.0,0.00498,0.00498,0.00498,,,8187249.0,,8187249.0
2023-11-27,35,54140662.0,0,0,0.0,0.00508,0.00508,0.00508,,,5922719.0,,5922719.0
2023-11-28,35,54226662.0,0,0,0.0,0.0,0.0,0.0,,,0.0,,0.0
2023-11-29,35,54226662.0,0,0,0.0,0.00445,0.00445,0.00445,,,6705720.0,,6705720.0
2023-11-30,35,54468236.0,0,0,0.0,0.00887,0.00887,0.00887,,,13516850.0,,13516850.0
2023-12-01,35,54951380.0,0,0,0.0,0.00328,0.00328,0.00328,,,9428554.0,,9428554.0
2023-12-04,35,55057110.0,0,0,0.0,0.00171,0.00171,0.00171,,,2239168.0,,2239168.0
2023-12-05,35,55034752.0,0,0,0.0,0.00233,0.00233,0.00233,,,3451958.0,,3451958.0
2023-12-06,35,55029217.0,0,0,0.0,0.00692,0.00692,0.00692,,,10835510.0,,10835510.0
2023-12-07,35,55033508.0,0,0,0.0,0.0194,0.0194,0.0194,,,22771780.0,,22771780.0
2023-12-08,35,55974674.0,0,0,0.0,0.00949,0.00949,0.00949,,,4863045.0,,4863045.0
2023-12-11,35,56333655.0,0,0,0.0,0.02837,0.02837,0.02837,,,7092907.0,,7092907.0
2023-12-12,35,57707195.0,0,0,0.0,0.01789,0.01789,0.01789,,,32774667.0,,32774667.0
2023-12-13,35,57854029.0,0,0,0.0,0.00925,0.00925,0.00925,,,11600373.0,,11600373.0
2023-12-14,35,58370015.0,0,0,0.0,0.02208,0.02208,0.02208,,,19140633.0,,19140633.0
2023-12-15,35,59542226.0,0,0,0.0,0.00126,0.00126,0.00126,,,139844.0,,139844.0
2023-12-18,35,59617009.0,1,0,0.02857,0.00598,0.00455,0.00598,,,11324264.0,,11324264.0
2023-12-19,36,59431231.0,0,0,0.0,0.02003,0.02003,0.02003,,,54909394.0,,54909394.0
2023-12-20,36,59003005.0,0,0,0.0,0.00107,0.00107,0.00107,,,3521226.0,,3521226.0
2023-12-21,36,58987698.0,0,0,0.0,0.01408,0.01408,0.01408,,,39763415.0,,39763415.0
2023-12-22,36,59021280.0,0,0,0.0,0.00024,0.00024,0.00024,,,2172048.0,,2172048.0
2023-12-26,36,59012811.0,0,0,0.0,0.04489,0.04489,0.04489,,,79281263.0,,79281263.0
2023-12-27,36,61661939.0,0,0,0.0,0.0069,0.0069,0.0069,,,10497900.0,,10497900.0
2023-12-28,36,61705265.0,2,1,0.08333,0.13023,0.02429,0.13023,,,260596993.0,,260596993.0
2023-12-29,37,62351030.0,0,0,0.0,0.0,0.0,0.0,,,0.0,,0.0
2024-01-02,37,62351030.0,0,0,0.0,0.00215,0.00215,0.00215,,,3833649.0,,3833649.0
2024-01-03,37,62216976.0,0,0,0.0,0.00082,0.00082,0.00082,,,2759436.0,,2759436.0
2024-01-04,37,62220185.0,0,0,0.0,0.02396,0.02396,0.02396,,,41370781.0,,41370781.0
2024-01-05,37,60741026.0,0,0,0.0,0.0,0.0,0.0,,,0.0,,0.0
2024-01-08,37,60741026.0,0,0,0.0,0.00279,0.00279,0.00279,,,4902569.0,,4902569.0
2024-01-09,37,60878796.0,1,0,0.02703,0.0023,0.00187,0.0023,,,8512394.0,,8512394.0
2024-01-10,38,60835570.0,0,0,0.0,0.00579,0.00579,0.00579,,,10318667.0,,10318667.0
2024-01-11,38,60508151.0,0,0,0.0,0.00335,0.00335,0.00335,,,4095618.0,,4095618.0
2024-01-12,38,60613456.0,0,0,0.0,0.00732,0.00732,0.00732,,,17428649.0,,17428649.0
2024-01-16,38,60311120.0,0,0,0.0,0.00258,0.00258,0.00258,,,8177199.0,,8177199.0
2024-01-17,38,60191670.0,1,0,0.02632,0.03402,0.0158,0.03402,,,43297357.0,,43297357.0
2024-01-18,39,60393725.0,0,0,0.0,0.00886,0.00886,0.00886,,,13772890.0,,13772890.0
2024-01-19,39,59858606.0,0,0,0.0,0.03339,0.03339,0.03339,,,33416912.0,,33416912.0
2024-01-22,39,60075026.0,0,0,0.0,0.02488,0.02488,0.02488,,,31128441.0,,31128441.0
2024-01-23,39,60458898.0,0,0,0.0,0.04112,0.04112,0.04112,,,55141898.0,,55141898.0
2024-01-24,39,61155334.0,0,0,0.0,0.03413,0.03413,0.03413,,,37335353.0,,37335353.0
2024-01-25,39,61233078.0,0,0,0.0,0.02063,0.02063,0.02063,,,20533896.0,,20533896.0
2024-01-26,39,61576580.0,0,0,0.0,0.01338,0.01338,0.01338,,,22212720.0,,22212720.0
2024-01-29,39,61379748.0,0,0,0.0,0.01094,0.01094,0.01094,,,21511157.0,,21511157.0
2024-01-30,39,61533980.0,0,0,0.0,0.00524,0.00524,0.00524,,,9949972.0,,9949972.0
2024-01-31,39,61567515.0,0,0,0.0,0.00334,0.00334,0.00334,,,5509767.0,,5509767.0
2024-02-01,39,61540732.0,0,0,0.0,0.00492,0.00492,0.00492,,,7542132.0,,7542132.0
2024-02-02,39,61602149.0,0,0,0.0,0.00445,0.00445,0.00445,,,8534852.0,,8534852.0
2024-02-05,39,61351444.0,0,0,0.0,0.00188,0.00188,0.00188,,,10976302.0,,10976302.0
2024-02-06,39,61309886.0,0,0,0.0,0.00282,0.00282,0.00282,,,9457436.0,,9457436.0
2024-02-07,39,61321916.0,0,0,0.0,0.00622,0.00622,0.00622,,,11803055.0,,11803055.0
2024-02-08,39,61532750.0,0,0,0.0,0.00119,0.00119,0.00119,,,2169914.0,,2169914.0
2024-02-09,39,61532869.0,0,0,0.0,0.00447,0.00447,0.00447,,,12835764.0,,12835764.0
2024-02-12,39,61624776.0,0,0,0.0,0.00624,0.00624,0.00624,,,18251815.0,,18251815.0
2024-02-13,39,61705312.0,0,0,0.0,0.00395,0.00395,0.00395,,,8686716.0,,8686716.0
2024-02-14,39,61892001.0,0,0,0.0,0.0004,0.0004,0.0004,,,1349518.0,,1349518.0
2024-02-15,39,61879775.0,0,0,0.0,0.00358,0.00358,0.00358,,,12768771.0,,12768771.0
2024-02-16,39,61799495.0,0,0,0.0,0.00197,0.00197,0.00197,,,5423300.0,,5423300.0
2024-02-20,39,61831597.0,0,0,0.0,0.01321,0.01321,0.01321,,,38392523.0,,38392523.0
2024-02-21,39,61516927.0,0,0,0.0,0.00696,0.00696,0.00696,,,13647733.0,,13647733.0
2024-02-22,39,61212433.0,0,0,0.0,0.00254,0.00254,0.00254,,,5197258.0,,5197258.0
2024-02-23,39,61056707.0,1,0,0.02564,0.00471,0.00454,0.00471,,,18183579.0,,18183579.0
2024-02-26,40,60856354.0,0,0,0.0,0.00433,0.00433,0.00433,,,12631166.0,,12631166.0
2024-02-27,40,60638161.0,0,0,0.0,0.00569,0.00569,0.00569,,,5739376.0,,5739376.0
2024-02-28,40,60310181.0,0,0,0.0,0.01125,0.01125,0.01125,,,17996072.0,,17996072.0
2024-02-29,40,59867489.0,0,0,0.0,0.00274,0.00274,0.00274,,,5096507.0,,5096507.0
2024-03-01,40,59777903.0,0,0,0.0,0.0,0.0,0.0,,,0.0,,0.0
2024-03-04,40,59777903.0,0,0,0.0,0.00204,0.00204,0.00204,,,3647693.0,,3647693.0
2024-03-05,40,59655888.0,0,0,0.0,0.00151,0.00151,0.00151,,,8944833.0,,8944833.0
2024-03-06,40,59683476.0,0,0,0.0,0.00079,0.00079,0.00079,,,6101895.0,,6101895.0
2024-03-07,40,59710105.0,0,0,0.0,0.00496,0.00496,0.00496,,,14554098.0,,14554098.0
2024-03-08,40,59710726.0,0,0,0.0,0.00406,0.00406,0.00406,,,8251204.0,,8251204.0
2024-03-11,40,59468368.0,0,0,0.0,0.00056,0.00056,0.00056,,,3747390.0,,3747390.0
2024-03-12,40,59485065.0,0,0,0.0,0.00921,0.00921,0.00921,,,25039558.0,,25039558.0
2024-03-13,40,59440614.0,0,0,0.0,0.00877,0.00877,0.00877,,,12335801.0,,12335801.0
2024-03-14,40,59805818.0,0,0,0.0,0.00012,0.00012,0.00012,,,677792.0,,677792.0
2024-03-15,40,59798794.0,0,0,0.0,0.01079,0.01079,0.01079,,,15751475.0,,15751475.0
2024-03-18,40,59754797.0,0,0,0.0,0.00382,0.00382,0.00382,,,5268488.0,,5268488.0
2024-03-19,40,59627897.0,0,0,0.0,0.00166,0.00166,0.00166,,,4386199.0,,4386199.0
2024-03-20,40,59642732.0,0,0,0.0,0.01011,0.01011,0.01011,,,18235676.0,,18235676.0
2024-03-21,40,59045295.0,0,0,0.0,0.00231,0.00231,0.00231,,,4580211.0,,4580211.0
2024-03-22,40,58921604.0,1,0,0.025,0.00716,0.00706,0.00716,,,36007974.0,,36007974.0
2024-03-25,41,59039120.0,0,0,0.0,0.00976,0.00976,0.00976,,,38672218.0,,38672218.0
2024-03-26,41,59280180.0,0,0,0.0,0.01147,0.01147,0.01147,,,27650617.0,,27650617.0
2024-03-27,41,58992258.0,0,0,0.0,0.00011,0.00011,0.00011,,,248762.0,,248762.0
2024-03-28,41,58998929.0,0,0,0.0,0.01264,0.01264,0.01264,,,22431108.0,,22431108.0
2024-04-01,41,59744966.0,0,0,0.0,0.00029,0.00029,0.00029,,,3058194.0,,3058194.0
2024-04-02,41,59758422.0,1,0,0.02439,0.00781,0.00701,0.00781,,,23444561.0,,23444561.0
2024-04-03,42,59454242.0,0,0,0.0,0.00585,0.00585,0.00585,,,19463069.0,,19463069.0
2024-04-04,42,59204254.0,0,0,0.0,0.001,0.001,0.001,,,4522972.0,,4522972.0
2024-04-05,42,59175001.0,0,0,0.0,0.00125,0.00125,0.00125,,,4613280.0,,4613280.0
2024-04-08,42,59201680.0,0,0,0.0,0.00627,0.00627,0.00627,,,14391915.0,,14391915.0
2024-04-09,42,58924399.0,0,0,0.0,0.0041,0.0041,0.0041,,,5467776.0,,5467776.0
2024-04-10,42,58807304.0,0,0,0.0,0.00025,0.00025,0.00025,,,433348.0,,433348.0
2024-04-11,42,58821837.0,0,0,0.0,0.00556,0.00556,0.00556,,,9234791.0,,9234791.0
2024-04-12,42,58668892.0,0,0,0.0,0.00351,0.00351,0.00351,,,8635668.0,,8635668.0
2024-04-15,42,58691974.0,0,0,0.0,0.01123,0.01123,0.01123,,,17076160.0,,17076160.0
2024-04-16,42,58076926.0,0,0,0.0,0.00402,0.00402,0.00402,,,7257249.0,,7257249.0
2024-04-17,42,57903590.0,0,0,0.0,0.00104,0.00104,0.00104,,,3130028.0,,3130028.0
2024-04-18,42,57850729.0,0,0,0.0,0.00021,0.00021,0.00021,,,1897423.0,,1897423.0
2024-04-19,42,57862935.0,0,0,0.0,0.00671,0.00671,0.00671,,,16152034.0,,16152034.0
2024-04-22,42,57500745.0,2,0,0.04762,0.00321,0.00136,0.00321,,,8184678.0,,8184678.0
2024-04-23,44,57528914.0,0,0,0.0,0.00264,0.00264,0.00264,,,7235404.0,,7235404.0
2024-04-24,44,57422253.0,0,1,0.02273,0.00258,0.00257,0.00258,,,3686513.0,,3686513.0
2024-04-25,43,57281557.0,0,0,0.0,0.00446,0.00446,0.00446,,,63927.0,,63927.0
2024-04-26,43,57025850.0,1,1,0.04651,0.00673,0.0023,0.00673,,,10959106.0,,10959106.0
2024-04-29,43,56688990.0,0,0,0.0,0.00928,0.00928,0.00928,,,17053343.0,,17053343.0
2024-04-30,43,56460038.0,0,0,0.0,0.00459,0.00459,0.00459,,,2489723.0,,2489723.0
2024-05-01,43,56206846.0,0,0,0.0,0.00193,0.00193,0.00193,,,26963.0,,26963.0
2024-05-02,43,56098126.0,0,0,0.0,0.00584,0.00584,0.00584,,,7556151.0,,7556151.0
2024-05-03,43,55770295.0,0,0,0.0,0.00403,0.00403,0.00403,,,4564630.0,,4564630.0
2024-05-06,43,55545613.0,0,0,0.0,0.00736,0.00736,0.00736,,,12989663.0,,12989663.0
2024-05-07,43,55360085.0,0,0,0.0,0.00627,0.00627,0.00627,,,8485128.0,,8485128.0
2024-05-08,43,55013069.0,0,0,0.0,0.00634,0.00634,0.00634,,,15348887.0,,15348887.0
2024-05-09,43,55150745.0,0,0,0.0,0.00812,0.00812,0.00812,,,19416034.0,,19416034.0
2024-05-10,43,55041328.0,0,0,0.0,0.01614,0.01614,0.01614,,,26424393.0,,26424393.0
2024-05-13,43,54674083.0,0,0,0.0,0.00276,0.00276,0.00276,,,5491477.0,,5491477.0
2024-05-14,43,54523004.0,0,0,0.0,0.00353,0.00353,0.00353,,,7983010.0,,7983010.0
2024-05-15,43,54437071.0,0,0,0.0,0.00281,0.00281,0.00281,,,5871773.0,,5871773.0
2024-05-16,43,54316972.0,0,1,0.02326,0.00253,0.00253,0.00253,,,4444606.0,,4444606.0
2024-05-17,42,54431331.0,0,0,0.0,0.00017,0.00017,0.00017,,,308272.0,,308272.0
2024-05-20,42,54440741.0,0,0,0.0,0.0,0.0,0.0,,,0.0,,0.0
2024-05-21,42,54440741.0,0,0,0.0,0.00244,0.00244,0.00244,,,4491495.0,,4491495.0
2024-05-22,42,54307991.0,0,0,0.0,0.00221,0.00221,0.00221,,,3605002.0,,3605002.0
2024-05-23,42,54188163.0,0,0,0.0,1e-05,1e-05,1e-05,,,26217.0,,26217.0
2024-05-24,42,54187769.0,0,0,0.0,0.00436,0.00436,0.00436,,,6722940.0,,6722940.0
2024-05-28,42,53951677.0,0,0,0.0,0.00438,0.00438,0.00438,,,6876758.0,,6876758.0
2024-05-29,42,53715429.0,0,0,0.0,0.0121,0.0121,0.0121,,,12168212.0,,12168212.0
2024-05-30,42,53375717.0,0,0,0.0,0.00086,0.00086,0.00086,,,2378913.0,,2378913.0
2024-05-31,42,53350545.0,0,0,0.0,0.01225,0.01225,0.01225,,,13609595.0,,13609595.0
2024-06-03,42,53163323.0,0,0,0.0,0.00818,0.00818,0.00818,,,12489146.0,,12489146.0
2024-06-04,42,53044269.0,0,0,0.0,0.00496,0.00496,0.00496,,,7610569.0,,7610569.0
2024-06-05,42,52831425.0,0,1,0.02381,0.00756,0.00756,0.00756,,,9793781.0,,9793781.0
2024-06-06,41,52457673.0,0,0,0.0,0.00038,0.00038,0.00038,,,894452.0,,894452.0
2024-06-07,41,52454032.0,1,0,0.02439,0.00386,0.00284,0.00386,,,23604731.0,,23604731.0
2024-06-10,42,52400891.0,0,1,0.02381,0.00053,0.00052,0.00053,,,694842.0,,694842.0
2024-06-11,41,52405702.0,0,0,0.0,0.00364,0.00364,0.00364,,,5160887.0,,5160887.0
2024-06-12,41,52214726.0,0,0,0.0,0.00439,0.00439,0.00439,,,6725912.0,,6725912.0
2024-06-13,41,51985668.0,0,0,0.0,0.00968,0.00968,0.00968,,,12388606.0,,12388606.0
2024-06-14,41,51864000.0,0,0,0.0,0.0008,0.0008,0.0008,,,773852.0,,773852.0
2024-06-17,41,51858410.0,0,0,0.0,0.00262,0.00262,0.00262,,,3742838.0,,3742838.0
2024-06-18,41,51722337.0,0,0,0.0,0.00676,0.00676,0.00676,,,25599873.0,,25599873.0
2024-06-20,41,51498897.0,0,0,0.0,0.00024,0.00024,0.00024,,,1287141.0,,1287141.0
2024-06-21,41,51511497.0,0,0,0.0,3e-05,3e-05,3e-05,,,34815.0,,34815.0
2024-06-24,41,51513162.0,0,0,0.0,0.00225,0.00225,0.00225,,,3401279.0,,3401279.0
2024-06-25,41,51397104.0,0,0,0.0,7e-05,7e-05,7e-05,,,715393.0,,715393.0
2024-06-26,41,51394043.0,0,0,0.0,0.00475,0.00475,0.00475,,,7570633.0,,7570633.0
2024-06-27,41,51160381.0,0,0,0.0,0.00484,0.00484,0.00484,,,8246676.0,,8246676.0
2024-06-28,41,50933080.0,0,0,0.0,0.00343,0.00343,0.00343,,,7022384.0,,7022384.0
2024-07-01,41,50801905.0,0,0,0.0,0.0023,0.0023,0.0023,,,4164432.0,,4164432.0
2024-07-02,41,50686726.0,0,0,0.0,5e-05,5e-05,5e-05,,,25630.0,,25630.0
2024-07-03,41,50683976.0,0,0,0.0,0.00014,0.00014,0.00014,,,1496357.0,,1496357.0
2024-07-05,41,50676834.0,0,0,0.0,0.00231,0.00231,0.00231,,,3611173.0,,3611173.0
2024-07-08,41,50559980.0,0,0,0.0,0.00468,0.00468,0.00468,,,8203465.0,,8203465.0
2024-07-09,41,50323289.0,0,0,0.0,0.00463,0.00463,0.00463,,,7281557.0,,7281557.0
2024-07-10,41,50090237.0,0,0,0.0,8e-05,8e-05,8e-05,,,737587.0,,737587.0
2024-07-11,41,50086195.0,0,1,0.02439,0.0,0.0,0.0,,,458.0,,458.0
2024-07-12,40,50086145.0,0,0,0.0,0.00465,0.00465,0.00465,,,7175283.0,,7175283.0
2024-07-15,40,49853113.0,0,0,0.0,0.001,0.001,0.001,,,1131881.0,,1131881.0
2024-07-16,40,49803360.0,0,0,0.0,0.00715,0.00715,0.00715,,,11291020.0,,11291020.0
2024-07-17,40,49502411.0,0,0,0.0,0.0,0.0,0.0,,,0.0,,0.0
2024-07-18,40,49502411.0,0,0,0.0,0.00235,0.00235,0.00235,,,3696497.0,,3696497.0
2024-07-19,40,49386222.0,1,0,0.025,0.00267,0.00065,0.00267,,,13301625.0,,13301625.0
2024-07-22,41,49453564.0,0,0,0.0,0.00597,0.00597,0.00597,,,22310455.0,,22310455.0
2024-07-23,41,49449569.0,0,0,0.0,0.0014,0.0014,0.0014,,,7319501.0,,7319501.0
2024-07-24,41,49489006.0,0,0,0.0,0.00236,0.00236,0.00236,,,3668720.0,,3668720.0
2024-07-25,41,49372195.0,0,0,0.0,0.00785,0.00785,0.00785,,,14915431.0,,14915431.0
2024-07-26,41,49050711.0,0,0,0.0,0.0,0.0,0.0,,,0.0,,0.0
2024-07-29,41,49050711.0,0,0,0.0,0.00477,0.00477,0.00477,,,6990175.0,,6990175.0
2024-07-30,41,48816919.0,0,0,0.0,0.00302,0.00302,0.00302,,,4209753.0,,4209753.0
2024-07-31,41,48669318.0,0,0,0.0,0.00061,0.00061,0.00061,,,700005.0,,700005.0
2024-08-01,41,48639619.0,0,0,0.0,0.00436,0.00436,0.00436,,,10348522.0,,10348522.0
2024-08-02,41,48592903.0,1,0,0.02439,0.02998,0.00746,0.02998,,,27947397.0,,27947397.0
2024-08-05,42,49334187.0,0,0,0.0,0.00242,0.00242,0.00242,,,3264541.0,,3264541.0
2024-08-06,42,49214596.0,0,0,0.0,0.01827,0.01827,0.01827,,,31764621.0,,31764621.0
2024-08-07,42,48699361.0,0,0,0.0,0.01254,0.01254,0.01254,,,15916341.0,,15916341.0
2024-08-08,42,48140870.0,0,0,0.0,0.00419,0.00419,0.00419,,,4770330.0,,4770330.0
2024-08-09,42,48036303.0,0,0,0.0,0.00978,0.00978,0.00978,,,2353138.0,,2353138.0
2024-08-12,42,47660293.0,0,0,0.0,0.00855,0.00855,0.00855,,,9904407.0,,9904407.0
2024-08-13,42,47253099.0,0,0,0.0,0.00481,0.00481,0.00481,,,584042.0,,584042.0
2024-08-14,42,47040142.0,0,1,0.02381,0.00371,0.0037,0.00371,,,492413.0,,492413.0
2024-08-15,41,46865831.0,0,1,0.02439,0.00808,0.00808,0.00808,,,6959573.0,,6959573.0
2024-08-16,40,46487269.0,0,0,0.0,0.0044,0.0044,0.0044,,,175806.0,,175806.0
2024-08-19,40,46282605.0,0,0,0.0,0.00217,0.00217,0.00217,,,764884.0,,764884.0
2024-08-20,40,46182077.0,0,1,0.025,0.00614,0.00613,0.00614,,,263666.0,,263666.0
2024-08-21,39,45898700.0,0,0,0.0,0.01029,0.01029,0.01029,,,4285276.0,,4285276.0
2024-08-22,39,45503777.0,0,0,0.0,0.01003,0.01003,0.01003,,,14046100.0,,14046100.0
2024-08-23,39,45188155.0,0,0,0.0,0.00818,0.00818,0.00818,,,8201716.0,,8201716.0
2024-08-26,39,44818717.0,0,1,0.02564,0.00473,0.00473,0.00473,,,4846472.0,,4846472.0
2024-08-27,38,44606568.0,0,0,0.0,0.01211,0.01211,0.01211,,,7242799.0,,7242799.0
2024-08-28,38,44219457.0,0,0,0.0,0.00632,0.00632,0.00632,,,3440558.0,,3440558.0
2024-08-29,38,44012784.0,0,0,0.0,0.00529,0.00529,0.00529,,,2847584.0,,2847584.0
2024-08-30,38,43836997.0,0,0,0.0,0.00691,0.00691,0.00691,,,7804037.0,,7804037.0
2024-09-03,38,43534060.0,0,0,0.0,9e-05,9e-05,9e-05,,,3312.0,,3312.0
2024-09-04,38,43530222.0,0,0,0.0,0.00257,0.00257,0.00257,,,101590.0,,101590.0
2024-09-05,38,43418240.0,0,0,0.0,0.00212,0.00212,0.00212,,,1360529.0,,1360529.0
2024-09-06,38,43326093.0,0,0,0.0,0.01146,0.01146,0.01146,,,3137929.0,,3137929.0
2024-09-09,38,42957659.0,0,0,0.0,0.00708,0.00708,0.00708,,,3536602.0,,3536602.0
2024-09-10,38,42653512.0,0,0,0.0,0.00089,0.00089,0.00089,,,34789.0,,34789.0
2024-09-11,38,42615698.0,0,0,0.0,0.00947,0.00947,0.00947,,,8018958.0,,8018958.0
2024-09-12,38,42358337.0,0,0,0.0,0.00062,0.00062,0.00062,,,2779875.0,,2779875.0
2024-09-13,38,42350883.0,0,0,0.0,0.00808,0.00808,0.00808,,,8257321.0,,8257321.0
2024-09-16,38,42144710.0,0,0,0.0,0.0006,0.0006,0.0006,,,25911.0,,25911.0
2024-09-17,38,42119307.0,0,0,0.0,0.00805,0.00805,0.00805,,,16464217.0,,16464217.0
2024-09-18,38,42058519.0,0,0,0.0,0.00306,0.00306,0.00306,,,3703927.0,,3703927.0
2024-09-19,38,41929848.0,0,0,0.0,0.0001,0.0001,0.0001,,,4741.0,,4741.0
2024-09-20,38,41925458.0,0,0,0.0,0.00251,0.00251,0.00251,,,3788204.0,,3788204.0
2024-09-23,38,41820175.0,0,0,0.0,0.0,0.0,0.0,,,0.0,,0.0
2024-09-24,38,41820175.0,0,0,0.0,0.0089,0.0089,0.0089,,,17164524.0,,17164524.0
2024-09-25,38,41840747.0,0,0,0.0,0.00426,0.00426,0.00426,,,7914323.0,,7914323.0
2024-09-26,38,41767101.0,0,0,0.0,0.00025,0.00025,0.00025,,,704736.0,,704736.0
2024-09-27,38,41756514.0,0,0,0.0,0.00508,0.00508,0.00508,,,7665661.0,,7665661.0
2024-09-30,38,41544256.0,0,0,0.0,0.00023,0.00023,0.00023,,,710443.0,,710443.0
2024-10-01,38,41534665.0,0,0,0.0,0.00255,0.00255,0.00255,,,3833955.0,,3833955.0
2024-10-02,38,41428668.0,0,0,0.0,0.00022,0.00022,0.00022,,,685786.0,,685786.0
2024-10-03,38,41419443.0,0,0,0.0,0.00255,0.00255,0.00255,,,3731229.0,,3731229.0
2024-10-04,38,41313675.0,0,0,0.0,0.00044,0.00044,0.00044,,,1364710.0,,1364710.0
2024-10-07,38,41295548.0,0,0,0.0,0.0,0.0,0.0,,,0.0,,0.0
2024-10-08,38,41295548.0,0,0,0.0,0.0,0.0,0.0,,,0.0,,0.0
2024-10-09,38,41295548.0,0,1,0.02632,0.00537,0.00537,0.00537,,,7706661.0,,7706661.0
2024-10-10,37,41134507.0,0,0,0.0,0.0,0.0,0.0,,,0.0,,0.0
2024-10-11,37,41134507.0,0,0,0.0,0.00767,0.00767,0.00767,,,11577319.0,,11577319.0
2024-10-14,37,40818889.0,0,0,0.0,0.00163,0.00163,0.00163,,,5117851.0,,5117851.0
2024-10-15,37,40777735.0,0,0,0.0,0.00285,0.00285,0.00285,,,4260000.0,,4260000.0
2024-10-16,37,40661713.0,0,0,0.0,8e-05,8e-05,8e-05,,,31454.0,,31454.0
2024-10-17,37,40658638.0,0,0,0.0,6e-05,6e-05,6e-05,,,70987.0,,70987.0
2024-10-18,37,40656002.0,0,0,0.0,0.00517,0.00517,0.00517,,,7794656.0,,7794656.0
2024-10-21,37,40445944.0,0,0,0.0,0.0,0.0,0.0,,,0.0,,0.0
2024-10-22,37,40445944.0,0,0,0.0,0.0,0.0,0.0,,,0.0,,0.0
2024-10-23,37,40445944.0,0,0,0.0,0.00059,0.00059,0.00059,,,648740.0,,648740.0
2024-10-24,37,40422276.0,0,0,0.0,0.0,0.0,0.0,,,0.0,,0.0
2024-10-25,37,40422276.0,0,0,0.0,0.0,0.0,0.0,,,0.0,,0.0
2024-10-28,37,40422276.0,0,0,0.0,0.0026,0.0026,0.0026,,,3972845.0,,3972845.0
2024-10-29,37,40317318.0,0,0,0.0,0.01339,0.01339,0.01339,,,58977961.0,,58977961.0
2024-10-30,37,40212644.0,0,0,0.0,6e-05,6e-05,6e-05,,,832678.0,,832678.0
2024-10-31,37,40211739.0,0,0,0.0,0.00224,0.00224,0.00224,,,7503577.0,,7503577.0
2024-11-01,37,40163791.0,0,0,0.0,0.00961,0.00961,0.00961,,,19664536.0,,19664536.0
2024-11-04,37,39878470.0,0,0,0.0,0.00038,0.00038,0.00038,,,1077832.0,,1077832.0
2024-11-05,37,39863496.0,0,0,0.0,0.00179,0.00179,0.00179,,,8257702.0,,8257702.0
2024-11-06,37,39804453.0,0,0,0.0,0.00261,0.00261,0.00261,,,3992228.0,,3992228.0
2024-11-07,37,39908471.0,0,0,0.0,0.00521,0.00521,0.00521,,,8566915.0,,8566915.0
2024-11-08,37,39700429.0,0,0,0.0,0.01461,0.01461,0.01461,,,36727039.0,,36727039.0
2024-11-11,37,40162453.0,0,0,0.0,0.00138,0.00138,0.00138,,,2216540.0,,2216540.0
2024-11-12,37,40127549.0,0,0,0.0,0.00244,0.00244,0.00244,,,2440985.0,,2440985.0
2024-11-13,37,40032016.0,0,0,0.0,3e-05,3e-05,3e-05,,,164000.0,,164000.0
2024-11-14,37,40033266.0,0,0,0.0,0.00016,0.00016,0.00016,,,796203.0,,796203.0
2024-11-15,37,40039523.0,0,0,0.0,0.0,0.0,0.0,,,0.0,,0.0
2024-11-18,37,40039523.0,0,0,0.0,0.0,0.0,0.0,,,0.0,,0.0
2024-11-19,37,40039523.0,0,0,0.0,0.0,0.0,0.0,,,0.0,,0.0
2024-11-20,37,40039523.0,0,0,0.0,0.0,0.0,0.0,,,0.0,,0.0
2024-11-21,37,40039523.0,0,0,0.0,0.0,0.0,0.0,,,0.0,,0.0
2024-11-22,37,40039523.0,0,0,0.0,0.00239,0.00239,0.00239,,,4368047.0,,4368047.0
2024-11-25,37,40135177.0,0,0,0.0,0.00953,0.00953,0.00953,,,17756308.0,,17756308.0
2024-11-26,37,40517805.0,0,0,0.0,0.01809,0.01809,0.01809,,,9141068.0,,9141068.0
2024-11-27,37,40821907.0,0,0,0.0,0.00046,0.00046,0.00046,,,185024.0,,185024.0
2024-11-29,37,40802969.0,0,0,0.0,0.0,0.0,0.0,,,0.0,,0.0
2024-12-02,37,40802969.0,0,0,0.0,0.0,0.0,0.0,,,0.0,,0.0
2024-12-03,37,40802969.0,0,0,0.0,0.00309,0.00309,0.00309,,,7266352.0,,7266352.0
2024-12-04,37,40913974.0,0,0,0.0,0.00256,0.00256,0.00256,,,4909236.0,,4909236.0
2024-12-05,37,41003164.0,0,0,0.0,0.0,0.0,0.0,,,0.0,,0.0
2024-12-06,37,41003164.0,0,0,0.0,0.0,0.0,0.0,,,0.0,,0.0
2024-12-09,37,41003164.0,0,0,0.0,0.0,0.0,0.0,,,0.0,,0.0
2024-12-10,37,41003164.0,0,0,0.0,0.0,0.0,0.0,,,0.0,,0.0
2024-12-11,37,41003164.0,0,0,0.0,0.0,0.0,0.0,,,0.0,,0.0
2024-12-12,37,41003164.0,0,0,0.0,0.0,0.0,0.0,,,0.0,,0.0
2024-12-13,37,41003164.0,0,0,0.0,0.0,0.0,0.0,,,0.0,,0.0
2024-12-16,37,41003164.0,0,0,0.0,0.0,0.0,0.0,,,0.0,,0.0
2024-12-17,37,41003164.0,0,0,0.0,0.0,0.0,0.0,,,0.0,,0.0
2024-12-18,37,41003164.0,0,0,0.0,0.0,0.0,0.0,,,0.0,,0.0
2024-12-19,37,41003164.0,0,0,0.0,0.0,0.0,0.0,,,0.0,,0.0
2024-12-20,37,41003164.0,0,0,0.0,0.0,0.0,0.0,,,0.0,,0.0
2024-12-23,37,41003164.0,0,0,0.0,0.0,0.0,0.0,,,0.0,,0.0
2024-12-24,37,41003164.0,0,0,0.0,0.00255,0.00255,0.00255,,,4961683.0,,4961683.0
2024-12-26,37,40898671.0,0,0,0.0,0.0,0.0,0.0,,,0.0,,0.0
2024-12-27,37,40898671.0,0,0,0.0,0.0,0.0,0.0,,,0.0,,0.0
2024-12-30,37,40898671.0,0,0,0.0,0.00511,0.00511,0.00511,,,9890832.0,,9890832.0
2024-12-31,37,40689671.0,0,0,0.0,0.00257,0.00257,0.00257,,,4847184.0,,4847184.0
2025-01-02,37,40585178.0,0,0,0.0,0.00257,0.00257,0.00257,,,4767211.0,,4767211.0
2025-01-03,37,40480684.0,0,0,0.0,0.00516,0.00516,0.00516,,,9601699.0,,9601699.0
2025-01-06,37,40271694.0,0,0,0.0,0.00138,0.00138,0.00138,,,1815082.0,,1815082.0
2025-01-07,37,40216266.0,0,0,0.0,0.00588,0.00588,0.00588,,,21838113.0,,21838113.0
2025-01-08,37,40186693.0,0,0,0.0,0.00262,0.00262,0.00262,,,5237517.0,,5237517.0
2025-01-10,37,40166077.0,0,0,0.0,0.0026,0.0026,0.0026,,,4917555.0,,4917555.0
2025-01-13,37,40061568.0,0,0,0.0,0.0002,0.0002,0.0002,,,882941.0,,882941.0
2025-01-14,37,40053728.0,0,0,0.0,0.0,0.0,0.0,,,0.0,,0.0
2025-01-15,37,40053728.0,0,0,0.0,0.0,0.0,0.0,,,0.0,,0.0
2025-01-16,37,40053728.0,0,0,0.0,0.0,0.0,0.0,,,0.0,,0.0
2025-01-17,37,40053728.0,0,0,0.0,0.00783,0.00783,0.00783,,,14989733.0,,14989733.0
2025-01-21,37,39740300.0,0,0,0.0,0.00276,0.00276,0.00276,,,5988721.0,,5988721.0
2025-01-22,37,39630595.0,0,0,0.0,0.0,0.0,0.0,,,0.0,,0.0
2025-01-23,37,39630595.0,0,0,0.0,0.00047,0.00047,0.00047,,,927107.0,,927107.0
2025-01-24,37,39612112.0,0,0,0.0,0.0,0.0,0.0,,,0.0,,0.0
2025-01-27,37,39612112.0,0,0,0.0,0.0,0.0,0.0,,,0.0,,0.0
2025-01-28,37,39612112.0,1,0,0.02703,0.03925,0.03792,0.03925,,,60161727.0,,60161727.0
2025-01-29,38,38421519.0,0,0,0.0,0.01267,0.01267,0.01267,,,14726909.0,,14726909.0
2025-01-30,38,37990126.0,0,0,0.0,0.00027,0.00027,0.00027,,,1253806.0,,1253806.0
2025-01-31,38,37993994.0,0,0,0.0,0.0012,0.0012,0.0012,,,2031997.0,,2031997.0
2025-02-03,38,37965005.0,0,0,0.0,0.00016,0.00016,0.00016,,,93964.0,,93964.0
2025-02-04,38,37959105.0,0,0,0.0,0.00012,0.00012,0.00012,,,71135.0,,71135.0
2025-02-05,38,37954611.0,0,0,0.0,4e-05,4e-05,4e-05,,,23737.0,,23737.0
2025-02-06,38,37953161.0,0,1,0.02632,2e-05,1e-05,2e-05,,,9834.0,,9834.0
2025-02-07,37,37952561.0,0,0,0.0,0.01176,0.01176,0.01176,,,36435720.0,,36435720.0
2025-02-10,37,38155779.0,0,0,0.0,0.00577,0.00577,0.00577,,,13346352.0,,13346352.0
2025-02-11,37,38191415.0,0,0,0.0,0.00151,0.00151,0.00151,,,937498.0,,937498.0
2025-02-12,37,38182832.0,0,0,0.0,0.00901,0.00901,0.00901,,,23778942.0,,23778942.0
2025-02-13,37,38185494.0,0,0,0.0,0.00202,0.00202,0.00202,,,7756359.0,,7756359.0
2025-02-14,37,38144416.0,0,0,0.0,0.00586,0.00586,0.00586,,,15476004.0,,15476004.0
2025-02-18,37,38256286.0,0,0,0.0,0.00045,0.00045,0.00045,,,879147.0,,879147.0
2025-02-19,37,38259617.0,0,0,0.0,0.0,0.0,0.0,,,0.0,,0.0
2025-02-20,37,38259617.0,0,0,0.0,0.0,0.0,0.0,,,0.0,,0.0
2025-02-21,37,38259617.0,0,0,0.0,0.0,0.0,0.0,,,0.0,,0.0
2025-02-24,37,38259617.0,0,0,0.0,0.0,0.0,0.0,,,0.0,,0.0
2025-02-25,37,38259617.0,0,0,0.0,0.00041,0.00041,0.00041,,,1832803.0,,1832803.0
2025-02-26,37,38275214.0,0,0,0.0,0.01631,0.01631,0.01631,,,30010405.0,,30010405.0
2025-02-27,37,37725234.0,0,0,0.0,0.0,0.0,0.0,,,0.0,,0.0
2025-02-28,37,37725234.0,0,0,0.0,0.00338,0.00338,0.00338,,,13387193.0,,13387193.0
2025-03-03,37,37627951.0,0,1,0.02703,0.0,0.0,0.0,,,905.0,,905.0
2025-03-04,36,37627899.0,0,0,0.0,0.00867,0.00867,0.00867,,,16217285.0,,16217285.0
2025-03-05,36,37379457.0,0,0,0.0,0.00973,0.00973,0.00973,,,12022790.0,,12022790.0
2025-03-06,36,37240633.0,0,0,0.0,0.01726,0.01726,0.01726,,,31158742.0,,31158742.0
2025-03-07,36,37883227.0,1,0,0.02778,0.00443,0.00347,0.00443,,,7485197.0,,7485197.0
2025-03-10,37,37824951.0,0,0,0.0,0.01439,0.01439,0.01439,,,22298108.0,,22298108.0
2025-03-11,37,37362302.0,0,0,0.0,0.01373,0.01373,0.01373,,,23167643.0,,23167643.0
2025-03-12,37,36980989.0,0,0,0.0,0.00526,0.00526,0.00526,,,9809848.0,,9809848.0
2025-03-13,37,36946945.0,0,0,0.0,3e-05,3e-05,3e-05,,,43250.0,,43250.0
2025-03-14,37,36947975.0,0,0,0.0,0.01216,0.01216,0.01216,,,15097678.0,,15097678.0
2025-03-17,37,36745240.0,0,0,0.0,0.01013,0.01013,0.01013,,,11159818.0,,11159818.0
2025-03-18,37,36549978.0,0,0,0.0,0.0011,0.0011,0.0011,,,2257593.0,,2257593.0
2025-03-19,37,36529916.0,0,0,0.0,0.00024,0.00024,0.00024,,,436438.0,,436438.0
2025-03-20,37,36538664.0,0,0,0.0,0.0,0.0,0.0,,,0.0,,0.0
2025-03-21,37,36538664.0,0,0,0.0,0.0,0.0,0.0,,,0.0,,0.0
2025-03-24,37,36538664.0,0,0,0.0,0.0,0.0,0.0,,,0.0,,0.0
2025-03-25,37,36538664.0,1,0,0.02703,0.00557,0.00324,0.00557,,,16188774.0,,16188774.0
2025-03-26,38,36504960.0,0,0,0.0,0.00269,0.00269,0.00269,,,4734219.0,,4734219.0
2025-03-27,38,36406666.0,0,0,0.0,0.0,0.0,0.0,,,0.0,,0.0
2025-03-28,38,36406666.0,0,0,0.0,0.0,0.0,0.0,,,0.0,,0.0
2025-03-31,38,36406666.0,1,0,0.02632,0.02196,0.01065,0.02196,,,32420859.0,,32420859.0
2025-04-01,39,36430862.0,0,0,0.0,0.02462,0.02462,0.02462,,,24568558.0,,24568558.0
2025-04-02,39,35818401.0,0,0,0.0,0.00406,0.00406,0.00406,,,1648080.0,,1648080.0
2025-04-03,39,35679534.0,0,0,0.0,0.00541,0.00541,0.00541,,,8788183.0,,8788183.0
2025-04-04,39,35486364.0,0,0,0.0,0.02746,0.02746,0.02746,,,31109104.0,,31109104.0
2025-04-07,39,34512042.0,0,0,0.0,0.01419,0.01419,0.01419,,,15172515.0,,15172515.0
2025-04-08,39,34072687.0,0,0,0.0,0.01595,0.01595,0.01595,,,22615831.0,,22615831.0
2025-04-09,39,33659005.0,0,0,0.0,0.00317,0.00317,0.00317,,,5445855.0,,5445855.0
2025-04-10,39,33579363.0,0,0,0.0,0.00319,0.00319,0.00319,,,4967669.0,,4967669.0
2025-04-11,39,33472111.0,0,0,0.0,0.0,0.0,0.0,,,0.0,,0.0
2025-04-14,39,33472111.0,0,0,0.0,0.00284,0.00284,0.00284,,,4104898.0,,4104898.0
2025-04-15,39,33377125.0,0,0,0.0,0.00191,0.00191,0.00191,,,681445.0,,681445.0
2025-04-16,39,33313498.0,0,0,0.0,0.0,0.0,0.0,,,0.0,,0.0
2025-04-17,39,33313498.0,1,0,0.02564,0.01321,0.00571,0.01321,,,10301059.0,,10301059.0
2025-04-21,40,33373280.0,0,0,0.0,0.01067,0.01067,0.01067,,,5827197.0,,5827197.0
2025-04-22,40,33492055.0,0,0,0.0,0.0,0.0,0.0,,,0.0,,0.0
2025-04-23,40,33492055.0,1,0,0.025,0.01142,0.00946,0.01142,,,25809063.0,,25809063.0
2025-04-24,41,33417038.0,0,0,0.0,0.00059,0.00059,0.00059,,,869550.0,,869550.0
2025-04-25,41,33397375.0,0,1,0.02439,0.00297,0.00297,0.00297,,,4536091.0,,4536091.0
2025-04-28,40,33298038.0,0,0,0.0,3e-05,3e-05,3e-05,,,11405.0,,11405.0
2025-04-29,40,33297054.0,0,0,0.0,0.02676,0.02676,0.02676,,,54879719.0,,54879719.0
2025-04-30,40,32992299.0,0,0,0.0,0.00061,0.00061,0.00061,,,1952967.0,,1952967.0
2025-05-01,40,33012267.0,0,0,0.0,0.00347,0.00347,0.00347,,,8847979.0,,8847979.0
2025-05-02,40,32998968.0,0,1,0.025,0.00039,0.00038,0.00039,,,907286.0,,907286.0
2025-05-05,39,33011536.0,0,0,0.0,0.00525,0.00525,0.00525,,,16659100.0,,16659100.0
2025-05-06,39,33046139.0,0,0,0.0,0.0,0.0,0.0,,,0.0,,0.0
2025-05-07,39,33046139.0,0,0,0.0,0.0,0.0,0.0,,,0.0,,0.0
2025-05-08,39,33046139.0,0,0,0.0,0.00536,0.00536,0.00536,,,13377472.0,,13377472.0
2025-05-09,39,32950715.0,0,0,0.0,0.0039,0.0039,0.0039,,,9856283.0,,9856283.0
2025-05-12,39,32914041.0,0,0,0.0,0.00071,0.00071,0.00071,,,2245936.0,,2245936.0
2025-05-13,39,32929887.0,0,0,0.0,0.00629,0.00629,0.00629,,,13536451.0,,13536451.0
2025-05-14,39,32929605.0,0,0,0.0,0.00644,0.00644,0.00644,,,2093343.0,,2093343.0
2025-05-15,39,33141704.0,0,0,0.0,0.01389,0.01389,0.01389,,,9905726.0,,9905726.0
2025-05-16,39,33340813.0,0,0,0.0,0.00845,0.00845,0.00845,,,910205.0,,910205.0
2025-05-19,39,33604421.0,0,0,0.0,0.00373,0.00373,0.01952,0.01073,1.0,84132418.0,42253199.0,461642.0
2025-05-20,39,33719905.0,0,0,0.0,0.01069,0.01069,0.01069,0.00298,1.0,42295448.0,3251775.0,42295448.0
2025-05-21,39,33900325.0,0,0,0.0,0.00297,0.00297,0.00455,0.00328,1.0,3328628.0,161324.0,3250966.0
2025-05-22,39,34000975.0,0,0,0.0,0.00484,0.00484,0.00619,0.00249,1.0,7959321.0,1487313.0,5420723.0
2025-05-23,39,34011504.0,0,0,0.0,0.00405,0.00405,0.0082,0.00355,1.0,7086768.0,1018886.0,6880844.0
2025-05-27,39,33944573.0,0,0,0.0,0.00356,0.00356,0.0105,0.00347,1.0,26664839.0,12819559.0,1025721.0
2025-05-28,39,34035737.0,0,0,0.0,0.00635,0.00635,0.01688,0.00527,1.0,19996720.0,272484.0,19451751.0
2025-05-29,39,33934981.0,0,0,0.0,0.00528,0.00528,0.00588,0.0003,1.0,1996870.0,861297.0,274277.0
2025-05-30,39,34114247.0,0,0,0.0,0.0003,0.0003,0.0003,0.0,,862823.0,0.0,862823.0
2025-06-02,39,34104071.0,0,0,0.0,0.0,0.0,0.0,0.0,,0.0,0.0,0.0
2025-06-03,39,34104071.0,0,0,0.0,0.00899,0.00899,0.01992,0.00561,1.0,65935574.0,25265867.0,16525306.0
2025-06-04,39,33797639.0,0,0,0.0,0.00566,0.00566,0.00566,0.0,,28658826.0,0.0,28658826.0
2025-06-05,39,33772276.0,0,0,0.0,0.0,0.0,0.0659,0.03545,0.85911,176917479.0,88458739.0,0.0
2025-06-06,39,33772276.0,1,0,0.02564,0.04846,0.021,0.04846,0.0,,110922288.0,0.0,110922288.0
2025-06-09,40,33990329.0,0,0,0.0,0.0,0.0,4e-05,2e-05,1.0,366854.0,183427.0,0.0
2025-06-10,40,33990329.0,0,0,0.0,2e-05,2e-05,2e-05,0.0,,187340.0,0.0,187340.0
2025-06-11,40,33989599.0,0,0,0.0,0.0,0.0,0.00652,0.00326,1.0,15896006.0,7948003.0,0.0
2025-06-12,40,33989599.0,0,0,0.0,0.0087,0.0087,0.02341,0.00884,1.0,17671230.0,477615.0,16876335.0
2025-06-13,40,34246252.0,0,0,0.0,0.01037,0.01037,0.01037,0.00584,1.0,6335828.0,310212.0,6335828.0
2025-06-16,40,34441504.0,0,0,0.0,0.00581,0.00581,0.01495,0.00497,1.0,53852144.0,26794856.0,304208.0
2025-06-17,40,34641641.0,1,0,0.025,0.00494,0.00306,0.00833,0.0039,1.0,42470428.0,19394452.0,28410693.0
2025-06-18,41,34628220.0,0,0,0.0,0.00391,0.00391,0.00391,0.0,,19230723.0,0.0,19230723.0
2025-06-20,41,34632817.0,0,0,0.0,0.0,0.0,0.01191,0.00595,1.0,63405883.0,31702942.0,0.0
2025-06-23,41,34632817.0,0,0,0.0,0.00595,0.00595,0.01645,0.00878,1.0,52292455.0,31864785.0,34867369.0
2025-06-24,41,34689003.0,0,0,0.0,0.00877,0.00877,0.0103,0.0015,1.0,36076727.0,2822739.0,33775785.0
2025-06-25,41,34848566.0,0,0,0.0,0.00149,0.00149,0.00531,0.00256,1.0,3651555.0,1976165.0,2917634.0
2025-06-26,41,34900445.0,0,0,0.0,0.00256,0.00256,0.00256,0.0,,1923479.0,0.0,1923479.0
2025-06-27,41,34989690.0,0,0,0.0,0.0,0.0,0.0,0.0,,0.0,0.0,0.0
2025-06-30,41,34989690.0,0,0,0.0,0.0,0.0,0.0059,0.00295,1.0,42161043.0,21080522.0,0.0
2025-07-01,41,34989690.0,0,0,0.0,0.00576,0.00576,0.00643,0.00064,1.0,33276547.0,7401521.0,25824244.0
2025-07-02,41,35135143.0,0,0,0.0,0.00064,0.00064,0.00064,9e-05,1.0,7038870.0,1028457.0,7038870.0
2025-07-03,41,35139269.0,0,0,0.0,9e-05,9e-05,9e-05,0.0,,1087098.0,0.0,1087098.0
2025-07-07,41,35136202.0,0,0,0.0,0.0,0.0,0.0,0.0,,0.0,0.0,0.0
2025-07-08,41,35136202.0,0,0,0.0,0.00581,0.00581,0.00581,0.0,,12586974.0,0.0,12586974.0
2025-07-09,41,35340328.0,0,0,0.0,0.00289,0.00289,0.00289,0.0,,6265560.0,0.0,6265560.0
2025-07-10,41,35442394.0,0,0,0.0,0.0,0.0,0.0,0.0,,0.0,0.0,0.0
2025-07-11,41,35442394.0,0,0,0.0,0.0,0.0,0.00166,0.00083,1.0,14779318.0,7389659.0,0.0
2025-07-14,41,35442394.0,0,0,0.0,0.00083,0.00083,0.00083,0.00023,1.0,7417326.0,714857.0,7417326.0
2025-07-15,41,35440856.0,0,0,0.0,0.00023,0.00023,0.01249,0.00938,0.32101,72192307.0,35940442.0,721564.0
2025-07-16,41,35432823.0,0,0,0.0,0.01204,0.01204,0.02889,0.00883,1.0,56389533.0,7584026.0,48747810.0
2025-07-17,41,35342861.0,0,0,0.0,0.00885,0.00885,0.00885,0.0,,8078279.0,0.0,8078279.0
2025-07-18,41,35630045.0,0,0,0.0,0.00868,0.00868,0.00868,0.0,,20193459.0,0.0,20193459.0
2025-07-21,41,35939477.0,0,0,0.0,0.00287,0.00287,0.07009,0.03369,1.0,166299789.0,80250739.0,6773048.0
2025-07-22,41,36042625.0,1,0,0.02439,0.03614,0.0104,0.03614,0.0,,83962975.0,0.0,83962975.0
2025-07-23,42,36857402.0,0,0,0.0,0.00302,0.00302,0.00302,0.0,,7279974.0,0.0,7279974.0
2025-07-24,42,36745927.0,0,0,0.0,0.0,0.0,0.00251,0.00165,0.52223,16200554.0,8100277.0,0.0
2025-07-25,42,36745927.0,0,0,0.0,0.00165,0.00165,0.00165,0.0,,8763588.0,0.0,8763588.0
2025-07-28,42,36720319.0,0,0,0.0,0.0,0.0,0.04303,0.02151,1.0,98177297.0,49088648.0,0.0
2025-07-29,42,36720319.0,1,0,0.02381,0.033,0.02806,0.033,0.00284,1.0,97691203.0,3660007.0,97691203.0
2025-07-30,43,37291628.0,0,0,0.0,0.00558,0.00558,0.00856,0.00162,1.0,12428134.0,1471855.0,10339238.0
2025-07-31,43,37284995.0,0,0,0.0,0.00162,0.00162,0.00734,0.00448,1.0,20031054.0,10754029.0,1477004.0
2025-08-01,43,37332362.0,1,0,0.02326,0.05418,0.05257,0.05986,0.00917,1.0,147311645.0,24424246.0,128355561.0
2025-08-04,44,39354989.0,0,0,0.0,0.05743,0.05743,0.05743,0.0,,145224973.0,0.0,145224973.0
2025-08-05,44,37150139.0,0,0,0.0,0.00867,0.00867,0.00867,0.0,,20043440.0,0.0,20043440.0
2025-08-06,44,37472177.0,0,0,0.0,0.01432,0.01432,0.01934,0.0028,1.0,62713484.0,16738378.0,33062832.0
2025-08-07,44,38008872.0,0,0,0.0,0.01484,0.01484,0.01796,0.00163,1.0,53378983.0,7557729.0,39003460.0
2025-08-08,44,38569439.0,0,0,0.0,0.00161,0.00161,0.02812,0.01326,1.0,83613034.0,38176281.0,7260471.0
2025-08-11,44,38587560.0,0,0,0.0,0.02471,0.02471,0.02831,0.0018,1.0,63313726.0,5102513.0,53108699.0
2025-08-12,44,39356078.0,0,0,0.0,0.09629,0.09629,0.09629,0.0,,241009545.0,0.0,241009545.0
2025-08-13,44,43145576.0,0,0,0.0,0.10225,0.10225,0.12753,0.01264,1.0,373485546.0,37088288.0,299308970.0
2025-08-14,44,47557247.0,1,0,0.02273,0.03621,0.02474,0.04375,0.00469,1.0,150721761.0,18563142.0,119635784.0
2025-08-15,45,49180771.0,0,0,0.0,0.06174,0.06174,0.07297,0.01072,1.0,252599889.0,30254757.0,203344222.0
2025-08-18,45,46394531.0,0,0,0.0,0.06042,0.06042,0.06042,0.001,1.0,175720725.0,3680720.0,175720725.0
2025-08-19,45,43998344.0,0,0,0.0,0.06987,0.06987,0.06987,0.00496,1.0,204393481.0,2819141.0,204393481.0
2025-08-20,45,40996497.0,0,0,0.0,0.04393,0.04393,0.04467,0.00972,1.0,104482390.0,5028414.0,104096546.0
2025-08-21,45,39195612.0,0,0,0.0,0.02163,0.02163,0.02163,0.0,,33829946.0,0.0,33829946.0
2025-08-22,45,38347752.0,0,0,0.0,0.01448,0.01448,0.01448,0.00032,1.0,35684888.0,2290255.0,35684888.0
2025-08-25,45,37792402.0,0,0,0.0,0.00032,0.00032,0.00032,0.0,,2410039.0,0.0,2410039.0
2025-08-26,45,37780157.0,0,0,0.0,0.01175,0.01175,0.01175,0.00016,1.0,29288891.0,1185992.0,29288891.0
2025-08-27,45,37336225.0,0,0,0.0,0.00016,0.00016,0.00672,0.00328,1.0,13182274.0,5995050.0,1192174.0
2025-08-28,45,37330084.0,0,0,0.0,0.00328,0.00328,0.00328,0.00031,1.0,5721385.0,555914.0,5721385.0
2025-08-29,45,37349743.0,0,0,0.0,0.00031,0.00031,0.00031,6e-05,1.0,560915.0,102199.0,560915.0
2025-09-02,45,37338113.0,0,0,0.0,6e-05,6e-05,0.00047,0.00026,1.0,839506.0,470588.0,101670.0
2025-09-03,45,37335994.0,0,0,0.0,0.00026,0.00026,0.00026,0.0,,469901.0,0.0,469901.0
2025-09-04,45,37326186.0,0,0,0.0,0.0,0.0,0.02875,0.01437,1.0,25935105.0,12967553.0,0.0
2025-09-05,45,37326186.0,0,0,0.0,0.01437,0.01437,0.02544,0.00553,1.0,38068199.0,13179790.0,11708619.0
2025-09-08,45,37006147.0,0,0,0.0,0.00998,0.00998,0.01234,0.00177,1.0,32318287.0,5347716.0,23463367.0
2025-09-09,45,37250125.0,0,0,0.0,0.10695,0.10695,0.10695,0.0,,279337283.0,0.0,279337283.0
2025-09-10,45,41234172.0,0,0,0.0,0.01926,0.01926,0.02414,0.00262,1.0,78580871.0,12225465.0,55581437.0
2025-09-11,45,42028468.0,0,0,0.0,0.05731,0.05731,0.06037,0.00235,1.0,172542815.0,7381746.0,165967206.0
2025-09-12,45,44437116.0,0,0,0.0,0.12296,0.12296,0.12378,0.00341,1.0,390441281.0,8477996.0,388382848.0
2025-09-15,45,49900962.0,0,0,0.0,0.00304,0.00304,0.00304,0.0,,8040158.0,0.0,8040158.0
2025-09-16,45,50052463.0,0,0,0.0,0.16146,0.16146,0.16747,0.003,1.0,590640273.0,8008293.0,574623687.0
2025-09-17,45,41970838.0,0,0,0.0,0.08661,0.08661,0.08863,0.00101,1.0,269943530.0,4402779.0,261137972.0
2025-09-18,45,38457352.0,0,0,0.0,0.0011,0.0011,0.00836,0.00363,1.0,50807747.0,23168471.0,4470805.0
2025-09-19,45,38499650.0,0,0,0.0,0.0,0.0,0.0,0.0,,0.0,0.0,0.0
2025-09-22,45,38499650.0,1,0,0.02222,0.00363,0.0,0.00813,0.00225,1.0,57750516.0,17291023.0,23168471.0
2025-09-23,46,38639219.0,1,0,0.02174,0.04992,0.04865,0.04992,0.0,,149257826.0,0.0,149257826.0
2025-09-24,47,36808892.0,0,0,0.0,1e-05,1e-05,1e-05,0.0,,116456.0,0.0,116456.0
2025-09-25,47,36809356.0,0,0,0.0,0.01472,0.01472,0.01472,0.0,,39325600.0,0.0,39325600.0
2025-09-26,47,36267351.0,0,0,0.0,0.00299,0.00299,0.00299,0.0,,7694814.0,0.0,7694814.0
2025-09-29,47,36158950.0,0,0,0.0,0.0,0.0,0.0,0.0,,0.0,0.0,0.0
2025-09-30,47,36158950.0,0,0,0.0,0.003,0.003,0.003,0.0,,7941004.0,0.0,7941004.0
2025-10-01,47,36050549.0,1,0,0.02128,0.0159,0.01203,0.02656,0.00622,1.0,96517828.0,16517559.0,70842267.0
2025-10-02,48,35756514.0,0,0,0.0,0.00911,0.00911,0.00911,0.00068,1.0,23844789.0,2530112.0,23844789.0
2025-10-03,48,35724493.0,0,0,0.0,0.00677,0.00677,0.00702,0.00016,1.0,20716525.0,1278190.0,18711721.0
2025-10-06,48,35482734.0,0,0,0.0,0.00016,0.00016,0.00016,0.0,,1261524.0,0.0,1261524.0
2025-10-07,48,35476987.0,0,0,0.0,0.0,0.0,0.0,0.0,,0.0,0.0,0.0
2025-10-08,48,35476987.0,0,0,0.0,0.0,0.0,0.0,0.0,,0.0,0.0,0.0
2025-10-09,48,35476987.0,0,0,0.0,0.00306,0.00306,0.00306,0.0,,8344973.0,0.0,8344973.0
2025-10-10,48,35368427.0,0,0,0.0,0.00307,0.00307,0.00336,0.00023,1.0,10034350.0,1304733.0,8331741.0
2025-10-13,48,35259867.0,0,0,0.0,0.00023,0.00023,0.00023,0.0,,1202421.0,0.0,1202421.0
2025-10-14,48,35251905.0,0,0,0.0,0.0,0.0,0.0,0.0,,0.0,0.0,0.0
2025-10-15,48,35251905.0,0,0,0.0,0.00308,0.00308,0.007,0.00211,1.0,27987191.0,10817873.0,7929991.0
2025-10-16,48,35143373.0,0,0,0.0,0.00516,0.00516,0.00516,0.0,,18882014.0,0.0,18882014.0
2025-10-17,48,35029708.0,0,0,0.0,0.0,0.0,0.0,0.0,,0.0,0.0,0.0
2025-10-20,48,35029708.0,0,0,0.0,0.03408,0.03408,0.03408,0.00129,1.0,86903754.0,6937423.0,86903754.0
2025-10-21,48,33836043.0,0,0,0.0,0.00454,0.00454,0.00454,0.0,,15187890.0,0.0,15187890.0
2025-10-22,48,33682454.0,0,0,0.0,0.0,0.0,0.01958,0.00979,1.0,74467433.0,37233716.0,0.0
2025-10-23,48,33682454.0,1,0,0.02083,0.01589,0.01121,0.0173,0.00182,1.0,66263789.0,9121431.0,59394065.0
2025-10-24,49,33524025.0,0,0,0.0,0.00517,0.00517,0.00517,0.00029,1.0,17188555.0,1157813.0,17188555.0
2025-10-27,49,33416949.0,0,0,0.0,0.00957,0.00957,0.02443,0.00789,1.0,62266057.0,19328977.0,25300812.0
2025-10-28,49,33736876.0,0,0,0.0,0.02006,0.02006,0.02141,0.00375,1.0,54978704.0,6956707.0,49078775.0
2025-10-29,49,34322383.0,0,0,0.0,0.01139,0.01139,0.01139,0.00057,1.0,22961589.0,611297.0,22961589.0
2025-10-30,49,34713430.0,0,0,0.0,0.00057,0.00057,0.00057,0.0,,601292.0,0.0,601292.0
2025-10-31,49,34733048.0,0,0,0.0,0.00307,0.00307,0.0042,0.00061,1.0,9514951.0,1066632.0,7545422.0
2025-11-03,49,34839547.0,0,0,0.0,0.01606,0.01606,0.01718,0.00141,1.0,42612262.0,2480762.0,40639324.0
2025-11-04,49,35387624.0,0,0,0.0,0.02235,0.02235,0.02235,0.00014,1.0,58065850.0,243208.0,58065850.0
2025-11-05,49,34670957.0,0,0,0.0,0.00014,0.00014,0.00845,0.00416,1.0,13416581.0,6597598.0,221384.0
2025-11-06,49,34675796.0,0,0,0.0,0.00715,0.00715,0.01246,0.00278,1.0,31187378.0,9337894.0,13446769.0
2025-11-07,49,34686293.0,0,0,0.0,0.00278,0.00278,0.00725,0.00301,1.0,19418184.0,7666466.0,8411418.0
2025-11-10,49,34720365.0,0,0,0.0,0.0086,0.0086,0.0086,7e-05,1.0,21424522.0,199005.0,21424522.0
2025-11-11,49,34518211.0,0,0,0.0,0.0,0.0,0.00346,0.00173,1.0,21342460.0,10671230.0,0.0
2025-11-12,49,34518211.0,0,0,0.0,0.00498,0.00498,0.00976,0.00249,1.0,42919518.0,13311183.0,18596907.0
2025-11-13,49,34412578.0,0,0,0.0,0.0025,0.0025,0.0097,0.00472,1.0,37176192.0,15727657.0,12333702.0
2025-11-14,49,34470608.0,0,0,0.0,0.00736,0.00736,0.00736,0.00145,1.0,21132761.0,1900065.0,21132761.0
2025-11-17,49,34445252.0,0,0,0.0,0.00145,0.00145,0.00448,0.00196,1.0,9175148.0,4288902.0,1785682.0
2025-11-18,49,34495330.0,0,0,0.0,0.00196,0.00196,0.00196,0.0,,4128050.0,0.0,4128050.0
2025-11-19,49,34541082.0,0,0,0.0,0.00322,0.00322,0.01624,0.00658,1.0,39358267.0,16737856.0,6922942.0
2025-11-20,49,34429975.0,0,0,0.0,0.00923,0.00923,0.00923,0.0009,1.0,22075337.0,1894150.0,22075337.0
2025-11-21,49,34467193.0,0,0,0.0,0.0363,0.0363,0.0425,0.00381,0.94875,81895824.0,6115858.0,72542014.0
2025-11-24,49,35716912.0,0,0,0.0,0.00368,0.00368,0.00515,0.00415,0.92295,8040073.0,6564595.0,6318586.0
2025-11-25,49,35678869.0,0,1,0.02041,0.0128,0.01279,0.02298,0.00865,0.90158,84526793.0,35807105.0,26735902.0
2025-11-26,48,35976396.0,0,0,0.0,0.00858,0.00858,0.00959,0.00203,0.83237,43032202.0,4245129.0,36859627.0
2025-11-28,48,35894181.0,0,0,0.0,0.01102,0.01102,0.01282,0.0015,0.59043,27245384.0,1110382.0,25522701.0
2025-12-01,48,36202849.0,0,0,0.0,0.00149,0.00149,0.00457,0.00215,0.70854,5748323.0,2232012.0,1790656.0
2025-12-02,48,36193095.0,0,0,0.0,0.00508,0.00508,0.00508,0.00062,1.0,9473109.0,734377.0,9473109.0
2025-12-03,48,36286144.0,0,0,0.0,0.00062,0.00062,0.00107,0.00079,1.0,1122064.0,682662.0,734716.0
2025-12-04,48,36267480.0,0,0,0.0,0.00079,0.00079,0.00589,0.00277,0.83921,18827691.0,9066471.0,694749.0
2025-12-05,48,36238700.0,0,0,0.0,0.00567,0.00567,0.00846,0.00326,0.89164,21085796.0,6387252.0,16842537.0
2025-12-08,48,36207561.0,0,0,0.0,0.00326,0.00326,0.00326,2e-05,1.0,6715476.0,20228.0,6715476.0
2025-12-09,48,36250747.0,0,0,0.0,2e-05,2e-05,0.00394,0.00266,0.48908,2101770.0,1060672.0,19575.0
2025-12-10,48,36249877.0,0,0,0.0,0.00177,0.00177,0.00177,0.00015,1.0,1595678.0,126523.0,1595678.0
2025-12-11,48,36219643.0,0,0,0.0,0.00015,0.00015,0.00224,0.00126,0.90128,8141959.0,4133129.0,124299.0
2025-12-12,48,36214084.0,0,0,0.0,0.00126,0.00126,0.00724,0.00383,0.98404,40511008.0,21365053.0,3918335.0
2025-12-15,48,36234292.0,0,0,0.0,0.00383,0.00383,0.01592,0.00782,0.95938,47915482.0,27229340.0,21398525.0
2025-12-16,48,36308712.0,0,0,0.0,0.00991,0.00991,0.01015,0.0007,1.0,31977431.0,664330.0,31794557.0
2025-12-17,48,36398430.0,0,0,0.0,0.0007,0.0007,0.01376,0.00684,1.0,27817015.0,13943921.0,684838.0
2025-12-18,48,36387387.0,0,0,0.0,0.00684,0.00684,0.00684,0.00048,1.0,13573695.0,1177389.0,13573695.0
2025-12-19,48,36436938.0,0,0,0.0,0.00048,0.00048,0.00049,7e-05,1.0,1175308.0,56070.0,1161923.0
2025-12-22,48,36449739.0,0,0,0.0,7e-05,7e-05,0.00874,0.00436,1.0,66110492.0,33046905.0,55581.0
2025-12-23,48,36447167.0,0,0,0.0,0.00742,0.00742,0.00742,1e-05,1.0,40725433.0,6556.0,40725433.0
2025-12-24,48,36176720.0,0,0,0.0,1e-05,1e-05,1e-05,0.0,1.0,6370.0,2174.0,6370.0
2025-12-26,48,36176424.0,0,1,0.02083,0.0,0.0,0.0,0.0,,2174.0,0.0,2174.0
2025-12-29,47,36176323.0,0,0,0.0,0.0,0.0,0.0,0.0,,0.0,0.0,0.0
2025-12-30,47,36176323.0,0,0,0.0,0.0,0.0,0.0,0.0,,0.0,0.0,0.0
2025-12-31,47,36176323.0,0,0,0.0,0.00307,0.00307,0.00307,0.0,,7009608.0,0.0,7009608.0
2026-01-02,47,36065314.0,0,0,0.0,0.00308,0.00308,0.00308,0.0,,6918934.0,0.0,6918934.0
2026-01-05,47,35954305.0,0,0,0.0,0.0,0.0,0.0,0.0,,0.0,0.0,0.0
2026-01-06,47,35954305.0,0,0,0.0,0.0,0.0,0.00355,0.00177,1.0,17881319.0,8940660.0,0.0
2026-01-07,47,35954305.0,0,0,0.0,0.00764,0.00764,0.00773,0.00027,1.0,22437607.0,1106292.0,22055174.0
2026-01-08,47,35782970.0,0,0,0.0,0.00027,0.00027,0.00532,0.00252,1.0,43416102.0,21169456.0,1077190.0
2026-01-09,47,35773204.0,1,0,0.02128,0.00563,0.00475,0.00563,0.0,,27878192.0,0.0,27878192.0
2026-01-12,48,35634882.0,0,0,0.0,0.0,0.0,0.0,0.0,,0.0,0.0,0.0
2026-01-13,48,35634882.0,0,0,0.0,0.0,0.0,0.0,0.0,,0.0,0.0,0.0
2026-01-14,48,35634882.0,0,0,0.0,0.00312,0.00312,0.01286,0.00497,1.0,52960792.0,23272173.0,7116864.0
2026-01-15,48,35523825.0,0,0,0.0,0.01122,0.01122,0.01122,0.0,,36205296.0,0.0,36205296.0
2026-01-16,48,35187272.0,0,0,0.0,0.0,0.0,0.0014,0.0007,1.0,2163552.0,1081776.0,0.0
2026-01-20,48,35187272.0,0,0,0.0,0.0007,0.0007,0.0007,0.0,,1007247.0,0.0,1007247.0
2026-01-21,48,35162675.0,0,0,0.0,0.00314,0.00314,0.01932,0.00825,1.0,32740944.0,13199095.0,6679203.0
2026-01-22,48,35052121.0,0,0,0.0,0.02388,0.02388,0.02506,0.00219,1.0,47957471.0,3884141.0,46222696.0
2026-01-23,48,34375897.0,0,0,0.0,0.00864,0.00864,0.00949,0.00044,1.0,30746138.0,6869986.0,17710787.0
2026-01-26,48,34079052.0,0,0,0.0,0.00045,0.00045,0.00045,0.0,,6886144.0,0.0,6886144.0
2026-01-27,48,34082322.0,0,0,0.0,0.0,0.0,0.0,0.0,,0.0,0.0,0.0
2026-01-28,48,34082322.0,0,0,0.0,0.0,0.0,0.0,0.0,,0.0,0.0,0.0
2026-01-29,48,34082322.0,0,0,0.0,0.00939,0.00939,0.00939,0.0,,19300299.0,0.0,19300299.0
2026-01-30,48,34402512.0,0,0,0.0,0.01277,0.01277,0.01277,0.0,,26442131.0,0.0,26442131.0
2026-02-02,48,33963324.0,0,0,0.0,0.0,0.0,0.04889,0.02553,0.9153,72728688.0,36364344.0,0.0
2026-02-03,48,33963324.0,0,0,0.0,0.03073,0.03073,0.04548,0.01346,0.85581,68332100.0,20517660.0,46706336.0
2026-02-04,48,33438650.0,0,0,0.0,0.01609,0.01609,0.02812,0.00749,1.0,43272942.0,11041089.0,25049571.0
2026-02-05,48,33288869.0,0,0,0.0,0.01052,0.01052,0.02907,0.0105,1.0,86634823.0,40507006.0,14594227.0
2026-02-06,48,32990607.0,0,0,0.0,0.01352,0.01352,0.01721,0.00598,1.0,47052852.0,9446874.0,42465455.0
2026-02-09,48,32899104.0,0,0,0.0,0.01202,0.01202,0.01604,0.00354,1.0,26243756.0,3702958.0,20576062.0
2026-02-10,48,32633591.0,0,1,0.02083,0.00357,0.00356,0.00973,0.00495,1.0,5846814.0,2948158.0,3956101.0
2026-02-11,47,32591945.0,0,0,0.0,0.00496,0.00496,0.08147,0.03997,1.0,89135191.0,44017441.0,2923038.0
2026-02-12,47,32500019.0,0,0,0.0,0.05209,0.05209,0.10195,0.03403,1.0,89922228.0,27943735.0,59306925.0
2026-02-13,47,31613081.0,0,1,0.02128,0.03499,0.03496,0.04502,0.00625,1.0,34952063.0,5473941.0,26790862.0
2026-02-17,46,31993353.0,0,1,0.02174,0.00618,0.00617,0.00618,0.00088,1.0,5920909.0,1800486.0,5920909.0
2026-02-18,45,31853869.0,0,0,0.0,0.00088,0.00088,0.00631,0.00336,1.0,4886963.0,2093839.0,1799315.0
2026-02-19,45,31840731.0,0,0,0.0,0.00669,0.00669,0.02566,0.01051,1.0,21148730.0,8255368.0,7926484.0
2026-02-20,45,31627565.0,0,0,0.0,0.01058,0.01058,0.01191,0.00317,1.0,8797730.0,1670773.0,8517687.0
2026-02-23,45,31573614.0,0,0,0.0,0.00317,0.00317,0.00662,0.00391,1.0,8785902.0,4963325.0,1682581.0
2026-02-24,45,31571526.0,0,0,0.0,0.00391,0.00391,0.01558,0.00647,1.0,7174457.0,1300850.0,4823408.0
2026-02-25,45,31642606.0,0,0,0.0,0.00646,0.00646,0.00933,0.00785,1.0,9755482.0,5518874.0,1329727.0
2026-02-26,45,31438312.0,0,0,0.0,0.01123,0.01123,0.01491,0.00351,1.0,26041976.0,7753599.0,11275981.0
2026-02-27,45,31087808.0,0,0,0.0,0.00686,0.00686,0.04354,0.01956,1.0,22630405.0,5135946.0,13518942.0
2026-03-02,45,31165842.0,0,1,0.02222,0.0227,0.0227,0.05062,0.03245,1.0,11442404.0,1888526.0,9919561.0
2026-03-03,44,30532226.0,0,0,0.0,0.03312,0.03312,0.26273,0.14784,1.0,94790463.0,48278197.0,1839741.0
2026-03-04,44,29520978.0,0,1,0.02273,0.1529,0.1529,0.18723,0.07707,1.0,62333320.0,26998638.0,46730949.0
2026-03-05,43,25836284.0,0,0,0.0,0.08806,0.08806,0.09155,0.00597,1.0,31703338.0,4696495.0,27095795.0
2026-03-06,43,25093684.0,0,0,0.0,0.00615,0.00615,0.00714,0.00254,1.0,7113477.0,3139898.0,4673677.0
2026-03-09,43,25096361.0,0,0,0.0,0.00537,0.00537,0.00765,0.00183,1.0,10039231.0,875115.0,8725018.0
2026-03-10,43,24977606.0,0,0,0.0,0.00184,0.00184,0.00313,0.00093,1.0,1099597.0,156944.0,878207.0
2026-03-11,43,24995953.0,0,1,0.02326,0.00093,0.00092,0.00093,6e-05,1.0,154264.0,2184.0,154264.0
2026-03-12,42,25004897.0,0,0,0.0,0.00327,0.00327,0.00327,2e-05,1.0,6110216.0,787.0,6110216.0
2026-03-13,42,24923111.0,0,0,0.0,2e-05,2e-05,2e-05,1e-05,1.0,768.0,312.0,768.0
2026-03-16,42,24922619.0,0,0,0.0,1e-05,1e-05,1e-05,0.0,1.0,314.0,157.0,314.0
2026-03-17,42,24922419.0,0,1,0.02381,0.0,0.0,0.0,0.0,,157.0,0.0,157.0
2026-03-18,41,24922319.0,0,0,0.0,0.00325,0.00325,0.00325,0.0,,6105588.0,0.0,6105588.0
2026-03-19,41,24841239.0,0,0,0.0,0.00326,0.00326,0.00326,0.0,,6024649.0,0.0,6024649.0
2026-03-20,41,24760159.0,0,0,0.0,0.0,0.0,0.00712,0.00356,1.0,6007817.0,3003908.0,0.0
2026-03-23,41,24760159.0,0,0,0.0,0.00356,0.00356,0.00356,0.00033,1.0,2933311.0,311658.0,2933311.0
2026-03-24,41,24807516.0,0,0,0.0,0.00033,0.00033,0.0043,0.00208,1.0,13197375.0,6534221.0,324626.0
2026-03-25,41,24799308.0,0,0,0.0,0.00208,0.00208,0.00352,0.00146,1.0,8237169.0,2861182.0,5741385.0
2026-03-26,41,24807899.0,0,0,0.0,0.00146,0.00146,0.03113,0.02428,0.3129,55626367.0,28744204.0,2852707.0
2026-03-27,41,24771750.0,0,0,0.0,0.02431,0.02431,0.02465,0.0011,1.0,39839650.0,4987068.0,36698297.0
2026-03-30,41,24169503.0,0,0,0.0,0.00348,0.00348,0.00348,0.0,,7189941.0,0.0,7189941.0
2026-03-31,41,24218542.0,0,0,0.0,0.0,0.0,0.00258,0.00258,0.0,0.0,0.0,0.0
2026-04-01,41,24218542.0,1,0,0.02439,0.00258,0.0,0.00258,0.0,,42999686.0,0.0,42999686.0
2026-04-02,42,24281070.0,0,0,0.0,0.0,0.0,0.0,0.0,,0.0,0.0,0.0
2026-04-06,42,24281070.0,0,0,0.0,0.0,0.0,0.0,0.0,,0.0,0.0,0.0
2026-04-07,42,24281070.0,0,0,0.0,0.0033,0.0033,0.00681,0.00186,1.0,12007405.0,3484707.0,5560807.0
2026-04-08,42,24200845.0,0,0,0.0,0.00485,0.00485,0.00485,0.00048,1.0,8514815.0,1145805.0,8514815.0
2026-04-09,42,24142622.0,0,0,0.0,0.00048,0.00048,0.00048,0.0,,1174413.0,0.0,1174413.0
2026-04-10,42,24130992.0,0,0,0.0,0.00333,0.00333,0.00464,0.00075,1.0,10574394.0,3008096.0,5568181.0
2026-04-13,42,24050725.0,0,0,0.0,0.00075,0.00075,0.00075,0.0,,3031084.0,0.0,3031084.0
2026-04-14,42,24056421.0,0,0,0.0,0.0,0.0,0.0,0.0,,0.0,0.0,0.0
2026-04-15,42,24056421.0,0,0,0.0,0.0,0.0,0.0,0.0,,0.0,0.0,0.0
2026-04-16,42,24056421.0,0,0,0.0,0.0,0.0,0.0,0.0,,0.0,0.0,0.0
2026-04-17,42,24056421.0,0,0,0.0,0.01335,0.01335,0.01783,0.00377,1.0,34903357.0,7944200.0,25139700.0
2026-04-20,42,23735265.0,0,0,0.0,0.00382,0.00382,0.00382,0.0,,7659195.0,0.0,7659195.0
2026-04-21,42,23696873.0,0,0,0.0,0.00338,0.00338,0.00338,0.0,,6381548.0,0.0,6381548.0
2026-04-22,42,23616741.0,0,0,0.0,0.0,0.0,0.0,0.0,,0.0,0.0,0.0
2026-04-23,42,23616741.0,0,0,0.0,0.0,0.0,0.0,0.0,,0.0,0.0,0.0
2026-04-24,42,23616741.0,0,0,0.0,0.0,0.0,0.01444,0.00722,1.0,94441554.0,47220777.0,0.0
2026-04-27,42,23616741.0,0,0,0.0,0.00722,0.00722,0.00722,0.0,,51234459.0,0.0,51234459.0
2026-04-28,42,23638597.0,0,0,0.0,0.0,0.0,0.00809,0.00404,1.0,23448929.0,11724464.0,0.0
2026-04-29,42,23638597.0,0,0,0.0,0.00404,0.00404,0.01563,0.00922,0.25657,20228912.0,4590914.0,11047084.0
2026-04-30,42,23604985.0,0,0,0.0,0.00924,0.00924,0.01242,0.00159,1.0,42424250.0,17191413.0,8041424.0
2026-05-01,42,23498840.0,0,0,0.0,0.0016,0.0016,0.00648,0.00274,1.0,23164529.0,5678163.0,16825655.0
2026-05-04,42,23488596.0,0,0,0.0,0.00584,0.00584,0.00852,0.00145,1.0,18946976.0,4163034.0,11215245.0
2026-05-05,42,23458602.0,0,0,0.0,0.00783,0.00783,0.01112,0.00302,1.0,30165273.0,11077302.0,16127291.0
2026-05-06,42,23611106.0,0,0,0.0,0.003,0.003,0.003,0.0,,10296542.0,0.0,10296542.0
2026-05-07,42,23635481.0,0,0,0.0,0.0,0.0,0.0,0.0,,0.0,0.0,0.0
2026-05-08,42,23635481.0,0,0,0.0,0.0,0.0,0.01708,0.00854,1.0,37987081.0,18993540.0,0.0
2026-05-11,42,23635481.0,0,0,0.0,0.00854,0.00854,0.00922,0.00059,1.0,19958333.0,3602820.0,18115742.0
2026-05-12,42,23797424.0,0,0,0.0,0.00375,0.00375,0.00375,0.0,,9836250.0,0.0,9836250.0
2026-05-13,42,23718428.0,0,0,0.0,0.0,0.0,0.0,0.0,,0.0,0.0,0.0
2026-05-14,42,23718428.0,0,0,0.0,0.11882,0.11882,0.1237,0.00244,1.0,275283931.0,20638679.0,234006573.0
2026-05-15,42,26536698.0,1,0,0.02381,0.12879,0.12751,0.13135,0.00256,1.0,312757286.0,24486031.0,284913720.0
2026-05-18,43,29954236.0,0,0,0.0,0.22117,0.22117,0.22177,0.00052,1.0,551147767.0,2366912.0,550498898.0
2026-05-19,43,23393592.0,0,0,0.0,0.00067,0.00067,0.0011,0.00065,1.0,2698224.0,623419.0,2341771.0
2026-05-20,43,23396078.0,0,0,0.0,0.00064,0.00064,0.00119,0.00092,1.0,1633789.0,1131581.0,629374.0
2026-05-21,43,23409208.0,0,0,0.0,0.00091,0.00091,0.00194,0.00125,1.0,3600307.0,1856150.0,1159406.0
2026-05-22,43,23422185.0,0,0,0.0,0.00125,0.00125,0.0017,0.00043,1.0,5473928.0,1990311.0,1840606.0
2026-05-26,43,23447111.0,0,0,0.0,0.00043,0.00043,0.00129,0.00066,1.0,8554281.0,5073546.0,1932580.0
2026-05-27,43,23453561.0,0,0,0.0,0.00066,0.00066,0.00066,1e-05,1.0,5114084.0,41816.0,5114084.0
2026-05-28,43,23458367.0,0,0,0.0,1e-05,1e-05,1e-05,0.0,,46174.0,0.0,46174.0
2026-05-29,43,23458540.0,0,0,0.0,0.0,0.0,0.0,0.0,,0.0,0.0,0.0
2026-06-01,43,23458540.0,0,0,0.0,0.0,0.0,0.00662,0.00331,1.0,47692626.0,23846313.0,0.0
2026-06-02,43,23458540.0,0,0,0.0,0.00672,0.00672,0.00672,0.0,,30783473.0,0.0,30783473.0
2026-06-03,43,23408036.0,0,0,0.0,0.00022,0.00022,0.00387,0.00182,1.0,36464449.0,18214325.0,35800.0
2026-06-04,43,23413228.0,1,0,0.02326,0.00182,0.00129,0.00213,0.00029,1.0,21976175.0,3509911.0,18555431.0
2026-06-05,44,23420177.0,0,0,0.0,0.00375,0.00375,0.00375,9e-05,1.0,9713361.0,1085117.0,9713361.0
2026-06-08,44,23338761.0,0,0,0.0,9e-05,9e-05,9e-05,0.0,,967272.0,0.0,967272.0
2026-06-09,44,23336687.0,0,0,0.0,0.0,0.0,0.0,0.0,,0.0,0.0,0.0
2026-06-10,44,23336687.0,0,0,0.0,0.0,0.0,0.0,0.0,,0.0,0.0,0.0
2026-06-11,44,23336687.0,0,0,0.0,0.0,0.0,0.00555,0.00278,1.0,15222823.0,7611412.0,0.0
2026-06-12,44,23336687.0,0,0,0.0,0.01897,0.01897,0.05379,0.02007,1.0,194860431.0,86036721.0,37192525.0
2026-06-15,44,23655303.0,1,0,0.02273,0.0424,0.02863,0.0424,0.0,,109297094.0,0.0,109297094.0
2026-06-16,45,24449350.0,0,0,0.0,0.04322,0.04322,0.04322,0.0,,88626215.0,0.0,88626215.0
2026-06-17,45,23392619.0,0,0,0.0,0.00695,0.00695,0.00938,0.00142,1.0,22548293.0,5192276.0,13486096.0
2026-06-18,45,23230037.0,0,0,0.0,0.00481,0.00481,0.0241,0.0103,1.0,75739076.0,34298138.0,11305925.0
2026-06-22,45,23156078.0,1,0,0.02222,0.01034,0.00714,0.02004,0.0079,1.0,60142030.0,18413614.0,42820778.0
2026-06-23,46,23086424.0,0,0,0.0,0.00793,0.00793,0.01238,0.00512,1.0,36520469.0,18706982.0,17170037.0
2026-06-24,46,23128152.0,0,0,0.0,0.00797,0.00797,0.00928,0.00201,1.0,28683313.0,8092940.0,21814150.0
2026-06-25,46,23030133.0,0,0,0.0,0.00202,0.00202,0.00547,0.0035,1.0,15595007.0,10657208.0,7226816.0
2026-06-26,46,23023676.0,0,0,0.0,0.00643,0.00643,0.01565,0.00646,1.0,35120678.0,14640208.0,15228336.0
2026-06-29,46,22929032.0,0,0,0.0,0.00898,0.00898,0.01018,0.00192,1.0,20209460.0,3065639.0,19299270.0
2026-06-30,46,22812068.0,0,1,0.02174,0.00193,0.00193,0.00265,0.00156,1.0,5191739.0,2401574.0,3140987.0
2026-07-01,45,22853174.0,0,0,0.0,0.00156,0.00156,0.00709,0.00362,1.0,12093548.0,6555259.0,2308714.0
2026-07-02,45,22869779.0,0,0,0.0,0.00362,0.00362,0.00895,0.00354,1.0,32280284.0,15231034.0,6581651.0
2026-07-06,45,22901722.0,0,0,0.0,0.00354,0.00354,0.00354,0.0002,1.0,14775329.0,155205.0,14775329.0
2026-07-07,45,22875229.0,0,0,0.0,0.0002,0.0002,0.00072,0.00027,1.0,1873249.0,876717.0,160155.0
2026-07-08,45,22878619.0,0,0,0.0,0.00027,0.00027,0.00488,0.00257,1.0,16233660.0,8541844.0,870442.0
2026-07-09,45,22872392.0,0,1,0.02222,0.00257,0.00257,0.00834,0.00419,1.0,26621714.0,13260015.0,8449443.0
2026-07-10,44,22871079.0,0,0,0.0,0.02419,0.02419,0.02558,0.00315,1.0,56241062.0,10608982.0,51315931.0
2026-07-14,44,23331364.0,0,0,0.0,0.01281,0.01281,0.0167,0.0068,1.0,42661434.0,21292043.0,34495971.0
2026-07-15,44,23542966.0,0,0,0.0,0.0028,0.0028,0.00446,0.00086,1.0,10525443.0,2771589.0,5195189.0
2026-07-16,44,23588460.0,0,0,0.0,0.00086,0.00086,0.00086,1e-05,1.0,2756896.0,43139.0,2756896.0
2026-07-17,44,23607294.0,0,0,0.0,0.00347,0.00347,0.01296,0.005,1.0,35550522.0,15592468.0,6705960.0
2026-07-20,44,23525482.0,0,1,0.02273,0.00502,0.00501,0.01005,0.00369,1.0,33693172.0,15359969.0,15149496.0
2026-07-21,43,23579498.0,0,0,0.0,0.00368,0.00368,0.00378,5e-05,1.0,15315736.0,5662.0,15304412.0
2026-07-22,43,23562235.0,0,0,0.0,5e-05,5e-05,0.00187,0.00093,1.0,4909889.0,2454123.0,5651.0
2026-07-23,43,23561127.0,0,0,0.0,0.00093,0.00093,0.01799,0.00903,1.0,32784545.0,16406053.0,2349358.0
2026-07-24,43,23559450.0,0,0,0.0,0.00903,0.00903,0.01046,0.00457,1.0,15075085.0,1920273.0,14864300.0
2026-07-27,43,23441377.0,0,0,0.0,0.0079,0.0079,0.00975,0.0012,1.0,12309721.0,2370940.0,8294417.0
2026-07-28,43,23286356.0,0,0,0.0,0.00121,0.00121,0.03063,0.01525,1.0,16084459.0,7947789.0,2364719.0
2026-07-29,43,23284527.0,0,0,0.0,0.01525,0.01525,0.02751,0.0191,1.0,21939082.0,10296423.0,7997102.0
2026-07-30,43,22988566.0,0,0,0.0,0.01935,0.01935,0.02101,0.00113,1.0,23816590.0,8557276.0,10277192.0
2026-07-31,43,22578866.0,0,0,0.0,0.00457,0.00457,0.01897,0.00741,1.0,46883102.0,16968762.0,14306462.0
2026-08-03,43,22490428.0,0,0,0.0,0.01016,0.01016,0.02312,0.00968,1.0,48210986.0,21647400.0,22195036.0
2026-08-04,43,22483254.0,0,0,0.0,0.00968,0.00968,0.01,0.00021,1.0,26356035.0,1749078.0,22868076.0
2026-08-05,43,22416649.0,0,0,0.0,0.00021,0.00021,0.01972,0.0098,1.0,35813003.0,17051097.0,1719663.0
2026-08-06,43,22419052.0,0,0,0.0,0.0098,0.0098,0.0225,0.00771,1.0,59643489.0,25698192.0,16895388.0
2026-08-07,43,22393010.0,0,0,0.0,0.00772,0.00772,0.01165,0.00384,1.0,27469992.0,2843821.0,24310340.0
2026-08-10,43,22365065.0,0,0,0.0,0.00384,0.00384,0.00926,0.00274,1.0,31212010.0,14127715.0,2962406.0
2026-08-11,43,22288429.0,0,0,0.0,0.00275,0.00275,0.00275,3e-05,1.0,14030601.0,2941.0,14030601.0
2026-08-12,43,22291093.0,0,0,0.0,3e-05,3e-05,0.00011,7e-05,1.0,9529.0,6209.0,2889.0
2026-08-13,43,22290354.0,0,0,0.0,7e-05,7e-05,0.00571,0.00287,1.0,22821537.0,11412003.0,6368.0
2026-08-14,43,22288766.0,0,0,0.0,0.00287,0.00287,0.00299,0.00035,1.0,10952091.0,43417.0,10941067.0
2026-08-17,43,22285728.0,0,0,0.0,0.00035,0.00035,0.00241,0.00129,1.0,14456505.0,7237997.0,43133.0
2026-08-18,43,22288656.0,0,0,0.0,0.00129,0.00129,0.00199,0.00052,1.0,11096332.0,3821776.0,7176531.0
2026-08-19,43,22299369.0,0,0,0.0,0.00052,0.00052,0.00568,0.0031,1.0,41165512.0,22329562.0,3493612.0
2026-08-20,43,22303392.0,0,0,0.0,0.0031,0.0031,0.0031,0.00011,1.0,21557530.0,10089.0,21557530.0
2026-08-21,43,22313061.0,0,0,0.0,0.00011,0.00011,0.00569,0.00287,1.0,17851312.0,8927449.0,10053.0
2026-08-24,43,22310673.0,0,0,0.0,0.00287,0.00287,0.00295,0.00011,1.0,9188230.0,10974.0,9180150.0
2026-08-25,43,22320535.0,0,0,0.0,0.00359,0.00359,0.006,0.00134,1.0,20660730.0,7214331.0,7067771.0
2026-08-26,43,22240368.0,0,0,0.0,0.00135,0.00135,0.00702,0.00396,1.0,31003333.0,18270035.0,7354460.0
2026-08-27,43,22250726.0,0,0,0.0,0.00396,0.00396,0.00406,0.00032,1.0,18286897.0,28052.0,18278528.0
2026-08-28,43,22233111.0,0,0,0.0,0.00032,0.00032,0.0134,0.00654,1.0,89703425.0,44835637.0,32150.0
2026-08-31,43,22226045.0,0,0,0.0,0.00654,0.00654,0.01846,0.00596,1.0,73029500.0,14803540.0,43422421.0
2026-09-01,43,22278644.0,0,0,0.0,0.00915,0.00915,0.00982,0.00034,1.0,21376491.0,62236.0,21252020.0
2026-09-02,43,22244461.0,0,0,0.0,0.00034,0.00034,0.00094,0.00061,1.0,2912072.0,1482253.0,60314.0
2026-09-03,43,22251447.0,0,0,0.0,0.00061,0.00061,0.00084,0.00012,1.0,1508089.0,9918.0,1488253.0
2026-09-04,43,22251734.0,0,0,0.0,0.00012,0.00012,0.00028,8e-05,1.0,40609.0,15137.0,10336.0
2026-09-08,43,22249124.0,0,0,0.0,8e-05,8e-05,0.00019,5e-05,1.0,23868.0,4535.0,14798.0
2026-09-09,43,22250909.0,0,0,0.0,5e-05,5e-05,0.00152,0.00074,1.0,13720430.0,6857983.0,4465.0
2026-09-10,43,22249731.0,0,0,0.0,0.00074,0.00074,0.00102,0.00014,1.0,7004340.0,21612.0,6961117.0
2026-09-11,43,22242929.0,0,0,0.0,0.00014,0.00014,0.00033,0.00014,1.0,269824.0,127963.0,20990.0
2026-09-14,43,22244073.0,0,0,0.0,0.00014,0.00014,0.05235,0.05004,0.04511,29208398.0,14542578.0,130058.0
2026-09-15,43,22240932.0,0,0,0.0,0.05004,0.05004,0.05006,1e-05,1.0,42698341.0,70227.0,42557887.0
2026-09-16,43,21149893.0,0,1,0.02326,0.00705,0.00704,0.00705,0.0,,13565362.0,0.0,13565362.0
2026-09-17,42,21298544.0,0,0,0.0,0.01749,0.01749,0.02048,0.00227,1.0,38759815.0,3938770.0,33567417.0
2026-09-18,42,21670330.0,0,0,0.0,0.00552,0.00552,0.01345,0.0046,0.74593,10907979.0,217793.0,10478904.0
2026-09-21,42,21638615.0,1,1,0.04762,0.00461,0.0,0.01589,0.00564,1.0,76589383.0,24686491.0,27216402.0
2026-09-22,42,21589601.0,0,0,0.0,0.00565,0.00565,0.00565,0.00089,1.0,26515646.0,2175339.0,26515646.0
2026-09-23,42,21553391.0,0,0,0.0,0.00089,0.00089,0.00125,0.00018,1.0,2197440.0,37558.0,2122324.0
2026-09-24,42,21534252.0,0,0,0.0,0.00018,0.00018,0.00018,0.0,,35964.0,0.0,35964.0
2026-09-25,42,21538140.0,0,0,0.0,0.0,0.0,0.00041,0.00021,1.0,85668.0,42834.0,0.0
2026-09-28,42,21538140.0,0,0,0.0,0.00366,0.00366,0.00366,0.0,,7201129.0,0.0,7201129.0
2026-09-29,42,21616974.0,0,0,0.0,0.0,0.0,0.01831,0.00915,1.0,112820704.0,56410352.0,0.0
2026-09-30,42,21616974.0,0,0,0.0,0.05321,0.05321,0.05321,0.0,,138551557.0,0.0,138551557.0
2026-10-01,42,22691598.0,0,0,0.0,0.00709,0.00709,0.00709,0.0,,14133349.0,0.0,14133349.0
2026-10-02,42,22807944.0,0,0,0.0,0.0,0.0,0.0047,0.00235,1.0,20782592.0,10391296.0,0.0
2026-10-05,42,22807944.0,0,0,0.0,0.03309,0.03309,0.03309,0.0,,77617355.0,0.0,77617355.0
