d,n0,sh0,add,rem,nt,si,se,tt,ta,ta_cov,tt_usd,ta_usd,si_usd
2021-03-31,38,66044.0,0,0,0.0,14.28452,14.28452,14.28452,,,59184901.0,,59184901.0
2021-04-01,38,1009451.0,0,0,0.0,4.43699,4.43699,4.43699,,,286137173.0,,286137173.0
2021-04-05,38,5488376.0,0,0,0.0,0.29084,0.29084,0.29084,,,103137148.0,,103137148.0
2021-04-06,38,7084600.0,0,0,0.0,0.1896,0.1896,0.1896,,,86515148.0,,86515148.0
2021-04-07,38,8427816.0,0,0,0.0,0.06875,0.06875,0.06875,,,37607982.0,,37607982.0
2021-04-08,38,9007262.0,1,0,0.02632,0.04977,0.049,0.04977,,,19462325.0,,19462325.0
2021-04-09,39,9354008.0,0,0,0.0,0.09415,0.09415,0.09415,,,57010742.0,,57010742.0
2021-04-12,39,10216707.0,0,0,0.0,0.01341,0.01341,0.01341,,,9455944.0,,9455944.0
2021-04-13,39,10353674.0,0,0,0.0,0.03932,0.03932,0.03932,,,17891857.0,,17891857.0
2021-04-14,39,10672831.0,0,1,0.02564,0.03056,0.03054,0.03056,,,11826682.0,,11826682.0
2021-04-15,38,10998582.0,0,0,0.0,0.00541,0.00541,0.00541,,,3212519.0,,3212519.0
2021-04-16,38,11058031.0,0,0,0.0,0.04796,0.04796,0.04796,,,29319020.0,,29319020.0
2021-04-19,38,11586892.0,0,0,0.0,0.0,0.0,0.0,,,0.0,,0.0
2021-04-20,38,11586892.0,0,0,0.0,0.08292,0.08292,0.08292,,,28709675.0,,28709675.0
2021-04-21,38,11526613.0,0,0,0.0,0.01076,0.01076,0.01076,,,1339300.0,,1339300.0
2021-04-22,38,11650630.0,1,0,0.02632,0.02503,0.02173,0.02503,,,17741064.0,,17741064.0
2021-04-23,39,11822209.0,0,0,0.0,0.0,0.0,0.0,,,0.0,,0.0
2021-04-26,39,11822209.0,0,0,0.0,0.00299,0.00299,0.00299,,,2075555.0,,2075555.0
2021-04-27,39,11786837.0,0,0,0.0,0.0004,0.0004,0.0004,,,353485.0,,353485.0
2021-04-28,39,11791527.0,0,1,0.02564,0.0164,0.01497,0.0164,,,12819171.0,,12819171.0
2021-04-29,38,11898278.0,0,0,0.0,0.02251,0.02251,0.02251,,,15564864.0,,15564864.0
2021-04-30,38,11630465.0,0,0,0.0,0.0,0.0,0.0,,,0.0,,0.0
2021-05-03,38,11630465.0,0,0,0.0,0.0,0.0,0.0,,,0.0,,0.0
2021-05-04,38,11630465.0,0,0,0.0,0.01856,0.01856,0.01856,,,19334459.0,,19334459.0
2021-05-05,38,11576207.0,0,0,0.0,0.0,0.0,0.0,,,0.0,,0.0
2021-05-06,38,11576207.0,0,0,0.0,0.00853,0.00853,0.00853,,,5772770.0,,5772770.0
2021-05-07,38,11477416.0,0,0,0.0,0.00934,0.00934,0.00934,,,10602073.0,,10602073.0
2021-05-10,38,11497839.0,0,0,0.0,0.00564,0.00564,0.00564,,,3560614.0,,3560614.0
2021-05-11,38,11556099.0,0,0,0.0,0.00242,0.00242,0.00242,,,1018480.0,,1018480.0
2021-05-12,38,11584110.0,0,0,0.0,0.03287,0.03287,0.03287,,,12208804.0,,12208804.0
2021-05-13,38,11370470.0,0,0,0.0,0.04348,0.04348,0.04348,,,9573876.0,,9573876.0
2021-05-14,38,11116276.0,0,0,0.0,0.04379,0.04379,0.04379,,,5845859.0,,5845859.0
2021-05-17,38,10831127.0,0,0,0.0,0.03994,0.03994,0.03994,,,18957219.0,,18957219.0
2021-05-18,38,10398556.0,1,0,0.02632,0.00262,0.0005,0.00262,,,1128462.0,,1128462.0
2021-05-19,39,10415366.0,0,0,0.0,0.02012,0.02012,0.02012,,,4970226.0,,4970226.0
2021-05-20,39,10569518.0,0,0,0.0,0.00509,0.00509,0.00509,,,472876.0,,472876.0
2021-05-21,39,10623315.0,0,0,0.0,0.00992,0.00992,0.00992,,,883834.0,,883834.0
2021-05-24,39,10728052.0,0,0,0.0,0.00894,0.00894,0.00894,,,2131415.0,,2131415.0
2021-05-25,39,10814144.0,2,0,0.05128,0.36855,0.01617,0.36855,,,28594095.0,,28594095.0
2021-05-26,41,14758265.0,0,1,0.02439,0.0277,0.0277,0.0277,,,29064274.0,,29064274.0
2021-05-27,40,14514899.0,0,2,0.05,0.00138,0.00138,0.00138,,,762140.0,,762140.0
2021-05-28,38,14516408.0,0,0,0.0,0.00094,0.00094,0.00094,,,605064.0,,605064.0
2021-06-01,38,14502808.0,0,0,0.0,0.0,0.0,0.0,,,0.0,,0.0
2021-06-02,38,14502808.0,0,0,0.0,0.0101,0.0101,0.0101,,,8828980.0,,8828980.0
2021-06-03,38,14362204.0,0,0,0.0,0.00449,0.00449,0.00449,,,2093840.0,,2093840.0
2021-06-04,38,14402749.0,0,0,0.0,0.0038,0.0038,0.0038,,,548000.0,,548000.0
2021-06-07,38,14457549.0,0,0,0.0,0.00351,0.00351,0.00351,,,507837.0,,507837.0
2021-06-08,38,14508282.0,0,0,0.0,0.00678,0.00678,0.00678,,,7992369.0,,7992369.0
2021-06-09,38,14534771.0,0,0,0.0,0.08699,0.08699,0.08699,,,19571955.0,,19571955.0
2021-06-10,38,15529025.0,0,0,0.0,0.01742,0.01742,0.01742,,,14848593.0,,14848593.0
2021-06-11,38,15336319.0,0,0,0.0,0.0,0.0,0.0,,,0.0,,0.0
2021-06-14,38,15336319.0,0,0,0.0,0.0,0.0,0.0,,,0.0,,0.0
2021-06-15,38,15336319.0,0,0,0.0,0.00914,0.00914,0.00914,,,12133126.0,,12133126.0
2021-06-16,38,15408081.0,0,0,0.0,0.01028,0.01028,0.01028,,,3755187.0,,3755187.0
2021-06-17,38,15534442.0,0,0,0.0,0.00207,0.00207,0.00207,,,359938.0,,359938.0
2021-06-18,38,15566522.0,0,0,0.0,0.0,0.0,0.0,,,0.0,,0.0
2021-06-21,38,15566522.0,0,0,0.0,0.00665,0.00665,0.00665,,,4061650.0,,4061650.0
2021-06-22,38,15462953.0,0,0,0.0,0.01005,0.01005,0.01005,,,10829656.0,,10829656.0
2021-06-23,38,15351955.0,0,0,0.0,0.04059,0.04059,0.04059,,,4590452.0,,4590452.0
2021-06-24,38,15975105.0,0,0,0.0,0.0,0.0,0.0,,,0.0,,0.0
2021-06-25,38,15975105.0,0,0,0.0,0.0,0.0,0.0,,,0.0,,0.0
2021-06-28,38,15975105.0,0,0,0.0,0.0,0.0,0.0,,,0.0,,0.0
2021-06-29,38,15975105.0,0,0,0.0,0.00255,0.00255,0.00255,,,3192580.0,,3192580.0
2021-06-30,38,15940440.0,0,0,0.0,0.0,0.0,0.0,,,0.0,,0.0
2021-07-01,38,15940440.0,0,0,0.0,0.0,0.0,0.0,,,0.0,,0.0
2021-07-02,38,15940440.0,0,0,0.0,0.0,0.0,0.0,,,0.0,,0.0
2021-07-06,38,15940440.0,0,0,0.0,0.0,0.0,0.0,,,0.0,,0.0
2021-07-07,38,15940440.0,0,0,0.0,0.00559,0.00559,0.00559,,,5603761.0,,5603761.0
2021-07-08,38,15911107.0,0,0,0.0,0.00646,0.00646,0.00646,,,7071754.0,,7071754.0
2021-07-09,38,15905801.0,0,0,0.0,0.0,0.0,0.0,,,0.0,,0.0
2021-07-12,38,15905801.0,0,0,0.0,0.0,0.0,0.0,,,0.0,,0.0
2021-07-13,38,15905801.0,0,0,0.0,0.0,0.0,0.0,,,0.0,,0.0
2021-07-14,38,15905801.0,0,0,0.0,0.00079,0.00079,0.00079,,,1244567.0,,1244567.0
2021-07-15,38,15912119.0,0,0,0.0,0.0,0.0,0.0,,,0.0,,0.0
2021-07-16,38,15912119.0,0,0,0.0,0.0008,0.0008,0.0008,,,1172775.0,,1172775.0
2021-07-19,38,15918567.0,0,0,0.0,0.0,0.0,0.0,,,0.0,,0.0
2021-07-20,38,15918567.0,0,0,0.0,0.02312,0.02312,0.02312,,,17706216.0,,17706216.0
2021-07-21,38,15914540.0,0,0,0.0,0.05496,0.05496,0.05496,,,8298377.0,,8298377.0
2021-07-22,38,16720179.0,0,0,0.0,0.09927,0.09927,0.09927,,,7428698.0,,7428698.0
2021-07-23,38,18379923.0,0,0,0.0,0.01318,0.01318,0.01318,,,1631804.0,,1631804.0
2021-07-26,38,18607709.0,0,0,0.0,0.0,0.0,0.0,,,0.0,,0.0
2021-07-27,38,18607709.0,0,0,0.0,0.00078,0.00078,0.00078,,,3171401.0,,3171401.0
2021-07-28,38,18601233.0,1,0,0.02632,0.17797,0.17758,0.17797,,,25694250.0,,25694250.0
2021-07-29,39,15508487.0,0,2,0.05128,0.01627,0.01579,0.01627,,,10322378.0,,10322378.0
2021-07-30,37,15386449.0,0,0,0.0,0.00262,0.00262,0.00262,,,4056284.0,,4056284.0
2021-08-02,37,15426302.0,0,0,0.0,0.00015,0.00015,0.00015,,,232308.0,,232308.0
2021-08-03,37,15428522.0,0,0,0.0,0.00278,0.00278,0.00278,,,6884550.0,,6884550.0
2021-08-04,37,15412994.0,0,1,0.02703,0.0,0.0,0.0,,,1451.0,,1451.0
2021-08-05,36,15412969.0,0,0,0.0,0.0,0.0,0.0,,,0.0,,0.0
2021-08-06,36,15412969.0,0,0,0.0,2e-05,2e-05,2e-05,,,98505.0,,98505.0
2021-08-09,36,15413252.0,0,0,0.0,0.00335,0.00335,0.00335,,,2033557.0,,2033557.0
2021-08-10,36,15361657.0,0,0,0.0,0.00547,0.00547,0.00547,,,5936301.0,,5936301.0
2021-08-11,36,15409671.0,0,0,0.0,0.01683,0.01683,0.01683,,,8382865.0,,8382865.0
2021-08-12,36,15638443.0,0,0,0.0,0.00475,0.00475,0.00475,,,1589851.0,,1589851.0
2021-08-13,36,15704991.0,1,0,0.02778,0.00445,0.00051,0.00445,,,3082071.0,,3082071.0
2021-08-16,37,15758677.0,0,0,0.0,0.0084,0.0084,0.0084,,,5056848.0,,5056848.0
2021-08-17,37,15626357.0,0,0,0.0,0.00917,0.00917,0.00917,,,3829651.0,,3829651.0
2021-08-18,37,15750336.0,0,0,0.0,0.00613,0.00613,0.00613,,,3353170.0,,3353170.0
2021-08-19,37,15810805.0,0,0,0.0,0.00987,0.00987,0.00987,,,7883954.0,,7883954.0
2021-08-20,37,15654807.0,0,0,0.0,0.00749,0.00749,0.00749,,,2834234.0,,2834234.0
2021-08-23,37,15772118.0,0,0,0.0,0.0,0.0,0.0,,,0.0,,0.0
2021-08-24,37,15772118.0,0,0,0.0,0.00702,0.00702,0.00702,,,10534730.0,,10534730.0
2021-08-25,37,15786517.0,0,1,0.02703,0.07628,0.06424,0.07628,,,10654398.0,,10654398.0
2021-08-26,36,16521068.0,0,0,0.0,0.00933,0.00933,0.00933,,,3372660.0,,3372660.0
2021-08-27,36,16675273.0,0,0,0.0,0.00131,0.00131,0.00131,,,1351906.0,,1351906.0
2021-08-30,36,16678776.0,0,0,0.0,0.00068,0.00068,0.00068,,,440088.0,,440088.0
2021-08-31,36,16690069.0,0,0,0.0,0.00806,0.00806,0.00806,,,4900839.0,,4900839.0
2021-09-01,36,16557709.0,0,0,0.0,0.00409,0.00409,0.00409,,,1701697.0,,1701697.0
2021-09-02,36,16625399.0,0,0,0.0,0.00746,0.00746,0.00746,,,5398553.0,,5398553.0
2021-09-03,36,16706709.0,0,0,0.0,0.00393,0.00393,0.00393,,,2451660.0,,2451660.0
2021-09-07,36,16664351.0,0,1,0.02778,0.01385,0.01385,0.01385,,,4207596.0,,4207596.0
2021-09-08,35,16788416.0,0,0,0.0,0.00649,0.00649,0.00649,,,15992414.0,,15992414.0
2021-09-09,35,16773574.0,0,0,0.0,0.01176,0.01176,0.01176,,,10321175.0,,10321175.0
2021-09-10,35,16878624.0,0,0,0.0,0.002,0.002,0.002,,,2447084.0,,2447084.0
2021-09-13,35,16879367.0,0,0,0.0,0.01077,0.01077,0.01077,,,7464178.0,,7464178.0
2021-09-14,35,16704080.0,0,0,0.0,0.0,0.0,0.0,,,0.0,,0.0
2021-09-15,35,16704080.0,0,0,0.0,0.00703,0.00703,0.00703,,,4079689.0,,4079689.0
2021-09-16,35,16586570.0,0,0,0.0,0.01419,0.01419,0.01419,,,9953564.0,,9953564.0
2021-09-17,35,16626041.0,0,0,0.0,0.00874,0.00874,0.00874,,,4515741.0,,4515741.0
2021-09-20,35,16652804.0,0,0,0.0,0.00147,0.00147,0.00147,,,934570.0,,934570.0
2021-09-21,35,16643268.0,0,0,0.0,0.01699,0.01699,0.01699,,,6219897.0,,6219897.0
2021-09-22,35,16858614.0,0,0,0.0,0.00937,0.00937,0.00937,,,2744534.0,,2744534.0
2021-09-23,35,17000827.0,0,0,0.0,0.00212,0.00212,0.00212,,,698479.0,,698479.0
2021-09-24,35,17033248.0,0,0,0.0,0.00532,0.00532,0.00532,,,3071034.0,,3071034.0
2021-09-27,35,16942580.0,0,0,0.0,0.01611,0.01611,0.01611,,,9188687.0,,9188687.0
2021-09-28,35,16669631.0,0,0,0.0,0.00131,0.00131,0.00131,,,2129321.0,,2129321.0
2021-09-29,35,16679156.0,0,0,0.0,0.00223,0.00223,0.00223,,,3022534.0,,3022534.0
2021-09-30,35,16688138.0,0,0,0.0,0.00067,0.00067,0.00067,,,397787.0,,397787.0
2021-10-01,35,16699293.0,0,0,0.0,8e-05,8e-05,8e-05,,,13624.0,,13624.0
2021-10-04,35,16700603.0,0,5,0.14286,0.41927,2e-05,0.41927,,,90121924.0,,90121924.0
2021-10-05,30,9698978.0,5,0,0.16667,0.73374,0.01078,0.73374,,,93909911.0,,93909911.0
2021-10-06,35,16797926.0,0,0,0.0,0.01102,0.01102,0.01102,,,11376280.0,,11376280.0
2021-10-07,35,16746422.0,0,0,0.0,0.00095,0.00095,0.00095,,,1466221.0,,1466221.0
2021-10-08,35,16732544.0,0,0,0.0,0.00067,0.00067,0.00067,,,400794.0,,400794.0
2021-10-11,35,16743730.0,0,0,0.0,0.00678,0.00678,0.00678,,,2931072.0,,2931072.0
2021-10-12,35,16695834.0,0,0,0.0,0.01397,0.01397,0.01397,,,3307267.0,,3307267.0
2021-10-13,35,16813881.0,0,0,0.0,0.0,0.0,0.0,,,0.0,,0.0
2021-10-14,35,16813881.0,0,0,0.0,0.00119,0.00119,0.00119,,,1318145.0,,1318145.0
2021-10-15,35,16833853.0,0,0,0.0,7e-05,7e-05,7e-05,,,76374.0,,76374.0
2021-10-18,35,16834982.0,0,0,0.0,0.00026,0.00026,0.00026,,,296804.0,,296804.0
2021-10-19,35,16839354.0,0,0,0.0,0.00832,0.00832,0.00832,,,3607614.0,,3607614.0
2021-10-20,35,16859596.0,0,0,0.0,0.0,0.0,0.0,,,0.0,,0.0
2021-10-21,35,16859596.0,0,0,0.0,0.0,0.0,0.0,,,0.0,,0.0
2021-10-22,35,16859596.0,0,0,0.0,0.0,0.0,0.0,,,0.0,,0.0
2021-10-25,35,16859596.0,0,0,0.0,0.00056,0.00056,0.00056,,,2307565.0,,2307565.0
2021-10-26,35,16858106.0,1,0,0.02857,0.00883,0.00448,0.00883,,,9009908.0,,9009908.0
2021-10-27,36,16970006.0,0,0,0.0,0.0021,0.0021,0.0021,,,3178674.0,,3178674.0
2021-10-28,36,16969179.0,0,0,0.0,0.0628,0.0628,0.0628,,,11399138.0,,11399138.0
2021-11-12,36,18001881.0,0,1,0.02778,0.06278,0.06276,0.06278,,,40067300.0,,40067300.0
2021-11-15,35,18400456.0,1,0,0.02857,0.0196,0.00122,0.0196,,,12082203.0,,12082203.0
2021-11-16,36,18716115.0,0,0,0.0,0.00352,0.00352,0.00352,,,4895196.0,,4895196.0
2021-11-17,36,18757357.0,0,0,0.0,0.001,0.001,0.001,,,1784612.0,,1784612.0
2021-11-18,36,18746039.0,0,0,0.0,0.00037,0.00037,0.00037,,,510090.0,,510090.0
2021-11-19,36,18752979.0,0,0,0.0,0.00038,0.00038,0.00038,,,499802.0,,499802.0
2021-11-22,36,18760028.0,0,0,0.0,0.00759,0.00759,0.00759,,,4091745.0,,4091745.0
2021-11-23,36,18617582.0,0,0,0.0,0.00222,0.00222,0.00222,,,1609257.0,,1609257.0
2021-11-24,36,18654821.0,0,0,0.0,0.00341,0.00341,0.00341,,,2125903.0,,2125903.0
2021-11-26,36,18694353.0,0,0,0.0,0.01528,0.01528,0.01528,,,7946361.0,,7946361.0
2021-11-29,36,18408676.0,0,0,0.0,0.0,0.0,0.0,,,0.0,,0.0
2021-11-30,36,18408676.0,0,0,0.0,0.00404,0.00404,0.00404,,,4751247.0,,4751247.0
2021-12-01,36,18454831.0,0,0,0.0,0.0002,0.0002,0.0002,,,141381.0,,141381.0
2021-12-02,36,18458508.0,0,0,0.0,0.00025,0.00025,0.00025,,,1542867.0,,1542867.0
2021-12-03,36,18455863.0,0,0,0.0,0.00789,0.00789,0.00789,,,4532795.0,,4532795.0
2021-12-06,36,18315108.0,0,0,0.0,0.00982,0.00982,0.00982,,,4670615.0,,4670615.0
2021-12-07,36,18135294.0,0,0,0.0,0.00791,0.00791,0.00791,,,3771102.0,,3771102.0
2021-12-08,36,17991884.0,0,0,0.0,0.0,0.0,0.0,,,0.0,,0.0
2021-12-09,36,17991884.0,0,0,0.0,0.0,0.0,0.0,,,0.0,,0.0
2021-12-10,36,17991884.0,0,0,0.0,0.0,0.0,0.0,,,0.0,,0.0
2021-12-13,36,17991884.0,0,0,0.0,0.0,0.0,0.0,,,0.0,,0.0
2021-12-14,36,17991884.0,0,0,0.0,0.0047,0.0047,0.0047,,,4148949.0,,4148949.0
2021-12-15,36,18055020.0,0,0,0.0,0.0042,0.0042,0.0042,,,5978340.0,,5978340.0
2021-12-16,36,18038560.0,0,1,0.02778,0.01015,0.01015,0.01015,,,4348752.0,,4348752.0
2021-12-17,35,18011605.0,0,0,0.0,0.00402,0.00402,0.00402,,,1851156.0,,1851156.0
2021-12-20,35,17939190.0,0,0,0.0,0.0,0.0,0.0,,,0.0,,0.0
2021-12-21,35,17939190.0,0,0,0.0,0.00042,0.00042,0.00042,,,1349849.0,,1349849.0
2021-12-22,35,17935878.0,0,0,0.0,0.0,0.0,0.0,,,0.0,,0.0
2021-12-23,35,17935878.0,0,0,0.0,0.0,0.0,0.0,,,0.0,,0.0
2021-12-27,35,17935878.0,0,0,0.0,0.0,0.0,0.0,,,0.0,,0.0
2021-12-28,35,17935878.0,0,0,0.0,0.0,0.0,0.0,,,0.0,,0.0
2021-12-29,35,17935878.0,0,0,0.0,0.00178,0.00178,0.00178,,,266015.0,,266015.0
2021-12-30,35,17967851.0,0,0,0.0,0.00158,0.00158,0.00158,,,241729.0,,241729.0
2021-12-31,35,17996223.0,0,0,0.0,1e-05,1e-05,1e-05,,,1868.0,,1868.0
2022-01-03,35,17996429.0,0,0,0.0,0.0,0.0,0.0,,,0.0,,0.0
2022-01-04,35,17996429.0,0,0,0.0,0.00729,0.00729,0.00729,,,7184447.0,,7184447.0
2022-01-05,35,18080913.0,0,0,0.0,0.00081,0.00081,0.00081,,,881761.0,,881761.0
2022-01-06,35,18095648.0,0,0,0.0,0.00028,0.00028,0.00028,,,302820.0,,302820.0
2022-01-07,35,18100645.0,0,0,0.0,0.01007,0.01007,0.01007,,,4491626.0,,4491626.0
2022-01-10,35,17921441.0,0,0,0.0,0.00015,0.00015,0.00015,,,143408.0,,143408.0
2022-01-11,35,17924092.0,0,0,0.0,0.00171,0.00171,0.00171,,,1541480.0,,1541480.0
2022-01-12,35,17949629.0,0,0,0.0,0.04991,0.04991,0.04991,,,6905212.0,,6905212.0
2022-01-13,35,17181272.0,0,0,0.0,0.0,0.0,0.0,,,0.0,,0.0
2022-01-14,35,17181272.0,0,0,0.0,0.0,0.0,0.0,,,0.0,,0.0
2022-01-18,35,17181272.0,0,0,0.0,0.0,0.0,0.0,,,0.0,,0.0
2022-01-19,35,17181272.0,0,0,0.0,0.02444,0.02444,0.02444,,,8669224.0,,8669224.0
2022-01-20,35,17583024.0,0,0,0.0,0.01346,0.01346,0.01346,,,6602609.0,,6602609.0
2022-01-21,35,17561520.0,0,0,0.0,0.01554,0.01554,0.01554,,,7478929.0,,7478929.0
2022-01-24,35,17439823.0,0,0,0.0,0.01189,0.01189,0.01189,,,4927588.0,,4927588.0
2022-01-25,35,17288781.0,0,0,0.0,0.01117,0.01117,0.01117,,,7125131.0,,7125131.0
2022-01-26,35,17114003.0,0,0,0.0,0.00659,0.00659,0.00659,,,2632074.0,,2632074.0
2022-01-27,35,17010909.0,0,0,0.0,0.00033,0.00033,0.00033,,,1029031.0,,1029031.0
2022-01-28,35,17011988.0,0,0,0.0,0.00161,0.00161,0.00161,,,2442627.0,,2442627.0
2022-01-31,35,17035040.0,0,0,0.0,0.00284,0.00284,0.00284,,,1330502.0,,1330502.0
2022-02-01,35,16988579.0,0,0,0.0,0.00803,0.00803,0.00803,,,4292534.0,,4292534.0
2022-02-02,35,16934704.0,0,1,0.02857,0.00222,0.00221,0.00222,,,1059244.0,,1059244.0
2022-02-03,34,16964190.0,0,0,0.0,0.00037,0.00037,0.00037,,,241709.0,,241709.0
2022-02-04,34,16963875.0,0,0,0.0,0.00039,0.00039,0.00039,,,268547.0,,268547.0
2022-02-07,34,16959190.0,0,0,0.0,0.00062,0.00062,0.00062,,,376571.0,,376571.0
2022-02-08,34,16951209.0,0,0,0.0,0.0011,0.0011,0.0011,,,2395463.0,,2395463.0
2022-02-09,34,16958780.0,0,0,0.0,0.00128,0.00128,0.00128,,,704600.0,,704600.0
2022-02-10,34,16937120.0,0,0,0.0,0.00118,0.00118,0.00118,,,674562.0,,674562.0
2022-02-11,34,16917561.0,0,0,0.0,8e-05,8e-05,8e-05,,,85610.0,,85610.0
2022-02-14,34,16918958.0,0,0,0.0,0.00013,0.00013,0.00013,,,162617.0,,162617.0
2022-02-15,34,16921186.0,0,0,0.0,0.00074,0.00074,0.00074,,,1386878.0,,1386878.0
2022-02-16,34,16929749.0,0,0,0.0,3e-05,3e-05,3e-05,,,22131.0,,22131.0
2022-02-17,34,16930223.0,0,0,0.0,6e-05,6e-05,6e-05,,,51173.0,,51173.0
2022-02-18,34,16931280.0,0,0,0.0,0.0088,0.0088,0.0088,,,2354283.0,,2354283.0
2022-02-22,34,16930426.0,0,0,0.0,0.02311,0.02311,0.02311,,,2959845.0,,2959845.0
2022-02-23,34,16984997.0,1,0,0.02941,0.01609,0.01557,0.01609,,,4040867.0,,4040867.0
2022-02-24,35,16797696.0,0,0,0.0,0.00293,0.00293,0.00293,,,668165.0,,668165.0
2022-02-25,35,16841046.0,0,0,0.0,0.00032,0.00032,0.00032,,,147312.0,,147312.0
2022-02-28,35,16845053.0,0,0,0.0,0.00489,0.00489,0.00489,,,805407.0,,805407.0
2022-03-01,35,16927237.0,0,0,0.0,0.00359,0.00359,0.00359,,,4080948.0,,4080948.0
2022-03-02,35,16961541.0,0,0,0.0,0.00103,0.00103,0.00103,,,126947.0,,126947.0
2022-03-03,35,16978941.0,0,0,0.0,0.00893,0.00893,0.00893,,,3252137.0,,3252137.0
2022-03-04,35,17130472.0,0,0,0.0,0.00405,0.00405,0.00405,,,1596167.0,,1596167.0
2022-03-07,35,17199903.0,0,0,0.0,0.0,0.0,0.0,,,14144.0,,14144.0
2022-03-08,35,17199944.0,0,0,0.0,0.00933,0.00933,0.00933,,,2100691.0,,2100691.0
2022-03-09,35,17355453.0,0,0,0.0,0.00263,0.00263,0.00263,,,226202.0,,226202.0
2022-03-10,35,17401077.0,0,1,0.02857,0.0,0.0,0.0,,,55.0,,55.0
2022-03-11,34,17401072.0,0,0,0.0,0.00291,0.00291,0.00291,,,240119.0,,240119.0
2022-03-14,34,17451730.0,0,0,0.0,1e-05,1e-05,1e-05,,,29883.0,,29883.0
2022-03-15,34,17451852.0,0,0,0.0,0.01057,0.01057,0.01057,,,1348566.0,,1348566.0
2022-03-16,34,17616093.0,0,0,0.0,0.00055,0.00055,0.00055,,,40252.0,,40252.0
2022-03-17,34,17625701.0,0,0,0.0,0.0,0.0,0.0,,,0.0,,0.0
2022-03-18,34,17625701.0,0,0,0.0,0.0,0.0,0.0,,,0.0,,0.0
2022-03-21,34,17625701.0,0,0,0.0,0.0,0.0,0.0,,,0.0,,0.0
2022-03-22,34,17625701.0,0,0,0.0,0.0,0.0,0.0,,,0.0,,0.0
2022-03-23,34,17625701.0,0,0,0.0,0.0,0.0,0.0,,,0.0,,0.0
2022-03-24,34,17625701.0,0,0,0.0,0.0,0.0,0.0,,,0.0,,0.0
2022-03-25,34,17625701.0,0,0,0.0,0.0,0.0,0.0,,,0.0,,0.0
2022-03-28,34,17625701.0,0,0,0.0,0.0,0.0,0.0,,,0.0,,0.0
2022-03-29,34,17625701.0,0,0,0.0,0.00161,0.00161,0.00161,,,2787327.0,,2787327.0
2022-03-30,34,17635511.0,0,0,0.0,0.0005,0.0005,0.0005,,,425329.0,,425329.0
2022-03-31,34,17636362.0,0,0,0.0,0.00219,0.00219,0.00219,,,780404.0,,780404.0
2022-04-01,34,17671741.0,0,0,0.0,0.00443,0.00443,0.00443,,,3248897.0,,3248897.0
2022-04-04,34,17736147.0,0,0,0.0,0.00131,0.00131,0.00131,,,268272.0,,268272.0
2022-04-05,34,17759374.0,0,0,0.0,6e-05,6e-05,6e-05,,,12190.0,,12190.0
2022-04-06,34,17760434.0,0,0,0.0,0.0,0.0,0.0,,,0.0,,0.0
2022-04-07,34,17760434.0,0,0,0.0,1e-05,1e-05,1e-05,,,31561.0,,31561.0
2022-04-08,34,17760576.0,0,0,0.0,0.0,0.0,0.0,,,0.0,,0.0
2022-04-11,34,17760576.0,0,0,0.0,0.0,0.0,0.0,,,0.0,,0.0
2022-04-12,34,17760576.0,0,0,0.0,0.00174,0.00174,0.00174,,,252878.0,,252878.0
2022-04-13,34,17791566.0,0,0,0.0,0.00057,0.00057,0.00057,,,85656.0,,85656.0
2022-04-14,34,17801655.0,0,0,0.0,0.00795,0.00795,0.00795,,,3335293.0,,3335293.0
2022-04-18,34,17660157.0,0,0,0.0,0.0,0.0,0.0,,,0.0,,0.0
2022-04-19,34,17660157.0,0,0,0.0,0.0,0.0,0.0,,,0.0,,0.0
2022-04-20,34,17660157.0,0,0,0.0,0.00488,0.00488,0.00488,,,3097295.0,,3097295.0
2022-04-21,34,17586423.0,0,0,0.0,0.00041,0.00041,0.00041,,,915390.0,,915390.0
2022-04-22,34,17588033.0,0,0,0.0,1e-05,1e-05,1e-05,,,47546.0,,47546.0
2022-04-25,34,17587775.0,0,0,0.0,0.00055,0.00055,0.00055,,,100456.0,,100456.0
2022-04-26,34,17597528.0,0,0,0.0,0.00105,0.00105,0.00105,,,1341144.0,,1341144.0
2022-04-27,34,17609098.0,0,0,0.0,0.00118,0.00118,0.00118,,,969476.0,,969476.0
2022-04-28,34,17625153.0,0,0,0.0,0.00123,0.00123,0.00123,,,223532.0,,223532.0
2022-04-29,34,17646740.0,0,0,0.0,2e-05,2e-05,2e-05,,,84985.0,,84985.0
2022-05-02,34,17646351.0,0,0,0.0,0.00072,0.00072,0.00072,,,119239.0,,119239.0
2022-05-03,34,17643431.0,0,0,0.0,0.00082,0.00082,0.00082,,,1468994.0,,1468994.0
2022-05-04,34,17651800.0,0,0,0.0,0.0,0.0,0.0,,,0.0,,0.0
2022-05-05,34,17651800.0,0,0,0.0,0.0,0.0,0.0,,,0.0,,0.0
2022-05-06,34,17651800.0,0,0,0.0,0.0,0.0,0.0,,,0.0,,0.0
2022-05-09,34,17651800.0,0,0,0.0,0.0,0.0,0.0,,,0.0,,0.0
2022-05-10,34,17651800.0,0,0,0.0,0.00395,0.00395,0.00395,,,2941249.0,,2941249.0
2022-05-11,34,17704006.0,0,0,0.0,0.00595,0.00595,0.00595,,,2115388.0,,2115388.0
2022-05-12,34,17603564.0,0,0,0.0,0.01416,0.01416,0.01416,,,4632824.0,,4632824.0
2022-05-13,34,17359673.0,0,0,0.0,0.00075,0.00075,0.00075,,,914831.0,,914831.0
2022-05-16,34,17368166.0,0,0,0.0,0.0,0.0,0.0,,,0.0,,0.0
2022-05-17,34,17368166.0,0,0,0.0,0.0,0.0,0.0,,,0.0,,0.0
2022-05-18,34,17368166.0,0,0,0.0,0.0,0.0,0.0,,,0.0,,0.0
2022-05-19,34,17368166.0,0,0,0.0,0.0,0.0,0.0,,,0.0,,0.0
2022-05-20,34,17368166.0,0,0,0.0,0.0,0.0,0.0,,,0.0,,0.0
2022-05-23,34,17368166.0,0,0,0.0,0.00441,0.00441,0.00441,,,1433731.0,,1433731.0
2022-05-24,34,17291562.0,0,0,0.0,0.0,0.0,0.0,,,0.0,,0.0
2022-05-25,34,17291562.0,0,0,0.0,0.0,0.0,0.0,,,0.0,,0.0
2022-05-26,34,17291562.0,0,0,0.0,0.0,0.0,0.0,,,0.0,,0.0
2022-05-27,34,17291562.0,0,0,0.0,0.00443,0.00443,0.00443,,,1454494.0,,1454494.0
2022-05-31,34,17214954.0,0,0,0.0,0.0,0.0,0.0,,,0.0,,0.0
2022-06-01,34,17214954.0,0,0,0.0,0.0,0.0,0.0,,,0.0,,0.0
2022-06-02,34,17214954.0,0,0,0.0,0.0,0.0,0.0,,,0.0,,0.0
2022-06-03,34,17214954.0,0,0,0.0,0.0,0.0,0.0,,,0.0,,0.0
2022-06-06,34,17214954.0,0,0,0.0,0.0,0.0,0.0,,,0.0,,0.0
2022-06-07,34,17214954.0,0,0,0.0,0.00051,0.00051,0.00051,,,401441.0,,401441.0
2022-06-08,34,17217223.0,0,0,0.0,0.00043,0.00043,0.00043,,,446196.0,,446196.0
2022-06-09,34,17216498.0,0,0,0.0,0.01012,0.01012,0.01012,,,3021101.0,,3021101.0
2022-06-10,34,17184764.0,0,0,0.0,0.00137,0.00137,0.00137,,,419121.0,,419121.0
2022-06-13,34,17201896.0,0,0,0.0,0.0085,0.0085,0.0085,,,2571162.0,,2571162.0
2022-06-14,34,17101547.0,0,0,0.0,0.00523,0.00523,0.00523,,,1114035.0,,1114035.0
2022-06-15,34,17142047.0,0,0,0.0,0.00187,0.00187,0.00187,,,411660.0,,411660.0
2022-06-16,34,17154047.0,0,0,0.0,0.00118,0.00118,0.00118,,,419546.0,,419546.0
2022-06-17,34,17136147.0,0,0,0.0,0.00514,0.00514,0.00514,,,941520.0,,941520.0
2022-06-21,34,17204147.0,0,0,0.0,0.00497,0.00497,0.00497,,,1234953.0,,1234953.0
2022-06-22,34,17218179.0,0,0,0.0,0.0188,0.0188,0.0188,,,6439573.0,,6439573.0
2022-06-23,34,16937731.0,0,0,0.0,0.00468,0.00468,0.00468,,,1651879.0,,1651879.0
2022-06-28,34,16858424.0,0,0,0.0,0.00027,0.00027,0.00027,,,171372.0,,171372.0
2022-06-29,34,16862138.0,0,0,0.0,0.0,0.0,0.0,,,0.0,,0.0
2022-06-30,34,16862138.0,0,0,0.0,0.0,0.0,0.0,,,0.0,,0.0
2022-07-01,34,16862138.0,0,0,0.0,0.0,0.0,0.0,,,0.0,,0.0
2022-07-05,34,16862138.0,0,0,0.0,0.0,0.0,0.0,,,0.0,,0.0
2022-07-06,34,16862138.0,0,0,0.0,0.0,0.0,0.0,,,0.0,,0.0
2022-07-07,34,16862138.0,0,0,0.0,0.0,0.0,0.0,,,0.0,,0.0
2022-07-08,34,16862138.0,0,0,0.0,0.0,0.0,0.0,,,0.0,,0.0
2022-07-11,34,16862138.0,0,0,0.0,0.0,0.0,0.0,,,0.0,,0.0
2022-07-12,34,16862138.0,0,0,0.0,0.0,0.0,0.0,,,0.0,,0.0
2022-07-13,34,16862138.0,0,0,0.0,0.0,0.0,0.0,,,0.0,,0.0
2022-07-14,34,16862138.0,0,0,0.0,0.00592,0.00592,0.00592,,,2404873.0,,2404873.0
2022-07-15,34,16794841.0,0,0,0.0,0.0,0.0,0.0,,,0.0,,0.0
2022-07-18,34,16794841.0,0,0,0.0,0.0,0.0,0.0,,,0.0,,0.0
2022-07-19,34,16794841.0,0,0,0.0,0.00235,0.00235,0.00235,,,1698055.0,,1698055.0
2022-07-20,34,16834342.0,0,0,0.0,0.01377,0.01377,0.01377,,,4908109.0,,4908109.0
2022-07-21,34,16639579.0,0,0,0.0,0.00083,0.00083,0.00083,,,427998.0,,427998.0
2022-07-22,34,16653382.0,0,0,0.0,0.00232,0.00232,0.00232,,,987424.0,,987424.0
2022-07-25,34,16691977.0,0,0,0.0,0.00916,0.00916,0.00916,,,2792063.0,,2792063.0
2022-07-26,34,16577203.0,0,0,0.0,0.0,0.0,0.0,,,0.0,,0.0
2022-07-27,34,16577203.0,0,0,0.0,0.0,0.0,0.0,,,0.0,,0.0
2022-07-28,34,16577203.0,0,0,0.0,0.0,0.0,0.0,,,0.0,,0.0
2022-07-29,34,16577203.0,0,0,0.0,0.0,0.0,0.0,,,0.0,,0.0
2022-08-01,34,16577203.0,0,0,0.0,0.0,0.0,0.0,,,0.0,,0.0
2022-08-02,34,16577203.0,0,0,0.0,0.0002,0.0002,0.0002,,,457264.0,,457264.0
2022-08-03,34,16578225.0,0,0,0.0,0.00011,0.00011,0.00011,,,139973.0,,139973.0
2022-08-04,34,16579500.0,0,0,0.0,0.00011,0.00011,0.00011,,,167010.0,,167010.0
2022-08-05,34,16580566.0,0,0,0.0,0.00022,0.00022,0.00022,,,95792.0,,95792.0
2022-08-08,34,16584250.0,0,0,0.0,5e-05,5e-05,5e-05,,,22877.0,,22877.0
2022-08-09,34,16585114.0,0,0,0.0,9e-05,9e-05,9e-05,,,40586.0,,40586.0
2022-08-10,34,16586584.0,0,0,0.0,0.00013,0.00013,0.00013,,,57569.0,,57569.0
2022-08-11,34,16588701.0,0,0,0.0,1e-05,1e-05,1e-05,,,3596.0,,3596.0
2022-08-12,34,16588822.0,0,0,0.0,0.00451,0.00451,0.00451,,,1515864.0,,1515864.0
2022-08-15,34,16514067.0,0,0,0.0,0.00069,0.00069,0.00069,,,306395.0,,306395.0
2022-08-16,34,16519789.0,0,0,0.0,6e-05,6e-05,6e-05,,,29665.0,,29665.0
2022-08-17,34,16520809.0,0,0,0.0,0.0,0.0,0.0,,,0.0,,0.0
2022-08-18,34,16520809.0,0,0,0.0,0.0001,0.0001,0.0001,,,46076.0,,46076.0
2022-08-19,34,16522448.0,0,0,0.0,0.0,0.0,0.0,,,0.0,,0.0
2022-08-22,34,16522448.0,0,0,0.0,0.0,0.0,0.0,,,0.0,,0.0
2022-08-23,34,16522448.0,0,0,0.0,0.0,0.0,0.0,,,0.0,,0.0
2022-08-24,34,16522448.0,0,0,0.0,0.0,0.0,0.0,,,0.0,,0.0
2022-08-25,34,16522448.0,0,0,0.0,0.0,0.0,0.0,,,0.0,,0.0
2022-08-26,34,16522448.0,0,0,0.0,0.0,0.0,0.0,,,0.0,,0.0
2022-08-29,34,16522448.0,0,0,0.0,0.0,0.0,0.0,,,0.0,,0.0
2022-08-30,34,16522448.0,0,0,0.0,0.00057,0.00057,0.00057,,,373979.0,,373979.0
2022-08-31,34,16517917.0,0,0,0.0,0.00019,0.00019,0.00019,,,75101.0,,75101.0
2022-09-01,34,16521046.0,0,0,0.0,1e-05,1e-05,1e-05,,,4892.0,,4892.0
2022-09-02,34,16521248.0,0,0,0.0,0.00503,0.00503,0.00503,,,1642581.0,,1642581.0
2022-09-06,34,16441066.0,0,0,0.0,0.00031,0.00031,0.00031,,,119325.0,,119325.0
2022-09-07,34,16446232.0,0,0,0.0,0.00018,0.00018,0.00018,,,107744.0,,107744.0
2022-09-08,34,16445899.0,0,0,0.0,0.00441,0.00441,0.00441,,,1591927.0,,1591927.0
2022-09-09,34,16493830.0,0,0,0.0,0.00181,0.00181,0.00181,,,567217.0,,567217.0
2022-09-12,34,16513696.0,0,0,0.0,0.00025,0.00025,0.00025,,,233611.0,,233611.0
2022-09-13,34,16513661.0,0,0,0.0,0.00315,0.00315,0.00315,,,4045322.0,,4045322.0
2022-09-14,34,16502991.0,0,0,0.0,0.00071,0.00071,0.00071,,,348015.0,,348015.0
2022-09-15,34,16508164.0,0,0,0.0,0.001,0.001,0.001,,,697900.0,,697900.0
2022-09-16,34,16500361.0,0,0,0.0,0.0,0.0,0.0,,,1338.0,,1338.0
2022-09-19,34,16500331.0,0,0,0.0,0.00024,0.00024,0.00024,,,196294.0,,196294.0
2022-09-20,34,16496714.0,0,0,0.0,0.00066,0.00066,0.00066,,,236421.0,,236421.0
2022-09-21,34,16507550.0,0,0,0.0,0.0002,0.0002,0.0002,,,78784.0,,78784.0
2022-09-22,34,16510871.0,0,0,0.0,0.00468,0.00468,0.00468,,,1313183.0,,1313183.0
2022-09-23,34,16433676.0,0,0,0.0,0.00021,0.00021,0.00021,,,437074.0,,437074.0
2022-09-26,34,16437208.0,0,0,0.0,0.0,0.0,0.0,,,0.0,,0.0
2022-09-27,34,16437208.0,1,0,0.02941,0.00693,0.00027,0.00693,,,670516.0,,670516.0
2022-09-28,35,16542255.0,0,0,0.0,0.00322,0.00322,0.00322,,,500939.0,,500939.0
2022-09-29,35,16584928.0,0,0,0.0,0.0001,0.0001,0.0001,,,150574.0,,150574.0
2022-09-30,35,16583204.0,0,0,0.0,0.00946,0.00946,0.00946,,,947322.0,,947322.0
2022-10-03,35,16735351.0,0,0,0.0,0.00138,0.00138,0.00138,,,562034.0,,562034.0
2022-10-04,35,16746380.0,0,0,0.0,0.00545,0.00545,0.00545,,,1447778.0,,1447778.0
2022-10-05,35,16741639.0,0,0,0.0,0.0011,0.0011,0.0011,,,114362.0,,114362.0
2022-10-06,35,16759355.0,0,0,0.0,0.00056,0.00056,0.00056,,,43778.0,,43778.0
2022-10-07,35,16768740.0,0,0,0.0,0.00126,0.00126,0.00126,,,97274.0,,97274.0
2022-10-10,35,16789795.0,0,0,0.0,0.0021,0.0021,0.0021,,,246182.0,,246182.0
2022-10-11,35,16825102.0,0,0,0.0,0.00472,0.00472,0.00472,,,1154830.0,,1154830.0
2022-10-12,35,16874777.0,0,0,0.0,0.008,0.008,0.008,,,565520.0,,565520.0
2022-10-13,35,17009746.0,0,0,0.0,0.0,0.0,0.0,,,0.0,,0.0
2022-10-14,35,17009746.0,0,0,0.0,0.0,0.0,0.0,,,0.0,,0.0
2022-10-17,35,17009746.0,0,0,0.0,0.0,0.0,0.0,,,0.0,,0.0
2022-10-18,35,17009746.0,0,0,0.0,0.00029,0.00029,0.00029,,,251486.0,,251486.0
2022-10-19,35,17004877.0,0,0,0.0,0.0,0.0,0.0,,,0.0,,0.0
2022-10-20,35,17004877.0,0,0,0.0,0.00713,0.00713,0.00713,,,1881261.0,,1881261.0
2022-10-21,35,16883631.0,0,0,0.0,0.0,0.0,0.0,,,0.0,,0.0
2022-10-24,35,16883631.0,0,0,0.0,0.0,0.0,0.0,,,0.0,,0.0
2022-10-25,35,16883631.0,0,0,0.0,0.00099,0.00099,0.00099,,,570677.0,,570677.0
2022-10-26,35,16881091.0,0,0,0.0,0.00012,0.00012,0.00012,,,9093.0,,9093.0
2022-10-27,35,16883055.0,0,0,0.0,0.00048,0.00048,0.00048,,,38270.0,,38270.0
2022-10-28,35,16891215.0,0,0,0.0,0.00025,0.00025,0.00025,,,19883.0,,19883.0
2022-10-31,35,16895366.0,0,0,0.0,0.00021,0.00021,0.00021,,,17868.0,,17868.0
2022-11-01,35,16898849.0,0,0,0.0,0.00016,0.00016,0.00016,,,14104.0,,14104.0
2022-11-02,35,16901620.0,0,0,0.0,0.00037,0.00037,0.00037,,,32848.0,,32848.0
2022-11-03,35,16907937.0,0,0,0.0,0.0014,0.0014,0.0014,,,115756.0,,115756.0
2022-11-04,35,16931609.0,0,0,0.0,4e-05,4e-05,4e-05,,,3142.0,,3142.0
2022-11-07,35,16932245.0,0,0,0.0,0.00473,0.00473,0.00473,,,1286413.0,,1286413.0
2022-11-08,35,16856625.0,0,0,0.0,0.00025,0.00025,0.00025,,,21556.0,,21556.0
2022-11-09,35,16860860.0,0,0,0.0,0.00055,0.00055,0.00055,,,47400.0,,47400.0
2022-11-10,35,16870136.0,0,0,0.0,0.00182,0.00182,0.00182,,,145665.0,,145665.0
2022-11-11,35,16900867.0,0,0,0.0,0.0,0.0,0.0,,,0.0,,0.0
2022-11-14,35,16900867.0,0,0,0.0,0.0,0.0,0.0,,,0.0,,0.0
2022-11-15,35,16900867.0,1,0,0.02857,0.00924,0.00848,0.00924,,,3959470.0,,3959470.0
2022-11-16,36,16957195.0,0,0,0.0,0.00303,0.00303,0.00303,,,367038.0,,367038.0
2022-11-17,36,17008517.0,0,0,0.0,0.00017,0.00017,0.00017,,,197069.0,,197069.0
2022-11-18,36,17011370.0,0,0,0.0,0.01329,0.01329,0.01329,,,3844533.0,,3844533.0
2022-11-21,36,16791732.0,0,0,0.0,0.00678,0.00678,0.00678,,,733312.0,,733312.0
2022-11-22,36,16905575.0,0,0,0.0,0.0,0.0,0.0,,,0.0,,0.0
2022-11-23,36,16905575.0,0,0,0.0,0.00104,0.00104,0.00104,,,83650.0,,83650.0
2022-11-25,36,16923075.0,0,0,0.0,0.0,0.0,0.0,,,0.0,,0.0
2022-11-28,36,16923075.0,0,0,0.0,0.00073,0.00073,0.00073,,,55562.0,,55562.0
2022-11-29,36,16935422.0,0,0,0.0,0.0,0.0,0.0,,,0.0,,0.0
2022-11-30,36,16935422.0,0,0,0.0,0.0,0.0,0.0,,,0.0,,0.0
2022-12-01,36,16935422.0,0,0,0.0,0.0,0.0,0.0,,,0.0,,0.0
2022-12-02,36,16935422.0,0,0,0.0,0.0,0.0,0.0,,,0.0,,0.0
2022-12-05,36,16935422.0,0,0,0.0,0.0,0.0,0.0,,,0.0,,0.0
2022-12-06,36,16935422.0,0,0,0.0,0.0,0.0,0.0,,,0.0,,0.0
2022-12-07,36,16935422.0,0,0,0.0,0.0,0.0,0.0,,,0.0,,0.0
2022-12-08,36,16935422.0,0,0,0.0,0.0,0.0,0.0,,,0.0,,0.0
2022-12-09,36,16935422.0,0,0,0.0,0.0,0.0,0.0,,,0.0,,0.0
2022-12-13,36,16935422.0,0,0,0.0,0.0,0.0,0.0,,,0.0,,0.0
2022-12-14,36,16935422.0,0,0,0.0,0.0,0.0,0.0,,,0.0,,0.0
2022-12-15,36,16935422.0,0,0,0.0,0.0,0.0,0.0,,,0.0,,0.0
2022-12-16,36,16935422.0,0,0,0.0,0.00974,0.00974,0.00974,,,2497256.0,,2497256.0
2022-12-19,36,16770429.0,0,0,0.0,0.0,0.0,0.0,,,0.0,,0.0
2022-12-20,36,16770429.0,0,0,0.0,0.0,0.0,0.0,,,0.0,,0.0
2022-12-21,36,16770429.0,0,0,0.0,0.0,0.0,0.0,,,0.0,,0.0
2022-12-22,36,16770429.0,0,0,0.0,0.0,0.0,0.0,,,0.0,,0.0
2022-12-23,36,16770429.0,0,0,0.0,0.0,0.0,0.0,,,0.0,,0.0
2022-12-27,36,16770429.0,0,0,0.0,0.0,0.0,0.0,,,0.0,,0.0
2022-12-28,36,16770429.0,0,0,0.0,0.0,0.0,0.0,,,0.0,,0.0
2022-12-29,36,16770429.0,0,0,0.0,0.0,0.0,0.0,,,0.0,,0.0
2022-12-30,36,16770429.0,0,0,0.0,0.02118,0.02118,0.02118,,,5228963.0,,5228963.0
2023-01-03,36,17125588.0,0,0,0.0,0.0,0.0,0.0,,,0.0,,0.0
2023-01-04,36,17125588.0,0,0,0.0,0.0,0.0,0.0,,,0.0,,0.0
2023-01-05,36,17125588.0,0,0,0.0,0.0,0.0,0.0,,,0.0,,0.0
2023-01-06,36,17125588.0,0,0,0.0,0.0,0.0,0.0,,,0.0,,0.0
2023-01-09,36,17125588.0,0,0,0.0,0.0,0.0,0.0,,,0.0,,0.0
2023-01-10,36,17125588.0,0,0,0.0,0.0,0.0,0.0,,,0.0,,0.0
2023-01-11,36,17125588.0,0,0,0.0,0.02647,0.02647,0.02647,,,7175581.0,,7175581.0
2023-01-12,36,16672308.0,0,0,0.0,0.0,0.0,0.0,,,0.0,,0.0
2023-01-13,36,16672308.0,0,0,0.0,0.0,0.0,0.0,,,0.0,,0.0
2023-01-17,36,16672308.0,0,0,0.0,0.0,0.0,0.0,,,0.0,,0.0
2023-01-18,36,16672308.0,0,0,0.0,0.0,0.0,0.0,,,0.0,,0.0
2023-01-19,36,16672308.0,0,0,0.0,0.0,0.0,0.0,,,0.0,,0.0
2023-01-20,36,16672308.0,0,0,0.0,0.0,0.0,0.0,,,0.0,,0.0
2023-01-23,36,16672308.0,0,0,0.0,0.0,0.0,0.0,,,0.0,,0.0
2023-01-24,36,16672308.0,0,0,0.0,0.0,0.0,0.0,,,0.0,,0.0
2023-01-25,36,16672308.0,0,0,0.0,0.0,0.0,0.0,,,0.0,,0.0
2023-01-26,36,16672308.0,0,0,0.0,0.0,0.0,0.0,,,0.0,,0.0
2023-01-27,36,16672308.0,0,0,0.0,0.0,0.0,0.0,,,0.0,,0.0
2023-01-30,36,16672308.0,0,0,0.0,0.0,0.0,0.0,,,0.0,,0.0
2023-01-31,36,16672308.0,0,0,0.0,0.0,0.0,0.0,,,0.0,,0.0
2023-02-01,36,16672308.0,0,0,0.0,0.0,0.0,0.0,,,0.0,,0.0
2023-02-02,36,16672308.0,0,0,0.0,0.0,0.0,0.0,,,0.0,,0.0
2023-02-03,36,16672308.0,0,0,0.0,0.0,0.0,0.0,,,0.0,,0.0
2023-02-06,36,16672308.0,0,0,0.0,0.0,0.0,0.0,,,0.0,,0.0
2023-02-07,36,16672308.0,0,0,0.0,0.0,0.0,0.0,,,0.0,,0.0
2023-02-08,36,16672308.0,0,0,0.0,0.0,0.0,0.0,,,0.0,,0.0
2023-02-09,36,16672308.0,0,0,0.0,0.0,0.0,0.0,,,0.0,,0.0
2023-02-10,36,16672308.0,0,0,0.0,0.0,0.0,0.0,,,0.0,,0.0
2023-02-13,36,16672308.0,0,0,0.0,0.0,0.0,0.0,,,0.0,,0.0
2023-02-14,36,16672308.0,0,0,0.0,0.00028,0.00028,0.00028,,,155565.0,,155565.0
2023-02-15,36,16667891.0,0,0,0.0,0.00115,0.00115,0.00115,,,205477.0,,205477.0
2023-02-16,36,16678816.0,0,0,0.0,0.0002,0.0002,0.0002,,,105619.0,,105619.0
2023-02-17,36,16676380.0,0,0,0.0,0.00311,0.00311,0.00311,,,295359.0,,295359.0
2023-02-21,36,16719597.0,0,0,0.0,0.00033,0.00033,0.00033,,,70406.0,,70406.0
2023-02-22,36,16721523.0,0,0,0.0,0.00087,0.00087,0.00087,,,123802.0,,123802.0
2023-02-23,36,16732025.0,0,0,0.0,0.00601,0.00601,0.00601,,,354817.0,,354817.0
2023-02-24,36,16831227.0,0,0,0.0,7e-05,7e-05,7e-05,,,34517.0,,34517.0
2023-02-27,36,16830152.0,0,0,0.0,0.00138,0.00138,0.00138,,,66768.0,,66768.0
2023-02-28,36,16853453.0,0,0,0.0,0.00386,0.00386,0.00386,,,420033.0,,420033.0
2023-03-01,36,16898547.0,0,0,0.0,0.00777,0.00777,0.00777,,,1333838.0,,1333838.0
2023-03-02,36,16897714.0,0,0,0.0,0.00726,0.00726,0.00726,,,1002190.0,,1002190.0
2023-03-03,36,16920374.0,0,0,0.0,0.00645,0.00645,0.00645,,,629865.0,,629865.0
2023-03-06,36,16994648.0,0,0,0.0,1e-05,1e-05,1e-05,,,6995.0,,6995.0
2023-03-07,36,16994446.0,0,0,0.0,0.0,0.0,0.0,,,1676.0,,1676.0
2023-03-08,36,16994396.0,0,1,0.02778,0.00205,0.00204,0.00205,,,1665266.0,,1665266.0
2023-03-09,35,17013530.0,0,0,0.0,0.0,0.0,0.0,,,0.0,,0.0
2023-03-10,35,17013530.0,0,0,0.0,0.0,0.0,0.0,,,0.0,,0.0
2023-03-13,35,17013530.0,0,0,0.0,0.0,0.0,0.0,,,0.0,,0.0
2023-03-14,35,17013530.0,0,0,0.0,0.0,0.0,0.0,,,0.0,,0.0
2023-03-15,35,17013530.0,0,0,0.0,0.00027,0.00027,0.00027,,,219188.0,,219188.0
2023-03-16,35,17018054.0,0,0,0.0,0.00124,0.00124,0.00124,,,612613.0,,612613.0
2023-03-17,35,17004884.0,0,0,0.0,0.0,0.0,0.0,,,0.0,,0.0
2023-03-20,35,17004884.0,0,0,0.0,0.0,0.0,0.0,,,0.0,,0.0
2023-03-21,35,17004884.0,0,0,0.0,0.0,0.0,0.0,,,0.0,,0.0
2023-03-22,35,17004884.0,0,0,0.0,0.00496,0.00496,0.00496,,,1360198.0,,1360198.0
2023-03-23,35,16920547.0,0,0,0.0,0.0,0.0,0.0,,,0.0,,0.0
2023-03-24,35,16920547.0,0,0,0.0,0.0,0.0,0.0,,,0.0,,0.0
2023-03-27,35,16920547.0,0,0,0.0,0.0,0.0,0.0,,,0.0,,0.0
2023-03-28,35,16920547.0,0,0,0.0,0.0,0.0,0.0,,,0.0,,0.0
2023-03-29,35,16920547.0,0,0,0.0,0.0,0.0,0.0,,,0.0,,0.0
2023-03-30,35,16920547.0,0,0,0.0,0.0,0.0,0.0,,,0.0,,0.0
2023-03-31,35,16920547.0,0,0,0.0,0.0,0.0,0.0,,,0.0,,0.0
2023-04-03,35,16920547.0,0,0,0.0,0.0,0.0,0.0,,,0.0,,0.0
2023-04-04,35,16920547.0,0,0,0.0,0.0,0.0,0.0,,,0.0,,0.0
2023-04-05,35,16920547.0,0,0,0.0,0.00997,0.00997,0.00997,,,2776802.0,,2776802.0
2023-04-06,35,16751875.0,0,0,0.0,0.00037,0.00037,0.00037,,,187875.0,,187875.0
2023-04-10,35,16758049.0,0,0,0.0,0.00102,0.00102,0.00102,,,398353.0,,398353.0
2023-04-11,35,16740949.0,0,0,0.0,0.00032,0.00032,0.00032,,,165863.0,,165863.0
2023-04-12,35,16746357.0,0,0,0.0,8e-05,8e-05,8e-05,,,43613.0,,43613.0
2023-04-13,35,16747773.0,0,0,0.0,0.0,0.0,0.0,,,0.0,,0.0
2023-04-14,35,16747773.0,0,0,0.0,0.0,0.0,0.0,,,0.0,,0.0
2023-04-17,35,16747773.0,0,0,0.0,0.0,0.0,0.0,,,0.0,,0.0
2023-04-18,35,16747773.0,0,0,0.0,0.0,0.0,0.0,,,0.0,,0.0
2023-04-19,35,16747773.0,0,0,0.0,0.0,0.0,0.0,,,0.0,,0.0
2023-04-20,35,16747773.0,0,0,0.0,0.0,0.0,0.0,,,0.0,,0.0
2023-04-21,35,16747773.0,0,0,0.0,0.0,0.0,0.0,,,0.0,,0.0
2023-04-24,35,16747773.0,0,0,0.0,0.0,0.0,0.0,,,0.0,,0.0
2023-04-25,35,16747773.0,0,0,0.0,0.0,0.0,0.0,,,0.0,,0.0
2023-04-26,35,16747773.0,0,0,0.0,0.0,0.0,0.0,,,0.0,,0.0
2023-04-27,35,16747773.0,0,0,0.0,0.00756,0.00756,0.00756,,,1960825.0,,1960825.0
2023-04-28,35,16621190.0,0,0,0.0,0.0,0.0,0.0,,,0.0,,0.0
2023-05-01,35,16621190.0,0,0,0.0,0.0,0.0,0.0,,,0.0,,0.0
2023-05-02,35,16621190.0,0,0,0.0,0.0,0.0,0.0,,,0.0,,0.0
2023-05-03,35,16621190.0,0,0,0.0,0.0,0.0,0.0,,,0.0,,0.0
2023-05-04,35,16621190.0,0,0,0.0,0.0,0.0,0.0,,,0.0,,0.0
2023-05-05,35,16621190.0,0,0,0.0,0.0,0.0,0.0,,,0.0,,0.0
2023-05-08,35,16621190.0,0,0,0.0,0.0,0.0,0.0,,,0.0,,0.0
2023-05-09,35,16621190.0,0,0,0.0,0.0,0.0,0.0,,,0.0,,0.0
2023-05-10,35,16621190.0,0,0,0.0,0.0,0.0,0.0,,,0.0,,0.0
2023-05-11,35,16621190.0,0,0,0.0,0.00762,0.00762,0.00762,,,2028659.0,,2028659.0
2023-05-12,35,16494593.0,0,0,0.0,0.0,0.0,0.0,,,0.0,,0.0
2023-05-15,35,16494593.0,0,0,0.0,0.00152,0.00152,0.00152,,,50286.0,,50286.0
2023-05-16,35,16519736.0,0,0,0.0,0.00373,0.00373,0.00373,,,1189113.0,,1189113.0
2023-05-17,35,16458078.0,0,0,0.0,0.0,0.0,0.0,,,0.0,,0.0
2023-05-18,35,16458078.0,0,0,0.0,0.0,0.0,0.0,,,0.0,,0.0
2023-05-19,35,16458078.0,0,0,0.0,0.0,0.0,0.0,,,0.0,,0.0
2023-05-22,35,16458078.0,0,0,0.0,0.00542,0.00542,0.00542,,,1576398.0,,1576398.0
2023-05-23,35,16542911.0,0,0,0.0,0.00022,0.00022,0.00022,,,18117.0,,18117.0
2023-05-24,35,16546571.0,0,0,0.0,0.0,0.0,0.0,,,0.0,,0.0
2023-05-25,35,16546571.0,0,0,0.0,0.0,0.0,0.0,,,0.0,,0.0
2023-05-26,35,16546571.0,0,0,0.0,0.00613,0.00613,0.00613,,,2627536.0,,2627536.0
2023-05-30,35,16626970.0,0,0,0.0,0.00011,0.00011,0.00011,,,27554.0,,27554.0
2023-05-31,35,16628734.0,0,0,0.0,0.00035,0.00035,0.00035,,,790514.0,,790514.0
2023-06-01,35,16630830.0,0,0,0.0,0.0,0.0,0.0,,,0.0,,0.0
2023-06-02,35,16630830.0,0,0,0.0,0.0,0.0,0.0,,,0.0,,0.0
2023-06-05,35,16630830.0,0,0,0.0,0.0,0.0,0.0,,,0.0,,0.0
2023-06-06,35,16630830.0,0,0,0.0,0.0,0.0,0.0,,,0.0,,0.0
2023-06-07,35,16630830.0,0,0,0.0,0.0,0.0,0.0,,,0.0,,0.0
2023-06-08,35,16630830.0,0,0,0.0,0.0,0.0,0.0,,,0.0,,0.0
2023-06-09,35,16630830.0,0,0,0.0,0.0,0.0,0.0,,,0.0,,0.0
2023-06-12,35,16630830.0,0,0,0.0,0.0,0.0,0.0,,,0.0,,0.0
2023-06-13,35,16630830.0,0,0,0.0,0.0,0.0,0.0,,,0.0,,0.0
2023-06-14,35,16630830.0,0,0,0.0,0.0,0.0,0.0,,,0.0,,0.0
2023-06-15,35,16630830.0,0,0,0.0,0.0,0.0,0.0,,,0.0,,0.0
2023-06-16,35,16630830.0,0,0,0.0,0.0,0.0,0.0,,,0.0,,0.0
2023-06-20,35,16630830.0,0,0,0.0,0.0,0.0,0.0,,,0.0,,0.0
2023-06-21,35,16630830.0,0,0,0.0,0.0,0.0,0.0,,,0.0,,0.0
2023-06-22,35,16630830.0,0,0,0.0,0.0,0.0,0.0,,,0.0,,0.0
2023-06-23,35,16630830.0,0,0,0.0,0.0,0.0,0.0,,,0.0,,0.0
2023-06-26,35,16630830.0,0,0,0.0,0.0,0.0,0.0,,,0.0,,0.0
2023-06-27,35,16630830.0,0,0,0.0,0.01537,0.01537,0.01537,,,4267427.0,,4267427.0
2023-06-28,35,16375263.0,0,0,0.0,0.0,0.0,0.0,,,0.0,,0.0
2023-06-29,35,16375263.0,0,0,0.0,0.0,0.0,0.0,,,0.0,,0.0
2023-06-30,35,16375263.0,0,0,0.0,0.0,0.0,0.0,,,0.0,,0.0
2023-07-03,35,16375263.0,0,0,0.0,0.0,0.0,0.0,,,0.0,,0.0
2023-07-05,35,16375263.0,0,0,0.0,0.0,0.0,0.0,,,0.0,,0.0
2023-07-06,35,16375263.0,0,0,0.0,0.0,0.0,0.0,,,0.0,,0.0
2023-07-07,35,16375263.0,0,0,0.0,0.0,0.0,0.0,,,0.0,,0.0
2023-07-10,35,16375263.0,0,0,0.0,0.0,0.0,0.0,,,0.0,,0.0
2023-07-11,35,16375263.0,0,0,0.0,0.0,0.0,0.0,,,0.0,,0.0
2023-07-12,35,16375263.0,0,0,0.0,0.0,0.0,0.0,,,0.0,,0.0
2023-07-13,35,16375263.0,0,0,0.0,0.00102,0.00102,0.00102,,,555249.0,,555249.0
2023-07-14,35,16365359.0,0,0,0.0,0.00105,0.00105,0.00105,,,417283.0,,417283.0
2023-07-17,35,16351947.0,0,0,0.0,0.00033,0.00033,0.00033,,,171511.0,,171511.0
2023-07-18,35,16348524.0,0,0,0.0,0.00138,0.00138,0.00138,,,305698.0,,305698.0
2023-07-19,35,16325970.0,0,0,0.0,2e-05,2e-05,2e-05,,,41705.0,,41705.0
2023-07-20,35,16326326.0,0,0,0.0,1e-05,1e-05,1e-05,,,24330.0,,24330.0
2023-07-21,35,16326537.0,0,0,0.0,0.0,0.0,0.0,,,0.0,,0.0
2023-07-24,35,16326537.0,0,0,0.0,0.0,0.0,0.0,,,0.0,,0.0
2023-07-25,35,16326537.0,0,0,0.0,0.0,0.0,0.0,,,0.0,,0.0
2023-07-26,35,16326537.0,0,0,0.0,0.00965,0.00965,0.00965,,,4925761.0,,4925761.0
2023-07-27,35,16271707.0,0,0,0.0,0.0,0.0,0.0,,,0.0,,0.0
2023-07-28,35,16271707.0,0,0,0.0,0.0,0.0,0.0,,,0.0,,0.0
2023-07-31,35,16271707.0,0,0,0.0,0.0,0.0,0.0,,,0.0,,0.0
2023-08-01,35,16271707.0,0,0,0.0,0.0,0.0,0.0,,,0.0,,0.0
2023-08-02,35,16271707.0,0,0,0.0,0.0,0.0,0.0,,,0.0,,0.0
2023-08-03,35,16271707.0,0,0,0.0,0.0,0.0,0.0,,,0.0,,0.0
2023-08-04,35,16271707.0,0,0,0.0,0.00029,0.00029,0.00029,,,135658.0,,135658.0
2023-08-07,35,16267466.0,0,0,0.0,2e-05,2e-05,2e-05,,,111807.0,,111807.0
2023-08-08,35,16267833.0,0,0,0.0,0.0,0.0,0.0,,,0.0,,0.0
2023-08-09,35,16267833.0,0,0,0.0,0.0,0.0,0.0,,,0.0,,0.0
2023-08-10,35,16267833.0,0,0,0.0,0.0,0.0,0.0,,,0.0,,0.0
2023-08-11,35,16267833.0,0,0,0.0,0.01071,0.01071,0.01071,,,1771668.0,,1771668.0
2023-08-14,35,16400481.0,0,0,0.0,0.0002,0.0002,0.0002,,,48010.0,,48010.0
2023-08-15,35,16397261.0,0,0,0.0,0.0005,0.0005,0.0005,,,122326.0,,122326.0
2023-08-16,35,16389133.0,0,0,0.0,7e-05,7e-05,7e-05,,,355800.0,,355800.0
2023-08-17,35,16390333.0,0,0,0.0,0.0,0.0,0.0,,,0.0,,0.0
2023-08-18,35,16390333.0,0,0,0.0,2e-05,2e-05,2e-05,,,109944.0,,109944.0
2023-08-21,35,16390712.0,0,0,0.0,0.0,0.0,0.0,,,0.0,,0.0
2023-08-22,35,16390712.0,0,0,0.0,0.0,0.0,0.0,,,0.0,,0.0
2023-08-23,35,16390712.0,0,0,0.0,0.0,0.0,0.0,,,0.0,,0.0
2023-08-24,35,16390712.0,0,0,0.0,0.0,0.0,0.0,,,0.0,,0.0
2023-08-25,35,16390712.0,0,0,0.0,0.0,0.0,0.0,,,0.0,,0.0
2023-08-28,35,16390712.0,0,0,0.0,0.0,0.0,0.0,,,0.0,,0.0
2023-08-29,35,16390712.0,0,0,0.0,0.02042,0.02042,0.02042,,,3599201.0,,3599201.0
2023-08-30,35,16056385.0,0,0,0.0,0.0,0.0,0.0,,,0.0,,0.0
2023-08-31,35,16056385.0,0,0,0.0,0.00302,0.00302,0.00302,,,65882.0,,65882.0
2023-09-01,35,16007885.0,0,0,0.0,0.0,0.0,0.0,,,0.0,,0.0
2023-09-05,35,16007885.0,0,0,0.0,0.0001,0.0001,0.0001,,,24031.0,,24031.0
2023-09-06,35,16006258.0,0,0,0.0,0.00163,0.00163,0.00163,,,623546.0,,623546.0
2023-09-07,35,15996437.0,0,0,0.0,0.00573,0.00573,0.00573,,,2124193.0,,2124193.0
2023-09-08,35,15946825.0,0,0,0.0,0.00097,0.00097,0.00097,,,170570.0,,170570.0
2023-09-11,35,15945946.0,0,0,0.0,0.0,0.0,0.0,,,0.0,,0.0
2023-09-12,35,15945946.0,0,0,0.0,0.00112,0.00112,0.00112,,,551501.0,,551501.0
2023-09-13,35,15934944.0,0,0,0.0,0.00953,0.00953,0.00953,,,1606754.0,,1606754.0
2023-09-14,35,15831503.0,0,0,0.0,0.00028,0.00028,0.00028,,,44174.0,,44174.0
2023-09-15,35,15829510.0,0,0,0.0,0.00061,0.00061,0.00061,,,51281.0,,51281.0
2023-09-18,35,15819886.0,0,0,0.0,9e-05,9e-05,9e-05,,,65714.0,,65714.0
2023-09-19,35,15821268.0,0,0,0.0,4e-05,4e-05,4e-05,,,48194.0,,48194.0
2023-09-20,35,15820864.0,0,0,0.0,0.00553,0.00553,0.00553,,,642072.0,,642072.0
2023-09-21,35,15880881.0,0,0,0.0,0.0083,0.0083,0.0083,,,807651.0,,807651.0
2023-09-22,35,15987606.0,0,0,0.0,0.00144,0.00144,0.00144,,,266740.0,,266740.0
2023-09-25,35,15996777.0,0,0,0.0,0.00085,0.00085,0.00085,,,244813.0,,244813.0
2023-09-26,35,15991894.0,0,0,0.0,0.0011,0.0011,0.0011,,,297431.0,,297431.0
2023-09-27,35,15989437.0,0,0,0.0,0.00012,0.00012,0.00012,,,25834.0,,25834.0
2023-09-28,35,15991422.0,0,0,0.0,0.00242,0.00242,0.00242,,,969555.0,,969555.0
2023-09-29,35,15972692.0,0,0,0.0,0.00059,0.00059,0.00059,,,132754.0,,132754.0
2023-10-02,35,15967242.0,0,0,0.0,0.01237,0.01237,0.01237,,,4055053.0,,4055053.0
2023-10-03,35,15769694.0,0,0,0.0,9e-05,9e-05,9e-05,,,19424.0,,19424.0
2023-10-04,35,15771071.0,0,0,0.0,0.00366,0.00366,0.00366,,,100878.0,,100878.0
2023-10-05,35,15718418.0,0,0,0.0,0.00798,0.00798,0.00798,,,1996428.0,,1996428.0
2023-10-06,35,15593006.0,0,0,0.0,0.0006,0.0006,0.0006,,,75346.0,,75346.0
2023-10-09,35,15602393.0,0,0,0.0,0.00086,0.00086,0.00086,,,256797.0,,256797.0
2023-10-10,35,15597234.0,0,0,0.0,0.00042,0.00042,0.00042,,,47441.0,,47441.0
2023-10-11,35,15603747.0,0,0,0.0,0.00032,0.00032,0.00032,,,64186.0,,64186.0
2023-10-12,35,15608731.0,0,0,0.0,0.00035,0.00035,0.00035,,,60727.0,,60727.0
2023-10-13,35,15614172.0,0,0,0.0,0.0004,0.0004,0.0004,,,31636.0,,31636.0
2023-10-16,35,15620363.0,0,0,0.0,0.0002,0.0002,0.0002,,,15626.0,,15626.0
2023-10-17,35,15623421.0,0,0,0.0,0.00038,0.00038,0.00038,,,31252.0,,31252.0
2023-10-18,35,15629431.0,0,0,0.0,6e-05,6e-05,6e-05,,,4661.0,,4661.0
2023-10-19,35,15630324.0,0,0,0.0,0.00069,0.00069,0.00069,,,53754.0,,53754.0
2023-10-20,35,15641032.0,0,0,0.0,0.00451,0.00451,0.00451,,,1987202.0,,1987202.0
2023-10-23,35,15620347.0,0,0,0.0,0.00023,0.00023,0.00023,,,17430.0,,17430.0
2023-10-24,35,15623926.0,0,0,0.0,0.0,0.0,0.0,,,0.0,,0.0
2023-10-25,35,15623926.0,0,0,0.0,0.0,0.0,0.0,,,0.0,,0.0
2023-10-26,35,15623926.0,0,0,0.0,0.0,0.0,0.0,,,0.0,,0.0
2023-10-27,35,15623926.0,0,0,0.0,0.0,0.0,0.0,,,0.0,,0.0
2023-10-30,35,15623926.0,0,0,0.0,0.0,0.0,0.0,,,0.0,,0.0
2023-10-31,35,15623926.0,0,0,0.0,0.0,0.0,0.0,,,0.0,,0.0
2023-11-01,35,15623926.0,0,0,0.0,0.0,0.0,0.0,,,0.0,,0.0
2023-11-02,35,15623926.0,0,0,0.0,0.00151,0.00151,0.00151,,,1426229.0,,1426229.0
2023-11-03,35,15635424.0,0,0,0.0,0.0,0.0,0.0,,,0.0,,0.0
2023-11-06,35,15635424.0,0,0,0.0,0.0,0.0,0.0,,,0.0,,0.0
2023-11-07,35,15635424.0,0,0,0.0,0.00162,0.00162,0.00162,,,1170346.0,,1170346.0
2023-11-08,35,15637443.0,0,0,0.0,0.01613,0.01613,0.01613,,,3968959.0,,3968959.0
2023-11-09,35,15385244.0,0,0,0.0,0.0,0.0,0.0,,,0.0,,0.0
2023-11-10,35,15385244.0,0,0,0.0,0.0,0.0,0.0,,,0.0,,0.0
2023-11-13,35,15385244.0,0,0,0.0,0.00087,0.00087,0.00087,,,569407.0,,569407.0
2023-11-14,35,15386184.0,0,0,0.0,8e-05,8e-05,8e-05,,,87707.0,,87707.0
2023-11-15,35,15384969.0,0,0,0.0,0.0,0.0,0.0,,,0.0,,0.0
2023-11-16,35,15384969.0,0,0,0.0,0.0,0.0,0.0,,,0.0,,0.0
2023-11-17,35,15384969.0,0,0,0.0,0.0,0.0,0.0,,,0.0,,0.0
2023-11-20,35,15384969.0,0,0,0.0,0.0,0.0,0.0,,,0.0,,0.0
2023-11-21,35,15384969.0,0,0,0.0,0.0,0.0,0.0,,,0.0,,0.0
2023-11-22,35,15384969.0,0,0,0.0,0.0,0.0,0.0,,,0.0,,0.0
2023-11-24,35,15384969.0,0,0,0.0,0.0,0.0,0.0,,,0.0,,0.0
2023-11-27,35,15384969.0,0,0,0.0,0.0,0.0,0.0,,,0.0,,0.0
2023-11-28,35,15384969.0,0,0,0.0,0.0,0.0,0.0,,,0.0,,0.0
2023-11-29,35,15384969.0,0,0,0.0,0.0,0.0,0.0,,,0.0,,0.0
2023-11-30,35,15384969.0,0,0,0.0,0.0,0.0,0.0,,,0.0,,0.0
2023-12-01,35,15384969.0,0,0,0.0,0.0,0.0,0.0,,,0.0,,0.0
2023-12-04,35,15384969.0,0,0,0.0,0.0,0.0,0.0,,,0.0,,0.0
2023-12-05,35,15384969.0,0,0,0.0,0.0,0.0,0.0,,,0.0,,0.0
2023-12-06,35,15384969.0,0,0,0.0,0.00184,0.00184,0.00184,,,840179.0,,840179.0
2023-12-07,35,15365361.0,0,0,0.0,0.00164,0.00164,0.00164,,,854589.0,,854589.0
2023-12-08,35,15355233.0,0,0,0.0,0.00032,0.00032,0.00032,,,192677.0,,192677.0
2023-12-11,35,15360079.0,0,0,0.0,0.00863,0.00863,0.00863,,,2345220.0,,2345220.0
2023-12-12,35,15227515.0,0,0,0.0,0.00105,0.00105,0.00105,,,584093.0,,584093.0
2023-12-13,35,15236559.0,0,0,0.0,0.00016,0.00016,0.00016,,,58305.0,,58305.0
2023-12-14,35,15234185.0,0,0,0.0,0.0002,0.0002,0.0002,,,124050.0,,124050.0
2023-12-15,35,15237267.0,0,0,0.0,0.0,0.0,0.0,,,0.0,,0.0
2023-12-18,35,15237267.0,0,0,0.0,0.01385,0.01385,0.01385,,,3794152.0,,3794152.0
2023-12-19,35,15026171.0,0,0,0.0,0.0,0.0,0.0,,,0.0,,0.0
2023-12-20,35,15026171.0,0,0,0.0,0.00562,0.00562,0.00562,,,1534557.0,,1534557.0
2023-12-21,35,14941733.0,0,0,0.0,0.0,0.0,0.0,,,0.0,,0.0
2023-12-22,35,14941733.0,0,0,0.0,0.0,0.0,0.0,,,0.0,,0.0
2023-12-26,35,14941733.0,0,0,0.0,0.0,0.0,0.0,,,0.0,,0.0
2023-12-27,35,14941733.0,0,0,0.0,0.00029,0.00029,0.00029,,,63919.0,,63919.0
2023-12-28,35,14937420.0,0,0,0.0,7e-05,7e-05,7e-05,,,15054.0,,15054.0
2023-12-29,35,14936391.0,0,0,0.0,5e-05,5e-05,5e-05,,,9910.0,,9910.0
2024-01-02,35,14935708.0,0,0,0.0,9e-05,9e-05,9e-05,,,19492.0,,19492.0
2024-01-03,35,14934343.0,0,0,0.0,2e-05,2e-05,2e-05,,,4692.0,,4692.0
2024-01-04,35,14934010.0,0,0,0.0,0.0,0.0,0.0,,,0.0,,0.0
2024-01-05,35,14934010.0,0,0,0.0,0.0025,0.0025,0.0025,,,982864.0,,982864.0
2024-01-08,35,14912847.0,0,0,0.0,0.00059,0.00059,0.00059,,,328930.0,,328930.0
2024-01-09,35,14920711.0,0,0,0.0,0.0018,0.0018,0.0018,,,742883.0,,742883.0
2024-01-10,35,14909471.0,0,0,0.0,0.003,0.003,0.003,,,1532339.0,,1532339.0
2024-01-11,35,14907999.0,0,0,0.0,0.00159,0.00159,0.00159,,,741343.0,,741343.0
2024-01-12,35,14903789.0,0,0,0.0,0.00052,0.00052,0.00052,,,235111.0,,235111.0
2024-01-16,35,14906096.0,0,0,0.0,0.0,0.0,0.0,,,0.0,,0.0
2024-01-17,35,14906096.0,0,0,0.0,0.0113,0.0113,0.0113,,,2876895.0,,2876895.0
2024-01-18,35,14737627.0,0,0,0.0,0.0,0.0,0.0,,,0.0,,0.0
2024-01-19,35,14737627.0,0,0,0.0,0.0,0.0,0.0,,,0.0,,0.0
2024-01-22,35,14737627.0,0,0,0.0,0.0,0.0,0.0,,,0.0,,0.0
2024-01-23,35,14737627.0,0,0,0.0,0.0,0.0,0.0,,,0.0,,0.0
2024-01-24,35,14737627.0,0,0,0.0,1e-05,1e-05,1e-05,,,1881.0,,1881.0
2024-01-25,35,14737488.0,0,0,0.0,0.0,0.0,0.0,,,0.0,,0.0
2024-01-26,35,14737488.0,0,0,0.0,0.0,0.0,0.0,,,0.0,,0.0
2024-01-29,35,14737488.0,0,0,0.0,0.0,0.0,0.0,,,0.0,,0.0
2024-01-30,35,14737488.0,0,0,0.0,0.0,0.0,0.0,,,0.0,,0.0
2024-01-31,35,14737488.0,0,0,0.0,0.0,0.0,0.0,,,0.0,,0.0
2024-02-01,35,14737488.0,0,0,0.0,0.00207,0.00207,0.00207,,,1291882.0,,1291882.0
2024-02-02,35,14720018.0,0,1,0.02857,0.01995,0.01707,0.01995,,,2389384.0,,2389384.0
2024-02-05,34,14927598.0,0,0,0.0,0.0,0.0,0.0,,,0.0,,0.0
2024-02-06,34,14927598.0,0,0,0.0,0.0,0.0,0.0,,,0.0,,0.0
2024-02-07,34,14927598.0,0,0,0.0,0.0,0.0,0.0,,,0.0,,0.0
2024-02-08,34,14927598.0,0,0,0.0,0.0,0.0,0.0,,,0.0,,0.0
2024-02-09,34,14927598.0,0,0,0.0,0.00109,0.00109,0.00109,,,218659.0,,218659.0
2024-02-12,34,14929760.0,0,0,0.0,0.0142,0.0142,0.0142,,,3884452.0,,3884452.0
2024-02-13,34,14717750.0,0,0,0.0,0.00091,0.00091,0.00091,,,101501.0,,101501.0
2024-02-14,34,14728583.0,0,0,0.0,0.00148,0.00148,0.00148,,,112106.0,,112106.0
2024-02-15,34,14750309.0,0,0,0.0,0.00269,0.00269,0.00269,,,967597.0,,967597.0
2024-02-16,34,14737420.0,0,0,0.0,0.00182,0.00182,0.00182,,,327390.0,,327390.0
2024-02-20,34,14762713.0,0,0,0.0,0.00044,0.00044,0.00044,,,95168.0,,95168.0
2024-02-21,34,14761273.0,0,0,0.0,0.0002,0.0002,0.0002,,,15031.0,,15031.0
2024-02-22,34,14764203.0,0,0,0.0,0.00041,0.00041,0.00041,,,30861.0,,30861.0
2024-02-23,34,14770314.0,0,0,0.0,0.00047,0.00047,0.00047,,,33866.0,,33866.0
2024-02-26,34,14777268.0,0,0,0.0,0.00666,0.00666,0.00666,,,2530343.0,,2530343.0
2024-02-27,34,14838613.0,0,0,0.0,0.00103,0.00103,0.00103,,,366321.0,,366321.0
2024-02-28,34,14823356.0,0,0,0.0,0.00076,0.00076,0.00076,,,373539.0,,373539.0
2024-02-29,34,14824207.0,0,0,0.0,0.02011,0.02011,0.02011,,,5035562.0,,5035562.0
2024-03-01,34,14526082.0,0,0,0.0,0.0,0.0,0.0,,,0.0,,0.0
2024-03-04,34,14526082.0,0,0,0.0,0.0,0.0,0.0,,,0.0,,0.0
2024-03-05,34,14526082.0,0,0,0.0,0.0,0.0,0.0,,,0.0,,0.0
2024-03-06,34,14526082.0,1,0,0.02941,0.00981,0.00436,0.00981,,,6368627.0,,6368627.0
2024-03-07,35,14630103.0,0,0,0.0,0.0,0.0,0.0,,,0.0,,0.0
2024-03-08,35,14630103.0,0,0,0.0,0.00289,0.00289,0.00289,,,2290940.0,,2290940.0
2024-03-11,35,14661004.0,0,0,0.0,0.0,0.0,0.0,,,0.0,,0.0
2024-03-12,35,14661004.0,0,0,0.0,0.00897,0.00897,0.00897,,,2290542.0,,2290542.0
2024-03-13,35,14529457.0,0,0,0.0,3e-05,3e-05,3e-05,,,5655.0,,5655.0
2024-03-14,35,14529005.0,0,0,0.0,1e-05,1e-05,1e-05,,,1761.0,,1761.0
2024-03-15,35,14528859.0,0,1,0.02857,1e-05,0.0,1e-05,,,1857.0,,1857.0
2024-03-18,34,14528705.0,0,0,0.0,0.00597,0.00597,0.00597,,,1457639.0,,1457639.0
2024-03-19,34,14441955.0,0,0,0.0,0.0008,0.0008,0.0008,,,521705.0,,521705.0
2024-03-20,34,14441492.0,0,0,0.0,0.00022,0.00022,0.00022,,,81250.0,,81250.0
2024-03-21,34,14444617.0,0,0,0.0,1e-05,1e-05,1e-05,,,4806.0,,4806.0
2024-03-22,34,14444794.0,0,0,0.0,0.00011,0.00011,0.00011,,,44140.0,,44140.0
2024-03-25,34,14446395.0,0,0,0.0,0.00322,0.00322,0.00322,,,825315.0,,825315.0
2024-03-26,34,14406946.0,0,0,0.0,0.0036,0.0036,0.0036,,,2399766.0,,2399766.0
2024-03-27,34,14419357.0,0,0,0.0,0.01007,0.01007,0.01007,,,8665991.0,,8665991.0
2024-03-28,34,14408468.0,0,0,0.0,0.00098,0.00098,0.00098,,,255524.0,,255524.0
2024-04-01,34,14422562.0,0,0,0.0,0.00037,0.00037,0.00037,,,97267.0,,97267.0
2024-04-02,34,14427854.0,0,0,0.0,0.00161,0.00161,0.00161,,,425364.0,,425364.0
2024-04-03,34,14451022.0,0,0,0.0,0.00197,0.00197,0.00197,,,514244.0,,514244.0
2024-04-04,34,14479512.0,0,0,0.0,0.0,0.0,0.0,,,0.0,,0.0
2024-04-05,34,14479512.0,0,0,0.0,0.00603,0.00603,0.00603,,,1454115.0,,1454115.0
2024-04-08,34,14392253.0,0,0,0.0,0.0,0.0,0.0,,,0.0,,0.0
2024-04-09,34,14392253.0,0,0,0.0,0.00988,0.00988,0.00988,,,1245309.0,,1245309.0
2024-04-10,34,14505324.0,0,0,0.0,0.01433,0.01433,0.01433,,,3601787.0,,3601787.0
2024-04-11,34,14302449.0,0,0,0.0,0.06671,0.06671,0.06671,,,7670072.0,,7670072.0
2024-04-12,34,14871941.0,0,0,0.0,0.00072,0.00072,0.00072,,,186031.0,,186031.0
2024-04-15,34,14881618.0,0,0,0.0,0.00361,0.00361,0.00361,,,824144.0,,824144.0
2024-04-16,34,14846333.0,0,0,0.0,0.00697,0.00697,0.00697,,,396229.0,,396229.0
2024-04-17,34,14949787.0,0,0,0.0,0.00522,0.00522,0.00522,,,280422.0,,280422.0
2024-04-18,34,15027899.0,0,0,0.0,0.0,0.0,0.0,,,0.0,,0.0
2024-04-19,34,15027899.0,0,0,0.0,0.0,0.0,0.0,,,0.0,,0.0
2024-04-22,34,15027899.0,0,0,0.0,0.0,0.0,0.0,,,0.0,,0.0
2024-04-23,34,15027899.0,0,0,0.0,0.0,0.0,0.0,,,0.0,,0.0
2024-04-24,34,15027899.0,0,0,0.0,0.00309,0.00309,0.00309,,,722733.0,,722733.0
2024-04-25,34,14981506.0,0,0,0.0,0.0,0.0,0.0,,,0.0,,0.0
2024-04-26,34,14981506.0,0,0,0.0,0.0,0.0,0.0,,,0.0,,0.0
2024-04-29,34,14981506.0,0,0,0.0,0.0,0.0,0.0,,,0.0,,0.0
2024-04-30,34,14981506.0,0,0,0.0,0.0,0.0,0.0,,,0.0,,0.0
2024-05-01,34,14981506.0,0,0,0.0,0.00619,0.00619,0.00619,,,1465732.0,,1465732.0
2024-05-02,34,14888723.0,0,0,0.0,0.0,0.0,0.0,,,0.0,,0.0
2024-05-03,34,14888723.0,0,0,0.0,0.00317,0.00317,0.00317,,,798266.0,,798266.0
2024-05-06,34,14841571.0,0,0,0.0,1e-05,1e-05,1e-05,,,778.0,,778.0
2024-05-07,34,14841474.0,0,0,0.0,0.0,0.0,0.0,,,0.0,,0.0
2024-05-08,34,14841474.0,0,0,0.0,0.00674,0.00674,0.00674,,,2213504.0,,2213504.0
2024-05-09,34,14927458.0,0,0,0.0,0.00181,0.00181,0.00181,,,316228.0,,316228.0
2024-05-10,34,14952087.0,0,0,0.0,0.0001,0.0001,0.0001,,,175070.0,,175070.0
2024-05-13,34,14950537.0,0,0,0.0,0.00693,0.00693,0.00693,,,1765471.0,,1765471.0
2024-05-14,34,14998412.0,0,0,0.0,0.00131,0.00131,0.00131,,,494571.0,,494571.0
2024-05-15,34,15005095.0,0,0,0.0,0.00322,0.00322,0.00322,,,1198763.0,,1198763.0
2024-05-16,34,15005236.0,0,0,0.0,0.00149,0.00149,0.00149,,,1364468.0,,1364468.0
2024-05-17,34,15016000.0,0,0,0.0,0.0,0.0,0.0,,,0.0,,0.0
2024-05-20,34,15016000.0,0,0,0.0,0.0,0.0,0.0,,,0.0,,0.0
2024-05-21,34,15016000.0,0,0,0.0,0.00189,0.00189,0.00189,,,765154.0,,765154.0
2024-05-22,34,15019543.0,0,0,0.0,0.0,0.0,0.0,,,0.0,,0.0
2024-05-23,34,15019543.0,0,0,0.0,0.00938,0.00938,0.00938,,,2320509.0,,2320509.0
2024-05-24,34,14878682.0,0,0,0.0,0.0,0.0,0.0,,,0.0,,0.0
2024-05-28,34,14878682.0,0,0,0.0,0.0,0.0,0.0,,,0.0,,0.0
2024-05-29,34,14878682.0,0,0,0.0,0.0024,0.0024,0.0024,,,771301.0,,771301.0
2024-05-30,34,14890346.0,0,0,0.0,0.00713,0.00713,0.00713,,,3083969.0,,3083969.0
2024-05-31,34,14921635.0,0,0,0.0,0.00184,0.00184,0.00184,,,1604911.0,,1604911.0
2024-06-03,34,14936593.0,0,0,0.0,0.00716,0.00716,0.00716,,,1567138.0,,1567138.0
2024-06-04,34,14877417.0,0,0,0.0,0.00151,0.00151,0.00151,,,97113.0,,97113.0
2024-06-05,34,14899854.0,0,0,0.0,0.00207,0.00207,0.00207,,,132568.0,,132568.0
2024-06-06,34,14929631.0,0,0,0.0,1e-05,1e-05,1e-05,,,383.0,,383.0
2024-06-07,34,14929602.0,0,0,0.0,1e-05,1e-05,1e-05,,,407.0,,407.0
2024-06-10,34,14929693.0,0,0,0.0,7e-05,7e-05,7e-05,,,4739.0,,4739.0
2024-06-11,34,14929525.0,0,0,0.0,0.0,0.0,0.0,,,0.0,,0.0
2024-06-12,34,14929525.0,0,0,0.0,1e-05,1e-05,1e-05,,,811.0,,811.0
2024-06-13,34,14929694.0,0,0,0.0,6e-05,6e-05,6e-05,,,4201.0,,4201.0
2024-06-14,34,14930572.0,0,0,0.0,0.00015,0.00015,0.00015,,,10508.0,,10508.0
2024-06-17,34,14932884.0,0,0,0.0,0.00071,0.00071,0.00071,,,46837.0,,46837.0
2024-06-18,34,14943492.0,0,0,0.0,0.00849,0.00849,0.00849,,,5918045.0,,5918045.0
2024-06-20,34,15049908.0,0,0,0.0,0.00457,0.00457,0.00457,,,1498036.0,,1498036.0
2024-06-21,34,14984284.0,0,0,0.0,0.01582,0.01582,0.01582,,,3709383.0,,3709383.0
2024-06-24,34,14747216.0,0,0,0.0,0.00066,0.00066,0.00066,,,31258.0,,31258.0
2024-06-25,34,14740260.0,0,0,0.0,0.00353,0.00353,0.00353,,,757796.0,,757796.0
2024-06-26,34,14688254.0,0,0,0.0,6e-05,6e-05,6e-05,,,3366.0,,3366.0
2024-06-27,34,14689075.0,0,0,0.0,5e-05,5e-05,5e-05,,,2862.0,,2862.0
2024-06-28,34,14689589.0,0,0,0.0,0.00112,0.00112,0.00112,,,57417.0,,57417.0
2024-07-01,34,14674374.0,0,0,0.0,9e-05,9e-05,9e-05,,,5203.0,,5203.0
2024-07-02,34,14675120.0,0,0,0.0,8e-05,8e-05,8e-05,,,5044.0,,5044.0
2024-07-03,34,14676333.0,0,0,0.0,0.00043,0.00043,0.00043,,,26272.0,,26272.0
2024-07-05,34,14680264.0,0,0,0.0,0.00086,0.00086,0.00086,,,43222.0,,43222.0
2024-07-08,34,14692939.0,0,0,0.0,0.0,0.0,0.0,,,0.0,,0.0
2024-07-09,34,14692939.0,0,0,0.0,0.01618,0.01618,0.01618,,,3810751.0,,3810751.0
2024-07-10,34,14455138.0,0,0,0.0,0.0,0.0,0.0,,,0.0,,0.0
2024-07-11,34,14455138.0,0,0,0.0,0.0,0.0,0.0,,,0.0,,0.0
2024-07-12,34,14455138.0,0,0,0.0,0.00023,0.00023,0.00023,,,10105.0,,10105.0
2024-07-15,34,14451857.0,0,0,0.0,0.00025,0.00025,0.00025,,,11623.0,,11623.0
2024-07-16,34,14448202.0,0,0,0.0,0.00134,0.00134,0.00134,,,67063.0,,67063.0
2024-07-17,34,14465653.0,0,0,0.0,0.0,0.0,0.0,,,0.0,,0.0
2024-07-18,34,14465653.0,0,0,0.0,0.00963,0.00963,0.00963,,,2342911.0,,2342911.0
2024-07-19,34,14326402.0,0,0,0.0,0.0,0.0,0.0,,,0.0,,0.0
2024-07-22,34,14326402.0,0,0,0.0,0.0,0.0,0.0,,,3.0,,3.0
2024-07-23,34,14326403.0,0,0,0.0,0.0,0.0,0.0,,,0.0,,0.0
2024-07-24,34,14326403.0,0,0,0.0,0.0,0.0,0.0,,,0.0,,0.0
2024-07-25,34,14326403.0,0,0,0.0,0.00335,0.00335,0.00335,,,760929.0,,760929.0
2024-07-26,34,14278349.0,0,0,0.0,0.00312,0.00312,0.00312,,,1155168.0,,1155168.0
2024-07-29,34,14243123.0,0,0,0.0,0.00013,0.00013,0.00013,,,5421.0,,5421.0
2024-07-30,34,14241328.0,0,0,0.0,0.0,0.0,0.0,,,0.0,,0.0
2024-07-31,34,14241328.0,0,0,0.0,0.00422,0.00422,0.00422,,,1801547.0,,1801547.0
2024-08-01,34,14220342.0,0,0,0.0,0.01334,0.01334,0.01334,,,3049193.0,,3049193.0
2024-08-02,34,14030674.0,0,0,0.0,0.0,0.0,0.0,,,0.0,,0.0
2024-08-05,34,14030674.0,0,0,0.0,0.0,0.0,0.0,,,0.0,,0.0
2024-08-06,34,14030674.0,0,0,0.0,0.00512,0.00512,0.00512,,,2089802.0,,2089802.0
2024-08-07,34,14007328.0,0,0,0.0,0.00075,0.00075,0.00075,,,207960.0,,207960.0
2024-08-08,34,13998040.0,0,0,0.0,0.00217,0.00217,0.00217,,,271491.0,,271491.0
2024-08-09,34,14011954.0,0,0,0.0,0.00035,0.00035,0.00035,,,54643.0,,54643.0
2024-08-12,34,14007124.0,0,0,0.0,1e-05,1e-05,1e-05,,,21535.0,,21535.0
2024-08-13,34,14007254.0,0,0,0.0,0.00747,0.00747,0.00747,,,2818409.0,,2818409.0
2024-08-14,34,13936430.0,0,0,0.0,0.00227,0.00227,0.00227,,,682546.0,,682546.0
2024-08-15,34,13936514.0,0,0,0.0,1e-05,1e-05,1e-05,,,105.0,,105.0
2024-08-16,34,13936442.0,0,0,0.0,0.0,0.0,0.0,,,0.0,,0.0
2024-08-19,34,13936442.0,0,0,0.0,0.0,0.0,0.0,,,0.0,,0.0
2024-08-20,34,13936442.0,0,0,0.0,7e-05,7e-05,7e-05,,,15165.0,,15165.0
2024-08-21,34,13935536.0,0,0,0.0,0.00816,0.00816,0.00816,,,2225937.0,,2225937.0
2024-08-22,34,13821779.0,0,0,0.0,0.0,0.0,0.0,,,29.0,,29.0
2024-08-23,34,13821756.0,0,0,0.0,1e-05,1e-05,1e-05,,,123.0,,123.0
2024-08-26,34,13821656.0,0,0,0.0,0.0,0.0,0.0,,,0.0,,0.0
2024-08-27,34,13821656.0,0,0,0.0,0.002,0.002,0.002,,,33168.0,,33168.0
2024-08-28,34,13794056.0,0,0,0.0,0.00477,0.00477,0.00477,,,134386.0,,134386.0
2024-08-29,34,13788100.0,0,1,0.02941,0.00321,0.00321,0.00321,,,120939.0,,120939.0
2024-08-30,33,13816967.0,0,0,0.0,0.00178,0.00178,0.00178,,,36824.0,,36824.0
2024-09-03,33,13803766.0,0,0,0.0,0.0009,0.0009,0.0009,,,33843.0,,33843.0
2024-09-04,33,13811423.0,0,0,0.0,0.00106,0.00106,0.00106,,,43151.0,,43151.0
2024-09-05,33,13825851.0,0,1,0.0303,0.00125,0.00125,0.00125,,,241502.0,,241502.0
2024-09-06,32,13814712.0,0,0,0.0,0.01365,0.01365,0.01365,,,2957353.0,,2957353.0
2024-09-09,32,13626079.0,0,0,0.0,0.00236,0.00236,0.00236,,,32361.0,,32361.0
2024-09-10,32,13601415.0,0,0,0.0,0.00806,0.00806,0.00806,,,2113114.0,,2113114.0
2024-09-11,32,13571158.0,0,0,0.0,0.0,0.0,0.0,,,0.0,,0.0
2024-09-12,32,13571158.0,0,0,0.0,0.00016,0.00016,0.00016,,,1509.0,,1509.0
2024-09-13,32,13568923.0,0,0,0.0,0.00126,0.00126,0.00126,,,25452.0,,25452.0
2024-09-16,32,13562891.0,0,0,0.0,0.001,0.001,0.001,,,9448.0,,9448.0
2024-09-17,32,13549394.0,0,0,0.0,0.02347,0.02347,0.02347,,,343285.0,,343285.0
2024-09-18,32,13309016.0,0,0,0.0,0.01453,0.01453,0.01453,,,572757.0,,572757.0
2024-09-19,32,13450909.0,0,0,0.0,0.00168,0.00168,0.00168,,,47871.0,,47871.0
2024-09-20,32,13459446.0,0,0,0.0,0.00233,0.00233,0.00233,,,151342.0,,151342.0
2024-09-23,32,13477625.0,0,0,0.0,0.00104,0.00104,0.00104,,,27126.0,,27126.0
2024-09-24,32,13489987.0,0,0,0.0,0.0097,0.0097,0.0097,,,633052.0,,633052.0
2024-09-25,32,13585181.0,0,0,0.0,0.00353,0.00353,0.00353,,,142751.0,,142751.0
2024-09-26,32,13632272.0,0,0,0.0,0.00224,0.00224,0.00224,,,86903.0,,86903.0
2024-09-27,32,13662536.0,0,0,0.0,0.0,0.0,0.0,,,70.0,,70.0
2024-09-30,32,13662486.0,0,1,0.03125,0.01038,0.01037,0.01038,,,2433538.0,,2433538.0
2024-10-01,31,13520689.0,0,0,0.0,0.00126,0.00126,0.00126,,,49954.0,,49954.0
2024-10-02,31,13537680.0,0,0,0.0,0.00075,0.00075,0.00075,,,30863.0,,30863.0
2024-10-03,31,13547799.0,0,0,0.0,0.00022,0.00022,0.00022,,,9686.0,,9686.0
2024-10-04,31,13550734.0,0,0,0.0,0.00379,0.00379,0.00379,,,117017.0,,117017.0
2024-10-07,31,13530188.0,0,0,0.0,0.00023,0.00023,0.00023,,,10462.0,,10462.0
2024-10-08,31,13533238.0,0,0,0.0,0.00286,0.00286,0.00286,,,161716.0,,161716.0
2024-10-09,31,13524854.0,1,0,0.03226,0.00697,0.00693,0.00697,,,466664.0,,466664.0
2024-10-10,32,13525301.0,0,0,0.0,0.00348,0.00348,0.00348,,,504938.0,,504938.0
2024-10-11,32,13510323.0,0,0,0.0,0.00052,0.00052,0.00052,,,25188.0,,25188.0
2024-10-14,32,13515210.0,0,0,0.0,0.00047,0.00047,0.00047,,,29498.0,,29498.0
2024-10-15,32,13508989.0,0,0,0.0,0.01758,0.01758,0.01758,,,833456.0,,833456.0
2024-10-16,32,13280568.0,0,0,0.0,0.00038,0.00038,0.00038,,,171624.0,,171624.0
2024-10-17,32,13283814.0,0,0,0.0,0.00014,0.00014,0.00014,,,8722.0,,8722.0
2024-10-18,32,13282079.0,0,0,0.0,0.00011,0.00011,0.00011,,,5044.0,,5044.0
2024-10-21,32,13283285.0,0,0,0.0,1e-05,1e-05,1e-05,,,809.0,,809.0
2024-10-22,32,13283108.0,0,0,0.0,3e-05,3e-05,3e-05,,,1841.0,,1841.0
2024-10-23,32,13282706.0,0,0,0.0,5e-05,5e-05,5e-05,,,2892.0,,2892.0
2024-10-24,32,13282076.0,0,0,0.0,0.0,0.0,0.0,,,0.0,,0.0
2024-10-25,32,13282076.0,0,0,0.0,0.00668,0.00668,0.00668,,,2360443.0,,2360443.0
2024-10-28,32,13211951.0,0,0,0.0,0.00532,0.00532,0.00532,,,573038.0,,573038.0
2024-10-29,32,13233461.0,0,0,0.0,0.00112,0.00112,0.00112,,,3046165.0,,3046165.0
2024-10-30,32,13239012.0,0,0,0.0,0.0,0.0,0.0,,,0.0,,0.0
2024-10-31,32,13239012.0,0,0,0.0,0.00105,0.00105,0.00105,,,938135.0,,938135.0
2024-11-01,32,13231531.0,0,0,0.0,0.0105,0.0105,0.0105,,,2429664.0,,2429664.0
2024-11-04,32,13092641.0,0,0,0.0,0.0,0.0,0.0,,,0.0,,0.0
2024-11-05,32,13092641.0,0,0,0.0,0.0,0.0,0.0,,,0.0,,0.0
2024-11-06,32,13092641.0,0,0,0.0,0.0,0.0,0.0,,,0.0,,0.0
2024-11-07,32,13092641.0,0,0,0.0,0.0,0.0,0.0,,,0.0,,0.0
2024-11-08,32,13092641.0,0,0,0.0,0.0,0.0,0.0,,,0.0,,0.0
2024-11-11,32,13092641.0,0,0,0.0,0.0,0.0,0.0,,,0.0,,0.0
2024-11-12,32,13092641.0,0,0,0.0,0.0,0.0,0.0,,,0.0,,0.0
2024-11-13,32,13092641.0,0,0,0.0,0.00577,0.00577,0.00577,,,314660.0,,314660.0
2024-11-14,32,13055396.0,0,0,0.0,0.012,0.012,0.012,,,3352648.0,,3352648.0
2024-11-15,32,12990680.0,0,0,0.0,0.02582,0.02582,0.02582,,,6090866.0,,6090866.0
2024-11-18,32,13036555.0,0,0,0.0,0.00049,0.00049,0.00049,,,36598.0,,36598.0
2024-11-19,32,13042942.0,0,0,0.0,0.00226,0.00226,0.00226,,,503926.0,,503926.0
2024-11-20,32,13045609.0,0,0,0.0,0.00303,0.00303,0.00303,,,795375.0,,795375.0
2024-11-21,32,13023149.0,0,0,0.0,0.01802,0.01802,0.01802,,,4430245.0,,4430245.0
2024-11-22,32,13255306.0,0,0,0.0,4e-05,4e-05,4e-05,,,2376.0,,2376.0
2024-11-25,32,13254766.0,0,0,0.0,0.01024,0.01024,0.01024,,,2760180.0,,2760180.0
2024-11-26,32,13390444.0,0,0,0.0,0.0001,0.0001,0.0001,,,4795.0,,4795.0
2024-11-27,32,13391726.0,0,0,0.0,9e-05,9e-05,9e-05,,,4735.0,,4735.0
2024-11-29,32,13392877.0,0,0,0.0,0.00387,0.00387,0.00387,,,2301071.0,,2301071.0
2024-12-02,32,13355060.0,0,0,0.0,0.0,0.0,0.0,,,0.0,,0.0
2024-12-03,32,13355060.0,0,0,0.0,0.01278,0.01278,0.01278,,,6130959.0,,6130959.0
2024-12-04,32,13510425.0,0,0,0.0,1e-05,1e-05,1e-05,,,351.0,,351.0
2024-12-05,32,13510338.0,0,0,0.0,0.0,0.0,0.0,,,0.0,,0.0
2024-12-06,32,13510338.0,0,0,0.0,0.0,0.0,0.0,,,0.0,,0.0
2024-12-09,32,13510338.0,0,0,0.0,0.0,0.0,0.0,,,0.0,,0.0
2024-12-10,32,13510338.0,0,0,0.0,0.0,0.0,0.0,,,215.0,,215.0
2024-12-11,32,13510288.0,0,0,0.0,0.0,0.0,0.0,,,0.0,,0.0
2024-12-12,32,13510288.0,0,0,0.0,0.0,0.0,0.0,,,0.0,,0.0
2024-12-13,32,13510288.0,0,0,0.0,0.00674,0.00674,0.00674,,,715816.0,,715816.0
2024-12-16,32,13593111.0,0,0,0.0,0.00101,0.00101,0.00101,,,336923.0,,336923.0
2024-12-17,32,13579314.0,0,1,0.03125,0.0,0.0,0.0,,,208.0,,208.0
2024-12-18,31,13579264.0,0,0,0.0,0.0,0.0,0.0,,,0.0,,0.0
2024-12-19,31,13579264.0,0,0,0.0,0.0,0.0,0.0,,,0.0,,0.0
2024-12-20,31,13579264.0,0,0,0.0,0.0,0.0,0.0,,,0.0,,0.0
2024-12-23,31,13579264.0,0,0,0.0,0.0,0.0,0.0,,,0.0,,0.0
2024-12-24,31,13579264.0,0,0,0.0,0.0,0.0,0.0,,,0.0,,0.0
2024-12-26,31,13579264.0,0,0,0.0,0.0,0.0,0.0,,,0.0,,0.0
2024-12-27,31,13579264.0,0,0,0.0,0.0,0.0,0.0,,,0.0,,0.0
2024-12-30,31,13579264.0,0,0,0.0,0.00513,0.00513,0.00513,,,2621890.0,,2621890.0
2024-12-31,31,13550891.0,0,0,0.0,0.0024,0.0024,0.0024,,,903172.0,,903172.0
2025-01-02,31,13552985.0,0,0,0.0,0.0,0.0,0.0,,,0.0,,0.0
2025-01-03,31,13552985.0,0,0,0.0,0.0,0.0,0.0,,,0.0,,0.0
2025-01-06,31,13552985.0,0,0,0.0,0.0067,0.0067,0.0067,,,2019800.0,,2019800.0
2025-01-07,31,13643831.0,0,0,0.0,0.0,0.0,0.0,,,0.0,,0.0
2025-01-08,31,13643831.0,0,0,0.0,0.0,0.0,0.0,,,0.0,,0.0
2025-01-10,31,13643831.0,0,0,0.0,0.0,0.0,0.0,,,0.0,,0.0
2025-01-13,31,13643831.0,0,0,0.0,0.0,0.0,0.0,,,0.0,,0.0
2025-01-14,31,13643831.0,0,0,0.0,0.0,0.0,0.0,,,0.0,,0.0
2025-01-15,31,13643831.0,0,0,0.0,0.0,0.0,0.0,,,0.0,,0.0
2025-01-16,31,13643831.0,1,0,0.03226,0.01834,0.0066,0.01834,,,6031890.0,,6031890.0
2025-01-17,32,13713972.0,0,0,0.0,0.0,0.0,0.0,,,0.0,,0.0
2025-01-21,32,13713972.0,0,0,0.0,0.0,0.0,0.0,,,0.0,,0.0
2025-01-22,32,13713972.0,0,0,0.0,0.0001,0.0001,0.0001,,,566690.0,,566690.0
2025-01-23,32,13714152.0,0,0,0.0,1e-05,1e-05,1e-05,,,71033.0,,71033.0
2025-01-24,32,13714152.0,0,0,0.0,1e-05,1e-05,1e-05,,,45348.0,,45348.0
2025-01-27,32,13714001.0,0,0,0.0,2e-05,2e-05,2e-05,,,93633.0,,93633.0
2025-01-28,32,13713690.0,0,0,0.0,0.00668,0.00668,0.00668,,,2190271.0,,2190271.0
2025-01-29,32,13804779.0,0,0,0.0,5e-05,5e-05,5e-05,,,264000.0,,264000.0
2025-01-30,32,13804561.0,0,0,0.0,0.01323,0.01323,0.01323,,,4057454.0,,4057454.0
2025-01-31,32,13987157.0,0,0,0.0,0.00331,0.00331,0.00331,,,3202976.0,,3202976.0
2025-02-03,32,13969316.0,0,0,0.0,0.00019,0.00019,0.00019,,,481181.0,,481181.0
2025-02-04,32,13966645.0,0,0,0.0,0.00158,0.00158,0.00158,,,626261.0,,626261.0
2025-02-05,32,13988712.0,0,0,0.0,0.00663,0.00663,0.00663,,,2110587.0,,2110587.0
2025-02-06,32,13896002.0,0,0,0.0,0.0,0.0,0.0,,,0.0,,0.0
2025-02-07,32,13896002.0,0,0,0.0,0.0,0.0,0.0,,,0.0,,0.0
2025-02-10,32,13896002.0,0,0,0.0,0.00134,0.00134,0.00134,,,917625.0,,917625.0
2025-02-11,32,13881441.0,0,0,0.0,0.0,0.0,0.0,,,0.0,,0.0
2025-02-12,32,13881441.0,0,0,0.0,0.0,0.0,0.0,,,0.0,,0.0
2025-02-13,32,13881441.0,0,0,0.0,0.0,0.0,0.0,,,0.0,,0.0
2025-02-14,32,13881441.0,0,0,0.0,0.0,0.0,0.0,,,0.0,,0.0
2025-02-18,32,13881441.0,0,0,0.0,0.0,0.0,0.0,,,0.0,,0.0
2025-02-19,32,13881441.0,0,0,0.0,0.0,0.0,0.0,,,0.0,,0.0
2025-02-20,32,13881441.0,0,0,0.0,0.00329,0.00329,0.00329,,,1021008.0,,1021008.0
2025-02-21,32,13927047.0,0,0,0.0,0.0,0.0,0.0,,,0.0,,0.0
2025-02-24,32,13927047.0,0,0,0.0,0.0,0.0,0.0,,,0.0,,0.0
2025-02-25,32,13927047.0,0,0,0.0,0.0,0.0,0.0,,,0.0,,0.0
2025-02-26,32,13927047.0,0,0,0.0,0.0,0.0,0.0,,,0.0,,0.0
2025-02-27,32,13927047.0,0,0,0.0,0.0,0.0,0.0,,,0.0,,0.0
2025-02-28,32,13927047.0,0,0,0.0,0.0,0.0,0.0,,,0.0,,0.0
2025-03-03,32,13927047.0,0,0,0.0,0.00124,0.00124,0.00124,,,153819.0,,153819.0
2025-03-04,32,13944369.0,0,0,0.0,0.00033,0.00033,0.00033,,,1180737.0,,1180737.0
2025-03-05,32,13945435.0,0,0,0.0,0.0,0.0,0.0,,,0.0,,0.0
2025-03-06,32,13945435.0,0,0,0.0,0.00243,0.00243,0.00243,,,1145653.0,,1145653.0
2025-03-07,32,13919430.0,0,0,0.0,0.0,0.0,0.0,,,0.0,,0.0
2025-03-10,32,13919430.0,0,0,0.0,0.0,0.0,0.0,,,0.0,,0.0
2025-03-11,32,13919430.0,0,0,0.0,0.03989,0.03989,0.03989,,,10781930.0,,10781930.0
2025-03-12,32,13372473.0,0,0,0.0,0.00389,0.00389,0.00389,,,2062333.0,,2062333.0
2025-03-13,32,13342488.0,0,0,0.0,0.00145,0.00145,0.00145,,,674440.0,,674440.0
2025-03-14,32,13329382.0,0,0,0.0,0.0,0.0,0.0,,,0.0,,0.0
2025-03-17,32,13329382.0,0,0,0.0,0.0,0.0,0.0,,,0.0,,0.0
2025-03-18,32,13329382.0,0,0,0.0,0.00112,0.00112,0.00112,,,812661.0,,812661.0
2025-03-19,32,13341919.0,0,0,0.0,0.00066,0.00066,0.00066,,,886093.0,,886093.0
2025-03-20,32,13346324.0,0,0,0.0,0.00071,0.00071,0.00071,,,262669.0,,262669.0
2025-03-21,32,13355841.0,0,0,0.0,0.00047,0.00047,0.00047,,,171278.0,,171278.0
2025-03-24,32,13362058.0,0,0,0.0,0.0002,0.0002,0.0002,,,72166.0,,72166.0
2025-03-25,32,13364668.0,0,0,0.0,0.0037,0.0037,0.0037,,,1412132.0,,1412132.0
2025-03-26,32,13409061.0,0,0,0.0,0.00271,0.00271,0.00271,,,333969.0,,333969.0
2025-03-27,32,13445362.0,0,0,0.0,7e-05,7e-05,7e-05,,,202490.0,,202490.0
2025-03-28,32,13445457.0,0,0,0.0,0.0,0.0,0.0,,,0.0,,0.0
2025-03-31,32,13445457.0,0,0,0.0,0.0,0.0,0.0,,,0.0,,0.0
2025-04-01,32,13445457.0,0,0,0.0,0.0,0.0,0.0,,,0.0,,0.0
2025-04-02,32,13445457.0,0,0,0.0,0.0,0.0,0.0,,,0.0,,0.0
2025-04-03,32,13445457.0,0,0,0.0,0.0,0.0,0.0,,,0.0,,0.0
2025-04-04,32,13445457.0,0,0,0.0,0.0,0.0,0.0,,,0.0,,0.0
2025-04-07,32,13445457.0,0,0,0.0,0.0,0.0,0.0,,,0.0,,0.0
2025-04-08,32,13445457.0,0,0,0.0,0.02193,0.02193,0.02193,,,5415321.0,,5415321.0
2025-04-09,32,13158391.0,0,0,0.0,0.0,0.0,0.0,,,0.0,,0.0
2025-04-10,32,13158391.0,0,0,0.0,0.0,0.0,0.0,,,0.0,,0.0
2025-04-11,32,13158391.0,0,0,0.0,0.0,0.0,0.0,,,0.0,,0.0
2025-04-14,32,13158391.0,0,0,0.0,0.0,0.0,0.0,,,0.0,,0.0
2025-04-15,32,13158391.0,0,0,0.0,0.00381,0.00381,0.00381,,,2278573.0,,2278573.0
2025-04-16,32,13139526.0,0,0,0.0,0.0,0.0,0.0,,,0.0,,0.0
2025-04-17,32,13139526.0,0,0,0.0,0.0,0.0,0.0,,,0.0,,0.0
2025-04-21,32,13139526.0,0,0,0.0,0.00176,0.00176,0.00176,,,1255512.0,,1255512.0
2025-04-22,32,13124978.0,0,0,0.0,0.0,0.0,0.0,,,0.0,,0.0
2025-04-23,32,13124978.0,0,0,0.0,0.00125,0.00125,0.00125,,,931182.0,,931182.0
2025-04-24,32,13138116.0,0,0,0.0,0.00107,0.00107,0.00107,,,302778.0,,302778.0
2025-04-25,32,13152153.0,0,0,0.0,0.0,0.0,0.0,,,0.0,,0.0
2025-04-28,32,13152153.0,0,0,0.0,0.0,0.0,0.0,,,0.0,,0.0
2025-04-29,32,13152153.0,0,0,0.0,0.00962,0.00962,0.00962,,,5911387.0,,5911387.0
2025-04-30,32,13226453.0,0,0,0.0,0.0,0.0,0.0,,,0.0,,0.0
2025-05-01,32,13226453.0,0,0,0.0,0.00266,0.00266,0.00266,,,728166.0,,728166.0
2025-05-02,32,13239194.0,0,0,0.0,0.0018,0.0018,0.0018,,,65497.0,,65497.0
2025-05-05,32,13263011.0,0,0,0.0,0.00147,0.00147,0.00147,,,56945.0,,56945.0
2025-05-06,32,13282446.0,0,0,0.0,0.00569,0.00569,0.00569,,,215335.0,,215335.0
2025-05-07,32,13358002.0,0,0,0.0,0.0,0.0,0.0,,,0.0,,0.0
2025-05-08,32,13358002.0,0,0,0.0,0.00059,0.00059,0.00059,,,825483.0,,825483.0
2025-05-09,32,13358389.0,0,0,0.0,0.0,0.0,0.0,,,0.0,,0.0
2025-05-12,32,13358389.0,0,0,0.0,0.0,0.0,0.0,,,0.0,,0.0
2025-05-13,32,13358389.0,0,0,0.0,0.00909,0.00909,0.00909,,,883828.0,,883828.0
2025-05-14,32,13370881.0,0,0,0.0,0.0,0.0,0.0,,,0.0,,0.0
2025-05-15,32,13370881.0,0,0,0.0,0.00149,0.00149,0.00149,,,68944.0,,68944.0
2025-05-16,32,13390807.0,0,0,0.0,0.02216,0.02216,0.02216,,,3319643.0,,3319643.0
2025-05-19,32,13094053.0,0,0,0.0,0.00171,0.00171,0.00171,0.00123,1.0,78848.0,56521.0,78848.0
2025-05-20,32,13116453.0,0,0,0.0,0.00122,0.00122,0.00122,6e-05,1.0,55076.0,2878.0,55076.0
2025-05-21,32,13132510.0,0,0,0.0,6e-05,6e-05,0.00759,0.00383,1.0,347388.0,175156.0,2924.0
2025-05-22,32,13133349.0,0,0,0.0,0.00383,0.00383,0.00822,0.00603,1.0,363994.0,266685.0,169376.0
2025-05-23,32,13183609.0,0,0,0.0,0.006,0.006,0.006,0.00055,1.0,265894.0,24289.0,265894.0
2025-05-27,32,13262744.0,0,0,0.0,0.00055,0.00055,0.0632,0.03133,1.0,9336062.0,4655814.0,24434.0
2025-05-28,32,13269973.0,1,0,0.03125,0.03131,0.02974,0.03131,0.01144,1.0,4689295.0,256114.0,4689295.0
2025-05-29,33,12896071.0,0,0,0.0,0.01178,0.01178,0.01178,0.00365,1.0,255004.0,80821.0,255004.0
2025-05-30,33,12744214.0,0,0,0.0,0.01794,0.01794,0.01794,0.0009,1.0,4270717.0,18405.0,4270717.0
2025-06-02,33,12515529.0,0,0,0.0,0.00092,0.00092,0.00515,0.00244,1.0,5815654.0,2905112.0,17830.0
2025-06-03,33,12504026.0,0,0,0.0,0.00244,0.00244,0.00244,0.00013,1.0,2882060.0,3544.0,2882060.0
2025-06-04,33,12485321.0,0,1,0.0303,0.00013,0.00012,0.00013,4e-05,1.0,3874.0,875.0,3874.0
2025-06-05,32,12483721.0,0,0,0.0,4e-05,4e-05,4e-05,0.0,,845.0,0.0,845.0
2025-06-06,32,12483221.0,0,0,0.0,0.0,0.0,6e-05,3e-05,1.0,1336.0,668.0,0.0
2025-06-09,32,12483221.0,0,0,0.0,3e-05,3e-05,0.00501,0.0025,1.0,2458400.0,1229027.0,692.0
2025-06-10,32,12482821.0,0,0,0.0,0.0025,0.0025,0.0025,1e-05,1.0,1236913.0,184.0,1236913.0
2025-06-11,32,12456674.0,0,1,0.03125,1e-05,0.0,0.00344,0.00172,1.0,2103846.0,1051831.0,184.0
2025-06-12,31,12456574.0,0,0,0.0,0.00172,0.00172,0.00172,0.0,,1080962.0,0.0,1080962.0
2025-06-13,31,12435173.0,0,0,0.0,0.0,0.0,0.02436,0.01218,1.0,4191424.0,2095712.0,0.0
2025-06-16,31,12435173.0,0,0,0.0,0.01218,0.01218,0.01218,0.0,,1856630.0,0.0,1856630.0
2025-06-17,31,12564993.0,0,0,0.0,0.0,0.0,0.0,0.0,,0.0,0.0,0.0
2025-06-18,31,12564993.0,0,0,0.0,0.0,0.0,0.0,0.0,,0.0,0.0,0.0
2025-06-20,31,12564993.0,0,0,0.0,0.0,0.0,0.0,0.0,,0.0,0.0,0.0
2025-06-23,31,12564993.0,0,0,0.0,0.0,0.0,0.0,0.0,,0.0,0.0,0.0
2025-06-24,31,12564993.0,0,0,0.0,0.0107,0.0107,0.0107,0.0,,3298852.0,0.0,3298852.0
2025-06-25,31,12699393.0,0,0,0.0,0.0,0.0,0.0,0.0,,0.0,0.0,0.0
2025-06-26,31,12699393.0,0,0,0.0,0.0,0.0,0.00386,0.00193,1.0,2884402.0,1442201.0,0.0
2025-06-27,31,12699393.0,0,0,0.0,0.00193,0.00193,0.00193,2e-05,1.0,1425309.0,127360.0,1418401.0
2025-06-30,31,12721887.0,0,0,0.0,0.01059,0.01059,0.01059,1e-05,1.0,3548568.0,67318.0,3548568.0
2025-07-01,31,12856211.0,0,0,0.0,1e-05,1e-05,1e-05,0.0,,69672.0,0.0,69672.0
2025-07-02,31,12856056.0,0,0,0.0,0.0,0.0,0.00041,0.00021,1.0,1343778.0,671889.0,0.0
2025-07-03,31,12856056.0,0,0,0.0,0.00021,0.00021,0.0034,0.0016,1.0,1988029.0,666256.0,655518.0
2025-07-07,31,12858718.0,0,0,0.0,0.00159,0.00159,0.00159,0.0,,668268.0,0.0,668268.0
2025-07-08,31,12838212.0,0,0,0.0,0.0,0.0,0.0,0.0,,0.0,0.0,0.0
2025-07-09,31,12838212.0,0,0,0.0,0.01047,0.01047,0.01047,0.0,,3570882.0,0.0,3570882.0
2025-07-10,31,12972603.0,0,0,0.0,0.0,0.0,0.0,0.0,,0.0,0.0,0.0
2025-07-11,31,12972603.0,0,0,0.0,0.0,0.0,0.0103,0.00515,1.0,9500542.0,4750271.0,0.0
2025-07-14,31,12972603.0,0,0,0.0,0.00515,0.00515,0.00515,0.0,,5025006.0,0.0,5025006.0
2025-07-15,31,12942549.0,0,0,0.0,0.0,0.0,0.00064,0.00032,1.0,2372547.0,1186273.0,0.0
2025-07-16,31,12942549.0,1,0,0.03226,0.02104,0.0208,0.03126,0.00657,1.0,16515301.0,5223207.0,8528675.0
2025-07-17,32,13212514.0,0,0,0.0,0.00643,0.00643,0.00866,0.00625,1.0,9220464.0,6421405.0,5401015.0
2025-07-18,32,13182394.0,0,1,0.03125,0.02087,0.02087,0.02087,0.0,,11954576.0,0.0,11954576.0
2025-07-21,31,13359263.0,0,0,0.0,0.02993,0.02993,0.03048,0.00031,1.0,15815077.0,2079751.0,12177388.0
2025-07-22,31,13759132.0,0,0,0.0,0.0003,0.0003,0.01764,0.00867,1.0,14515721.0,6225433.0,2064855.0
2025-07-23,31,13763293.0,0,0,0.0,0.00867,0.00867,0.00867,0.0,,6221262.0,0.0,6221262.0
2025-07-24,31,13667977.0,0,0,0.0,0.0,0.0,0.00421,0.00211,1.0,2269583.0,1134791.0,0.0
2025-07-25,31,13667977.0,0,0,0.0,0.00211,0.00211,0.00211,0.00044,1.0,982349.0,243019.0,982349.0
2025-07-28,31,13681487.0,0,0,0.0,0.00044,0.00044,0.02678,0.01337,1.0,13011565.0,6547136.0,247463.0
2025-07-29,31,13681931.0,0,0,0.0,0.01337,0.01337,0.01337,0.00207,1.0,6501538.0,423794.0,6501538.0
2025-07-30,31,13621442.0,0,0,0.0,0.00208,0.00208,0.00467,0.00199,1.0,3135493.0,1546427.0,400170.0
2025-07-31,31,13630768.0,0,0,0.0,0.00199,0.00199,0.00564,0.00227,1.0,7290516.0,3590972.0,1563074.0
2025-08-01,31,13610336.0,0,0,0.0,0.00227,0.00227,0.00227,0.0,,3579875.0,0.0,3579875.0
2025-08-04,31,13598158.0,0,0,0.0,0.0,0.0,0.20672,0.10336,1.0,32028494.0,16014247.0,0.0
2025-08-05,31,13598158.0,0,0,0.0,0.10336,0.10336,0.10872,0.01159,1.0,18356186.0,1253232.0,17539729.0
2025-08-06,31,12313973.0,0,0,0.0,0.0128,0.0128,0.01582,0.00151,1.0,4566329.0,1661794.0,1242741.0
2025-08-07,31,12268689.0,0,0,0.0,0.00151,0.00151,0.00151,0.0,,1600906.0,0.0,1600906.0
2025-08-08,31,12259858.0,0,0,0.0,0.12902,0.12902,0.12902,0.0,,51754127.0,0.0,51754127.0
2025-08-11,31,13841578.0,0,0,0.0,0.03714,0.03714,0.03714,0.0,,16936959.0,0.0,16936959.0
2025-08-12,31,14355689.0,0,0,0.0,0.0,0.0,0.01811,0.00905,1.0,22233741.0,11116870.0,0.0
2025-08-13,31,14355689.0,0,0,0.0,0.11382,0.11382,0.11382,0.0,,53970250.0,0.0,53970250.0
2025-08-14,31,12722809.0,0,0,0.0,0.0,0.0,0.0,0.0,,0.0,0.0,0.0
2025-08-15,31,12722809.0,0,0,0.0,0.0,0.0,0.0,0.0,,0.0,0.0,0.0
2025-08-18,31,12722809.0,0,0,0.0,0.0,0.0,0.0,0.0,,0.0,0.0,0.0
2025-08-19,31,12722809.0,0,0,0.0,0.0,0.0,0.00036,0.00018,1.0,1229622.0,614811.0,0.0
2025-08-20,31,12722809.0,0,0,0.0,0.00018,0.00018,0.00018,0.0,,615512.0,0.0,615512.0
2025-08-21,31,12725070.0,0,0,0.0,0.0,0.0,0.0,0.0,,0.0,0.0,0.0
2025-08-22,31,12725070.0,0,0,0.0,0.0,0.0,0.0,0.0,,0.0,0.0,0.0
2025-08-25,31,12725070.0,0,0,0.0,0.02823,0.02823,0.02823,0.0,,11787661.0,0.0,11787661.0
2025-08-26,31,12365844.0,0,0,0.0,0.0,0.0,0.0,0.0,,0.0,0.0,0.0
2025-08-27,31,12365844.0,0,0,0.0,0.0,0.0,0.0,0.0,,0.0,0.0,0.0
2025-08-28,31,12365844.0,0,0,0.0,0.0,0.0,0.0,0.0,,0.0,0.0,0.0
2025-08-29,31,12365844.0,0,0,0.0,0.0,0.0,0.0,0.0,,0.0,0.0,0.0
2025-09-02,31,12365844.0,0,0,0.0,0.0,0.0,0.0,0.0,,0.0,0.0,0.0
2025-09-03,31,12365844.0,0,0,0.0,0.0,0.0,0.0,0.0,,0.0,0.0,0.0
2025-09-04,31,12365844.0,0,0,0.0,0.0,0.0,0.0,0.0,,0.0,0.0,0.0
2025-09-05,31,12365844.0,0,0,0.0,0.0,0.0,0.0,0.0,,0.0,0.0,0.0
2025-09-08,31,12365844.0,0,0,0.0,0.0,0.0,0.0,0.0,,0.0,0.0,0.0
2025-09-09,31,12365844.0,0,0,0.0,0.0,0.0,0.0,0.0,,0.0,0.0,0.0
2025-09-10,31,12365844.0,0,0,0.0,0.0,0.0,0.00515,0.00258,1.0,8044386.0,4022193.0,0.0
2025-09-11,31,12365844.0,0,0,0.0,0.00258,0.00258,0.00258,0.0,,3149263.0,0.0,3149263.0
2025-09-12,31,12342102.0,0,0,0.0,0.0,0.0,0.0,0.0,,0.0,0.0,0.0
2025-09-15,31,12342102.0,0,0,0.0,0.0,0.0,0.0,0.0,,0.0,0.0,0.0
2025-09-16,31,12342102.0,0,0,0.0,0.0,0.0,0.0,0.0,,0.0,0.0,0.0
2025-09-17,31,12342102.0,0,0,0.0,0.0,0.0,0.00774,0.00387,1.0,10868039.0,5434020.0,0.0
2025-09-18,31,12342102.0,0,0,0.0,0.00387,0.00387,0.00387,0.00012,1.0,5428816.0,413546.0,5428816.0
2025-09-19,31,12312400.0,0,0,0.0,0.00012,0.00012,0.00012,0.0,,430814.0,0.0,430814.0
2025-09-22,31,12313920.0,0,0,0.0,0.0,0.0,0.0,0.0,,0.0,0.0,0.0
2025-09-23,31,12313920.0,0,0,0.0,0.0,0.0,0.0,0.0,,0.0,0.0,0.0
2025-09-24,31,12313920.0,0,0,0.0,0.0,0.0,0.0,0.0,,0.0,0.0,0.0
2025-09-25,31,12313920.0,0,0,0.0,0.0,0.0,0.0,0.0,,0.0,0.0,0.0
2025-09-26,31,12313920.0,0,0,0.0,0.01272,0.01272,0.01272,0.0,,5466488.0,0.0,5466488.0
2025-09-29,31,12470572.0,0,0,0.0,0.0,0.0,0.00927,0.00464,1.0,15890811.0,7945405.0,0.0
2025-09-30,31,12470572.0,0,0,0.0,0.00464,0.00464,0.04727,0.0226,1.0,10262990.0,2518102.0,8053803.0
2025-10-01,31,12440849.0,0,0,0.0,0.02266,0.02266,0.02266,0.0,,2582230.0,0.0,2582230.0
2025-10-02,31,12690648.0,0,0,0.0,0.0,0.0,0.0,0.0,,0.0,0.0,0.0
2025-10-03,31,12690648.0,0,0,0.0,0.0,0.0,0.0,0.0,,0.0,0.0,0.0
2025-10-06,31,12690648.0,0,0,0.0,0.02831,0.02831,0.04024,0.0062,1.0,35939906.0,12150423.0,13421616.0
2025-10-07,31,13049955.0,1,0,0.03226,0.00603,0.00499,0.00603,0.0,,12450980.0,0.0,12450980.0
2025-10-08,32,13015039.0,0,0,0.0,0.01835,0.01835,0.01835,0.0,,9286433.0,0.0,9286433.0
2025-10-09,32,13253923.0,0,0,0.0,0.00601,0.00601,0.00601,0.0,,3157003.0,0.0,3157003.0
2025-10-10,32,13333551.0,0,0,0.0,0.0,0.0,0.0,0.0,,0.0,0.0,0.0
2025-10-13,32,13333551.0,0,0,0.0,0.0,0.0,0.0,0.0,,0.0,0.0,0.0
2025-10-14,32,13333551.0,0,0,0.0,0.0209,0.0209,0.03155,0.00559,1.0,29193582.0,10354807.0,10730451.0
2025-10-15,32,13612249.0,0,0,0.0,0.00547,0.00547,0.00547,0.0,,10533959.0,0.0,10533959.0
2025-10-16,32,13571132.0,0,0,0.0,0.00292,0.00292,0.00292,0.0,,1540362.0,0.0,1540362.0
2025-10-17,32,13610825.0,0,0,0.0,0.0,0.0,0.00261,0.00131,1.0,4106736.0,2053368.0,0.0
2025-10-20,32,13610825.0,0,0,0.0,0.00131,0.00131,0.00131,0.0,,2044971.0,0.0,2044971.0
2025-10-21,32,13597475.0,0,0,0.0,0.0,0.0,0.0,0.0,,0.0,0.0,0.0
2025-10-22,32,13597475.0,0,0,0.0,0.0,0.0,0.0,0.0,,0.0,0.0,0.0
2025-10-23,32,13597475.0,0,0,0.0,0.0,0.0,0.0,0.0,,0.0,0.0,0.0
2025-10-24,32,13597475.0,0,0,0.0,0.0,0.0,0.0,0.0,,0.0,0.0,0.0
2025-10-27,32,13597475.0,0,0,0.0,0.0,0.0,0.0,0.0,,0.0,0.0,0.0
2025-10-28,32,13597475.0,0,0,0.0,0.0,0.0,0.0,0.0,,0.0,0.0,0.0
2025-10-29,32,13597475.0,0,0,0.0,0.0,0.0,0.0,0.0,,0.0,0.0,0.0
2025-10-30,32,13597475.0,1,0,0.03125,0.00043,0.0,0.00496,0.00227,1.0,16189502.0,7950454.0,288593.0
2025-10-31,33,13603335.0,0,0,0.0,0.00226,0.00226,0.00226,0.0,,7783358.0,0.0,7783358.0
2025-11-03,33,13594232.0,0,0,0.0,0.0,0.0,0.0,0.0,,45.0,0.0,45.0
2025-11-04,33,13594231.0,0,0,0.0,0.0,0.0,0.0,0.0,,0.0,0.0,0.0
2025-11-05,33,13594231.0,0,0,0.0,0.0,0.0,0.00166,0.00083,1.0,2494555.0,1247277.0,0.0
2025-11-06,33,13594231.0,0,0,0.0,0.00083,0.00083,0.02514,0.01223,1.0,6847052.0,3191567.0,1255798.0
2025-11-07,33,13582916.0,0,0,0.0,0.02102,0.02102,0.02102,0.00011,1.0,9116510.0,25080.0,9116510.0
2025-11-10,33,13524487.0,0,0,0.0,0.00011,0.00011,0.00962,0.00481,1.0,13578724.0,6789530.0,24902.0
2025-11-11,33,13523003.0,0,0,0.0,0.0,0.0,0.00165,0.00083,1.0,375369.0,187684.0,0.0
2025-11-12,33,13523003.0,1,0,0.0303,0.00564,0.00441,0.00622,0.00123,1.0,9849337.0,299092.0,9716756.0
2025-11-13,34,13479967.0,0,0,0.0,0.00422,0.00422,0.00422,2e-05,1.0,1750515.0,3437.0,1750515.0
2025-11-14,34,13423033.0,0,0,0.0,2e-05,2e-05,0.00044,0.00023,1.0,116388.0,59897.0,3405.0
2025-11-17,34,13422829.0,0,1,0.02941,0.02723,0.02721,0.02723,2e-05,1.0,12438219.0,5293.0,12438219.0
2025-11-18,33,13057318.0,0,0,0.0,2e-05,2e-05,0.00011,7e-05,1.0,448656.0,226931.0,5206.0
2025-11-19,33,13056998.0,0,0,0.0,7e-05,7e-05,0.00038,0.00019,1.0,290883.0,39471.0,225896.0
2025-11-20,33,13057028.0,0,0,0.0,0.00019,0.00019,0.00019,2e-05,1.0,39593.0,3645.0,39593.0
2025-11-21,33,13054584.0,0,0,0.0,2e-05,2e-05,0.00135,0.00068,1.0,279592.0,141578.0,3564.0
2025-11-24,33,13054359.0,0,0,0.0,0.00068,0.00068,0.00074,0.00071,1.0,154240.0,148848.0,143455.0
2025-11-25,33,13045421.0,0,0,0.0,0.00071,0.00071,0.00338,0.00157,1.0,7859816.0,3903927.0,151352.0
2025-11-26,33,13036147.0,0,0,0.0,0.00157,0.00157,0.00246,0.00068,1.0,6257408.0,1202558.0,3952472.0
2025-11-28,33,13028887.0,0,0,0.0,0.0068,0.0068,0.0068,0.00036,1.0,3618886.0,76725.0,3618886.0
2025-12-01,33,12942493.0,0,0,0.0,0.00036,0.00036,0.00513,0.00259,1.0,14142187.0,7076071.0,76539.0
2025-12-02,33,12937826.0,0,0,0.0,0.00259,0.00259,0.00408,0.00095,1.0,7350212.0,202146.0,7032624.0
2025-12-03,33,12927053.0,0,0,0.0,0.00095,0.00095,0.00095,0.00088,1.0,205343.0,190831.0,205343.0
2025-12-04,33,12914757.0,0,0,0.0,0.00088,0.00088,0.00098,0.00093,1.0,217808.0,206776.0,195745.0
2025-12-05,33,12903330.0,0,0,0.0,0.00094,0.00094,0.00094,0.00091,1.0,211725.0,205428.0,211725.0
2025-12-08,33,12891259.0,0,0,0.0,0.00091,0.00091,0.00091,0.0,,207771.0,0.0,207771.0
2025-12-09,33,12879547.0,0,0,0.0,0.0,0.0,0.00024,0.00012,1.0,56070.0,28035.0,0.0
2025-12-10,33,12879547.0,0,0,0.0,0.00012,0.00012,0.00129,0.00071,1.0,294526.0,161241.0,27956.0
2025-12-11,33,12877972.0,0,0,0.0,0.00071,0.00071,0.00071,0.0,,171324.0,0.0,171324.0
2025-12-12,33,12868888.0,0,0,0.0,0.0,0.0,0.00256,0.00128,1.0,9125989.0,4562994.0,0.0
2025-12-15,33,12868888.0,0,0,0.0,0.00128,0.00128,0.00128,0.0,,4482048.0,0.0,4482048.0
2025-12-16,33,12867947.0,0,0,0.0,0.01535,0.01535,0.01535,0.0,,6953359.0,0.0,6953359.0
2025-12-17,33,13065467.0,0,0,0.0,0.01814,0.01814,0.01814,0.0,,8311165.0,0.0,8311165.0
2025-12-18,33,13302491.0,0,0,0.0,0.0,0.0,0.0,0.0,,0.0,0.0,0.0
2025-12-19,33,13302491.0,0,0,0.0,0.0,0.0,0.0,0.0,,0.0,0.0,0.0
2025-12-22,33,13302491.0,0,0,0.0,0.0,0.0,0.08892,0.04446,1.0,36466537.0,18233269.0,0.0
2025-12-23,33,13302491.0,0,0,0.0,0.07348,0.07348,0.07348,0.0,,32073698.0,0.0,32073698.0
2025-12-24,33,14083112.0,0,0,0.0,0.0,0.0,0.0,0.0,,0.0,0.0,0.0
2025-12-26,33,14083112.0,0,0,0.0,0.02014,0.02014,0.02014,0.0,,10404289.0,0.0,10404289.0
2025-12-29,33,14366682.0,0,0,0.0,0.0,0.0,0.0,0.0,,0.0,0.0,0.0
2025-12-30,33,14366682.0,0,0,0.0,0.0,0.0,0.0,0.0,,0.0,0.0,0.0
2025-12-31,33,14366682.0,0,0,0.0,0.0,0.0,0.0,0.0,,0.0,0.0,0.0
2026-01-02,33,14366682.0,0,0,0.0,0.01692,0.01692,0.01692,0.0,,8597471.0,0.0,8597471.0
2026-01-05,33,14609742.0,0,0,0.0,0.0,0.0,0.0,0.0,,0.0,0.0,0.0
2026-01-06,33,14609742.0,0,0,0.0,0.02496,0.02496,0.02496,0.0,,13991303.0,0.0,13991303.0
2026-01-07,33,14974332.0,0,0,0.0,0.02976,0.02976,0.02976,0.0,,17634871.0,0.0,17634871.0
2026-01-08,33,15419942.0,0,0,0.0,0.0289,0.0289,0.05222,0.01839,1.0,30734786.0,8322733.0,17460799.0
2026-01-09,33,15865552.0,0,0,0.0,0.01788,0.01788,0.02406,0.00309,1.0,11814687.0,1602285.0,8610116.0
2026-01-12,33,16055221.0,0,0,0.0,0.03625,0.03625,0.03625,0.0,,23116066.0,0.0,23116066.0
2026-01-13,33,16637235.0,0,0,0.0,0.00741,0.00741,0.00741,0.0,,5058679.0,0.0,5058679.0
2026-01-14,33,16760526.0,0,0,0.0,0.02452,0.02452,0.02452,0.0,,16804041.0,0.0,16804041.0
2026-01-15,33,17171496.0,0,0,0.0,0.0,0.0,0.0,0.0,,0.0,0.0,0.0
2026-01-16,33,17171496.0,0,0,0.0,0.0359,0.0359,0.04135,0.00368,1.0,38252394.0,8400681.0,25673075.0
2026-01-20,33,17787951.0,0,0,0.0,0.00355,0.00355,0.00482,0.00378,1.0,11105007.0,7501945.0,8472530.0
2026-01-21,33,17796561.0,0,0,0.0,0.06068,0.06068,0.06068,0.00057,1.0,42382342.0,791797.0,42382342.0
2026-01-22,33,18872991.0,0,0,0.0,0.00054,0.00054,0.00054,2e-05,1.0,786323.0,53060.0,786323.0
2026-01-23,33,18880423.0,0,0,0.0,0.38643,0.38643,0.38643,0.0,,297884324.0,0.0,297884324.0
2026-01-26,33,26176454.0,0,0,0.0,0.03307,0.03307,0.03307,0.0,,35179946.0,0.0,35179946.0
2026-01-27,33,27042116.0,0,0,0.0,0.01067,0.01067,0.01067,0.0,,11485014.0,0.0,11485014.0
2026-01-28,33,27330670.0,0,0,0.0,0.0,0.0,0.0,0.0,,0.0,0.0,0.0
2026-01-29,33,27330670.0,0,0,0.0,0.24567,0.24567,0.26146,0.00814,1.0,278808217.0,4534664.0,273036709.0
2026-01-30,33,20616421.0,0,0,0.0,0.04214,0.04214,0.04214,0.0,,27087739.0,0.0,27087739.0
2026-02-02,33,21485244.0,0,0,0.0,0.0,0.0,0.02278,0.01139,1.0,41332767.0,20666383.0,0.0
2026-02-03,33,21485244.0,0,0,0.0,0.01139,0.01139,0.01139,0.00015,1.0,20430720.0,973460.0,20430720.0
2026-02-04,33,21295804.0,0,0,0.0,0.0855,0.0855,0.09336,0.00497,1.0,126472834.0,33986790.0,71025081.0
2026-02-05,33,19475039.0,1,0,0.0303,0.00544,0.0036,0.00601,0.00062,1.0,36492312.0,3617952.0,32760238.0
2026-02-06,34,19458690.0,0,0,0.0,0.00062,0.00062,0.00748,0.00343,1.0,6172667.0,1276277.0,3620113.0
2026-02-09,34,19457777.0,0,0,0.0,0.00343,0.00343,0.00343,0.0,,1334320.0,0.0,1334320.0
2026-02-10,34,19391061.0,0,0,0.0,0.0,0.0,0.0,0.0,,0.0,0.0,0.0
2026-02-11,34,19391061.0,0,0,0.0,0.0,0.0,0.0,0.0,,0.0,0.0,0.0
2026-02-12,34,19391061.0,0,0,0.0,0.01916,0.01916,0.01916,0.0,,14042878.0,0.0,14042878.0
2026-02-13,34,19019514.0,0,0,0.0,0.00868,0.00868,0.00868,0.0,,6171395.0,0.0,6171395.0
2026-02-17,34,18854382.0,0,0,0.0,0.0,0.0,0.00057,0.00029,1.0,2620193.0,1310096.0,0.0
2026-02-18,34,18854382.0,0,0,0.0,0.00029,0.00029,0.00029,3e-05,1.0,1278415.0,144210.0,1278415.0
2026-02-19,34,18856134.0,0,0,0.0,3e-05,3e-05,3e-05,0.0,,148595.0,0.0,148595.0
2026-02-20,34,18855662.0,0,0,0.0,0.0,0.0,0.0,0.0,,0.0,0.0,0.0
2026-02-23,34,18855662.0,0,0,0.0,0.0,0.0,0.00205,0.00102,1.0,9023288.0,4511644.0,0.0
2026-02-24,34,18855662.0,0,0,0.0,0.00102,0.00102,0.00102,0.0,,4353024.0,0.0,4353024.0
2026-02-25,34,18861302.0,0,0,0.0,0.0,0.0,0.0,0.0,,0.0,0.0,0.0
2026-02-26,34,18861302.0,0,0,0.0,0.0,0.0,0.00767,0.00384,1.0,6206879.0,3103439.0,0.0
2026-02-27,34,18861302.0,0,0,0.0,0.00384,0.00384,0.01129,0.00373,1.0,20039029.0,8530414.0,2978200.0
2026-03-02,34,18798640.0,0,0,0.0,0.00374,0.00374,0.00374,0.0,,8165332.0,0.0,8165332.0
2026-03-03,34,18823756.0,0,0,0.0,0.0,0.0,0.09406,0.04703,1.0,43075267.0,21537633.0,0.0
2026-03-04,34,18823756.0,0,0,0.0,0.04703,0.04703,0.04706,0.013,1.0,21127340.0,5169984.0,21013791.0
2026-03-05,34,18829347.0,0,0,0.0,0.01299,0.01299,0.01619,0.00646,1.0,6719914.0,2484773.0,5242843.0
2026-03-06,34,18942576.0,0,0,0.0,0.00642,0.00642,0.13323,0.06804,1.0,6775383.0,3798767.0,2428885.0
2026-03-09,34,18887419.0,0,0,0.0,0.06824,0.06824,0.06824,0.00042,1.0,4135992.0,79908.0,4135949.0
2026-03-10,34,20066658.0,0,2,0.05882,0.00039,0.00037,0.00039,0.0,,83558.0,0.0,83558.0
2026-03-11,32,20073707.0,0,0,0.0,0.0,0.0,0.0,0.0,,0.0,0.0,0.0
2026-03-12,32,20073707.0,0,0,0.0,0.0,0.0,0.0,0.0,,0.0,0.0,0.0
2026-03-13,32,20073707.0,0,0,0.0,0.0,0.0,0.0,0.0,,0.0,0.0,0.0
2026-03-16,32,20073707.0,0,0,0.0,0.01749,0.01749,0.01749,0.0,,12242769.0,0.0,12242769.0
2026-03-17,32,20424723.0,0,0,0.0,0.0,0.0,0.0,0.0,,0.0,0.0,0.0
2026-03-18,32,20424723.0,0,0,0.0,0.0,0.0,0.0,0.0,,0.0,0.0,0.0
2026-03-19,32,20424723.0,0,0,0.0,0.0,0.0,0.0,0.0,,0.0,0.0,0.0
2026-03-20,32,20424723.0,0,0,0.0,0.0,0.0,0.0,0.0,,0.0,0.0,0.0
2026-03-23,32,20424723.0,0,0,0.0,0.0,0.0,0.0,0.0,,0.0,0.0,0.0
2026-03-24,32,20424723.0,0,0,0.0,0.0,0.0,0.0,0.0,,0.0,0.0,0.0
2026-03-25,32,20424723.0,0,0,0.0,0.0,0.0,0.0,0.0,,0.0,0.0,0.0
2026-03-26,32,20424723.0,0,0,0.0,0.0043,0.0043,0.0043,0.0,,3089355.0,0.0,3089355.0
2026-03-27,32,20512477.0,0,0,0.0,0.02995,0.02995,0.02995,0.0,,20806696.0,0.0,20806696.0
2026-03-30,32,21126755.0,0,0,0.0,0.02077,0.02077,0.02118,0.00024,1.0,15048466.0,431232.0,14395933.0
2026-03-31,32,21565525.0,0,0,0.0,0.00024,0.00024,0.00728,0.00372,1.0,2022188.0,993319.0,411584.0
2026-04-01,32,21561849.0,0,0,0.0,0.00372,0.00372,0.00372,0.00059,1.0,1017092.0,53328.0,1017092.0
2026-04-02,32,21489975.0,0,0,0.0,0.00059,0.00059,0.00059,0.0,,53328.0,0.0,53328.0
2026-04-06,32,21477217.0,0,0,0.0,0.0,0.0,0.00153,0.00077,1.0,791730.0,395865.0,0.0
2026-04-07,32,21477217.0,0,0,0.0,0.00077,0.00077,0.00077,0.00053,1.0,389501.0,121762.0,389501.0
2026-04-08,32,21462598.0,0,0,0.0,0.00053,0.00053,0.00053,0.00043,1.0,118894.0,37340.0,118894.0
2026-04-09,32,21451713.0,0,0,0.0,0.00043,0.00043,0.00047,0.00045,1.0,41238.0,39611.0,37984.0
2026-04-10,32,21442516.0,0,0,0.0,0.01379,0.01379,0.0154,0.00092,1.0,13343052.0,1579895.0,10828144.0
2026-04-13,32,21738300.0,0,0,0.0,0.00091,0.00091,0.00349,0.00177,1.0,1818690.0,155819.0,1591537.0
2026-04-14,32,21730756.0,0,0,0.0,0.00177,0.00177,0.00177,0.0,,158904.0,0.0,158904.0
2026-04-15,32,21692187.0,0,0,0.0,0.0,0.0,0.0,0.0,,0.0,0.0,0.0
2026-04-16,32,21692187.0,0,0,0.0,0.0,0.0,0.0,0.0,,0.0,0.0,0.0
2026-04-17,32,21692187.0,0,0,0.0,0.0,0.0,0.0,0.0,,0.0,0.0,0.0
2026-04-20,32,21692187.0,0,0,0.0,0.03209,0.03209,0.04012,0.00526,1.0,35007572.0,6880305.0,26720649.0
2026-04-21,32,22388395.0,0,0,0.0,0.0051,0.0051,0.0051,0.0,,6862169.0,0.0,6862169.0
2026-04-22,32,22339704.0,0,0,0.0,0.01749,0.01749,0.01749,0.0,,14976374.0,0.0,14976374.0
2026-04-23,32,22730457.0,0,0,0.0,0.0,0.0,0.0,0.0,,0.0,0.0,0.0
2026-04-24,32,22730457.0,0,0,0.0,0.0382,0.0382,0.07795,0.02008,1.0,79382577.0,24399527.0,33001681.0
2026-04-27,32,23598797.0,1,0,0.03125,0.01935,0.0047,0.01935,0.00059,1.0,24759284.0,537882.0,24759284.0
2026-04-28,33,23861000.0,0,0,0.0,0.00058,0.00058,0.00058,0.0,,516344.0,0.0,516344.0
2026-04-29,33,23847194.0,0,0,0.0,0.0,0.0,0.0,0.0,,0.0,0.0,0.0
2026-04-30,33,23847194.0,0,0,0.0,0.0,0.0,0.00208,0.00104,1.0,16951890.0,8475945.0,0.0
2026-05-01,33,23847194.0,0,0,0.0,0.00104,0.00104,0.00104,0.0,,9113552.0,0.0,9113552.0
2026-05-04,33,23846406.0,0,0,0.0,0.0,0.0,0.00583,0.00292,1.0,10527138.0,5263569.0,0.0
2026-05-05,33,23846406.0,0,0,0.0,0.00292,0.00292,0.00292,0.0,,5227671.0,0.0,5227671.0
2026-05-06,33,23860635.0,0,0,0.0,0.0,0.0,0.0,0.0,,0.0,0.0,0.0
2026-05-07,33,23860635.0,0,0,0.0,0.0,0.0,0.0,0.0,,0.0,0.0,0.0
2026-05-08,33,23860635.0,0,0,0.0,0.00368,0.00368,0.01811,0.00739,1.0,22937128.0,10039589.0,3276517.0
2026-05-11,33,23948439.0,0,0,0.0,0.00737,0.00737,0.00785,0.00268,1.0,12674505.0,4177810.0,11999739.0
2026-05-12,33,23983186.0,0,0,0.0,0.00267,0.00267,0.00267,0.0,,4245244.0,0.0,4245244.0
2026-05-13,33,24027722.0,0,0,0.0,0.00367,0.00367,0.00367,0.0,,3447863.0,0.0,3447863.0
2026-05-14,33,24115816.0,0,0,0.0,0.0,0.0,0.0,0.0,,0.0,0.0,0.0
2026-05-15,33,24115816.0,0,0,0.0,0.0,0.0,0.0,0.0,,0.0,0.0,0.0
2026-05-18,33,24115816.0,0,0,0.0,0.0,0.0,0.05425,0.02713,1.0,68910955.0,34455478.0,0.0
2026-05-19,33,24115816.0,0,0,0.0,0.02713,0.02713,0.05604,0.01446,1.0,39767739.0,2136511.0,35494717.0
2026-05-20,33,24479927.0,0,0,0.0,0.01424,0.01424,0.01424,0.0,,2140806.0,0.0,2140806.0
2026-05-21,33,24828616.0,0,0,0.0,0.0,0.0,0.0,0.0,,0.0,0.0,0.0
2026-05-22,33,24828616.0,0,0,0.0,0.0146,0.0146,0.0146,0.0,,13699909.0,0.0,13699909.0
2026-05-26,33,25191136.0,0,0,0.0,0.0,0.0,0.0,0.0,,0.0,0.0,0.0
2026-05-27,33,25191136.0,0,0,0.0,0.05037,0.05037,0.05037,0.00037,1.0,50479878.0,528524.0,50479878.0
2026-05-28,33,26459956.0,0,0,0.0,0.00035,0.00035,0.00035,0.0,,533176.0,0.0,533176.0
2026-05-29,33,26469261.0,0,0,0.0,0.02055,0.02055,0.02278,0.00193,1.0,31121358.0,5702619.0,22513554.0
2026-06-01,33,27013233.0,0,0,0.0,0.00189,0.00189,0.00401,0.00134,1.0,20290648.0,10126069.0,5594018.0
2026-06-02,33,27049221.0,0,0,0.0,0.00134,0.00134,0.00134,0.0,,10388267.0,0.0,10388267.0
2026-06-03,33,27062030.0,0,0,0.0,0.0,0.0,0.00196,0.00098,1.0,21111736.0,10555868.0,0.0
2026-06-04,33,27062030.0,1,0,0.0303,0.00098,0.0007,0.01013,0.00458,1.0,14985181.0,2116737.0,10751707.0
2026-06-05,34,27065510.0,0,0,0.0,0.00543,0.00543,0.01779,0.01009,1.0,6906561.0,3418259.0,3694076.0
2026-06-08,34,27068267.0,0,0,0.0,0.01009,0.01009,0.0224,0.01498,1.0,4974975.0,2557824.0,3129235.0
2026-06-09,34,26869626.0,0,0,0.0,0.01509,0.01509,0.02207,0.00353,1.0,4209605.0,816606.0,2627063.0
2026-06-10,34,26470243.0,0,0,0.0,0.03026,0.03026,0.04298,0.00636,1.0,39541309.0,3327017.0,32887274.0
2026-06-11,34,27271236.0,0,0,0.0,0.00617,0.00617,0.02011,0.01286,1.0,90278982.0,46768915.0,3343754.0
2026-06-12,34,27102924.0,0,0,0.0,0.34562,0.34562,0.40406,0.02922,1.0,545130578.0,100724027.0,343682524.0
2026-06-15,34,36415982.0,1,0,0.02941,0.08108,0.06629,0.09673,0.00802,1.0,208592114.0,19116130.0,177494209.0
2026-06-16,35,39354567.0,0,0,0.0,0.0854,0.0854,0.0854,0.00589,1.0,136418301.0,13477420.0,136418301.0
2026-06-17,35,35993755.0,0,0,0.0,0.23511,0.23511,0.23511,0.00514,1.0,315930854.0,1080377.0,315930854.0
2026-06-18,35,27531191.0,0,0,0.0,0.02089,0.02089,0.02397,0.00947,1.0,17054498.0,1509372.0,16564351.0
2026-06-22,35,26956027.0,0,0,0.0,0.06238,0.06238,0.06337,0.00352,1.0,63294139.0,2939034.0,58376099.0
2026-06-23,35,25274493.0,0,0,0.0,0.03474,0.03474,0.03474,0.00222,1.0,29920196.0,322540.0,29920196.0
2026-06-24,35,24396446.0,0,0,0.0,0.01623,0.01623,0.01623,0.00099,1.0,13379175.0,134153.0,13379175.0
2026-06-25,35,24000376.0,0,0,0.0,0.01867,0.01867,0.01867,0.00039,1.0,16138889.0,51144.0,16138889.0
2026-06-26,35,23552311.0,0,0,0.0,0.01298,0.01298,0.01549,0.00244,1.0,12575852.0,853869.0,11169025.0
2026-06-29,35,23246551.0,1,0,0.02857,0.00437,0.00342,0.00437,0.00109,1.0,11064070.0,134276.0,11064070.0
2026-06-30,36,23196357.0,0,0,0.0,0.00109,0.00109,0.02855,0.01482,1.0,3430170.0,1780703.0,131235.0
2026-07-01,36,23171022.0,0,0,0.0,0.01484,0.01484,0.01484,0.00446,1.0,1812087.0,544428.0,1812087.0
2026-07-02,36,22827255.0,0,0,0.0,0.00453,0.00453,0.00841,0.00647,1.0,11331375.0,5938418.0,545461.0
2026-07-06,36,22723948.0,0,0,0.0,0.0065,0.0065,0.01361,0.00963,1.0,10572200.0,4287193.0,5602853.0
2026-07-07,36,22595589.0,0,0,0.0,0.00968,0.00968,0.01175,0.0027,1.0,5099920.0,1824146.0,4243643.0
2026-07-08,36,22437252.0,0,0,0.0,0.02532,0.02532,0.02584,0.00093,1.0,24189804.0,2006719.0,22421873.0
2026-07-09,36,21921379.0,0,0,0.0,0.00095,0.00095,0.00516,0.00271,1.0,2792497.0,653453.0,1998704.0
2026-07-10,36,21912350.0,0,0,0.0,0.00271,0.00271,0.00482,0.00177,1.0,6430504.0,3124727.0,652898.0
2026-07-13,36,21852998.0,0,0,0.0,0.01193,0.01193,0.0164,0.00296,1.0,14643894.0,4848379.0,10844394.0
2026-07-14,36,21610996.0,0,0,0.0,0.003,0.003,0.00424,0.0016,1.0,4837712.0,542249.0,4702652.0
2026-07-15,36,21662575.0,0,0,0.0,0.0016,0.0016,0.00314,0.00216,1.0,4236573.0,2376113.0,563881.0
2026-07-16,36,21665424.0,0,0,0.0,0.00216,0.00216,0.00216,1e-05,1.0,2364040.0,1257.0,2364040.0
2026-07-17,36,21688079.0,0,0,0.0,0.02081,0.02081,0.0275,0.00429,1.0,30267263.0,9181623.0,16894957.0
2026-07-20,36,21236737.0,0,0,0.0,0.00438,0.00438,0.01509,0.00737,1.0,10926461.0,3721233.0,8964324.0
2026-07-21,36,21257713.0,0,0,0.0,0.00736,0.00736,0.00736,0.00357,1.0,3664640.0,1342837.0,3664640.0
2026-07-22,36,21160885.0,0,0,0.0,0.00359,0.00359,0.01753,0.0081,1.0,5329811.0,2663683.0,1367354.0
2026-07-23,36,21084993.0,0,0,0.0,0.00813,0.00813,0.01325,0.00369,1.0,16232689.0,7512966.0,2559866.0
2026-07-24,36,21208581.0,0,0,0.0,0.00367,0.00367,0.00609,0.00345,1.0,7273241.0,531159.0,7011809.0
2026-07-27,36,21150541.0,0,0,0.0,0.00346,0.00346,0.00579,0.00306,1.0,4277494.0,2074962.0,529813.0
2026-07-28,36,21077444.0,0,0,0.0,0.00307,0.00307,0.04368,0.02309,1.0,37346738.0,19566393.0,2064678.0
2026-07-29,36,21034206.0,0,0,0.0,0.02314,0.02314,0.02687,0.00482,1.0,25775519.0,6495289.0,19264610.0
2026-07-30,36,21248658.0,0,1,0.02778,0.02719,0.02718,0.04149,0.00791,1.0,34868947.0,9920620.0,21096173.0
2026-07-31,35,20706084.0,0,0,0.0,0.00812,0.00812,0.00981,0.00091,1.0,11099694.0,783395.0,9547463.0
2026-08-03,35,20573193.0,0,0,0.0,0.01481,0.01481,0.02241,0.00421,1.0,29653073.0,10587367.0,11451253.0
2026-08-04,35,20268492.0,0,0,0.0,0.00427,0.00427,0.00699,0.00142,1.0,13382693.0,1195683.0,11003515.0
2026-08-05,35,20275460.0,0,0,0.0,0.00142,0.00142,0.00542,0.00206,1.0,10289254.0,4542581.0,1216324.0
2026-08-06,35,20246741.0,0,0,0.0,0.00206,0.00206,0.00332,0.00154,1.0,5536253.0,1654678.0,4306107.0
2026-08-07,35,20244757.0,0,1,0.02857,0.00154,0.00153,0.00154,0.00067,1.0,1663090.0,653441.0,1663090.0
2026-08-10,34,20217002.0,0,0,0.0,0.00067,0.00067,0.00352,0.0021,1.0,6264364.0,3469858.0,675353.0
2026-08-11,34,20203476.0,0,0,0.0,0.0021,0.0021,0.00478,0.00219,1.0,7737194.0,3018257.0,3398866.0
2026-08-12,34,20176686.0,0,0,0.0,0.0022,0.0022,0.0022,0.0,,3018477.0,0.0,3018477.0
2026-08-13,34,20186571.0,0,0,0.0,0.01409,0.01409,0.01409,0.0,,12087392.0,0.0,12087392.0
2026-08-14,34,19902231.0,0,0,0.0,0.0,0.0,0.0,0.0,,0.0,0.0,0.0
2026-08-17,34,19902231.0,0,0,0.0,0.0,0.0,0.00109,0.00055,1.0,6814624.0,3407312.0,0.0
2026-08-18,34,19902231.0,0,0,0.0,0.00055,0.00055,0.00055,0.0,,3378236.0,0.0,3378236.0
2026-08-19,34,19906423.0,0,0,0.0,0.0,0.0,0.0,0.0,,0.0,0.0,0.0
2026-08-20,34,19906423.0,0,0,0.0,0.00816,0.00816,0.0086,0.00024,1.0,8247627.0,1095650.0,6688053.0
2026-08-21,34,19743911.0,0,0,0.0,0.02272,0.02272,0.02525,0.00165,1.0,26026519.0,5478858.0,18611380.0
2026-08-24,34,19300372.0,0,0,0.0,0.00168,0.00168,0.00168,0.0,,5619318.0,0.0,5619318.0
2026-08-25,34,19308671.0,0,0,0.0,0.0,0.0,0.0,0.0,,0.0,0.0,0.0
2026-08-26,34,19308671.0,0,0,0.0,0.0,0.0,0.0,0.0,,0.0,0.0,0.0
2026-08-27,34,19308671.0,0,0,0.0,0.0,0.0,0.0,0.0,,0.0,0.0,0.0
2026-08-28,34,19308671.0,0,0,0.0,0.0,0.0,0.00106,0.00053,1.0,6296168.0,3148084.0,0.0
2026-08-31,34,19308671.0,0,0,0.0,0.00053,0.00053,0.00053,0.0,,3038935.0,0.0,3038935.0
2026-09-01,34,19312422.0,0,0,0.0,0.0,0.0,0.00283,0.00142,1.0,6192311.0,3096155.0,0.0
2026-09-02,34,19312422.0,0,0,0.0,0.00142,0.00142,0.00142,0.0,,3026171.0,0.0,3026171.0
2026-09-03,34,19333141.0,0,0,0.0,0.0,0.0,0.0,0.0,,0.0,0.0,0.0
2026-09-04,34,19333141.0,0,0,0.0,0.0,0.0,0.0,0.0,,0.0,0.0,0.0
2026-09-08,34,19333141.0,0,0,0.0,0.0,0.0,0.00073,0.00037,1.0,755634.0,377817.0,0.0
2026-09-09,34,19333141.0,0,0,0.0,0.00037,0.00037,0.00037,0.0,,383393.0,0.0,383393.0
2026-09-10,34,19340237.0,0,0,0.0,0.0,0.0,0.0,0.0,,0.0,0.0,0.0
2026-09-11,34,19340237.0,0,0,0.0,0.0,0.0,0.0,0.0,,0.0,0.0,0.0
2026-09-14,34,19340237.0,0,0,0.0,0.0,0.0,0.00726,0.00363,1.0,9759166.0,4879583.0,0.0
2026-09-15,34,19340237.0,0,0,0.0,0.00363,0.00363,0.00363,0.00181,1.0,4915328.0,2581399.0,4915328.0
2026-09-16,34,19301426.0,0,0,0.0,0.00181,0.00181,0.00181,0.0,,2641363.0,0.0,2641363.0
2026-09-17,34,19284499.0,0,0,0.0,0.0,0.0,0.0,0.0,,0.0,0.0,0.0
2026-09-18,34,19284499.0,0,0,0.0,0.0,0.0,0.0,0.0,,0.0,0.0,0.0
2026-09-21,34,19284499.0,0,0,0.0,0.0,0.0,0.0,0.0,,0.0,0.0,0.0
2026-09-22,34,19284499.0,0,0,0.0,0.0,0.0,0.00277,0.00139,1.0,6277478.0,3138739.0,0.0
2026-09-23,34,19284499.0,0,0,0.0,0.00139,0.00139,0.00139,0.0,,3168366.0,0.0,3168366.0
2026-09-24,34,19302339.0,0,0,0.0,0.0,0.0,0.0,0.0,,0.0,0.0,0.0
2026-09-25,34,19302339.0,0,0,0.0,0.0,0.0,0.0,0.0,,0.0,0.0,0.0
2026-09-28,34,19302339.0,0,0,0.0,0.0,0.0,0.0,0.0,,0.0,0.0,0.0
2026-09-29,34,19302339.0,0,0,0.0,0.0,0.0,0.00391,0.00196,1.0,24594755.0,12297377.0,0.0
2026-09-30,34,19302339.0,0,0,0.0,0.02683,0.02683,0.02683,1e-05,1.0,29578036.0,64093.0,29578036.0
2026-10-01,34,18831194.0,0,1,0.02941,1e-05,0.0,0.00232,0.00115,1.0,4464184.0,2200046.0,64093.0
2026-10-02,33,18831006.0,0,0,0.0,0.00115,0.00115,0.00115,0.0,,2229902.0,0.0,2229902.0
2026-10-05,33,18841081.0,0,0,0.0,0.0,0.0,0.0,0.0,,0.0,0.0,0.0
