Date,ETF,Direction,Ticker,Company Name,Shares Traded,% of Total ETF
2025-05-19,ARKK,Buy,TSM,TAIWAN SEMICONDUCTOR MANUFACTURING CO LTD,123587,0.4048
2025-05-19,ARKK,Sell,META,META PLATFORMS INC,31545,0.3439
2025-05-19,ARKW,Buy,TSM,TAIWAN SEMICONDUCTOR MANUFACTURING CO LTD,74189,0.8204
2025-05-19,ARKW,Buy,GTLB,GITLAB INC,106061,0.2989
2025-05-19,ARKW,Buy,KIND,NEXTDOOR HOLDINGS INC,90233,0.0075
2025-05-19,ARKW,Sell,XYZ,BLOCK INC,5988,0.0200
2025-05-19,ARKW,Sell,CRWV,COREWEAVE INC,57013,0.2855
2025-05-19,ARKW,Sell,META,META PLATFORMS INC,27062,0.9959
2025-05-19,ARKX,Buy,BLDE,BLADE AIR MOBILITY INC,16057,0.0185
2025-05-20,ARKK,Buy,TSM,TAIWAN SEMICONDUCTOR MANUFACTURING CO LTD,27099,0.0896
2025-05-20,ARKW,Buy,TSM,TAIWAN SEMICONDUCTOR MANUFACTURING CO LTD,16172,0.1785
2025-05-20,ARKW,Buy,KIND,NEXTDOOR HOLDINGS INC,84478,0.0070
2025-05-20,ARKF,Sell,PATH,UIPATH INC,1300,0.0016
2025-05-20,ARKX,Buy,BLDE,BLADE AIR MOBILITY INC,839,0.0010
2025-05-21,ARKW,Buy,KIND,NEXTDOOR HOLDINGS INC,111258,0.0092
2025-05-21,ARKF,Sell,PATH,UIPATH INC,200,0.0002
2025-05-21,ARKX,Buy,BLDE,BLADE AIR MOBILITY INC,50260,0.0593
2025-05-22,ARKQ,Buy,BIDU,BAIDU INC,5694,0.0505
2025-05-22,ARKW,Buy,KIND,NEXTDOOR HOLDINGS INC,59461,0.0050
2025-05-22,ARKW,Sell,XYZ,BLOCK INC,25283,0.0844
2025-05-22,ARKF,Sell,PATH,UIPATH INC,100,0.0001
2025-05-22,ARKX,Buy,BLDE,BLADE AIR MOBILITY INC,79135,0.0934
2025-05-23,ARKQ,Buy,BWXT,BWX TECHNOLOGIES INC,16369,0.2016
2025-05-23,ARKQ,Buy,LUNR,INTUITIVE MACHINES INC,142270,0.1681
2025-05-23,ARKQ,Buy,LHX,L3HARRIS TECHNOLOGIES INC,4037,0.1001
2025-05-23,ARKQ,Sell,CCJ,CAMECO CORP,33110,0.2002
2025-05-23,ARKQ,Sell,OKLO,OKLO INC,97238,0.5039
2025-05-23,ARKW,Buy,KIND,NEXTDOOR HOLDINGS INC,105974,0.0089
2025-05-23,ARKW,Sell,XYZ,BLOCK INC,14810,0.0492
2025-05-23,ARKX,Buy,BLDE,BLADE AIR MOBILITY INC,7229,0.0084
2025-05-27,ARKK,Buy,CRSP,CRISPR THERAPEUTICS AG,230450,0.1548
2025-05-27,ARKK,Buy,AMD,ADVANCED MICRO DEVICES INC,50837,0.1039
2025-05-27,ARKK,Buy,NVDA,NVIDIA CORP,21504,0.0518
2025-05-27,ARKK,Sell,RBLX,ROBLOX CORP,95589,0.1448
2025-05-27,ARKK,Sell,TSLA,TESLA INC,27377,0.1741
2025-05-27,ARKQ,Buy,LHX,L3HARRIS TECHNOLOGIES INC,6200,0.1594
2025-05-27,ARKQ,Buy,LUNR,INTUITIVE MACHINES INC,50066,0.0625
2025-05-27,ARKQ,Buy,IRDM,IRIDIUM COMMUNICATIONS INC,18400,0.0502
2025-05-27,ARKQ,Sell,DDD,3D SYSTEMS CORP,1104945,0.1848
2025-05-27,ARKW,Buy,AMD,ADVANCED MICRO DEVICES INC,46231,0.3103
2025-05-27,ARKW,Buy,NVDA,NVIDIA CORP,13039,0.1030
2025-05-27,ARKW,Sell,CRWV,COREWEAVE INC,58477,0.4065
2025-05-27,ARKG,Buy,CRSP,CRISPR THERAPEUTICS AG,32009,0.1363
2025-05-27,ARKG,Buy,ILMN,ILLUMINA INC,10739,0.0991
2025-05-27,ARKG,Buy,TWST,TWIST BIOSCIENCE CORP,27064,0.0887
2025-05-27,ARKG,Sell,ADPT,ADAPTIVE BIOTECHNOLOGIES CORP,283220,0.2935
2025-05-27,ARKX,Buy,BWXT,BWX TECHNOLOGIES INC,20780,0.8848
2025-05-27,ARKX,Sell,DDD,3D SYSTEMS CORP,257346,0.1447
2025-05-27,ARKX,Sell,PATH,UIPATH INC,137336,0.6064
2025-05-28,ARKK,Buy,TEM,TEMPUS AI INC,216781,0.2017
2025-05-28,ARKK,Sell,RBLX,ROBLOX CORP,67261,0.0983
2025-05-28,ARKK,Sell,TSLA,TESLA INC,15817,0.0986
2025-05-28,ARKQ,Buy,LUNR,INTUITIVE MACHINES INC,134023,0.1643
2025-05-28,ARKQ,Buy,LHX,L3HARRIS TECHNOLOGIES INC,2902,0.0712
2025-05-28,ARKQ,Buy,IRDM,IRIDIUM COMMUNICATIONS INC,8538,0.0220
2025-05-28,ARKQ,Sell,DDD,3D SYSTEMS CORP,640202,0.1007
2025-05-28,ARKW,Buy,KIND,NEXTDOOR HOLDINGS INC,179266,0.0152
2025-05-28,ARKG,Buy,TEM,TEMPUS AI INC,34299,0.2001
2025-05-28,ARKG,Buy,TWST,TWIST BIOSCIENCE CORP,15711,0.0491
2025-05-28,ARKG,Buy,ILMN,ILLUMINA INC,1658,0.0147
2025-05-28,ARKG,Sell,ADPT,ADAPTIVE BIOTECHNOLOGIES CORP,319981,0.3147
2025-05-28,ARKX,Sell,PATH,UIPATH INC,1459,0.0063
2025-05-28,ARKX,Sell,DDD,3D SYSTEMS CORP,150398,0.0795
2025-05-29,ARKK,Buy,CRSP,CRISPR THERAPEUTICS AG,232248,0.1493
2025-05-29,ARKK,Buy,NTLA,INTELLIA THERAPEUTICS INC,150606,0.0188
2025-05-29,ARKQ,Buy,LHX,L3HARRIS TECHNOLOGIES INC,1214,0.0297
2025-05-29,ARKQ,Buy,IRDM,IRIDIUM COMMUNICATIONS INC,3850,0.0098
2025-05-29,ARKQ,Sell,DDD,3D SYSTEMS CORP,195187,0.0319
2025-05-29,ARKW,Sell,RBLX,ROBLOX CORP,10176,0.0496
2025-05-29,ARKG,Buy,CRSP,CRISPR THERAPEUTICS AG,62001,0.2502
2025-05-29,ARKG,Buy,NTLA,INTELLIA THERAPEUTICS INC,50870,0.0399
2025-05-29,ARKG,Buy,ILMN,ILLUMINA INC,3233,0.0303
2025-05-29,ARKG,Sell,IONS,IONIS PHARMACEUTICALS INC,13482,0.0498
2025-05-29,ARKG,Sell,ADPT,ADAPTIVE BIOTECHNOLOGIES CORP,163700,0.1685
2025-05-29,ARKX,Sell,PATH,UIPATH INC,600,0.0026
2025-05-29,ARKX,Sell,DDD,3D SYSTEMS CORP,46533,0.0252
2025-05-30,ARKK,Buy,TXG,10X GENOMICS INC,296148,0.0488
2025-05-30,ARKK,Buy,NTLA,INTELLIA THERAPEUTICS INC,196156,0.0243
2025-05-30,ARKK,Sell,TSLA,TESLA INC,6511,0.0417
2025-05-30,ARKQ,Sell,DDD,3D SYSTEMS CORP,36868,0.0059
2025-05-30,ARKG,Buy,TXG,10X GENOMICS INC,46031,0.0472
2025-05-30,ARKG,Buy,NTLA,INTELLIA THERAPEUTICS INC,30357,0.0234
2025-05-30,ARKG,Sell,ADPT,ADAPTIVE BIOTECHNOLOGIES CORP,164741,0.1709
2025-05-30,ARKX,Sell,DDD,3D SYSTEMS CORP,11503,0.0061
2025-06-02,ARKK,Buy,GH,GUARDANT HEALTH INC,158696,0.1199
2025-06-02,ARKK,Buy,TXG,10X GENOMICS INC,289802,0.0501
2025-06-02,ARKK,Sell,TSLA,TESLA INC,1594,0.0100
2025-06-02,ARKK,Sell,PLTR,PALANTIR TECHNOLOGIES INC,17467,0.0415
2025-06-02,ARKK,Sell,RBLX,ROBLOX CORP,55419,0.0895
2025-06-02,ARKQ,Sell,DDD,3D SYSTEMS CORP,15200,0.0024
2025-06-02,ARKG,Buy,ILMN,ILLUMINA INC,51903,0.4858
2025-06-02,ARKG,Buy,TXG,10X GENOMICS INC,45338,0.0503
2025-06-02,ARKG,Sell,NTRA,NATERA INC,11125,0.2030
2025-06-02,ARKG,Sell,ADPT,ADAPTIVE BIOTECHNOLOGIES CORP,278792,0.3064
2025-06-02,ARKF,Buy,ETOR,ETORO GROUP LTD,25447,0.1479
2025-06-02,ARKF,Sell,CRWD,CROWDSTRIKE HOLDINGS INC,3172,0.1493
2025-06-02,ARKX,Buy,LHX,L3HARRIS TECHNOLOGIES INC,5899,0.4969
2025-06-02,ARKX,Sell,PATH,UIPATH INC,188,0.0009
2025-06-02,ARKX,Sell,DDD,3D SYSTEMS CORP,4000,0.0021
2025-06-02,ARKX,Sell,TRMB,TRIMBLE INC,20416,0.4960
2025-06-03,ARKK,Buy,GH,GUARDANT HEALTH INC,173197,0.1403
2025-06-03,ARKK,Buy,TXG,10X GENOMICS INC,289802,0.0501
2025-06-03,ARKK,Sell,TSLA,TESLA INC,1594,0.0100
2025-06-03,ARKK,Sell,RBLX,ROBLOX CORP,50239,0.0806
2025-06-03,ARKK,Sell,PLTR,PALANTIR TECHNOLOGIES INC,45690,0.1088
2025-06-03,ARKQ,Sell,DDD,3D SYSTEMS CORP,6300,0.0010
2025-06-03,ARKW,Buy,AMD,ADVANCED MICRO DEVICES INC,53081,0.3545
2025-06-03,ARKW,Buy,AMZN,AMAZON.COM INC,29837,0.3532
2025-06-03,ARKW,Sell,CRWV,COREWEAVE INC,108281,0.8802
2025-06-03,ARKG,Buy,ILMN,ILLUMINA INC,2916,0.0260
2025-06-03,ARKG,Sell,ADPT,ADAPTIVE BIOTECHNOLOGIES CORP,64769,0.0713
2025-06-03,ARKF,Buy,ETOR,ETORO GROUP LTD,25447,0.1479
2025-06-03,ARKF,Sell,RBLX,ROBLOX CORP,2198,0.0196
2025-06-03,ARKF,Sell,CRWD,CROWDSTRIKE HOLDINGS INC,736,0.0355
2025-06-03,ARKF,Sell,CRWD,CROWDSTRIKE HOLDINGS INC,3172,0.1493
2025-06-03,ARKX,Sell,PATH,UIPATH INC,100,0.0004
2025-06-03,ARKX,Sell,DDD,3D SYSTEMS CORP,1500,0.0008
2025-06-04,ARKK,Buy,GH,GUARDANT HEALTH INC,99637,0.0821
2025-06-04,ARKK,Buy,VCYT,VERACYTE INC,95017,0.0451
2025-06-04,ARKK,Sell,PLTR,PALANTIR TECHNOLOGIES INC,40035,0.0913
2025-06-04,ARKK,Sell,RBLX,ROBLOX CORP,149211,0.2397
2025-06-04,ARKQ,Sell,DDD,3D SYSTEMS CORP,2500,0.0004
2025-06-04,ARKX,Sell,DDD,3D SYSTEMS CORP,500,0.0003
2025-06-05,ARKK,Buy,CRCL,CIRCLE INTERNET GROUP INC,3025089,1.6503
2025-06-05,ARKK,Buy,VCYT,VERACYTE INC,115834,0.0550
2025-06-05,ARKK,Buy,GH,GUARDANT HEALTH INC,38424,0.0322
2025-06-05,ARKK,Sell,PLTR,PALANTIR TECHNOLOGIES INC,62466,0.1432
2025-06-05,ARKK,Sell,XYZ,BLOCK INC,133108,0.1506
2025-06-05,ARKK,Sell,HOOD,ROBINHOOD MARKETS INC,229293,0.2993
2025-06-05,ARKK,Sell,RBLX,ROBLOX CORP (PRE-REINCORPORATION),252456,0.4119
2025-06-05,ARKK,Sell,COIN,COINBASE GLOBAL INC,101037,0.4593
2025-06-05,ARKW,Buy,CRCL,CIRCLE INTERNET GROUP INC,927318,1.6275
2025-06-05,ARKW,Sell,COIN,COINBASE GLOBAL INC,6882,0.1007
2025-06-05,ARKW,Sell,PLTR,PALANTIR TECHNOLOGIES INC,14188,0.1046
2025-06-05,ARKW,Sell,HOOD,ROBINHOOD MARKETS INC,26034,0.1093
2025-06-05,ARKW,Sell,RBLX,ROBLOX CORP (PRE-REINCORPORATION),20982,0.1101
2025-06-05,ARKW,Sell,META,META PLATFORMS INC,2829,0.1102
2025-06-05,ARKW,Sell,XYZ,BLOCK INC,30272,0.1102
2025-06-05,ARKW,Sell,ARKB,ARK 21SHARES BITCOIN ETF,168675,0.9892
2025-06-05,ARKF,Buy,CRCL,CIRCLE INTERNET GROUP INC,534153,1.6212
2025-06-05,ARKF,Sell,AVDX,AVIDXCHANGE HOLDINGS INC,198453,0.1899
2025-06-05,ARKF,Sell,COIN,COINBASE GLOBAL INC,53385,1.3502
2025-06-06,ARKK,Buy,VCYT,VERACYTE INC,30771,0.0151
2025-06-06,ARKQ,Sell,DDD,3D SYSTEMS CORP,1200,0.0002
2025-06-06,ARKF,Sell,AVDX,AVIDXCHANGE HOLDINGS INC,10025,0.0096
2025-06-06,ARKX,Sell,DDD,3D SYSTEMS CORP,400,0.0002
2025-06-09,ARKK,Buy,VCYT,VERACYTE INC,26034,0.0119
2025-06-09,ARKQ,Buy,LHX,L3HARRIS TECHNOLOGIES INC,8222,0.2030
2025-06-09,ARKQ,Sell,DDD,3D SYSTEMS CORP,600,0.0001
2025-06-09,ARKQ,Sell,PATH,UIPATH INC,154516,0.2053
2025-06-09,ARKW,Sell,COIN,COINBASE GLOBAL INC,730,0.0102
2025-06-09,ARKF,Sell,AVDX,AVIDXCHANGE HOLDINGS INC,1896,0.0017
2025-06-09,ARKF,Sell,COIN,COINBASE GLOBAL INC,6404,0.1513
2025-06-09,ARKX,Buy,LHX,L3HARRIS TECHNOLOGIES INC,2522,0.2043
2025-06-09,ARKX,Sell,DDD,3D SYSTEMS CORP,100,0.0001
2025-06-09,ARKX,Sell,PRNT,3D PRINTING ETF,28569,0.2052
2025-06-10,ARKK,Buy,VCYT,VERACYTE INC,11143,0.0051
2025-06-10,ARKQ,Sell,DDD,3D SYSTEMS CORP,200,0.0000
2025-06-10,ARKF,Buy,ETOR,ETORO GROUP LTD,49922,0.3154
2025-06-10,ARKF,Sell,AVDX,AVIDXCHANGE HOLDINGS INC,400,0.0004
2025-06-10,ARKF,Sell,ARKB,ARK 21SHARES BITCOIN ETF,29660,0.2995
2025-06-10,ARKX,Sell,DDD,3D SYSTEMS CORP,100,0.0001
2025-06-11,ARKK,Buy,BEAM,BEAM THERAPEUTICS INC,349264,0.1008
2025-06-11,ARKK,Buy,GTLB,GITLAB INC,142678,0.0995
2025-06-11,ARKK,Sell,PLTR,PALANTIR TECHNOLOGIES INC,46014,0.1003
2025-06-11,ARKK,Sell,RBLX,ROBLOX CORP (PRE-REINCORPORATION),98362,0.1500
2025-06-11,ARKQ,Sell,DDD,3D SYSTEMS CORP,52,0.0000
2025-06-11,ARKQ,Sell,PLTR,PALANTIR TECHNOLOGIES INC,7561,0.1014
2025-06-11,ARKQ,Sell,KTOS,KRATOS DEFENSE AND SECURITY SOLUTIONS INC,64231,0.2524
2025-06-11,ARKW,Buy,GTLB,GITLAB INC,85020,0.1997
2025-06-11,ARKW,Sell,NET,CLOUDFLARE INC,5193,0.0502
2025-06-11,ARKW,Sell,CRWD,CROWDSTRIKE HOLDINGS INC,1969,0.0504
2025-06-11,ARKW,Sell,CRWV,COREWEAVE INC,12728,0.1014
2025-06-11,ARKF,Sell,AVDX,AVIDXCHANGE HOLDINGS INC,96,0.0001
2025-06-11,ARKX,Sell,PLTR,PALANTIR TECHNOLOGIES INC,2254,0.1006
2025-06-11,ARKX,Sell,KTOS,KRATOS DEFENSE AND SECURITY SOLUTIONS INC,19147,0.2505
2025-06-12,ARKW,Buy,KIND,NEXTDOOR HOLDINGS INC,300387,0.0247
2025-06-12,ARKF,Sell,AVDX,AVIDXCHANGE HOLDINGS INC,50,0.0000
2025-06-13,ARKK,Buy,ACHR,ARCHER AVIATION INC,2830022,0.4445
2025-06-13,ARKQ,Buy,ACHR,ARCHER AVIATION INC,463149,0.4526
2025-06-13,ARKQ,Sell,KTOS,KRATOS DEFENSE AND SECURITY SOLUTIONS INC,36125,0.1487
2025-06-13,ARKW,Buy,KIND,NEXTDOOR HOLDINGS INC,200137,0.0165
2025-06-13,ARKX,Buy,ACHR,ARCHER AVIATION INC,140636,0.4593
2025-06-13,ARKX,Sell,KTOS,KRATOS DEFENSE AND SECURITY SOLUTIONS INC,10816,0.1488
2025-06-16,ARKK,Buy,BWXT,BWX TECHNOLOGIES INC,215830,0.5120
2025-06-16,ARKK,Buy,NVDA,NVIDIA CORP,128163,0.3065
2025-06-16,ARKK,Sell,META,META PLATFORMS INC,26387,0.3068
2025-06-16,ARKK,Sell,CRCL,CIRCLE INTERNET GROUP INC,196367,0.4979
2025-06-16,ARKQ,Buy,DASH,DOORDASH INC,36002,0.7922
2025-06-16,ARKQ,Sell,PATH,UIPATH INC,262449,0.3239
2025-06-16,ARKQ,Sell,MGA,MAGNA INTERNATIONAL INC,118767,0.4461
2025-06-16,ARKW,Buy,DASH,DOORDASH INC,65147,0.7825
2025-06-16,ARKW,Buy,KIND,NEXTDOOR HOLDINGS INC,13742,0.0011
2025-06-16,ARKW,Sell,CRCL,CIRCLE INTERNET GROUP INC,92310,0.7660
2025-06-16,ARKF,Buy,DASH,DOORDASH INC,38087,0.7811
2025-06-16,ARKF,Sell,CRCL,CIRCLE INTERNET GROUP INC,53981,0.7648
2025-06-17,ARKK,Buy,TSM,TAIWAN SEMICONDUCTOR MANUFACTURING CO LTD,36913,0.1279
2025-06-17,ARKK,Buy,ABNB,AIRBNB INC,59115,0.1277
2025-06-17,ARKK,Buy,BWXT,BWX TECHNOLOGIES INC,27186,0.0621
2025-06-17,ARKK,Buy,GH,GUARDANT HEALTH INC,61866,0.0495
2025-06-17,ARKK,Buy,VCYT,VERACYTE INC,75316,0.0326
2025-06-17,ARKK,Sell,CRCL,CIRCLE INTERNET GROUP INC,208654,0.4975
2025-06-17,ARKQ,Sell,DDD,3D SYSTEMS CORP,49,0.0000
2025-06-17,ARKQ,Sell,MGA,MAGNA INTERNATIONAL INC,1511,0.0055
2025-06-17,ARKQ,Sell,PATH,UIPATH INC,4835,0.0059
2025-06-17,ARKW,Buy,AMD,ADVANCED MICRO DEVICES INC,37377,0.2461
2025-06-17,ARKW,Buy,DASH,DOORDASH INC,11263,0.1286
2025-06-17,ARKW,Buy,SHOP,SHOPIFY INC,21277,0.1180
2025-06-17,ARKW,Sell,CRCL,CIRCLE INTERNET GROUP INC,65320,0.4980
2025-06-17,ARKF,Buy,ETOR,ETORO GROUP LTD,35461,0.1865
2025-06-17,ARKF,Buy,FUTU,FUTU HOLDINGS LTD,16588,0.1778
2025-06-17,ARKF,Buy,DASH,DOORDASH INC,6565,0.1283
2025-06-17,ARKF,Sell,AVDX,AVIDXCHANGE HOLDINGS INC,61,0.0001
2025-06-17,ARKF,Sell,CRCL,CIRCLE INTERNET GROUP INC,26134,0.3409
2025-06-18,ARKK,Buy,BWXT,BWX TECHNOLOGIES INC,30054,0.0699
2025-06-18,ARKK,Buy,VCYT,VERACYTE INC,35307,0.0155
2025-06-18,ARKQ,Sell,PATH,UIPATH INC,2001,0.0024
2025-06-18,ARKQ,Sell,MGA,MAGNA INTERNATIONAL INC,700,0.0026
2025-06-18,ARKG,Buy,CAI,CARIS LIFE SCIENCES INC,49142,0.1022
2025-06-18,ARKG,Sell,ADPT,ADAPTIVE BIOTECHNOLOGIES CORP,68112,0.0710
2025-06-20,ARKK,Buy,ABNB,AIRBNB INC,162255,0.3384
2025-06-20,ARKK,Buy,BWXT,BWX TECHNOLOGIES INC,136706,0.3073
2025-06-20,ARKK,Buy,TSM,TAIWAN SEMICONDUCTOR MANUFACTURING CO LTD,92785,0.3072
2025-06-20,ARKK,Buy,AMD,ADVANCED MICRO DEVICES INC,150178,0.3047
2025-06-20,ARKK,Buy,HOOD,ROBINHOOD MARKETS INC,218039,0.2685
2025-06-20,ARKK,Buy,SHOP,SHOPIFY INC,133501,0.2247
2025-06-20,ARKK,Buy,VCYT,VERACYTE INC,23963,0.0101
2025-06-20,ARKK,Sell,CRCL,CIRCLE INTERNET GROUP INC,490549,1.8071
2025-06-20,ARKW,Buy,AMD,ADVANCED MICRO DEVICES INC,61693,0.4005
2025-06-20,ARKW,Buy,SHOP,SHOPIFY INC,56057,0.3020
2025-06-20,ARKW,Buy,DASH,DOORDASH INC,13454,0.1514
2025-06-20,ARKW,Sell,CRCL,CIRCLE INTERNET GROUP INC,75018,0.8844
2025-06-20,ARKG,Sell,ADPT,ADAPTIVE BIOTECHNOLOGIES CORP,13154,0.0133
2025-06-20,ARKF,Buy,AMD,ADVANCED MICRO DEVICES INC,35882,0.3993
2025-06-20,ARKF,Buy,SHOP,SHOPIFY INC,32592,0.3010
2025-06-20,ARKF,Buy,DASH,DOORDASH INC,7833,0.1511
2025-06-20,ARKF,Sell,CRCL,CIRCLE INTERNET GROUP INC,43608,0.8812
2025-06-23,ARKK,Buy,HOOD,ROBINHOOD MARKETS INC,319640,0.3762
2025-06-23,ARKK,Buy,AMD,ADVANCED MICRO DEVICES INC,85584,0.1702
2025-06-23,ARKK,Buy,TSM,TAIWAN SEMICONDUCTOR MANUFACTURING CO LTD,52516,0.1693
2025-06-23,ARKK,Buy,SHOP,SHOPIFY INC,61761,0.1038
2025-06-23,ARKK,Buy,ABNB,AIRBNB INC,20442,0.0409
2025-06-23,ARKK,Buy,DE,DEERE & CO,5082,0.0398
2025-06-23,ARKK,Buy,GH,GUARDANT HEALTH INC,39594,0.0300
2025-06-23,ARKK,Buy,BWXT,BWX TECHNOLOGIES INC,9192,0.0201
2025-06-23,ARKK,Buy,IRDM,IRIDIUM COMMUNICATIONS INC,33727,0.0151
2025-06-23,ARKK,Buy,ILMN,ILLUMINA INC,9047,0.0126
2025-06-23,ARKK,Buy,TWST,TWIST BIOSCIENCE CORP,18165,0.0097
2025-06-23,ARKK,Buy,CRSP,CRISPR THERAPEUTICS AG,11021,0.0077
2025-06-23,ARKK,Buy,BEAM,BEAM THERAPEUTICS INC,26802,0.0068
2025-06-23,ARKK,Buy,NTLA,INTELLIA THERAPEUTICS INC,44484,0.0063
2025-06-23,ARKK,Buy,VCYT,VERACYTE INC,8672,0.0035
2025-06-23,ARKK,Sell,CRCL,CIRCLE INTERNET GROUP INC,306921,1.2447
2025-06-23,ARKQ,Sell,PATH,UIPATH INC,813,0.0010
2025-06-23,ARKQ,Sell,MGA,MAGNA INTERNATIONAL INC,305,0.0011
2025-06-23,ARKW,Buy,SHOP,SHOPIFY INC,29594,0.1614
2025-06-23,ARKW,Buy,AMD,ADVANCED MICRO DEVICES INC,20514,0.1324
2025-06-23,ARKW,Buy,TSM,TAIWAN SEMICONDUCTOR MANUFACTURING CO LTD,12586,0.1317
2025-06-23,ARKW,Buy,QCOM,QUALCOMM INC,8031,0.0611
2025-06-23,ARKW,Buy,U,UNITY SOFTWARE INC,44734,0.0516
2025-06-23,ARKW,Buy,PSTG,PURE STORAGE INC,19182,0.0508
2025-06-23,ARKW,Buy,COIN,COINBASE GLOBAL INC,2679,0.0409
2025-06-23,ARKW,Buy,DDOG,DATADOG INC,6282,0.0405
2025-06-23,ARKW,Buy,TOST,TOAST INC,16741,0.0361
2025-06-23,ARKW,Buy,TTD,TRADE DESK INC,5899,0.0203
2025-06-23,ARKW,Buy,KIND,NEXTDOOR HOLDINGS INC,65623,0.0050
2025-06-23,ARKW,Sell,CRCL,CIRCLE INTERNET GROUP INC,72302,0.9518
2025-06-23,ARKG,Sell,ADPT,ADAPTIVE BIOTECHNOLOGIES CORP,20214,0.0200
2025-06-23,ARKF,Buy,AMD,ADVANCED MICRO DEVICES INC,24158,0.2677
2025-06-23,ARKF,Buy,SHOP,SHOPIFY INC,21303,0.1995
2025-06-23,ARKF,Buy,COIN,COINBASE GLOBAL INC,1519,0.0399
2025-06-23,ARKF,Buy,TOST,TOAST INC,10088,0.0373
2025-06-23,ARKF,Buy,PYPL,PAYPAL HOLDINGS INC,4844,0.0298
2025-06-23,ARKF,Sell,CRCL,CIRCLE INTERNET GROUP INC,36621,0.8278
2025-06-24,ARKK,Buy,ABNB,AIRBNB INC,19622,0.0394
2025-06-24,ARKK,Buy,ILMN,ILLUMINA INC,28266,0.0392
2025-06-24,ARKK,Buy,SHOP,SHOPIFY INC,18875,0.0329
2025-06-24,ARKK,Buy,BWXT,BWX TECHNOLOGIES INC,9014,0.0195
2025-06-24,ARKK,Buy,VCYT,VERACYTE INC,39761,0.0164
2025-06-24,ARKK,Buy,BEAM,BEAM THERAPEUTICS INC,39919,0.0105
2025-06-24,ARKK,Buy,TWST,TWIST BIOSCIENCE CORP,12974,0.0071
2025-06-24,ARKK,Buy,CRSP,CRISPR THERAPEUTICS AG,8468,0.0061
2025-06-24,ARKK,Buy,IRDM,IRIDIUM COMMUNICATIONS INC,10964,0.0049
2025-06-24,ARKK,Buy,NTLA,INTELLIA THERAPEUTICS INC,15811,0.0023
2025-06-24,ARKQ,Sell,MGA,MAGNA INTERNATIONAL INC,150,0.0005
2025-06-24,ARKQ,Sell,PATH,UIPATH INC,450,0.0005
2025-06-24,ARKW,Buy,TOST,TOAST INC,43274,0.0938
2025-06-24,ARKW,Buy,SHOP,SHOPIFY INC,8605,0.0479
2025-06-24,ARKG,Sell,ADPT,ADAPTIVE BIOTECHNOLOGIES CORP,9939,0.0101
2025-06-24,ARKF,Buy,TOST,TOAST INC,26607,0.1017
2025-06-24,ARKF,Buy,SHOP,SHOPIFY INC,6349,0.0623
2025-06-25,ARKK,Buy,SHOP,SHOPIFY INC,17879,0.0311
2025-06-25,ARKK,Buy,BEAM,BEAM THERAPEUTICS INC,89345,0.0231
2025-06-25,ARKK,Buy,VCYT,VERACYTE INC,50736,0.0206
2025-06-25,ARKK,Buy,TWST,TWIST BIOSCIENCE CORP,11770,0.0063
2025-06-25,ARKK,Buy,CRSP,CRISPR THERAPEUTICS AG,5955,0.0043
2025-06-25,ARKK,Sell,HOOD,ROBINHOOD MARKETS INC,55949,0.0707
2025-06-25,ARKQ,Sell,PATH,UIPATH INC,100,0.0001
2025-06-25,ARKQ,Sell,MGA,MAGNA INTERNATIONAL INC,50,0.0002
2025-06-25,ARKW,Buy,SHOP,SHOPIFY INC,10918,0.0597
2025-06-25,ARKW,Buy,TOST,TOAST INC,13983,0.0296
2025-06-25,ARKW,Buy,KIND,NEXTDOOR HOLDINGS INC,64344,0.0048
2025-06-25,ARKF,Buy,SHOP,SHOPIFY INC,7261,0.0696
2025-06-25,ARKF,Buy,TOST,TOAST INC,7970,0.0296
2025-06-26,ARKK,Buy,KTOS,KRATOS DEFENSE AND SECURITY SOLUTIONS INC,1119713,0.6409
2025-06-26,ARKK,Buy,CRSP,CRISPR THERAPEUTICS AG,14037,0.0096
2025-06-26,ARKK,Sell,COIN,COINBASE GLOBAL INC,33363,0.1818
2025-06-26,ARKK,Sell,XYZ,BLOCK INC,189649,0.1825
2025-06-26,ARKK,Sell,RBLX,ROBLOX CORP (PRE-REINCORPORATION),182528,0.2841
2025-06-26,ARKQ,Buy,KTOS,KRATOS DEFENSE AND SECURITY SOLUTIONS INC,78149,0.2869
2025-06-26,ARKQ,Sell,PATH,UIPATH INC,50,0.0001
2025-06-26,ARKQ,Sell,ESLT,ELBIT SYSTEMS LTD,1413,0.0587
2025-06-26,ARKQ,Sell,CCJ,CAMECO CORP,20076,0.1428
2025-06-26,ARKX,Buy,KTOS,KRATOS DEFENSE AND SECURITY SOLUTIONS INC,23488,0.2848
2025-06-26,ARKX,Sell,ESLT,ELBIT SYSTEMS LTD,287,0.0394
2025-06-26,ARKX,Sell,LMT,LOCKHEED MARTIN CORP,707,0.1028
2025-06-27,ARKK,Buy,SOFI,SOFI TECHNOLOGIES INC,1978022,0.5022
2025-06-27,ARKK,Buy,TSLA,TESLA INC,41992,0.2000
2025-06-27,ARKK,Buy,TWST,TWIST BIOSCIENCE CORP,46668,0.0248
2025-06-27,ARKK,Buy,KTOS,KRATOS DEFENSE AND SECURITY SOLUTIONS INC,25337,0.0156
2025-06-27,ARKK,Buy,BEAM,BEAM THERAPEUTICS INC,40230,0.0099
2025-06-27,ARKK,Sell,RBLX,ROBLOX CORP (PRE-REINCORPORATION),129061,0.1990
2025-06-27,ARKK,Sell,COIN,COINBASE GLOBAL INC,96022,0.4968
2025-06-27,ARKQ,Sell,ESLT,ELBIT SYSTEMS LTD,1454,0.0588
2025-06-27,ARKF,Buy,SOFI,SOFI TECHNOLOGIES INC,344088,0.4968
2025-06-27,ARKF,Sell,COIN,COINBASE GLOBAL INC,16707,0.4916
2025-06-27,ARKX,Sell,ESLT,ELBIT SYSTEMS LTD,295,0.0389
2025-06-30,ARKK,Buy,AMD,ADVANCED MICRO DEVICES INC,240786,0.5053
2025-06-30,ARKK,Sell,COIN,COINBASE GLOBAL INC,77956,0.4043
2025-06-30,ARKQ,Sell,ESLT,ELBIT SYSTEMS LTD,1005,0.0410
2025-06-30,ARKW,Buy,AMD,ADVANCED MICRO DEVICES INC,73344,0.5049
2025-06-30,ARKW,Sell,COIN,COINBASE GLOBAL INC,29802,0.5071
2025-06-30,ARKF,Buy,AMD,ADVANCED MICRO DEVICES INC,42145,0.5076
2025-06-30,ARKF,Sell,COIN,COINBASE GLOBAL INC,17134,0.5101
2025-06-30,ARKX,Sell,ESLT,ELBIT SYSTEMS LTD,155,0.0207
2025-07-01,ARKK,Buy,TSLA,TESLA INC,43126,0.1869
2025-07-01,ARKK,Sell,RBLX,ROBLOX CORP (PRE-REINCORPORATION),26877,0.0397
2025-07-01,ARKW,Buy,TSLA,TESLA INC,13242,0.1873
2025-07-01,ARKW,Sell,COIN,COINBASE GLOBAL INC,9116,0.1471
2025-07-01,ARKG,Buy,ATAI,ATAI LIFE SCIENCES NV,949630,0.2507
2025-07-01,ARKG,Buy,CMPS,COMPASS PATHWAYS PLC,153647,0.0476
2025-07-01,ARKG,Sell,MASS,908 DEVICES INC,47132,0.0304
2025-07-01,ARKG,Sell,ADPT,ADAPTIVE BIOTECHNOLOGIES CORP,153324,0.1703
2025-07-02,ARKK,Buy,BEAM,BEAM THERAPEUTICS INC,47576,0.0136
2025-07-02,ARKK,Sell,RBLX,ROBLOX CORP (PRE-REINCORPORATION),72203,0.1106
2025-07-02,ARKQ,Buy,AVAV,AEROVIRONMENT INC,25713,0.5990
2025-07-02,ARKQ,Sell,KMTUY,KOMATSU LTD,199192,0.6051
2025-07-02,ARKW,Sell,COIN,COINBASE GLOBAL INC,3067,0.0513
2025-07-02,ARKG,Buy,BEAM,BEAM THERAPEUTICS INC,7393,0.0139
2025-07-02,ARKG,Buy,CMPS,COMPASS PATHWAYS PLC,39681,0.0127
2025-07-02,ARKG,Sell,MASS,908 DEVICES INC,145829,0.0951
2025-07-02,ARKG,Sell,IONS,IONIS PHARMACEUTICALS INC,24328,0.1035
2025-07-02,ARKX,Buy,AVAV,AEROVIRONMENT INC,2662,0.1998
2025-07-03,ARKK,Buy,BEAM,BEAM THERAPEUTICS INC,24832,0.0073
2025-07-03,ARKG,Buy,CMPS,COMPASS PATHWAYS PLC,125491,0.0395
2025-07-03,ARKG,Buy,BEAM,BEAM THERAPEUTICS INC,3911,0.0073
2025-07-03,ARKG,Sell,MASS,908 DEVICES INC,56327,0.0356
2025-07-03,ARKX,Sell,6301,KOMATSU LTD,20506,28.9085
2025-07-07,ARKK,Buy,BEAM,BEAM THERAPEUTICS INC,571076,0.1629
2025-07-07,ARKK,Sell,RBLX,ROBLOX CORP (PRE-REINCORPORATION),31416,0.0497
2025-07-07,ARKG,Buy,BEAM,BEAM THERAPEUTICS INC,88352,0.1594
2025-07-07,ARKG,Sell,MASS,908 DEVICES INC,56431,0.0339
2025-07-07,ARKG,Sell,IONS,IONIS PHARMACEUTICALS INC,12143,0.0473
2025-07-08,ARKK,Buy,CRSP,CRISPR THERAPEUTICS AG,102806,0.0825
2025-07-08,ARKK,Buy,BEAM,BEAM THERAPEUTICS INC,4,0.0000
2025-07-08,ARKK,Sell,ROKU,ROKU INC,20813,0.0271
2025-07-08,ARKG,Sell,MASS,908 DEVICES INC,62307,0.0399
2025-07-09,ARKK,Buy,TEM,TEMPUS AI INC,130981,0.1121
2025-07-09,ARKK,Sell,ROKU,ROKU INC,50823,0.0659
2025-07-09,ARKK,Sell,XYZ,BLOCK INC,96503,0.0973
2025-07-09,ARKG,Buy,TEM,TEMPUS AI INC,19582,0.1106
2025-07-09,ARKG,Sell,VEEV,VEEVA SYSTEMS INC,5627,0.1537
2025-07-10,ARKK,Buy,TER,TERADYNE INC,179242,0.2537
2025-07-10,ARKK,Buy,TEM,TEMPUS AI INC,14044,0.0120
2025-07-10,ARKK,Sell,XYZ,BLOCK INC,24780,0.0246
2025-07-10,ARKK,Sell,ROKU,ROKU INC,62732,0.0810
2025-07-10,ARKK,Sell,HOOD,ROBINHOOD MARKETS INC,58504,0.0816
2025-07-10,ARKK,Sell,COIN,COINBASE GLOBAL INC,16627,0.0912
2025-07-10,ARKG,Buy,TEM,TEMPUS AI INC,2233,0.0124
2025-07-11,ARKK,Buy,TSLA,TESLA INC,45761,0.2024
2025-07-11,ARKK,Sell,ACHR,ARCHER AVIATION INC,168990,0.0254
2025-07-11,ARKK,Sell,ROKU,ROKU INC,32446,0.0410
2025-07-11,ARKQ,Buy,AUR,AURORA INNOVATION INC,425933,0.2029
2025-07-11,ARKQ,Sell,KTOS,KRATOS DEFENSE AND SECURITY SOLUTIONS INC,44105,0.2039
2025-07-11,ARKW,Buy,TSLA,TESLA INC,13944,0.2003
2025-07-11,ARKW,Sell,ROKU,ROKU INC,9886,0.0406
2025-07-11,ARKW,Sell,COIN,COINBASE GLOBAL INC,5596,0.0999
2025-07-11,ARKX,Buy,BWXT,BWX TECHNOLOGIES INC,18387,0.7146
2025-07-11,ARKX,Sell,KTOS,KRATOS DEFENSE AND SECURITY SOLUTIONS INC,48441,0.7124
2025-07-14,ARKK,Sell,ACHR,ARCHER AVIATION INC,171557,0.0260
2025-07-14,ARKK,Sell,ROKU,ROKU INC,25930,0.0332
2025-07-14,ARKW,Sell,ROKU,ROKU INC,8033,0.0338
2025-07-14,ARKG,Buy,CAI,CARIS LIFE SCIENCES INC,52527,0.1337
2025-07-14,ARKG,Sell,GH,GUARDANT HEALTH INC,27569,0.1313
2025-07-15,ARKK,Buy,TSLA,TESLA INC,45145,0.2006
2025-07-15,ARKK,Sell,ROKU,ROKU INC,65757,0.0834
2025-07-15,ARKW,Buy,TSLA,TESLA INC,70235,1.0043
2025-07-15,ARKW,Sell,ROKU,ROKU INC,2283,0.0093
2025-07-15,ARKW,Sell,ARKB,ARK 21SHARES BITCOIN ETF,225742,0.3985
2025-07-15,ARKW,Sell,COIN,COINBASE GLOBAL INC,34207,0.6031
2025-07-15,ARKG,Buy,CAI,CARIS LIFE SCIENCES INC,37290,0.0994
2025-07-15,ARKG,Sell,GH,GUARDANT HEALTH INC,13191,0.0614
2025-07-15,ARKX,Buy,NVDA,NVIDIA CORP,2999,0.1408
2025-07-15,ARKX,Sell,ANSS,ANSYS INC,1174,0.1263
2025-07-16,ARKK,Buy,TEM,TEMPUS AI INC,137969,0.1143
2025-07-16,ARKK,Sell,ROKU,ROKU INC,166354,0.2150
2025-07-16,ARKW,Buy,ETHQ.U,3IQ ETHER STAKING ETF,300000,0.1807
2025-07-16,ARKW,Sell,ROKU,ROKU INC,3261,0.0135
2025-07-16,ARKW,Sell,COIN,COINBASE GLOBAL INC,9555,0.1743
2025-07-16,ARKG,Buy,TEM,TEMPUS AI INC,20082,0.1140
2025-07-16,ARKG,Buy,CAI,CARIS LIFE SCIENCES INC,23153,0.0658
2025-07-16,ARKG,Sell,ADPT,ADAPTIVE BIOTECHNOLOGIES CORP,53932,0.0571
2025-07-16,ARKG,Sell,GH,GUARDANT HEALTH INC,21712,0.1030
2025-07-16,ARKF,Buy,ETHQ.U,3IQ ETHER STAKING ETF,300000,0.3139
2025-07-16,ARKF,Sell,ROKU,ROKU INC,24818,0.1784
2025-07-16,ARKX,Buy,NVDA,NVIDIA CORP,11021,0.5136
2025-07-16,ARKX,Buy,IRDM,IRIDIUM COMMUNICATIONS INC,12237,0.1038
2025-07-16,ARKX,Buy,TER,TERADYNE INC,4189,0.1024
2025-07-16,ARKX,Sell,RKLB,ROCKET LAB USA INC,57567,0.7209
2025-07-17,ARKK,Buy,TER,TERADYNE INC,85030,0.1088
2025-07-17,ARKK,Sell,META,META PLATFORMS INC,3502,0.0340
2025-07-17,ARKG,Buy,CAI,CARIS LIFE SCIENCES INC,14708,0.0438
2025-07-17,ARKG,Sell,ADPT,ADAPTIVE BIOTECHNOLOGIES CORP,5429,0.0056
2025-07-17,ARKG,Sell,GH,GUARDANT HEALTH INC,13403,0.0625
2025-07-17,ARKX,Buy,NVDA,NVIDIA CORP,10307,0.4638
2025-07-17,ARKX,Buy,LHX,L3HARRIS TECHNOLOGIES INC,2997,0.2061
2025-07-17,ARKX,Buy,AMD,ADVANCED MICRO DEVICES INC,4980,0.2059
2025-07-17,ARKX,Sell,RKLB,ROCKET LAB USA INC,64326,0.8812
2025-07-18,ARKK,Buy,TER,TERADYNE INC,39792,0.0496
2025-07-18,ARKK,Sell,META,META PLATFORMS INC,2106,0.0197
2025-07-18,ARKG,Buy,CAI,CARIS LIFE SCIENCES INC,13036,0.0386
2025-07-18,ARKG,Sell,GH,GUARDANT HEALTH INC,3013,0.0139
2025-07-21,ARKK,Buy,BMNR,BITMINE IMMERSION TECHNOLOGIES INC,2937432,1.4910
2025-07-21,ARKK,Sell,RBLX,ROBLOX CORP (PRE-REINCORPORATION),295133,0.4930
2025-07-21,ARKK,Sell,COIN,COINBASE GLOBAL INC,174746,0.9793
2025-07-21,ARKW,Buy,BMNR,BITMINE IMMERSION TECHNOLOGIES INC,927898,1.5123
2025-07-21,ARKW,Buy,DASH,DOORDASH INC,9899,0.1021
2025-07-21,ARKW,Buy,AMD,ADVANCED MICRO DEVICES INC,14954,0.1016
2025-07-21,ARKW,Buy,ABNB,AIRBNB INC,8535,0.0507
2025-07-21,ARKW,Sell,HOOD,ROBINHOOD MARKETS INC,109824,0.4970
2025-07-21,ARKW,Sell,COIN,COINBASE GLOBAL INC,27663,0.4978
2025-07-21,ARKW,Sell,RBLX,ROBLOX CORP (PRE-REINCORPORATION),112168,0.6016
2025-07-21,ARKF,Buy,BMNR,BITMINE IMMERSION TECHNOLOGIES INC,555704,1.5347
2025-07-21,ARKF,Buy,NU,NU HOLDINGS LTD,219719,0.2064
2025-07-21,ARKF,Buy,AMD,ADVANCED MICRO DEVICES INC,17892,0.2060
2025-07-21,ARKF,Buy,IBTA,IBOTTA INC,56766,0.1561
2025-07-21,ARKF,Buy,DASH,DOORDASH INC,5926,0.1036
2025-07-21,ARKF,Sell,COIN,COINBASE GLOBAL INC,16577,0.5055
2025-07-21,ARKF,Sell,RBLX,ROBLOX CORP (PRE-REINCORPORATION),55992,0.5088
2025-07-21,ARKF,Sell,XYZ,BLOCK INC,90061,0.5128
2025-07-21,ARKX,Buy,DE,DEERE & CO,4161,0.5167
2025-07-22,ARKG,Buy,ILMN,ILLUMINA INC,31265,0.3110
2025-07-22,ARKG,Sell,GH,GUARDANT HEALTH INC,68228,0.3095
2025-07-22,ARKF,Buy,IBTA,IBOTTA INC,2517,0.0069
2025-07-22,ARKX,Buy,NVDA,NVIDIA CORP,11973,0.4899
2025-07-22,ARKX,Sell,RKLB,ROCKET LAB USA INC,43481,0.4894
2025-07-22,ARKX,Sell,6301,KOMATSU LTD,63807,77.5284
2025-07-24,ARKK,Buy,TSLA,TESLA INC,101398,0.4147
2025-07-24,ARKK,Buy,IRDM,IRIDIUM COMMUNICATIONS INC,385714,0.1322
2025-07-24,ARKK,Sell,XYZ,BLOCK INC,123169,0.1323
2025-07-24,ARKK,Sell,COIN,COINBASE GLOBAL INC,27614,0.1486
2025-07-24,ARKK,Sell,RBLX,ROBLOX CORP (PRE-REINCORPORATION),93460,0.1496
2025-07-24,ARKQ,Buy,TSLA,TESLA INC,24345,0.5896
2025-07-24,ARKQ,Buy,IRDM,IRIDIUM COMMUNICATIONS INC,64162,0.1303
2025-07-24,ARKQ,Sell,AVAV,AEROVIRONMENT INC,6764,0.1459
2025-07-24,ARKQ,Sell,KTOS,KRATOS DEFENSE AND SECURITY SOLUTIONS INC,100236,0.4715
2025-07-24,ARKW,Buy,TSLA,TESLA INC,17447,0.2303
2025-07-24,ARKW,Sell,ARKB,ARK 21SHARES BITCOIN ETF,28906,0.0496
2025-07-24,ARKW,Sell,HOOD,ROBINHOOD MARKETS INC,11262,0.0497
2025-07-24,ARKW,Sell,COIN,COINBASE GLOBAL INC,2887,0.0501
2025-07-24,ARKX,Buy,IRDM,IRIDIUM COMMUNICATIONS INC,21148,0.1302
2025-07-24,ARKX,Sell,KTOS,KRATOS DEFENSE AND SECURITY SOLUTIONS INC,7638,0.1090
2025-07-25,ARKK,Buy,VCYT,VERACYTE INC,262141,0.0892
2025-07-25,ARKK,Buy,IRDM,IRIDIUM COMMUNICATIONS INC,56934,0.0195
2025-07-25,ARKK,Sell,CRSP,CRISPR THERAPEUTICS AG,190840,0.1674
2025-07-25,ARKQ,Buy,IRDM,IRIDIUM COMMUNICATIONS INC,9829,0.0202
2025-07-25,ARKQ,Sell,KTOS,KRATOS DEFENSE AND SECURITY SOLUTIONS INC,33866,0.1613
2025-07-25,ARKG,Buy,ABSI,ABSCI CORP,2248226,0.5981
2025-07-25,ARKG,Sell,VEEV,VEEVA SYSTEMS INC,1916,0.0494
2025-07-25,ARKG,Sell,ADPT,ADAPTIVE BIOTECHNOLOGIES CORP,72523,0.0693
2025-07-25,ARKG,Sell,GH,GUARDANT HEALTH INC,37350,0.1480
2025-07-25,ARKG,Sell,CRSP,CRISPR THERAPEUTICS AG,58268,0.3350
2025-07-25,ARKX,Buy,IRDM,IRIDIUM COMMUNICATIONS INC,3206,0.0200
2025-07-25,ARKX,Sell,KTOS,KRATOS DEFENSE AND SECURITY SOLUTIONS INC,2762,0.0400
2025-07-28,ARKK,Buy,BMNR,BITMINE IMMERSION TECHNOLOGIES INC,401318,0.1936
2025-07-28,ARKK,Buy,VCYT,VERACYTE INC,227594,0.0787
2025-07-28,ARKK,Sell,XYZ,BLOCK INC,134833,0.1493
2025-07-28,ARKQ,Buy,AMD,ADVANCED MICRO DEVICES INC,18118,0.2497
2025-07-28,ARKQ,Buy,NVDA,NVIDIA CORP,17869,0.2497
2025-07-28,ARKQ,Buy,DASH,DOORDASH INC,10113,0.1987
2025-07-28,ARKQ,Buy,ISRG,INTUITIVE SURGICAL INC,4991,0.1986
2025-07-28,ARKQ,Buy,LUNR,INTUITIVE MACHINES INC,138806,0.1407
2025-07-28,ARKQ,Sell,RKLB,ROCKET LAB USA INC,65840,0.2364
2025-07-28,ARKQ,Sell,KTOS,KRATOS DEFENSE AND SECURITY SOLUTIONS INC,63838,0.2963
2025-07-28,ARKQ,Sell,JOBY,JOBY AVIATION INC,289536,0.3999
2025-07-28,ARKW,Buy,GOOG,ALPHABET INC,181640,1.5154
2025-07-28,ARKW,Buy,BMNR,BITMINE IMMERSION TECHNOLOGIES INC,128048,0.1948
2025-07-28,ARKW,Sell,GENI,GENIUS SPORTS LTD,250000,0.1130
2025-07-28,ARKW,Sell,XYZ,BLOCK INC,43003,0.1501
2025-07-28,ARKW,Sell,COIN,COINBASE GLOBAL INC,18204,0.2992
2025-07-28,ARKW,Sell,PLTR,PALANTIR TECHNOLOGIES INC,44002,0.3004
2025-07-28,ARKW,Sell,HOOD,ROBINHOOD MARKETS INC,66186,0.3036
2025-07-28,ARKW,Sell,RBLX,ROBLOX CORP (PRE-REINCORPORATION),58921,0.3040
2025-07-28,ARKG,Buy,ATAI,ATAI LIFE SCIENCES NV,489751,0.1387
2025-07-28,ARKG,Sell,CRSP,CRISPR THERAPEUTICS AG,43479,0.2483
2025-07-28,ARKF,Buy,Z,ZILLOW GROUP INC,67564,0.3954
2025-07-28,ARKF,Buy,BMNR,BITMINE IMMERSION TECHNOLOGIES INC,43487,0.1099
2025-07-28,ARKF,Sell,XYZ,BLOCK INC,8581,0.0498
2025-07-28,ARKF,Sell,PLTR,PALANTIR TECHNOLOGIES INC,17583,0.1993
2025-07-28,ARKF,Sell,RBLX,ROBLOX CORP (PRE-REINCORPORATION),23544,0.2017
2025-07-28,ARKF,Sell,HOOD,ROBINHOOD MARKETS INC,52904,0.4030
2025-07-28,ARKX,Buy,NVDA,NVIDIA CORP,9255,0.3978
2025-07-28,ARKX,Buy,AMD,ADVANCED MICRO DEVICES INC,7037,0.2984
2025-07-28,ARKX,Buy,LUNR,INTUITIVE MACHINES INC,44938,0.1402
2025-07-28,ARKX,Sell,RKLB,ROCKET LAB USA INC,14208,0.1569
2025-07-28,ARKX,Sell,KTOS,KRATOS DEFENSE AND SECURITY SOLUTIONS INC,13775,0.1967
2025-07-28,ARKX,Sell,JOBY,JOBY AVIATION INC,93736,0.3983
2025-07-29,ARKK,Buy,BMNR,BITMINE IMMERSION TECHNOLOGIES INC,323186,0.1442
2025-07-29,ARKK,Buy,VCYT,VERACYTE INC,87248,0.0294
2025-07-29,ARKQ,Buy,LUNR,INTUITIVE MACHINES INC,58421,0.0580
2025-07-29,ARKQ,Sell,RKLB,ROCKET LAB USA INC,3119,0.0113
2025-07-29,ARKQ,Sell,JOBY,JOBY AVIATION INC,27428,0.0378
2025-07-29,ARKW,Buy,BMNR,BITMINE IMMERSION TECHNOLOGIES INC,104244,0.1456
2025-07-29,ARKG,Buy,ATAI,ATAI LIFE SCIENCES NV,133594,0.0411
2025-07-29,ARKF,Buy,Z,ZILLOW GROUP INC,71334,0.4171
2025-07-29,ARKF,Buy,BMNR,BITMINE IMMERSION TECHNOLOGIES INC,50068,0.1168
2025-07-29,ARKF,Sell,XYZ,BLOCK INC,18843,0.1076
2025-07-29,ARKX,Buy,LUNR,INTUITIVE MACHINES INC,18843,0.0580
2025-07-29,ARKX,Sell,RKLB,ROCKET LAB USA INC,670,0.0076
2025-07-29,ARKX,Sell,JOBY,JOBY AVIATION INC,8847,0.0378
2025-07-30,ARKK,Buy,SOFI,SOFI TECHNOLOGIES INC,328531,0.0974
2025-07-30,ARKK,Buy,PD,PAGERDUTY INC,167687,0.0380
2025-07-30,ARKK,Sell,ROKU,ROKU INC,60689,0.0775
2025-07-30,ARKQ,Sell,RKLB,ROCKET LAB USA INC,14047,0.0505
2025-07-30,ARKQ,Sell,JOBY,JOBY AVIATION INC,43703,0.0610
2025-07-30,ARKW,Buy,PD,PAGERDUTY INC,53871,0.0378
2025-07-30,ARKW,Sell,ROKU,ROKU INC,6504,0.0257
2025-07-30,ARKF,Sell,XYZ,BLOCK INC,12061,0.0691
2025-07-30,ARKX,Buy,AMD,ADVANCED MICRO DEVICES INC,3351,0.1517
2025-07-30,ARKX,Sell,RKLB,ROCKET LAB USA INC,2707,0.0302
2025-07-30,ARKX,Sell,JOBY,JOBY AVIATION INC,14036,0.0609
2025-07-30,ARKX,Sell,TRMB,TRIMBLE INC,7040,0.1516
2025-07-31,ARKK,Buy,PD,PAGERDUTY INC,245309,0.0543
2025-07-31,ARKK,Sell,ROKU,ROKU INC,26405,0.0340
2025-07-31,ARKW,Buy,FIG,FIGMA INC,60000,0.0840
2025-07-31,ARKW,Buy,PD,PAGERDUTY INC,79475,0.0546
2025-07-31,ARKW,Sell,ROKU,ROKU INC,27476,0.1098
2025-07-31,ARKG,Buy,PRME,PRIME MEDICINE INC,2356661,0.7557
2025-07-31,ARKG,Buy,CMPS,COMPASS PATHWAYS PLC,119479,0.0507
2025-07-31,ARKG,Sell,MASS,908 DEVICES INC,38385,0.0247
2025-07-31,ARKG,Sell,IONS,IONIS PHARMACEUTICALS INC,12677,0.0524
2025-07-31,ARKG,Sell,ADPT,ADAPTIVE BIOTECHNOLOGIES CORP,201786,0.2012
2025-07-31,ARKG,Sell,CRSP,CRISPR THERAPEUTICS AG,78368,0.4423
2025-07-31,ARKX,Buy,NVDA,NVIDIA CORP,4483,0.1998
2025-07-31,ARKX,Buy,AMD,ADVANCED MICRO DEVICES INC,4503,0.1993
2025-07-31,ARKX,Buy,DE,DEERE & CO,386,0.0505
2025-07-31,ARKX,Sell,LHX,L3HARRIS TECHNOLOGIES INC,1461,0.1002
2025-07-31,ARKX,Sell,AVAV,AEROVIRONMENT INC,1508,0.1006
2025-07-31,ARKX,Sell,RKLB,ROCKET LAB USA INC,8581,0.1011
2025-07-31,ARKX,Sell,KTOS,KRATOS DEFENSE AND SECURITY SOLUTIONS INC,10000,0.1466
2025-08-01,ARKK,Buy,COIN,COINBASE GLOBAL INC,71809,0.2837
2025-08-01,ARKK,Buy,ROKU,ROKU INC,231438,0.2368
2025-08-01,ARKK,Buy,ILMN,ILLUMINA INC,120593,0.1432
2025-08-01,ARKK,Buy,BMNR,BITMINE IMMERSION TECHNOLOGIES INC,364589,0.1421
2025-08-01,ARKK,Buy,PD,PAGERDUTY INC,299279,0.0585
2025-08-01,ARKK,Buy,SOFI,SOFI TECHNOLOGIES INC,53396,0.0142
2025-08-01,ARKK,Sell,KTOS,KRATOS DEFENSE AND SECURITY SOLUTIONS INC,134548,0.0950
2025-08-01,ARKK,Sell,RBLX,ROBLOX CORP (PRE-REINCORPORATION),243797,0.3846
2025-08-01,ARKW,Buy,ROKU,ROKU INC,72266,0.2371
2025-08-01,ARKW,Buy,COIN,COINBASE GLOBAL INC,14822,0.1878
2025-08-01,ARKW,Buy,BMNR,BITMINE IMMERSION TECHNOLOGIES INC,114133,0.1426
2025-08-01,ARKW,Buy,PD,PAGERDUTY INC,93344,0.0586
2025-08-01,ARKW,Sell,RBLX,ROBLOX CORP (PRE-REINCORPORATION),47625,0.2409
2025-08-01,ARKG,Buy,ILMN,ILLUMINA INC,41618,0.3925
2025-08-01,ARKG,Buy,CMPS,COMPASS PATHWAYS PLC,23173,0.0096
2025-08-01,ARKG,Sell,MASS,908 DEVICES INC,5793,0.0038
2025-08-01,ARKG,Sell,ADPT,ADAPTIVE BIOTECHNOLOGIES CORP,39393,0.0398
2025-08-01,ARKG,Sell,IONS,IONIS PHARMACEUTICALS INC,92465,0.3918
2025-08-01,ARKF,Buy,ROKU,ROKU INC,39229,0.2372
2025-08-01,ARKF,Buy,COIN,COINBASE GLOBAL INC,8047,0.1879
2025-08-01,ARKF,Buy,BMNR,BITMINE IMMERSION TECHNOLOGIES INC,61990,0.1428
2025-08-01,ARKF,Sell,RBLX,ROBLOX CORP (PRE-REINCORPORATION),62108,0.5790
2025-08-04,ARKK,Buy,TWST,TWIST BIOSCIENCE CORP,255838,0.0959
2025-08-04,ARKK,Sell,RBLX,ROBLOX CORP (PRE-REINCORPORATION),83208,0.1424
2025-08-04,ARKQ,Buy,LHX,L3HARRIS TECHNOLOGIES INC,13610,0.3104
2025-08-04,ARKQ,Buy,TER,TERADYNE INC,31361,0.2702
2025-08-04,ARKQ,Buy,NVDA,NVIDIA CORP,14134,0.2075
2025-08-04,ARKQ,Buy,AMD,ADVANCED MICRO DEVICES INC,14258,0.2069
2025-08-04,ARKQ,Buy,AUR,AURORA INNOVATION INC,262133,0.1275
2025-08-04,ARKQ,Buy,LUNR,INTUITIVE MACHINES INC,27822,0.0252
2025-08-04,ARKQ,Sell,JOBY,JOBY AVIATION INC,299064,0.4869
2025-08-04,ARKQ,Sell,BLDE,BLADE AIR MOBILITY INC,1793477,0.7022
2025-08-04,ARKG,Buy,TWST,TWIST BIOSCIENCE CORP,35435,0.1012
2025-08-04,ARKG,Sell,MASS,908 DEVICES INC,22779,0.0150
2025-08-04,ARKG,Sell,CRSP,CRISPR THERAPEUTICS AG,26057,0.1519
2025-08-04,ARKF,Buy,KSPI,KASPI.KZ AO,8760,0.0570
2025-08-04,ARKF,Sell,HOOD,ROBINHOOD MARKETS INC,12613,0.1023
2025-08-04,ARKF,Sell,RBLX,ROBLOX CORP (PRE-REINCORPORATION),10206,0.1028
2025-08-04,ARKX,Buy,LHX,L3HARRIS TECHNOLOGIES INC,8718,0.6197
2025-08-04,ARKX,Buy,NVDA,NVIDIA CORP,9077,0.4154
2025-08-04,ARKX,Buy,AMD,ADVANCED MICRO DEVICES INC,9160,0.4143
2025-08-04,ARKX,Buy,TER,TERADYNE INC,13440,0.3610
2025-08-04,ARKX,Buy,DE,DEERE & CO,2391,0.3115
2025-08-04,ARKX,Buy,LUNR,INTUITIVE MACHINES INC,17888,0.0506
2025-08-04,ARKX,Sell,JOBY,JOBY AVIATION INC,191901,0.9740
2025-08-04,ARKX,Sell,BLDE,BLADE AIR MOBILITY INC,1152958,1.4071
2025-08-05,ARKK,Buy,CRSP,CRISPR THERAPEUTICS AG,181295,0.1408
2025-08-05,ARKK,Buy,TWST,TWIST BIOSCIENCE CORP,137507,0.0553
2025-08-05,ARKK,Sell,XYZ,BLOCK INC,63504,0.0657
2025-08-05,ARKK,Sell,RBLX,ROBLOX CORP (PRE-REINCORPORATION),42703,0.0748
2025-08-05,ARKQ,Buy,AUR,AURORA INNOVATION INC,288331,0.1376
2025-08-05,ARKQ,Buy,LUNR,INTUITIVE MACHINES INC,90338,0.0811
2025-08-05,ARKQ,Buy,TER,TERADYNE INC,4603,0.0385
2025-08-05,ARKQ,Sell,BLDE,BLADE AIR MOBILITY INC,158152,0.0521
2025-08-05,ARKG,Buy,TWST,TWIST BIOSCIENCE CORP,16787,0.0478
2025-08-05,ARKF,Buy,KSPI,KASPI.KZ AO,1100,0.0071
2025-08-05,ARKX,Buy,LUNR,INTUITIVE MACHINES INC,54337,0.1523
2025-08-05,ARKX,Buy,TER,TERADYNE INC,1846,0.0482
2025-08-05,ARKX,Sell,BLDE,BLADE AIR MOBILITY INC,101467,0.1043
2025-08-06,ARKK,Buy,AMD,ADVANCED MICRO DEVICES INC,129610,0.3095
2025-08-06,ARKK,Buy,TWST,TWIST BIOSCIENCE CORP,263113,0.1017
2025-08-06,ARKK,Buy,CRSP,CRISPR THERAPEUTICS AG,78233,0.0631
2025-08-06,ARKK,Sell,ROKU,ROKU INC,8129,0.0102
2025-08-06,ARKK,Sell,PLTR,PALANTIR TECHNOLOGIES INC,54034,0.1418
2025-08-06,ARKK,Sell,SHOP,SHOPIFY INC,63476,0.1424
2025-08-06,ARKK,Sell,RBLX,ROBLOX CORP (PRE-REINCORPORATION),92781,0.1813
2025-08-06,ARKQ,Buy,AMD,ADVANCED MICRO DEVICES INC,23990,0.3051
2025-08-06,ARKQ,Buy,AUR,AURORA INNOVATION INC,186013,0.0891
2025-08-06,ARKQ,Sell,KTOS,KRATOS DEFENSE AND SECURITY SOLUTIONS INC,90113,0.4194
2025-08-06,ARKW,Buy,AMD,ADVANCED MICRO DEVICES INC,64387,0.4576
2025-08-06,ARKW,Sell,ROKU,ROKU INC,1388,0.0052
2025-08-06,ARKW,Sell,PLTR,PALANTIR TECHNOLOGIES INC,9245,0.0722
2025-08-06,ARKW,Sell,SHOP,SHOPIFY INC,10860,0.0725
2025-08-06,ARKW,Sell,RBLX,ROBLOX CORP (PRE-REINCORPORATION),19022,0.1106
2025-08-06,ARKG,Buy,WGS,GENEDX HOLDINGS CORP,23005,0.2435
2025-08-06,ARKG,Buy,PSNL,PERSONALIS INC,254632,0.1089
2025-08-06,ARKG,Buy,TWST,TWIST BIOSCIENCE CORP,37106,0.0975
2025-08-06,ARKG,Buy,CMPS,COMPASS PATHWAYS PLC,14797,0.0064
2025-08-06,ARKG,Sell,MASS,908 DEVICES INC,53968,0.0357
2025-08-06,ARKG,Sell,IONS,IONIS PHARMACEUTICALS INC,39549,0.1632
2025-08-06,ARKG,Sell,ADPT,ADAPTIVE BIOTECHNOLOGIES CORP,170339,0.1950
2025-08-06,ARKG,Sell,AMGN,AMGEN INC,8472,0.2409
2025-08-06,ARKF,Buy,TOST,TOAST INC,53837,0.1850
2025-08-06,ARKF,Buy,AMD,ADVANCED MICRO DEVICES INC,12139,0.1491
2025-08-06,ARKF,Buy,KSPI,KASPI.KZ AO,4574,0.0305
2025-08-06,ARKF,Buy,IBTA,IBOTTA INC,4882,0.0133
2025-08-06,ARKF,Sell,SHOP,SHOPIFY INC,44259,0.5110
2025-08-06,ARKX,Buy,AMD,ADVANCED MICRO DEVICES INC,4866,0.1939
2025-08-06,ARKX,Sell,KTOS,KRATOS DEFENSE AND SECURITY SOLUTIONS INC,13697,0.1998
2025-08-07,ARKK,Buy,EXAS,EXACT SCIENCES CORP,1394210,0.8384
2025-08-07,ARKK,Buy,ABNB,AIRBNB INC,116074,0.2034
2025-08-07,ARKK,Buy,CRSP,CRISPR THERAPEUTICS AG,62460,0.0498
2025-08-07,ARKK,Sell,RBLX,ROBLOX CORP (PRE-REINCORPORATION),12919,0.0245
2025-08-07,ARKK,Sell,PLTR,PALANTIR TECHNOLOGIES INC,38880,0.1004
2025-08-07,ARKK,Sell,DKNG,DRAFTKINGS INC,155217,0.1007
2025-08-07,ARKK,Sell,GH,GUARDANT HEALTH INC,1233004,0.8943
2025-08-07,ARKQ,Buy,SYM,SYMBOTIC INC,36878,0.1543
2025-08-07,ARKQ,Sell,KTOS,KRATOS DEFENSE AND SECURITY SOLUTIONS INC,32299,0.1498
2025-08-07,ARKW,Buy,ABNB,AIRBNB INC,40111,0.2048
2025-08-07,ARKW,Sell,HOOD,ROBINHOOD MARKETS INC,21990,0.1019
2025-08-07,ARKG,Buy,EXAS,EXACT SCIENCES CORP,216512,0.9272
2025-08-07,ARKG,Buy,PSNL,PERSONALIS INC,222360,0.1015
2025-08-07,ARKG,Buy,CMPS,COMPASS PATHWAYS PLC,32746,0.0144
2025-08-07,ARKG,Sell,MASS,908 DEVICES INC,5986,0.0041
2025-08-07,ARKG,Sell,IONS,IONIS PHARMACEUTICALS INC,55001,0.2288
2025-08-07,ARKG,Sell,GH,GUARDANT HEALTH INC,186762,0.9648
2025-08-07,ARKF,Buy,ABNB,AIRBNB INC,23012,0.2049
2025-08-07,ARKF,Buy,IBTA,IBOTTA INC,34595,0.0908
2025-08-07,ARKF,Buy,TOST,TOAST INC,18154,0.0612
2025-08-07,ARKF,Buy,KSPI,KASPI.KZ AO,5000,0.0329
2025-08-07,ARKF,Sell,RBLX,ROBLOX CORP (PRE-REINCORPORATION),1906,0.0183
2025-08-08,ARKK,Buy,TTD,TRADE DESK INC,535292,0.4183
2025-08-08,ARKK,Buy,PINS,PINTEREST INC,404271,0.2036
2025-08-08,ARKK,Buy,EXAS,EXACT SCIENCES CORP,82357,0.0500
2025-08-08,ARKK,Buy,TXG,10X GENOMICS INC,78056,0.0133
2025-08-08,ARKK,Buy,CRSP,CRISPR THERAPEUTICS AG,12896,0.0101
2025-08-08,ARKK,Sell,GH,GUARDANT HEALTH INC,52042,0.0396
2025-08-08,ARKK,Sell,PLTR,PALANTIR TECHNOLOGIES INC,38123,0.1009
2025-08-08,ARKK,Sell,SHOP,SHOPIFY INC,47663,0.1010
2025-08-08,ARKK,Sell,DKNG,DRAFTKINGS INC,164843,0.1013
2025-08-08,ARKK,Sell,RBLX,ROBLOX CORP (PRE-REINCORPORATION),82433,0.1512
2025-08-08,ARKK,Sell,XYZ,BLOCK INC,151003,0.1590
2025-08-08,ARKW,Buy,TTD,TRADE DESK INC,203075,0.4592
2025-08-08,ARKW,Buy,PINS,PINTEREST INC,139076,0.2027
2025-08-08,ARKW,Sell,PLTR,PALANTIR TECHNOLOGIES INC,13056,0.1000
2025-08-08,ARKW,Sell,RBLX,ROBLOX CORP (PRE-REINCORPORATION),18837,0.1000
2025-08-08,ARKW,Sell,SHOP,SHOPIFY INC,16304,0.1000
2025-08-08,ARKW,Sell,DKNG,DRAFTKINGS INC,56360,0.1002
2025-08-08,ARKW,Sell,XYZ,BLOCK INC,64540,0.1967
2025-08-08,ARKG,Buy,PSNL,PERSONALIS INC,134035,0.0608
2025-08-08,ARKG,Buy,EXAS,EXACT SCIENCES CORP,11396,0.0493
2025-08-08,ARKG,Buy,TXG,10X GENOMICS INC,10876,0.0132
2025-08-08,ARKG,Buy,CMPS,COMPASS PATHWAYS PLC,3268,0.0014
2025-08-08,ARKG,Sell,GH,GUARDANT HEALTH INC,7809,0.0424
2025-08-08,ARKF,Buy,PINS,PINTEREST INC,100059,0.2544
2025-08-08,ARKF,Sell,HOOD,ROBINHOOD MARKETS INC,12359,0.1014
2025-08-11,ARKK,Buy,XYZ,BLOCK INC,152980,0.1572
2025-08-11,ARKK,Buy,CRSP,CRISPR THERAPEUTICS AG,1415,0.0011
2025-08-11,ARKK,Sell,GH,GUARDANT HEALTH INC,7200,0.0055
2025-08-11,ARKK,Sell,SHOP,SHOPIFY INC,69973,0.1471
2025-08-11,ARKW,Buy,XYZ,BLOCK INC,69526,0.2086
2025-08-11,ARKG,Buy,PSNL,PERSONALIS INC,59880,0.0273
2025-08-11,ARKG,Buy,CMPS,COMPASS PATHWAYS PLC,23970,0.0104
2025-08-11,ARKG,Sell,MASS,908 DEVICES INC,393,0.0003
2025-08-11,ARKF,Buy,XYZ,BLOCK INC,39957,0.2069
2025-08-12,ARKK,Buy,ACHR,ARCHER AVIATION INC,217165,0.0280
2025-08-12,ARKK,Sell,GH,GUARDANT HEALTH INC,5766,0.0043
2025-08-12,ARKQ,Buy,PONY,PONY AI INC,898930,1.0051
2025-08-12,ARKQ,Buy,ACHR,ARCHER AVIATION INC,82543,0.0612
2025-08-12,ARKQ,Sell,KTOS,KRATOS DEFENSE AND SECURITY SOLUTIONS INC,201453,1.0751
2025-08-12,ARKG,Buy,ILMN,ILLUMINA INC,25725,0.2535
2025-08-12,ARKG,Buy,WGS,GENEDX HOLDINGS CORP,20490,0.2363
2025-08-12,ARKG,Buy,CAI,CARIS LIFE SCIENCES INC,60533,0.1993
2025-08-12,ARKG,Buy,CDNA,CAREDX INC,102971,0.1299
2025-08-12,ARKG,Buy,EXAS,EXACT SCIENCES CORP,24212,0.1017
2025-08-12,ARKG,Buy,VRTX,VERTEX PHARMACEUTICALS INC,2623,0.1016
2025-08-12,ARKG,Buy,PSNL,PERSONALIS INC,85522,0.0395
2025-08-12,ARKG,Buy,CMPS,COMPASS PATHWAYS PLC,11362,0.0049
2025-08-12,ARKG,Sell,MASS,908 DEVICES INC,8538,0.0057
2025-08-12,ARKG,Sell,GH,GUARDANT HEALTH INC,101543,0.5684
2025-08-12,ARKG,Sell,NTRA,NATERA INC,43783,0.7123
2025-08-12,ARKF,Buy,ETOR,ETORO GROUP LTD,58756,0.2135
2025-08-12,ARKX,Buy,LHX,L3HARRIS TECHNOLOGIES INC,8027,0.4576
2025-08-12,ARKX,Buy,DE,DEERE & CO,3757,0.4041
2025-08-12,ARKX,Buy,AMZN,AMAZON.COM INC,6486,0.3042
2025-08-12,ARKX,Buy,ACHR,ARCHER AVIATION INC,30414,0.0610
2025-08-12,ARKX,Sell,KTOS,KRATOS DEFENSE AND SECURITY SOLUTIONS INC,81284,1.1736
2025-08-13,ARKK,Buy,BLSH,BULLISH,1714522,0.7370
2025-08-13,ARKW,Buy,BLSH,BULLISH,545416,0.7148
2025-08-13,ARKG,Buy,WGS,GENEDX HOLDINGS CORP,17723,0.2046
2025-08-13,ARKG,Buy,CDNA,CAREDX INC,56939,0.0696
2025-08-13,ARKG,Buy,PSNL,PERSONALIS INC,15263,0.0072
2025-08-13,ARKG,Sell,MASS,908 DEVICES INC,93988,0.0629
2025-08-13,ARKG,Sell,GH,GUARDANT HEALTH INC,25752,0.1433
2025-08-13,ARKF,Buy,BLSH,BULLISH,272755,0.6508
2025-08-13,ARKF,Sell,SHOP,SHOPIFY INC,21240,0.2062
2025-08-14,ARKK,Buy,DE,DEERE & CO,64789,0.3087
2025-08-14,ARKK,Buy,EXAS,EXACT SCIENCES CORP,298422,0.1314
2025-08-14,ARKK,Buy,HOOD,ROBINHOOD MARKETS INC,87681,0.0958
2025-08-14,ARKK,Buy,ILMN,ILLUMINA INC,80619,0.0801
2025-08-14,ARKK,Buy,WGS,GENEDX HOLDINGS CORP,25127,0.0302
2025-08-14,ARKW,Buy,DDOG,DATADOG INC,76713,0.3040
2025-08-14,ARKW,Buy,XYZ,BLOCK INC,86706,0.2080
2025-08-14,ARKW,Buy,IBTA,IBOTTA INC,59545,0.0434
2025-08-14,ARKG,Buy,PSNL,PERSONALIS INC,133295,0.0585
2025-08-14,ARKG,Buy,WGS,GENEDX HOLDINGS CORP,284,0.0032
2025-08-14,ARKF,Buy,IBTA,IBOTTA INC,54499,0.0795
2025-08-15,ARKK,Buy,TWST,TWIST BIOSCIENCE CORP,417397,0.0927
2025-08-15,ARKK,Buy,RBLX,ROBLOX CORP (PRE-REINCORPORATION),86590,0.0786
2025-08-15,ARKK,Buy,CRSP,CRISPR THERAPEUTICS AG,165024,0.0766
2025-08-15,ARKK,Buy,HOOD,ROBINHOOD MARKETS INC,79147,0.0687
2025-08-15,ARKK,Buy,WGS,GENEDX HOLDINGS CORP,48224,0.0463
2025-08-15,ARKK,Buy,NTLA,INTELLIA THERAPEUTICS INC,456045,0.0391
2025-08-15,ARKK,Buy,TXG,10X GENOMICS INC,346612,0.0361
2025-08-15,ARKK,Buy,PD,PAGERDUTY INC,207674,0.0255
2025-08-15,ARKK,Buy,DE,DEERE & CO,5075,0.0190
2025-08-15,ARKK,Buy,BEAM,BEAM THERAPEUTICS INC,119331,0.0164
2025-08-15,ARKK,Buy,PACB,PACIFIC BIOSCIENCES OF CALIFORNIA INC,620986,0.0060
2025-08-15,ARKW,Buy,CRWV,COREWEAVE INC,120229,0.3664
2025-08-15,ARKW,Buy,XYZ,BLOCK INC,87033,0.2049
2025-08-15,ARKW,Buy,FIG,FIGMA INC,67260,0.1632
2025-08-15,ARKW,Buy,RBLX,ROBLOX CORP (PRE-REINCORPORATION),25741,0.0930
2025-08-15,ARKW,Buy,IBTA,IBOTTA INC,36322,0.0269
2025-08-15,ARKW,Sell,GENI,GENIUS SPORTS LTD,190396,0.0766
2025-08-15,ARKG,Buy,PSNL,PERSONALIS INC,227301,0.1001
2025-08-15,ARKG,Buy,WGS,GENEDX HOLDINGS CORP,632,0.0073
2025-08-15,ARKF,Buy,RBLX,ROBLOX CORP (PRE-REINCORPORATION),13468,0.0998
2025-08-15,ARKF,Buy,IBTA,IBOTTA INC,33240,0.0505
2025-08-18,ARKK,Buy,WGS,GENEDX HOLDINGS CORP,167571,0.2083
2025-08-18,ARKK,Buy,HOOD,ROBINHOOD MARKETS INC,123336,0.1362
2025-08-18,ARKK,Buy,CRSP,CRISPR THERAPEUTICS AG,176811,0.1015
2025-08-18,ARKK,Buy,BEAM,BEAM THERAPEUTICS INC,395097,0.0696
2025-08-18,ARKK,Buy,NTLA,INTELLIA THERAPEUTICS INC,560560,0.0607
2025-08-18,ARKK,Buy,TWST,TWIST BIOSCIENCE CORP,137439,0.0382
2025-08-18,ARKK,Buy,PD,PAGERDUTY INC,136376,0.0215
2025-08-18,ARKK,Buy,TXG,10X GENOMICS INC,125228,0.0167
2025-08-18,ARKK,Buy,DE,DEERE & CO,3410,0.0164
2025-08-18,ARKK,Buy,PACB,PACIFIC BIOSCIENCES OF CALIFORNIA INC,676873,0.0088
2025-08-18,ARKQ,Buy,DE,DEERE & CO,6863,0.2515
2025-08-18,ARKQ,Buy,LUNR,INTUITIVE MACHINES INC,292458,0.2002
2025-08-18,ARKQ,Sell,KTOS,KRATOS DEFENSE AND SECURITY SOLUTIONS INC,116364,0.6019
2025-08-18,ARKW,Buy,FIG,FIGMA INC,46345,0.1217
2025-08-18,ARKG,Buy,WGS,GENEDX HOLDINGS CORP,2900,0.0340
2025-08-19,ARKK,Buy,BLSH,BULLISH,356346,0.2391
2025-08-19,ARKK,Buy,HOOD,ROBINHOOD MARKETS INC,150908,0.1865
2025-08-19,ARKK,Buy,WGS,GENEDX HOLDINGS CORP,124669,0.1745
2025-08-19,ARKK,Buy,CRSP,CRISPR THERAPEUTICS AG,215146,0.1324
2025-08-19,ARKK,Buy,TWST,TWIST BIOSCIENCE CORP,346695,0.1079
2025-08-19,ARKK,Buy,BEAM,BEAM THERAPEUTICS INC,509618,0.0953
2025-08-19,ARKK,Buy,NTLA,INTELLIA THERAPEUTICS INC,659046,0.0765
2025-08-19,ARKK,Buy,TXG,10X GENOMICS INC,468042,0.0708
2025-08-19,ARKK,Buy,PD,PAGERDUTY INC,204384,0.0368
2025-08-19,ARKK,Buy,DE,DEERE & CO,1775,0.0099
2025-08-19,ARKK,Buy,PACB,PACIFIC BIOSCIENCES OF CALIFORNIA INC,655618,0.0096
2025-08-19,ARKK,Sell,TEM,TEMPUS AI INC,113952,0.0946
2025-08-19,ARKQ,Buy,DE,DEERE & CO,4080,0.1507
2025-08-19,ARKW,Sell,GENI,GENIUS SPORTS LTD,218031,0.0978
2025-08-19,ARKG,Buy,BEAM,BEAM THERAPEUTICS INC,30610,0.0475
2025-08-19,ARKG,Buy,CRSP,CRISPR THERAPEUTICS AG,8657,0.0442
2025-08-19,ARKG,Buy,NTLA,INTELLIA THERAPEUTICS INC,26255,0.0253
2025-08-19,ARKG,Buy,WGS,GENEDX HOLDINGS CORP,1667,0.0194
2025-08-19,ARKX,Buy,LHX,L3HARRIS TECHNOLOGIES INC,2261,0.1448
2025-08-20,ARKK,Buy,PD,PAGERDUTY INC,119163,0.0228
2025-08-20,ARKK,Buy,NTLA,INTELLIA THERAPEUTICS INC,150657,0.0179
2025-08-20,ARKK,Buy,TXG,10X GENOMICS INC,107802,0.0169
2025-08-20,ARKK,Buy,TWST,TWIST BIOSCIENCE CORP,26208,0.0084
2025-08-20,ARKK,Buy,CRSP,CRISPR THERAPEUTICS AG,13346,0.0084
2025-08-20,ARKK,Sell,GH,GUARDANT HEALTH INC,2829,0.0020
2025-08-20,ARKK,Sell,ROKU,ROKU INC,80186,0.0848
2025-08-20,ARKW,Sell,GENI,GENIUS SPORTS LTD,398448,0.1982
2025-08-20,ARKG,Buy,NTLA,INTELLIA THERAPEUTICS INC,7533,0.0074
2025-08-20,ARKG,Buy,CRSP,CRISPR THERAPEUTICS AG,934,0.0049
2025-08-21,ARKK,Buy,PD,PAGERDUTY INC,138706,0.0303
2025-08-21,ARKK,Buy,NTLA,INTELLIA THERAPEUTICS INC,87380,0.0121
2025-08-21,ARKG,Buy,NTLA,INTELLIA THERAPEUTICS INC,3670,0.0036
2025-08-21,ARKF,Sell,ROKU,ROKU INC,16128,0.1037
2025-08-21,ARKF,Sell,HOOD,ROBINHOOD MARKETS INC,14914,0.1128
2025-08-21,ARKF,Sell,SHOP,SHOPIFY INC,11711,0.1135
2025-08-22,ARKK,Buy,PD,PAGERDUTY INC,10150,0.0023
2025-08-22,ARKK,Sell,GH,GUARDANT HEALTH INC,959,0.0008
2025-08-22,ARKW,Sell,COIN,COINBASE GLOBAL INC,3769,0.0510
2025-08-22,ARKW,Sell,SHOP,SHOPIFY INC,8476,0.0510
2025-08-25,ARKK,Buy,CRSP,CRISPR THERAPEUTICS AG,188879,0.1392
2025-08-25,ARKK,Buy,NTLA,INTELLIA THERAPEUTICS INC,359000,0.0549
2025-08-25,ARKK,Buy,PD,PAGERDUTY INC,90214,0.0202
2025-08-25,ARKK,Sell,GH,GUARDANT HEALTH INC,1045,0.0009
2025-08-25,ARKK,Sell,ROKU,ROKU INC,141194,0.1806
2025-08-26,ARKK,Buy,CRSP,CRISPR THERAPEUTICS AG,165874,0.1217
2025-08-26,ARKK,Buy,NTLA,INTELLIA THERAPEUTICS INC,191705,0.0292
2025-08-26,ARKK,Sell,DKNG,DRAFTKINGS INC,128800,0.0822
2025-08-26,ARKK,Sell,ROKU,ROKU INC,70326,0.0902
2025-08-26,ARKW,Sell,SHOP,SHOPIFY INC,4189,0.0247
2025-08-26,ARKW,Sell,COIN,COINBASE GLOBAL INC,1952,0.0249
2025-08-27,ARKK,Buy,BMNR,BITMINE IMMERSION TECHNOLOGIES INC,227569,0.1386
2025-08-27,ARKK,Buy,CRSP,CRISPR THERAPEUTICS AG,124275,0.0891
2025-08-27,ARKK,Buy,NTLA,INTELLIA THERAPEUTICS INC,185200,0.0279
2025-08-27,ARKK,Sell,ROKU,ROKU INC,85278,0.1084
2025-08-27,ARKK,Sell,DKNG,DRAFTKINGS INC,185562,0.1174
2025-08-27,ARKW,Buy,BMNR,BITMINE IMMERSION TECHNOLOGIES INC,70991,0.1385
2025-08-27,ARKW,Sell,DKNG,DRAFTKINGS INC,51332,0.1040
2025-08-27,ARKF,Buy,BMNR,BITMINE IMMERSION TECHNOLOGIES INC,40553,0.1384
2025-08-27,ARKF,Sell,DKNG,DRAFTKINGS INC,29158,0.1033
2025-08-28,ARKK,Buy,NTLA,INTELLIA THERAPEUTICS INC,349930,0.0537
2025-08-28,ARKK,Sell,DKNG,DRAFTKINGS INC,36452,0.0234
2025-08-28,ARKK,Sell,ROKU,ROKU INC,55624,0.0723
2025-08-28,ARKW,Sell,DKNG,DRAFTKINGS INC,11630,0.0238
2025-08-28,ARKF,Sell,DKNG,DRAFTKINGS INC,6597,0.0238
2025-08-29,ARKK,Buy,NTLA,INTELLIA THERAPEUTICS INC,133015,0.0202
2025-08-29,ARKK,Sell,DKNG,DRAFTKINGS INC,9670,0.0062
2025-08-29,ARKW,Sell,DKNG,DRAFTKINGS INC,2119,0.0043
2025-08-29,ARKF,Sell,DKNG,DRAFTKINGS INC,1201,0.0043
2025-09-02,ARKK,Buy,CRSP,CRISPR THERAPEUTICS AG,56273,0.0410
2025-09-02,ARKK,Buy,TXG,10X GENOMICS INC,215278,0.0398
2025-09-02,ARKK,Buy,NTLA,INTELLIA THERAPEUTICS INC,169686,0.0269
2025-09-02,ARKK,Sell,DKNG,DRAFTKINGS INC,29465,0.0194
2025-09-02,ARKK,Sell,ROKU,ROKU INC,104713,0.1393
2025-09-02,ARKW,Sell,DKNG,DRAFTKINGS INC,9808,0.0197
2025-09-02,ARKF,Sell,DKNG,DRAFTKINGS INC,5588,0.0197
2025-09-03,ARKK,Buy,CRSP,CRISPR THERAPEUTICS AG,40041,0.0302
2025-09-03,ARKK,Buy,TXG,10X GENOMICS INC,105139,0.0200
2025-09-03,ARKK,Buy,NTLA,INTELLIA THERAPEUTICS INC,53270,0.0087
2025-09-03,ARKK,Sell,ROKU,ROKU INC,53423,0.0744
2025-09-04,ARKK,Buy,NTLA,INTELLIA THERAPEUTICS INC,131700,0.0213
2025-09-04,ARKK,Sell,ROKU,ROKU INC,26465,0.0373
2025-09-04,ARKW,Buy,FIG,FIGMA INC,108238,0.2535
2025-09-04,ARKW,Sell,GENI,GENIUS SPORTS LTD,428277,0.2471
2025-09-05,ARKK,Buy,BMNR,BITMINE IMMERSION TECHNOLOGIES INC,257108,0.1464
2025-09-05,ARKK,Buy,BLSH,BULLISH,81811,0.0573
2025-09-05,ARKK,Sell,DKNG,DRAFTKINGS INC,81432,0.0525
2025-09-05,ARKK,Sell,TER,TERADYNE INC,46722,0.0781
2025-09-05,ARKK,Sell,ROKU,ROKU INC,65343,0.0867
2025-09-05,ARKW,Buy,BMNR,BITMINE IMMERSION TECHNOLOGIES INC,83082,0.1461
2025-09-05,ARKW,Buy,BLSH,BULLISH,39597,0.0857
2025-09-05,ARKW,Sell,DKNG,DRAFTKINGS INC,26321,0.0524
2025-09-05,ARKW,Sell,ROKU,ROKU INC,30128,0.1235
2025-09-05,ARKW,Sell,RBLX,ROBLOX CORP (PRE-REINCORPORATION),27424,0.1502
2025-09-05,ARKF,Buy,BMNR,BITMINE IMMERSION TECHNOLOGIES INC,47135,0.1454
2025-09-05,ARKF,Buy,BLSH,BULLISH,22498,0.0854
2025-09-05,ARKF,Sell,FUTU,FUTU HOLDINGS LTD,3470,0.0493
2025-09-05,ARKF,Sell,RBLX,ROBLOX CORP (PRE-REINCORPORATION),5185,0.0498
2025-09-05,ARKF,Sell,DKNG,DRAFTKINGS INC,14932,0.0521
2025-09-05,ARKF,Sell,ROKU,ROKU INC,17114,0.1231
2025-09-08,ARKK,Buy,BMNR,BITMINE IMMERSION TECHNOLOGIES INC,67700,0.0402
2025-09-08,ARKK,Sell,TER,TERADYNE INC,9896,0.0165
2025-09-08,ARKW,Buy,BMNR,BITMINE IMMERSION TECHNOLOGIES INC,21890,0.0402
2025-09-08,ARKW,Sell,HOOD,ROBINHOOD MARKETS INC,43728,0.2185
2025-09-08,ARKF,Buy,BMNR,BITMINE IMMERSION TECHNOLOGIES INC,12360,0.0400
2025-09-09,ARKK,Buy,TWST,TWIST BIOSCIENCE CORP,42327,0.0143
2025-09-09,ARKK,Sell,TEM,TEMPUS AI INC (PRE-REINCORPORATION),19627,0.0214
2025-09-09,ARKG,Buy,PRME,PRIME MEDICINE INC,157413,0.0600
2025-09-09,ARKG,Buy,TWST,TWIST BIOSCIENCE CORP,5405,0.0131
2025-09-09,ARKG,Sell,TEM,TEMPUS AI INC (PRE-REINCORPORATION),6309,0.0494
2025-09-10,ARKK,Buy,TWST,TWIST BIOSCIENCE CORP,221681,0.0681
2025-09-10,ARKK,Sell,TEM,TEMPUS AI INC (PRE-REINCORPORATION),24239,0.0245
2025-09-10,ARKQ,Buy,SNPS,SYNOPSYS INC,11686,0.3614
2025-09-10,ARKQ,Sell,RKLB,ROCKET LAB CORP,41861,0.1503
2025-09-10,ARKQ,Sell,KTOS,KRATOS DEFENSE AND SECURITY SOLUTIONS INC,39449,0.1993
2025-09-10,ARKW,Buy,RBRK,RUBRIK INC,66836,0.2068
2025-09-10,ARKW,Sell,SHOP,SHOPIFY INC,19632,0.1035
2025-09-10,ARKW,Sell,RBLX,ROBLOX CORP (PRE-REINCORPORATION),21444,0.1039
2025-09-10,ARKG,Buy,PRME,PRIME MEDICINE INC,230755,0.0900
2025-09-10,ARKG,Sell,TEM,TEMPUS AI INC (PRE-REINCORPORATION),5149,0.0406
2025-09-10,ARKF,Buy,KLAR,KLARNA GROUP PLC,200000,0.5712
2025-09-10,ARKX,Buy,SNPS,SYNOPSYS INC,4056,0.4109
2025-09-10,ARKX,Sell,RKLB,ROCKET LAB CORP,12765,0.1502
2025-09-10,ARKX,Sell,KTOS,KRATOS DEFENSE AND SECURITY SOLUTIONS INC,15033,0.2488
2025-09-11,ARKK,Sell,TEM,TEMPUS AI INC (PRE-REINCORPORATION),49765,0.0466
2025-09-11,ARKQ,Sell,RKLB,ROCKET LAB CORP,6853,0.0254
2025-09-11,ARKQ,Sell,KTOS,KRATOS DEFENSE AND SECURITY SOLUTIONS INC,4854,0.0256
2025-09-11,ARKW,Buy,FIG,FIGMA INC,85535,0.1720
2025-09-11,ARKW,Buy,AMZN,AMAZON.COM INC,13087,0.1084
2025-09-11,ARKG,Sell,TEM,TEMPUS AI INC (PRE-REINCORPORATION),8864,0.0725
2025-09-11,ARKF,Buy,KLAR,KLARNA GROUP PLC,286026,0.7779
2025-09-11,ARKF,Buy,TOST,TOAST INC,78149,0.1994
2025-09-11,ARKF,Buy,BLSH,BULLISH,34746,0.1178
2025-09-11,ARKF,Buy,ETOR,ETORO GROUP LTD,35309,0.0978
2025-09-12,ARKW,Buy,FIG,FIGMA INC,151501,0.2715
2025-09-12,ARKG,Buy,ARCT,ARCTURUS THERAPEUTICS HOLDINGS INC,25710,0.0421
2025-09-12,ARKG,Sell,TEM,TEMPUS AI INC (PRE-REINCORPORATION),2636,0.0219
2025-09-12,ARKF,Buy,BLSH,BULLISH,45037,0.1181
2025-09-12,ARKF,Buy,ETOR,ETORO GROUP LTD,33710,0.0726
2025-09-12,ARKF,Buy,TOST,TOAST INC,36685,0.0719
2025-09-15,ARKG,Buy,ARCT,ARCTURUS THERAPEUTICS HOLDINGS INC,27408,0.0477
2025-09-15,ARKG,Sell,TEM,TEMPUS AI INC (PRE-REINCORPORATION),7270,0.0628
2025-09-16,ARKK,Buy,NTLA,INTELLIA THERAPEUTICS INC,615831,0.0685
2025-09-16,ARKK,Buy,BLSH,BULLISH,120609,0.0540
2025-09-16,ARKK,Buy,CRSP,CRISPR THERAPEUTICS AG,69889,0.0384
2025-09-16,ARKK,Buy,BEAM,BEAM THERAPEUTICS INC,81777,0.0168
2025-09-16,ARKK,Sell,ROKU,ROKU INC,9151,0.0081
2025-09-16,ARKK,Sell,TEM,TEMPUS AI INC (PRE-REINCORPORATION),161715,0.1269
2025-09-16,ARKW,Buy,FIG,FIGMA INC,109678,0.1640
2025-09-16,ARKW,Buy,BLSH,BULLISH,40574,0.0569
2025-09-16,ARKG,Buy,ARCT,ARCTURUS THERAPEUTICS HOLDINGS INC,62313,0.1120
2025-09-16,ARKG,Sell,TEM,TEMPUS AI INC (PRE-REINCORPORATION),5883,0.0499
2025-09-16,ARKF,Buy,AMD,ADVANCED MICRO DEVICES INC,25899,0.2269
2025-09-16,ARKF,Buy,ABNB,AIRBNB INC,26365,0.1735
2025-09-17,ARKK,Buy,CRSP,CRISPR THERAPEUTICS AG,339924,0.2331
2025-09-17,ARKK,Buy,BEAM,BEAM THERAPEUTICS INC,491127,0.1270
2025-09-17,ARKK,Buy,NTLA,INTELLIA THERAPEUTICS INC,211618,0.0304
2025-09-17,ARKK,Buy,BLSH,BULLISH,27813,0.0170
2025-09-17,ARKK,Sell,ROKU,ROKU INC,5000,0.0057
2025-09-17,ARKK,Sell,TEM,TEMPUS AI INC (PRE-REINCORPORATION),8850,0.0088
2025-09-17,ARKQ,Buy,AVAV,AEROVIRONMENT INC,5845,0.1132
2025-09-17,ARKQ,Buy,PONY,PONY AI INC,88335,0.1101
2025-09-17,ARKQ,Buy,LHX,L3HARRIS TECHNOLOGIES INC,4854,0.0990
2025-09-17,ARKQ,Buy,BIDU,BAIDU INC,5164,0.0505
2025-09-17,ARKQ,Sell,KTOS,KRATOS DEFENSE AND SECURITY SOLUTIONS INC,92457,0.4992
2025-09-17,ARKW,Buy,HOOD,ROBINHOOD MARKETS INC,33783,0.1337
2025-09-17,ARKW,Buy,BLSH,BULLISH,8515,0.0155
2025-09-17,ARKG,Buy,ATAI,ATAI LIFE SCIENCES NV,398934,0.1754
2025-09-17,ARKG,Buy,ARCT,ARCTURUS THERAPEUTICS HOLDINGS INC,22754,0.0389
2025-09-17,ARKX,Buy,AVAV,AEROVIRONMENT INC,4663,0.3024
2025-09-17,ARKX,Buy,LHX,L3HARRIS TECHNOLOGIES INC,4355,0.2976
2025-09-17,ARKX,Sell,KTOS,KRATOS DEFENSE AND SECURITY SOLUTIONS INC,38720,0.7000
2025-09-18,ARKK,Buy,BREA,BRERA HOLDINGS PLC,4316257,0.2253
2025-09-18,ARKK,Sell,TEM,TEMPUS AI INC (PRE-REINCORPORATION),43157,0.0437
2025-09-18,ARKK,Sell,ROKU,ROKU INC,47474,0.0545
2025-09-18,ARKQ,Buy,BIDU,BAIDU INC,5033,0.0485
2025-09-18,ARKQ,Buy,AVAV,AEROVIRONMENT INC,2040,0.0416
2025-09-18,ARKQ,Buy,PONY,PONY AI INC,31764,0.0390
2025-09-18,ARKW,Buy,BREA,BRERA HOLDINGS PLC,1395691,0.2367
2025-09-18,ARKG,Buy,ARCT,ARCTURUS THERAPEUTICS HOLDINGS INC,23607,0.0415
2025-09-18,ARKG,Buy,ATAI,ATAI LIFE SCIENCES NV,68720,0.0308
2025-09-18,ARKF,Buy,BREA,BRERA HOLDINGS PLC,788053,0.2274
2025-09-18,ARKX,Buy,AVAV,AEROVIRONMENT INC,1520,0.1040
2025-09-19,ARKK,Sell,ROKU,ROKU INC,22732,0.0266
2025-09-19,ARKK,Sell,TEM,TEMPUS AI INC (PRE-REINCORPORATION),60550,0.0615
2025-09-22,ARKQ,Buy,BIDU,BAIDU INC,21245,0.2010
2025-09-22,ARKQ,Buy,PONY,PONY AI INC,103002,0.1416
2025-09-22,ARKQ,Buy,AACT,ARES ACQUISITION CORPORATION II,45222,0.0343
2025-09-22,ARKQ,Sell,OKLO,OKLO INC,54936,0.5189
2025-09-22,ARKW,Buy,BABA,ALIBABA GROUP HOLDING LTD,49291,0.2932
2025-09-22,ARKW,Sell,SHOP,SHOPIFY INC,17428,0.0995
2025-09-22,ARKW,Sell,RBLX,ROBLOX CORP (PRE-REINCORPORATION),20019,0.0996
2025-09-22,ARKG,Buy,ARCT,ARCTURUS THERAPEUTICS HOLDINGS INC,10505,0.0193
2025-09-22,ARKF,Buy,BABA,ALIBABA GROUP HOLDING LTD,49799,0.5426
2025-09-23,ARKK,Sell,ROKU,ROKU INC,46876,0.0515
2025-09-23,ARKK,Sell,TEM,TEMPUS AI INC (PRE-REINCORPORATION),62352,0.0587
2025-09-23,ARKQ,Buy,AACT,ARES ACQUISITION CORPORATION II,85142,0.0600
2025-09-23,ARKQ,Buy,PONY,PONY AI INC,3627,0.0054
2025-09-23,ARKG,Buy,ARCT,ARCTURUS THERAPEUTICS HOLDINGS INC,28272,0.0513
2025-09-24,ARKK,Buy,BABA,ALIBABA GROUP HOLDING LTD,63231,0.1320
2025-09-24,ARKK,Buy,BIDU,BAIDU INC,82913,0.1311
2025-09-24,ARKK,Sell,TEM,TEMPUS AI INC (PRE-REINCORPORATION),45299,0.0440
2025-09-24,ARKK,Sell,AMD,ADVANCED MICRO DEVICES INC,138432,0.2632
2025-09-25,ARKK,Sell,RBLX,ROBLOX CORP (PRE-REINCORPORATION),10667,0.0192
2025-09-25,ARKK,Sell,ROKU,ROKU INC,21592,0.0286
2025-09-25,ARKG,Buy,ARCT,ARCTURUS THERAPEUTICS HOLDINGS INC,26536,0.0486
2025-09-26,ARKK,Buy,NTLA,INTELLIA THERAPEUTICS INC,120318,0.0269
2025-09-26,ARKK,Sell,RBLX,ROBLOX CORP (PRE-REINCORPORATION),27906,0.0523
2025-09-26,ARKQ,Buy,KDK,ARES ACQUISITION CORPORATION II,784610,0.4068
2025-09-26,ARKQ,Sell,KTOS,KRATOS DEFENSE AND SECURITY SOLUTIONS INC,70874,0.4077
2025-09-26,ARKG,Buy,NTLA,INTELLIA THERAPEUTICS INC,17378,0.0257
2025-09-29,ARKK,Buy,NTLA,INTELLIA THERAPEUTICS INC,52439,0.0118
2025-09-29,ARKG,Buy,NTLA,INTELLIA THERAPEUTICS INC,59759,0.0924
2025-09-29,ARKX,Buy,LHX,L3HARRIS TECHNOLOGIES INC,7455,0.5050
2025-09-29,ARKX,Buy,DE,DEERE & CO,2369,0.2521
2025-09-29,ARKX,Buy,HON,HONEYWELL INTERNATIONAL INC,4230,0.2016
2025-09-29,ARKX,Sell,KTOS,KRATOS DEFENSE AND SECURITY SOLUTIONS INC,43777,0.8878
2025-09-30,ARKK,Buy,BIDU,BAIDU INC,52388,0.0851
2025-09-30,ARKK,Buy,BABA,ALIBABA GROUP HOLDING LTD,23538,0.0520
2025-09-30,ARKK,Buy,NTLA,INTELLIA THERAPEUTICS INC,48592,0.0102
2025-09-30,ARKK,Sell,BREA,BRERA HOLDINGS PLC,231903,0.1018
2025-09-30,ARKG,Buy,NTLA,INTELLIA THERAPEUTICS INC,50222,0.0782
2025-09-30,ARKX,Buy,2618,JD LOGISTICS INC,263700,0.7760
2025-09-30,ARKX,Buy,HO,THALES SA,2147,0.1275
2025-09-30,ARKX,Sell,KTOS,KRATOS DEFENSE AND SECURITY SOLUTIONS INC,16048,0.3266
2025-10-01,ARKK,Buy,DKNG,DRAFTKINGS INC,350315,0.1547
2025-10-01,ARKK,Buy,BABA,ALIBABA GROUP HOLDING LTD,30137,0.0657
2025-10-01,ARKK,Buy,BIDU,BAIDU INC,21648,0.0350
2025-10-01,ARKK,Sell,BREA,BRERA HOLDINGS PLC,100983,0.0348
2025-10-01,ARKQ,Buy,KDK,KODIAK AI INC,88236,0.0339
2025-10-01,ARKQ,Sell,KTOS,KRATOS DEFENSE AND SECURITY SOLUTIONS INC,25536,0.1533
2025-10-01,ARKW,Buy,RBRK,RUBRIK INC,46353,0.1493
2025-10-01,ARKW,Buy,DKNG,DRAFTKINGS INC,103872,0.1482
2025-10-01,ARKW,Sell,ROKU,ROKU INC,36697,0.1486
2025-10-01,ARKW,Sell,RBLX,ROBLOX CORP (PRE-REINCORPORATION),37148,0.1989
2025-10-01,ARKF,Buy,DKNG,DRAFTKINGS INC,56862,0.1465
2025-10-01,ARKF,Sell,SHOP,SHOPIFY INC,18440,0.1953
2025-10-02,ARKK,Buy,BIDU,BAIDU INC,45478,0.0752
2025-10-02,ARKK,Buy,BABA,ALIBABA GROUP HOLDING LTD,14453,0.0322
2025-10-02,ARKK,Sell,BREA,BRERA HOLDINGS PLC,44209,0.0135
2025-10-02,ARKK,Sell,ROKU,ROKU INC,40353,0.0496
2025-10-02,ARKQ,Buy,KDK,KODIAK AI INC,190165,0.0834
2025-10-02,ARKW,Sell,ROKU,ROKU INC,24429,0.1015
2025-10-03,ARKK,Buy,BABA,ALIBABA GROUP HOLDING LTD,17500,0.0389
2025-10-03,ARKK,Buy,BIDU,BAIDU INC,3076,0.0051
2025-10-03,ARKK,Sell,SLMT,BRERA HOLDINGS PLC,47563,0.0139
2025-10-03,ARKW,Sell,AMZN,AMAZON.COM INC,5747,0.0492
2025-10-06,ARKK,Buy,BABA,ALIBABA GROUP HOLDING LTD,4449,0.0099
2025-10-06,ARKK,Sell,SLMT,BRERA HOLDINGS PLC,54400,0.0149
2025-10-06,ARKQ,Buy,DASH,DOORDASH INC,12039,0.2081
2025-10-06,ARKQ,Buy,LHX,L3HARRIS TECHNOLOGIES INC,11139,0.2081
2025-10-06,ARKQ,Buy,DE,DEERE & CO,7274,0.2066
2025-10-06,ARKQ,Sell,KTOS,KRATOS DEFENSE AND SECURITY SOLUTIONS INC,33036,0.2038
2025-10-06,ARKQ,Sell,AVAV,AEROVIRONMENT INC,8731,0.2066
2025-10-06,ARKQ,Sell,RKLB,ROCKET LAB CORP,59532,0.2106
2025-10-06,ARKG,Buy,WGS,GENEDX HOLDINGS CORP,19875,0.2015
2025-10-06,ARKG,Buy,ATAI,ATAI LIFE SCIENCES NV,254642,0.1122
2025-10-06,ARKG,Sell,ADPT,ADAPTIVE BIOTECHNOLOGIES CORP,180169,0.2196
2025-10-06,ARKF,Buy,MELI,MERCADOLIBRE INC,1740,0.2533
2025-10-06,ARKX,Buy,DASH,DOORDASH INC,13542,0.7977
2025-10-06,ARKX,Buy,LHX,L3HARRIS TECHNOLOGIES INC,8354,0.5318
2025-10-06,ARKX,Sell,RKLB,ROCKET LAB CORP,26794,0.3231
2025-10-06,ARKX,Sell,AVAV,AEROVIRONMENT INC,5238,0.4223
2025-10-06,ARKX,Sell,KTOS,KRATOS DEFENSE AND SECURITY SOLUTIONS INC,24780,0.5208
2025-10-07,ARKK,Sell,SLMT,BRERA HOLDINGS PLC,17828,0.0044
2025-10-08,ARKK,Sell,SLMT,BRERA HOLDINGS PLC,65810,0.0148
2025-10-09,ARKK,Sell,SLMT,BRERA HOLDINGS PLC,44859,0.0093
2025-10-10,ARKK,Sell,SLMT,BRERA HOLDINGS PLC,3202,0.0007
2025-10-10,ARKQ,Buy,PONY,PONY AI INC,10558,0.0123
2025-10-10,ARKW,Sell,SHOP,SHOPIFY INC,7962,0.0476
2025-10-10,ARKF,Buy,4689,LY CORP,1221200,0.2500
2025-10-10,ARKF,Buy,KLAR,KLARNA GROUP PLC,76418,0.2062
2025-10-10,ARKF,Sell,PLTR,PALANTIR TECHNOLOGIES INC,4064,0.0496
2025-10-10,ARKF,Sell,FUTU,FUTU HOLDINGS LTD,6868,0.0796
2025-10-10,ARKF,Sell,RBLX,ROBLOX CORP (PRE-REINCORPORATION),9114,0.0797
2025-10-10,ARKF,Sell,SHOP,SHOPIFY INC,10405,0.1090
2025-10-13,ARKK,Sell,SLMT,BRERA HOLDINGS PLC,3914,0.0008
2025-10-13,ARKF,Sell,PLTR,PALANTIR TECHNOLOGIES INC,3170,0.0406
2025-10-13,ARKF,Sell,SHOP,SHOPIFY INC,8286,0.0916
2025-10-14,ARKK,Buy,DKNG,DRAFTKINGS INC,236289,0.0978
2025-10-14,ARKK,Sell,SLMT,BRERA HOLDINGS PLC,23659,0.0042
2025-10-14,ARKK,Sell,RBLX,ROBLOX CORP (PRE-REINCORPORATION),30276,0.0494
2025-10-14,ARKX,Buy,LHX,L3HARRIS TECHNOLOGIES INC,8901,0.5204
2025-10-14,ARKX,Buy,DE,DEERE & CO,2966,0.2592
2025-10-14,ARKX,Buy,DASH,DOORDASH INC,4823,0.2571
2025-10-14,ARKX,Sell,AVAV,AEROVIRONMENT INC,3890,0.3078
2025-10-14,ARKX,Sell,RKLB,ROCKET LAB CORP,53917,0.7257
2025-10-15,ARKK,Buy,BIDU,BAIDU INC,70158,0.1038
2025-10-15,ARKK,Buy,BABA,ALIBABA GROUP HOLDING LTD,49264,0.0993
2025-10-15,ARKK,Sell,SLMT,BRERA HOLDINGS PLC,16213,0.0030
2025-10-15,ARKK,Sell,ACHR,ARCHER AVIATION INC,302280,0.0480
2025-10-15,ARKK,Sell,RBLX,ROBLOX CORP (PRE-REINCORPORATION),30740,0.0516
2025-10-15,ARKK,Sell,TER,TERADYNE INC,30514,0.0521
2025-10-15,ARKQ,Buy,BIDU,BAIDU INC,20816,0.1496
2025-10-15,ARKQ,Sell,KTOS,KRATOS DEFENSE AND SECURITY SOLUTIONS INC,28145,0.1500
2025-10-15,ARKW,Buy,BIDU,BAIDU INC,20307,0.1009
2025-10-15,ARKW,Buy,BABA,ALIBABA GROUP HOLDING LTD,14258,0.0965
2025-10-15,ARKW,Sell,PLTR,PALANTIR TECHNOLOGIES INC,16560,0.1209
2025-10-15,ARKW,Sell,RBLX,ROBLOX CORP (PRE-REINCORPORATION),23137,0.1304
2025-10-15,ARKF,Buy,BABA,ALIBABA GROUP HOLDING LTD,12019,0.1442
2025-10-15,ARKF,Sell,SHOP,SHOPIFY INC,6240,0.0704
2025-10-15,ARKF,Sell,RBLX,ROBLOX CORP (PRE-REINCORPORATION),8003,0.0799
2025-10-16,ARKK,Sell,SLMT,BRERA HOLDINGS PLC,202,0.0000
2025-10-16,ARKQ,Buy,PONY,PONY AI INC,17607,0.0207
2025-10-16,ARKG,Buy,WGS,GENEDX HOLDINGS CORP,17134,0.1578
2025-10-16,ARKG,Sell,QSI,QUANTUM-SI INC,498068,0.1047
2025-10-17,ARKQ,Buy,DE,DEERE & CO,7175,0.1975
2025-10-17,ARKQ,Buy,PONY,PONY AI INC,16371,0.0195
2025-10-17,ARKQ,Sell,RKLB,ROCKET LAB CORP,50509,0.1980
2025-10-17,ARKG,Buy,ATAI,ATAI LIFE SCIENCES NV,725281,0.2988
2025-10-17,ARKG,Sell,QSI,QUANTUM-SI INC,137588,0.0252
2025-10-17,ARKG,Sell,ADPT,ADAPTIVE BIOTECHNOLOGIES CORP,72537,0.0903
2025-10-17,ARKG,Sell,TEM,TEMPUS AI INC,14901,0.0972
2025-10-17,ARKG,Sell,NTRA,NATERA INC,7147,0.0974
2025-10-17,ARKF,Sell,SOFI,SOFI TECHNOLOGIES INC,25177,0.0498
2025-10-17,ARKX,Buy,DE,DEERE & CO,2211,0.1962
2025-10-17,ARKX,Sell,RKLB,ROCKET LAB CORP,15561,0.1967
2025-10-20,ARKQ,Buy,ISRG,INTUITIVE SURGICAL INC,9174,0.2556
2025-10-20,ARKQ,Buy,LHX,L3HARRIS TECHNOLOGIES INC,11714,0.2066
2025-10-20,ARKQ,Buy,QCOM,QUALCOMM INC,20382,0.2061
2025-10-20,ARKQ,Buy,TDY,TELEDYNE TECHNOLOGIES INC,4462,0.1551
2025-10-20,ARKQ,Buy,SNPS,SYNOPSYS INC,3695,0.1022
2025-10-20,ARKQ,Buy,BYDDY,BYD CO LTD,69000,0.0571
2025-10-20,ARKQ,Sell,KTOS,KRATOS DEFENSE AND SECURITY SOLUTIONS INC,96699,0.5076
2025-10-20,ARKQ,Sell,OKLO,OKLO INC,53353,0.5144
2025-10-20,ARKW,Sell,PLTR,PALANTIR TECHNOLOGIES INC,13010,0.0984
2025-10-20,ARKW,Sell,RBLX,ROBLOX CORP (PRE-REINCORPORATION),17643,0.0986
2025-10-20,ARKW,Sell,SHOP,SHOPIFY INC,14418,0.0986
2025-10-20,ARKG,Buy,EXAS,EXACT SCIENCES CORP,90731,0.4389
2025-10-20,ARKG,Buy,ILMN,ILLUMINA INC,28900,0.2222
2025-10-20,ARKG,Sell,QSI,QUANTUM-SI INC,86849,0.0176
2025-10-20,ARKG,Sell,GH,GUARDANT HEALTH INC,124233,0.6558
2025-10-20,ARKF,Buy,KLAR,KLARNA GROUP PLC,70504,0.1923
2025-10-20,ARKF,Sell,PLTR,PALANTIR TECHNOLOGIES INC,7198,0.0978
2025-10-20,ARKF,Sell,RBLX,ROBLOX CORP (PRE-REINCORPORATION),9756,0.0980
2025-10-20,ARKF,Sell,SHOP,SHOPIFY INC,7975,0.0980
2025-10-20,ARKF,Sell,SOFI,SOFI TECHNOLOGIES INC,139368,0.2938
2025-10-21,ARKQ,Buy,BYDDY,BYD CO LTD,55523,0.0439
2025-10-22,ARKK,Buy,HOOD,ROBINHOOD MARKETS INC,131049,0.1912
2025-10-22,ARKK,Sell,SHOP,SHOPIFY INC,25244,0.0477
2025-10-22,ARKK,Sell,ROKU,ROKU INC,43214,0.0479
2025-10-22,ARKK,Sell,RBLX,ROBLOX CORP (PRE-REINCORPORATION),63870,0.0951
2025-10-22,ARKW,Buy,NFLX,NETFLIX INC,15756,0.7544
2025-10-22,ARKW,Buy,HOOD,ROBINHOOD MARKETS INC,36440,0.1931
2025-10-22,ARKW,Sell,SHOP,SHOPIFY INC,7030,0.0482
2025-10-22,ARKW,Sell,ROKU,ROKU INC,12041,0.0484
2025-10-22,ARKW,Sell,PLTR,PALANTIR TECHNOLOGIES INC,23768,0.1747
2025-10-22,ARKW,Sell,RBLX,ROBLOX CORP (PRE-REINCORPORATION),47979,0.2594
2025-10-22,ARKW,Sell,AMD,ADVANCED MICRO DEVICES INC,44909,0.4421
2025-10-22,ARKG,Buy,ARCT,ARCTURUS THERAPEUTICS HOLDINGS INC,223292,0.1750
2025-10-22,ARKG,Sell,VCYT,VERACYTE INC,9169,0.0230
2025-10-22,ARKG,Sell,CDNA,CAREDX INC,33868,0.0355
2025-10-22,ARKG,Sell,PSNL,PERSONALIS INC,88326,0.0562
2025-10-22,ARKG,Sell,ADPT,ADAPTIVE BIOTECHNOLOGIES CORP,84986,0.1001
2025-10-23,ARKK,Buy,BABA,ALIBABA GROUP HOLDING LTD,47972,0.1005
2025-10-23,ARKK,Buy,BIDU,BAIDU INC,36538,0.0535
2025-10-23,ARKK,Buy,PACB,PACIFIC BIOSCIENCES OF CALIFORNIA INC,1035568,0.0245
2025-10-23,ARKK,Buy,TXG,10X GENOMICS INC,127473,0.0207
2025-10-23,ARKK,Sell,IRDM,IRIDIUM COMMUNICATIONS INC,19404,0.0044
2025-10-23,ARKK,Sell,TEM,TEMPUS AI INC,53586,0.0570
2025-10-23,ARKQ,Buy,BIDU,BAIDU INC,7396,0.0546
2025-10-23,ARKQ,Sell,KTOS,KRATOS DEFENSE AND SECURITY SOLUTIONS INC,18702,0.1023
2025-10-23,ARKW,Buy,BABA,ALIBABA GROUP HOLDING LTD,13470,0.1015
2025-10-23,ARKW,Buy,BIDU,BAIDU INC,10260,0.0541
2025-10-23,ARKW,Sell,RBLX,ROBLOX CORP (PRE-REINCORPORATION),8905,0.0507
2025-10-23,ARKW,Sell,SHOP,SHOPIFY INC,6954,0.0508
2025-10-23,ARKW,Sell,ROKU,ROKU INC,11856,0.0509
2025-10-23,ARKW,Sell,AMD,ADVANCED MICRO DEVICES INC,9910,0.1017
2025-10-23,ARKG,Buy,ARCT,ARCTURUS THERAPEUTICS HOLDINGS INC,297766,0.2634
2025-10-23,ARKG,Buy,TXG,10X GENOMICS INC,20327,0.0207
2025-10-23,ARKG,Sell,TEM,TEMPUS AI INC,3661,0.0244
2025-10-23,ARKG,Sell,CDNA,CAREDX INC,35252,0.0394
2025-10-23,ARKG,Sell,PSNL,PERSONALIS INC,57568,0.0398
2025-10-23,ARKG,Sell,VCYT,VERACYTE INC,22190,0.0594
2025-10-23,ARKG,Sell,ADPT,ADAPTIVE BIOTECHNOLOGIES CORP,70276,0.0907
2025-10-23,ARKF,Buy,BABA,ALIBABA GROUP HOLDING LTD,7497,0.1025
2025-10-23,ARKF,Sell,SOFI,SOFI TECHNOLOGIES INC,22759,0.0513
2025-10-23,ARKF,Sell,SHOP,SHOPIFY INC,3875,0.0513
2025-10-24,ARKK,Buy,BIDU,BAIDU INC,34777,0.0515
2025-10-24,ARKK,Buy,PACB,PACIFIC BIOSCIENCES OF CALIFORNIA INC,1353313,0.0332
2025-10-24,ARKK,Buy,TXG,10X GENOMICS INC,140529,0.0234
2025-10-24,ARKK,Sell,IRDM,IRIDIUM COMMUNICATIONS INC,107510,0.0237
2025-10-24,ARKK,Sell,RBLX,ROBLOX CORP (PRE-REINCORPORATION),26089,0.0412
2025-10-24,ARKK,Sell,AMD,ADVANCED MICRO DEVICES INC,23717,0.0723
2025-10-24,ARKK,Sell,PLTR,PALANTIR TECHNOLOGIES INC,32384,0.0724
2025-10-24,ARKK,Sell,SHOP,SHOPIFY INC,39077,0.0818
2025-10-24,ARKQ,Buy,BIDU,BAIDU INC,6936,0.0508
2025-10-24,ARKW,Buy,BIDU,BAIDU INC,9610,0.0506
2025-10-24,ARKG,Buy,TXG,10X GENOMICS INC,21750,0.0227
2025-10-24,ARKG,Buy,ARCT,ARCTURUS THERAPEUTICS HOLDINGS INC,10818,0.0093
2025-10-24,ARKG,Sell,TEM,TEMPUS AI INC,19391,0.1324
2025-10-27,ARKK,Buy,XYZ,BLOCK INC,210916,0.2004
2025-10-27,ARKK,Buy,NTLA,INTELLIA THERAPEUTICS INC,653973,0.1130
2025-10-27,ARKK,Buy,TXG,10X GENOMICS INC,239617,0.0383
2025-10-27,ARKK,Buy,PACB,PACIFIC BIOSCIENCES OF CALIFORNIA INC,562505,0.0132
2025-10-27,ARKK,Sell,IRDM,IRIDIUM COMMUNICATIONS INC,128751,0.0271
2025-10-27,ARKK,Sell,RBLX,ROBLOX CORP (PRE-REINCORPORATION),20127,0.0305
2025-10-27,ARKK,Sell,SHOP,SHOPIFY INC,148750,0.3057
2025-10-27,ARKW,Buy,XYZ,BLOCK INC,59827,0.2053
2025-10-27,ARKW,Buy,DKNG,DRAFTKINGS INC,147589,0.2035
2025-10-27,ARKW,Sell,SHOP,SHOPIFY INC,56085,0.4164
2025-10-27,ARKG,Buy,NTLA,INTELLIA THERAPEUTICS INC,96142,0.1070
2025-10-27,ARKG,Buy,TXG,10X GENOMICS INC,35322,0.0364
2025-10-27,ARKG,Sell,IONS,IONIS PHARMACEUTICALS INC,17464,0.0966
2025-10-27,ARKF,Buy,XYZ,BLOCK INC,114842,0.7054
2025-10-27,ARKF,Buy,DASH,DOORDASH INC,15085,0.3043
2025-10-27,ARKF,Buy,AMZN,AMAZON.COM INC,17579,0.3033
2025-10-27,ARKF,Buy,DKNG,DRAFTKINGS INC,121244,0.2992
2025-10-27,ARKF,Buy,BABA,ALIBABA GROUP HOLDING LTD,14881,0.2019
2025-10-27,ARKF,Sell,PLTR,PALANTIR TECHNOLOGIES INC,13922,0.2021
2025-10-27,ARKF,Sell,RBLX,ROBLOX CORP (PRE-REINCORPORATION),30705,0.3012
2025-10-27,ARKF,Sell,SOFI,SOFI TECHNOLOGIES INC,133917,0.3049
2025-10-27,ARKF,Sell,SHOP,SHOPIFY INC,76903,1.0219
2025-10-28,ARKK,Buy,DKNG,DRAFTKINGS INC,346577,0.1247
2025-10-28,ARKK,Buy,NTLA,INTELLIA THERAPEUTICS INC,417679,0.0679
2025-10-28,ARKK,Buy,TXG,10X GENOMICS INC,206820,0.0319
2025-10-28,ARKK,Buy,PACB,PACIFIC BIOSCIENCES OF CALIFORNIA INC,214038,0.0049
2025-10-28,ARKK,Sell,PLTR,PALANTIR TECHNOLOGIES INC,13627,0.0299
2025-10-28,ARKK,Sell,TER,TERADYNE INC,17895,0.0300
2025-10-28,ARKK,Sell,ROKU,ROKU INC,26159,0.0300
2025-10-28,ARKK,Sell,RBLX,ROBLOX CORP (PRE-REINCORPORATION),19800,0.0301
2025-10-28,ARKK,Sell,SHOP,SHOPIFY INC,53947,0.1109
2025-10-28,ARKW,Buy,DKNG,DRAFTKINGS INC,99506,0.1265
2025-10-28,ARKW,Sell,SHOP,SHOPIFY INC,4153,0.0302
2025-10-28,ARKW,Sell,PLTR,PALANTIR TECHNOLOGIES INC,5217,0.0405
2025-10-28,ARKW,Sell,ROKU,ROKU INC,10011,0.0406
2025-10-28,ARKW,Sell,RBLX,ROBLOX CORP (PRE-REINCORPORATION),7579,0.0407
2025-10-28,ARKG,Buy,NTLA,INTELLIA THERAPEUTICS INC,61732,0.0679
2025-10-28,ARKG,Buy,TXG,10X GENOMICS INC,31141,0.0325
2025-10-28,ARKG,Sell,IONS,IONIS PHARMACEUTICALS INC,12279,0.0704
2025-10-28,ARKF,Buy,DKNG,DRAFTKINGS INC,53400,0.1241
2025-10-28,ARKF,Sell,RBLX,ROBLOX CORP (PRE-REINCORPORATION),3051,0.0299
2025-10-28,ARKF,Sell,SHOP,SHOPIFY INC,2972,0.0395
2025-10-28,ARKF,Sell,PLTR,PALANTIR TECHNOLOGIES INC,2800,0.0397
2025-10-28,ARKF,Sell,ROKU,ROKU INC,5373,0.0398
2025-10-29,ARKK,Buy,TXG,10X GENOMICS INC,192697,0.0295
2025-10-29,ARKK,Buy,DKNG,DRAFTKINGS INC,67829,0.0244
2025-10-29,ARKK,Buy,PACB,PACIFIC BIOSCIENCES OF CALIFORNIA INC,1028318,0.0237
2025-10-29,ARKW,Buy,DKNG,DRAFTKINGS INC,19618,0.0247
2025-10-29,ARKG,Buy,TXG,10X GENOMICS INC,29104,0.0300
2025-10-29,ARKF,Buy,DKNG,DRAFTKINGS INC,10336,0.0242
2025-10-29,ARKF,Sell,SHOP,SHOPIFY INC,3633,0.0495
2025-10-30,ARKK,Buy,PACB,PACIFIC BIOSCIENCES OF CALIFORNIA INC,633420,0.0147
2025-10-30,ARKK,Buy,NTLA,INTELLIA THERAPEUTICS INC,56944,0.0083
2025-10-30,ARKK,Sell,IRDM,IRIDIUM COMMUNICATIONS INC,476280,0.0975
2025-10-30,ARKQ,Buy,DE,DEERE & CO,7525,0.1993
2025-10-30,ARKQ,Sell,AMD,ADVANCED MICRO DEVICES INC,13651,0.2005
2025-10-30,ARKG,Buy,NTLA,INTELLIA THERAPEUTICS INC,8853,0.0086
2025-10-30,ARKX,Buy,DE,DEERE & CO,5010,0.4437
2025-10-30,ARKX,Buy,SNPS,SYNOPSYS INC,1196,0.0989
2025-10-30,ARKX,Buy,HON,HONEYWELL INTERNATIONAL INC,2600,0.0988
2025-10-30,ARKX,Buy,DASH,DOORDASH INC,2045,0.0987
2025-10-30,ARKX,Sell,PLTR,PALANTIR TECHNOLOGIES INC,19954,0.7433
2025-10-31,ARKK,Buy,BLSH,BULLISH,72537,0.0450
2025-10-31,ARKK,Buy,NTLA,INTELLIA THERAPEUTICS INC,33676,0.0052
2025-10-31,ARKK,Sell,KTOS,KRATOS DEFENSE AND SECURITY SOLUTIONS INC,42865,0.0473
2025-10-31,ARKK,Sell,PLTR,PALANTIR TECHNOLOGIES INC,41892,0.1027
2025-10-31,ARKW,Buy,BLSH,BULLISH,21354,0.0453
2025-10-31,ARKG,Buy,NTLA,INTELLIA THERAPEUTICS INC,5170,0.0051
2025-10-31,ARKF,Buy,BLSH,BULLISH,11122,0.0449
2025-10-31,ARKF,Sell,SHOP,SHOPIFY INC,11142,0.1540
2025-11-03,ARKK,Buy,BLSH,BULLISH,164214,0.0977
2025-11-03,ARKK,Buy,BEAM,BEAM THERAPEUTICS INC,279424,0.0796
2025-11-03,ARKK,Sell,ROKU,ROKU INC,21793,0.0282
2025-11-03,ARKK,Sell,PLTR,PALANTIR TECHNOLOGIES INC,38338,0.0938
2025-11-03,ARKW,Buy,BLSH,BULLISH,49056,0.0977
2025-11-03,ARKG,Buy,BEAM,BEAM THERAPEUTICS INC,56833,0.1038
2025-11-03,ARKG,Sell,ADPT,ADAPTIVE BIOTECHNOLOGIES CORP,46710,0.0615
2025-11-03,ARKG,Sell,GH,GUARDANT HEALTH INC,13426,0.0987
2025-11-03,ARKF,Buy,BLSH,BULLISH,25076,0.0977
2025-11-04,ARKK,Buy,CRSP,CRISPR THERAPEUTICS AG,140462,0.1004
2025-11-04,ARKK,Buy,BEAM,BEAM THERAPEUTICS INC,240838,0.0675
2025-11-04,ARKK,Buy,BLSH,BULLISH,16600,0.0097
2025-11-04,ARKK,Sell,ROKU,ROKU INC,15362,0.0196
2025-11-04,ARKK,Sell,TER,TERADYNE INC,27423,0.0580
2025-11-04,ARKW,Buy,BLSH,BULLISH,4839,0.0095
2025-11-04,ARKG,Buy,CRSP,CRISPR THERAPEUTICS AG,21865,0.1009
2025-11-04,ARKG,Buy,BEAM,BEAM THERAPEUTICS INC,50163,0.0908
2025-11-04,ARKG,Sell,ADPT,ADAPTIVE BIOTECHNOLOGIES CORP,25846,0.0344
2025-11-04,ARKG,Sell,IONS,IONIS PHARMACEUTICALS INC,16952,0.0958
2025-11-04,ARKF,Buy,BLSH,BULLISH,2524,0.0097
2025-11-04,ARKF,Sell,SOFI,SOFI TECHNOLOGIES INC,20485,0.0477
2025-11-05,ARKK,Buy,PINS,PINTEREST INC,298243,0.0984
2025-11-05,ARKK,Sell,HOOD,ROBINHOOD MARKETS INC,56095,0.1014
2025-11-05,ARKK,Sell,ROKU,ROKU INC,105576,0.1431
2025-11-05,ARKQ,Sell,AVAV,AEROVIRONMENT INC,3886,0.0790
2025-11-05,ARKQ,Sell,RKLB,ROCKET LAB CORP,27591,0.0894
2025-11-05,ARKQ,Sell,TER,TERADYNE INC,12201,0.1295
2025-11-05,ARKW,Buy,PINS,PINTEREST INC,132070,0.1491
2025-11-05,ARKW,Sell,RDDT,REDDIT INC,11989,0.1016
2025-11-05,ARKG,Buy,GH,GUARDANT HEALTH INC,33823,0.2463
2025-11-05,ARKG,Sell,INCY,INCYTE CORP,13092,0.1107
2025-11-05,ARKG,Sell,IONS,IONIS PHARMACEUTICALS INC,20101,0.1209
2025-11-05,ARKG,Sell,ADPT,ADAPTIVE BIOTECHNOLOGIES CORP,87072,0.1216
2025-11-05,ARKF,Buy,PINS,PINTEREST INC,91554,0.1973
2025-11-05,ARKF,Sell,FUTU,FUTU HOLDINGS LTD,9696,0.1512
2025-11-05,ARKF,Sell,SOFI,SOFI TECHNOLOGIES INC,60808,0.1513
2025-11-05,ARKX,Sell,AVAV,AEROVIRONMENT INC,1129,0.0786
2025-11-05,ARKX,Sell,TER,TERADYNE INC,2174,0.0791
2025-11-05,ARKX,Sell,RKLB,ROCKET LAB CORP,8012,0.0889
2025-11-06,ARKK,Buy,ACHR,ARCHER AVIATION INC,2346543,0.2352
2025-11-06,ARKK,Buy,TEM,TEMPUS AI INC,157207,0.1476
2025-11-06,ARKK,Buy,CRSP,CRISPR THERAPEUTICS AG,136461,0.0966
2025-11-06,ARKK,Buy,BMNR,BITMINE IMMERSION TECHNOLOGIES INC,167348,0.0794
2025-11-06,ARKK,Buy,BEAM,BEAM THERAPEUTICS INC,106842,0.0309
2025-11-06,ARKK,Buy,TXG,10X GENOMICS INC,169153,0.0275
2025-11-06,ARKK,Buy,TWST,TWIST BIOSCIENCE CORP,63706,0.0242
2025-11-06,ARKK,Buy,PACB,PACIFIC BIOSCIENCES OF CALIFORNIA INC,218826,0.0050
2025-11-06,ARKK,Sell,IRDM,IRIDIUM COMMUNICATIONS INC,88585,0.0193
2025-11-06,ARKK,Sell,ROKU,ROKU INC,111281,0.1481
2025-11-06,ARKK,Sell,EXAS,EXACT SCIENCES CORP,217463,0.1834
2025-11-06,ARKQ,Buy,ACHR,ARCHER AVIATION INC,515603,0.2371
2025-11-06,ARKQ,Buy,DASH,DOORDASH INC,16769,0.1937
2025-11-06,ARKQ,Sell,IRDM,IRIDIUM COMMUNICATIONS INC,22529,0.0225
2025-11-06,ARKQ,Sell,TER,TERADYNE INC,18025,0.1918
2025-11-06,ARKW,Buy,DASH,DOORDASH INC,16949,0.1458
2025-11-06,ARKW,Buy,BMNR,BITMINE IMMERSION TECHNOLOGIES INC,48361,0.0784
2025-11-06,ARKW,Sell,ROKU,ROKU INC,31238,0.1420
2025-11-06,ARKG,Buy,TEM,TEMPUS AI INC,33723,0.2020
2025-11-06,ARKG,Buy,CAI,CARIS LIFE SCIENCES INC,92072,0.1928
2025-11-06,ARKG,Buy,CRSP,CRISPR THERAPEUTICS AG,21010,0.0949
2025-11-06,ARKG,Buy,ATAI,ATAI BECKLEY NV,115757,0.0398
2025-11-06,ARKG,Buy,BEAM,BEAM THERAPEUTICS INC,16364,0.0302
2025-11-06,ARKG,Buy,TXG,10X GENOMICS INC,25931,0.0269
2025-11-06,ARKG,Buy,TWST,TWIST BIOSCIENCE CORP,9802,0.0238
2025-11-06,ARKG,Buy,PACB,PACIFIC BIOSCIENCES OF CALIFORNIA INC,33735,0.0049
2025-11-06,ARKG,Sell,EXAS,EXACT SCIENCES CORP,29608,0.1593
2025-11-06,ARKG,Sell,IONS,IONIS PHARMACEUTICALS INC,80550,0.4858
2025-11-06,ARKF,Buy,DASH,DOORDASH INC,5819,0.0964
2025-11-06,ARKF,Buy,BMNR,BITMINE IMMERSION TECHNOLOGIES INC,24798,0.0774
2025-11-06,ARKF,Sell,PLTR,PALANTIR TECHNOLOGIES INC,3262,0.0478
2025-11-06,ARKF,Sell,ROKU,ROKU INC,18293,0.1601
2025-11-06,ARKX,Buy,ACHR,ARCHER AVIATION INC,150354,0.2386
2025-11-06,ARKX,Buy,DASH,DOORDASH INC,3670,0.1463
2025-11-06,ARKX,Sell,IRDM,IRIDIUM COMMUNICATIONS INC,6599,0.0227
2025-11-06,ARKX,Sell,KTOS,KRATOS DEFENSE AND SECURITY SOLUTIONS INC,4530,0.0651
2025-11-06,ARKX,Sell,AVAV,AEROVIRONMENT INC,1169,0.0764
2025-11-07,ARKK,Buy,TTD,TRADE DESK INC,264587,0.1498
2025-11-07,ARKK,Buy,NTLA,INTELLIA THERAPEUTICS INC,905649,0.1118
2025-11-07,ARKK,Buy,BEAM,BEAM THERAPEUTICS INC,159864,0.0454
2025-11-07,ARKK,Buy,TWST,TWIST BIOSCIENCE CORP,113035,0.0431
2025-11-07,ARKK,Buy,CRSP,CRISPR THERAPEUTICS AG,43959,0.0309
2025-11-07,ARKK,Buy,TEM,TEMPUS AI INC,27447,0.0250
2025-11-07,ARKK,Buy,BMNR,BITMINE IMMERSION TECHNOLOGIES INC,33698,0.0161
2025-11-07,ARKK,Buy,TXG,10X GENOMICS INC,8221,0.0015
2025-11-07,ARKK,Sell,IRDM,IRIDIUM COMMUNICATIONS INC,19856,0.0043
2025-11-07,ARKK,Sell,ROKU,ROKU INC,65192,0.0858
2025-11-07,ARKK,Sell,EXAS,EXACT SCIENCES CORP,129353,0.1106
2025-11-07,ARKK,Sell,GTLB,GITLAB INC,215684,0.1246
2025-11-07,ARKK,Sell,TSLA,TESLA INC,66748,0.3714
2025-11-07,ARKQ,Sell,IRDM,IRIDIUM COMMUNICATIONS INC,5139,0.0052
2025-11-07,ARKW,Buy,TTD,TRADE DESK INC,51485,0.1008
2025-11-07,ARKW,Buy,BMNR,BITMINE IMMERSION TECHNOLOGIES INC,9756,0.0161
2025-11-07,ARKW,Sell,GTLB,GITLAB INC,21065,0.0421
2025-11-07,ARKW,Sell,ROKU,ROKU INC,17158,0.0782
2025-11-07,ARKW,Sell,TSLA,TESLA INC,4890,0.0942
2025-11-07,ARKG,Buy,NTLA,INTELLIA THERAPEUTICS INC,141050,0.1126
2025-11-07,ARKG,Buy,ATAI,ATAI BECKLEY NV,166280,0.0591
2025-11-07,ARKG,Buy,BEAM,BEAM THERAPEUTICS INC,24898,0.0457
2025-11-07,ARKG,Buy,TWST,TWIST BIOSCIENCE CORP,17605,0.0434
2025-11-07,ARKG,Buy,CRSP,CRISPR THERAPEUTICS AG,6785,0.0309
2025-11-07,ARKG,Buy,TEM,TEMPUS AI INC,4237,0.0250
2025-11-07,ARKG,Buy,TXG,10X GENOMICS INC,1280,0.0015
2025-11-07,ARKG,Sell,EXAS,EXACT SCIENCES CORP,17907,0.0990
2025-11-07,ARKG,Sell,NTRA,NATERA INC,20277,0.3384
2025-11-07,ARKF,Buy,BMNR,BITMINE IMMERSION TECHNOLOGIES INC,5000,0.0161
2025-11-07,ARKF,Sell,ROKU,ROKU INC,2638,0.0234
2025-11-07,ARKX,Sell,IRDM,IRIDIUM COMMUNICATIONS INC,1484,0.0051
2025-11-10,ARKK,Buy,BIDU,BAIDU INC,77771,0.1333
2025-11-10,ARKK,Buy,TEM,TEMPUS AI INC,48633,0.0457
2025-11-10,ARKK,Buy,CRSP,CRISPR THERAPEUTICS AG,52489,0.0375
2025-11-10,ARKK,Buy,BEAM,BEAM THERAPEUTICS INC,68382,0.0195
2025-11-10,ARKK,Buy,TWST,TWIST BIOSCIENCE CORP,9252,0.0037
2025-11-10,ARKK,Sell,IRDM,IRIDIUM COMMUNICATIONS INC,9975,0.0022
2025-11-10,ARKK,Sell,EXAS,EXACT SCIENCES CORP,6957,0.0061
2025-11-10,ARKK,Sell,GTLB,GITLAB INC,16333,0.0098
2025-11-10,ARKK,Sell,TSLA,TESLA INC,5212,0.0303
2025-11-10,ARKQ,Buy,PONY,PONY AI INC,173798,0.1526
2025-11-10,ARKQ,Buy,BIDU,BAIDU INC,16324,0.1310
2025-11-10,ARKQ,Sell,IRDM,IRIDIUM COMMUNICATIONS INC,2557,0.0026
2025-11-10,ARKQ,Sell,TER,TERADYNE INC,27177,0.3038
2025-11-10,ARKW,Sell,TSLA,TESLA INC,214,0.0043
2025-11-10,ARKW,Sell,GTLB,GITLAB INC,2351,0.0048
2025-11-10,ARKG,Buy,TEM,TEMPUS AI INC,7459,0.0452
2025-11-10,ARKG,Buy,CRSP,CRISPR THERAPEUTICS AG,8050,0.0371
2025-11-10,ARKG,Buy,BEAM,BEAM THERAPEUTICS INC,10488,0.0193
2025-11-10,ARKG,Buy,TWST,TWIST BIOSCIENCE CORP,1419,0.0037
2025-11-10,ARKG,Sell,EXAS,EXACT SCIENCES CORP,909,0.0051
2025-11-10,ARKF,Sell,SOFI,SOFI TECHNOLOGIES INC,19422,0.0509
2025-11-10,ARKX,Buy,TSM,TAIWAN SEMICONDUCTOR MANUFACTURING CO LTD,16598,1.0246
2025-11-10,ARKX,Sell,IRDM,IRIDIUM COMMUNICATIONS INC,752,0.0027
2025-11-10,ARKX,Sell,SOLS,SOLSTICE ADVANCED MATERIALS INC,4759,0.0477
2025-11-10,ARKX,Sell,RKLB,ROCKET LAB CORP,18673,0.2029
2025-11-10,ARKX,Sell,KTOS,KRATOS DEFENSE AND SECURITY SOLUTIONS INC,12300,0.2036
2025-11-10,ARKX,Sell,AVAV,AEROVIRONMENT INC,2951,0.2055
2025-11-10,ARKX,Sell,TER,TERADYNE INC,9014,0.3466
2025-11-11,ARKK,Buy,BABA,ALIBABA GROUP HOLDING LTD,117335,0.2377
2025-11-11,ARKK,Buy,CRSP,CRISPR THERAPEUTICS AG,34073,0.0229
2025-11-11,ARKK,Buy,BIDU,BAIDU INC,12006,0.0200
2025-11-11,ARKK,Buy,TEM,TEMPUS AI INC,15325,0.0138
2025-11-11,ARKK,Buy,TWST,TWIST BIOSCIENCE CORP,13667,0.0053
2025-11-11,ARKK,Sell,TSLA,TESLA INC,789,0.0044
2025-11-11,ARKK,Sell,GTLB,GITLAB INC,17197,0.0101
2025-11-11,ARKK,Sell,IRDM,IRIDIUM COMMUNICATIONS INC,143560,0.0303
2025-11-11,ARKK,Sell,EXAS,EXACT SCIENCES CORP,95168,0.0807
2025-11-11,ARKQ,Buy,BIDU,BAIDU INC,2525,0.0199
2025-11-11,ARKQ,Sell,IRDM,IRIDIUM COMMUNICATIONS INC,38241,0.0383
2025-11-11,ARKW,Buy,BABA,ALIBABA GROUP HOLDING LTD,33415,0.2343
2025-11-11,ARKW,Sell,RDDT,REDDIT INC,26277,0.2390
2025-11-11,ARKG,Buy,CRSP,CRISPR THERAPEUTICS AG,5177,0.0228
2025-11-11,ARKG,Buy,TEM,TEMPUS AI INC,2329,0.0137
2025-11-11,ARKG,Buy,TWST,TWIST BIOSCIENCE CORP,2076,0.0053
2025-11-11,ARKG,Sell,EXAS,EXACT SCIENCES CORP,13496,0.0750
2025-11-11,ARKF,Buy,BABA,ALIBABA GROUP HOLDING LTD,6981,0.0947
2025-11-11,ARKF,Sell,RDDT,REDDIT INC,13723,0.2416
2025-11-11,ARKX,Sell,IRDM,IRIDIUM COMMUNICATIONS INC,11185,0.0383
2025-11-12,ARKK,Buy,CRCL,CIRCLE INTERNET GROUP INC,245830,0.2793
2025-11-12,ARKK,Buy,TWST,TWIST BIOSCIENCE CORP,50084,0.0198
2025-11-12,ARKK,Buy,TEM,TEMPUS AI INC,16441,0.0149
2025-11-12,ARKK,Buy,BABA,ALIBABA GROUP HOLDING LTD,4878,0.0099
2025-11-12,ARKK,Buy,CRSP,CRISPR THERAPEUTICS AG,14206,0.0097
2025-11-12,ARKK,Sell,IRDM,IRIDIUM COMMUNICATIONS INC,205524,0.0443
2025-11-12,ARKK,Sell,EXAS,EXACT SCIENCES CORP,84515,0.0728
2025-11-12,ARKK,Sell,TSLA,TESLA INC,56495,0.3087
2025-11-12,ARKQ,Sell,IRDM,IRIDIUM COMMUNICATIONS INC,53954,0.0556
2025-11-12,ARKW,Buy,CRCL,CIRCLE INTERNET GROUP INC,70613,0.2820
2025-11-12,ARKW,Buy,BABA,ALIBABA GROUP HOLDING LTD,1396,0.0100
2025-11-12,ARKW,Sell,TSLA,TESLA INC,13979,0.2683
2025-11-12,ARKG,Buy,TWST,TWIST BIOSCIENCE CORP,7795,0.0198
2025-11-12,ARKG,Buy,TEM,TEMPUS AI INC,2558,0.0149
2025-11-12,ARKG,Buy,CRSP,CRISPR THERAPEUTICS AG,2212,0.0097
2025-11-12,ARKG,Sell,EXAS,EXACT SCIENCES CORP,11274,0.0626
2025-11-12,ARKF,Buy,CRCL,CIRCLE INTERNET GROUP INC,36885,0.2817
2025-11-12,ARKF,Buy,BABA,ALIBABA GROUP HOLDING LTD,364,0.0050
2025-11-12,ARKF,Sell,SOFI,SOFI TECHNOLOGIES INC,43940,0.1192
2025-11-12,ARKX,Sell,SOLS,SOLSTICE ADVANCED MATERIALS INC,715,0.0068
2025-11-12,ARKX,Sell,IRDM,IRIDIUM COMMUNICATIONS INC,15897,0.0556
2025-11-13,ARKK,Buy,CRCL,CIRCLE INTERNET GROUP INC,130595,0.1392
2025-11-13,ARKK,Buy,TEM,TEMPUS AI INC,107442,0.0932
2025-11-13,ARKK,Buy,BMNR,BITMINE IMMERSION TECHNOLOGIES INC,167231,0.0789
2025-11-13,ARKK,Buy,BLSH,BULLISH,122526,0.0652
2025-11-13,ARKK,Buy,CRSP,CRISPR THERAPEUTICS AG,55931,0.0366
2025-11-13,ARKK,Buy,BEAM,BEAM THERAPEUTICS INC,106495,0.0296
2025-11-13,ARKK,Sell,IRDM,IRIDIUM COMMUNICATIONS INC,2643,0.0006
2025-11-13,ARKK,Sell,VCYT,VERACYTE INC,34788,0.0182
2025-11-13,ARKK,Sell,PINS,PINTEREST INC,572735,0.1994
2025-11-13,ARKK,Sell,AMD,ADVANCED MICRO DEVICES INC,87051,0.2777
2025-11-13,ARKQ,Sell,IRDM,IRIDIUM COMMUNICATIONS INC,693,0.0007
2025-11-13,ARKW,Buy,CRCL,CIRCLE INTERNET GROUP INC,38313,0.1424
2025-11-13,ARKW,Buy,BMNR,BITMINE IMMERSION TECHNOLOGIES INC,49304,0.0811
2025-11-13,ARKW,Buy,BLSH,BULLISH,36071,0.0669
2025-11-13,ARKW,Sell,RDDT,REDDIT INC,16634,0.1414
2025-11-13,ARKW,Sell,CRM,SALESFORCE INC,21974,0.2366
2025-11-13,ARKG,Buy,TEM,TEMPUS AI INC,42312,0.2375
2025-11-13,ARKG,Buy,RXRX,RECURSION PHARMACEUTICALS INC,261439,0.0949
2025-11-13,ARKG,Buy,ABSI,ABSCI CORP,421480,0.0927
2025-11-13,ARKG,Buy,CRSP,CRISPR THERAPEUTICS AG,17596,0.0745
2025-11-13,ARKG,Buy,BEAM,BEAM THERAPEUTICS INC,33698,0.0607
2025-11-13,ARKG,Sell,VCYT,VERACYTE INC,5439,0.0184
2025-11-13,ARKG,Sell,AMGN,AMGEN INC,1682,0.0471
2025-11-13,ARKG,Sell,NTRA,NATERA INC,3666,0.0629
2025-11-13,ARKG,Sell,GH,GUARDANT HEALTH INC,8249,0.0660
2025-11-13,ARKG,Sell,REGN,REGENERON PHARMACEUTICALS INC,12083,0.7000
2025-11-13,ARKF,Buy,CRCL,CIRCLE INTERNET GROUP INC,20033,0.1423
2025-11-13,ARKF,Buy,BMNR,BITMINE IMMERSION TECHNOLOGIES INC,25812,0.0812
2025-11-13,ARKF,Buy,BLSH,BULLISH,18883,0.0669
2025-11-13,ARKF,Sell,RDDT,REDDIT INC,23220,0.3773
2025-11-13,ARKX,Sell,IRDM,IRIDIUM COMMUNICATIONS INC,204,0.0007
2025-11-14,ARKK,Buy,TWST,TWIST BIOSCIENCE CORP,159946,0.0585
2025-11-14,ARKK,Buy,BMNR,BITMINE IMMERSION TECHNOLOGIES INC,116681,0.0565
2025-11-14,ARKK,Buy,TEM,TEMPUS AI INC,37043,0.0348
2025-11-14,ARKK,Buy,BEAM,BEAM THERAPEUTICS INC,106148,0.0319
2025-11-14,ARKK,Buy,BLSH,BULLISH,52011,0.0288
2025-11-14,ARKK,Buy,CRSP,CRISPR THERAPEUTICS AG,30823,0.0218
2025-11-14,ARKK,Sell,IRDM,IRIDIUM COMMUNICATIONS INC,36916,0.0086
2025-11-14,ARKK,Sell,VCYT,VERACYTE INC,96659,0.0526
2025-11-14,ARKK,Sell,PINS,PINTEREST INC,1876328,0.6872
2025-11-14,ARKQ,Sell,IRDM,IRIDIUM COMMUNICATIONS INC,9350,0.0101
2025-11-14,ARKW,Buy,BMNR,BITMINE IMMERSION TECHNOLOGIES INC,34637,0.0572
2025-11-14,ARKW,Buy,BLSH,BULLISH,15441,0.0291
2025-11-14,ARKG,Buy,TEM,TEMPUS AI INC,14190,0.0847
2025-11-14,ARKG,Buy,BEAM,BEAM THERAPEUTICS INC,32529,0.0620
2025-11-14,ARKG,Buy,TWST,TWIST BIOSCIENCE CORP,24559,0.0570
2025-11-14,ARKG,Buy,CRSP,CRISPR THERAPEUTICS AG,9446,0.0425
2025-11-14,ARKG,Buy,REGN,REGENERON PHARMACEUTICALS INC,285,0.0174
2025-11-14,ARKG,Sell,GH,GUARDANT HEALTH INC,3473,0.0283
2025-11-14,ARKG,Sell,NTRA,NATERA INC,2173,0.0380
2025-11-14,ARKG,Sell,VCYT,VERACYTE INC,14811,0.0512
2025-11-14,ARKF,Buy,BMNR,BITMINE IMMERSION TECHNOLOGIES INC,18089,0.0571
2025-11-14,ARKF,Buy,BLSH,BULLISH,8063,0.0291
2025-11-14,ARKX,Sell,SOLS,SOLSTICE ADVANCED MATERIALS INC,297,0.0029
2025-11-14,ARKX,Sell,IRDM,IRIDIUM COMMUNICATIONS INC,2775,0.0101
2025-11-17,ARKK,Buy,TWST,TWIST BIOSCIENCE CORP,340895,0.1265
2025-11-17,ARKK,Buy,BLSH,BULLISH,191195,0.0992
2025-11-17,ARKK,Buy,TEM,TEMPUS AI INC,72024,0.0686
2025-11-17,ARKK,Buy,BEAM,BEAM THERAPEUTICS INC,40709,0.0126
2025-11-17,ARKK,Buy,CRSP,CRISPR THERAPEUTICS AG,14283,0.0105
2025-11-17,ARKK,Sell,IRDM,IRIDIUM COMMUNICATIONS INC,4297,0.0010
2025-11-17,ARKK,Sell,PINS,PINTEREST INC,24220,0.0091
2025-11-17,ARKK,Sell,VCYT,VERACYTE INC,45434,0.0253
2025-11-17,ARKQ,Sell,IRDM,IRIDIUM COMMUNICATIONS INC,1107,0.0012
2025-11-17,ARKW,Buy,BLSH,BULLISH,56660,0.0993
2025-11-17,ARKW,Sell,RDDT,REDDIT INC,10908,0.0973
2025-11-17,ARKG,Buy,TEM,TEMPUS AI INC,25137,0.1559
2025-11-17,ARKG,Buy,TWST,TWIST BIOSCIENCE CORP,52051,0.1258
2025-11-17,ARKG,Buy,BEAM,BEAM THERAPEUTICS INC,10877,0.0220
2025-11-17,ARKG,Buy,CRSP,CRISPR THERAPEUTICS AG,3816,0.0182
2025-11-17,ARKG,Sell,VCYT,VERACYTE INC,6937,0.0251
2025-11-17,ARKF,Buy,BLSH,BULLISH,29208,0.0982
2025-11-17,ARKF,Sell,RDDT,REDDIT INC,5632,0.0963
2025-11-17,ARKX,Sell,IRDM,IRIDIUM COMMUNICATIONS INC,320,0.0011
2025-11-18,ARKK,Buy,RBLX,ROBLOX CORP (PRE-REINCORPORATION),67738,0.0999
2025-11-18,ARKK,Buy,SHOP,SHOPIFY INC,33992,0.0681
2025-11-18,ARKK,Buy,BEAM,BEAM THERAPEUTICS INC,99263,0.0312
2025-11-18,ARKK,Buy,RXRX,RECURSION PHARMACEUTICALS INC,507289,0.0305
2025-11-18,ARKK,Buy,ILMN,ILLUMINA INC,17204,0.0302
2025-11-18,ARKK,Buy,COIN,COINBASE GLOBAL INC,7711,0.0297
2025-11-18,ARKK,Buy,CRCL,CIRCLE INTERNET GROUP INC,26520,0.0296
2025-11-18,ARKK,Buy,CRSP,CRISPR THERAPEUTICS AG,36321,0.0278
2025-11-18,ARKK,Buy,NTLA,INTELLIA THERAPEUTICS INC,179935,0.0218
2025-11-18,ARKK,Buy,TWST,TWIST BIOSCIENCE CORP,27498,0.0099
2025-11-18,ARKK,Sell,IRDM,IRIDIUM COMMUNICATIONS INC,5928,0.0014
2025-11-18,ARKK,Sell,PINS,PINTEREST INC,203244,0.0751
2025-11-18,ARKK,Sell,TER,TERADYNE INC,43008,0.1033
2025-11-18,ARKQ,Sell,IRDM,IRIDIUM COMMUNICATIONS INC,1500,0.0016
2025-11-18,ARKG,Buy,CRSP,CRISPR THERAPEUTICS AG,11430,0.0560
2025-11-18,ARKG,Buy,BEAM,BEAM THERAPEUTICS INC,15504,0.0312
2025-11-18,ARKG,Buy,NTLA,INTELLIA THERAPEUTICS INC,28236,0.0219
2025-11-18,ARKG,Buy,TWST,TWIST BIOSCIENCE CORP,4303,0.0100
2025-11-18,ARKG,Sell,AMGN,AMGEN INC,956,0.0303
2025-11-18,ARKF,Buy,KLAR,KLARNA GROUP PLC,93218,0.2808
2025-11-18,ARKF,Buy,BLSH,BULLISH,28186,0.1000
2025-11-18,ARKF,Buy,RBLX,ROBLOX CORP (PRE-REINCORPORATION),10358,0.0999
2025-11-18,ARKF,Buy,CRCL,CIRCLE INTERNET GROUP INC,13551,0.0990
2025-11-18,ARKF,Buy,COIN,COINBASE GLOBAL INC,3909,0.0986
2025-11-18,ARKF,Sell,RDDT,REDDIT INC,11447,0.2002
2025-11-18,ARKF,Sell,BILL,BILL HOLDINGS INC,98159,0.4562
2025-11-18,ARKX,Buy,DE,DEERE & CO,462,0.0498
2025-11-18,ARKX,Sell,IRDM,IRIDIUM COMMUNICATIONS INC,432,0.0016
2025-11-19,ARKK,Buy,BLSH,BULLISH,322917,0.1672
2025-11-19,ARKK,Buy,CRCL,CIRCLE INTERNET GROUP INC,150518,0.1505
2025-11-19,ARKK,Buy,BMNR,BITMINE IMMERSION TECHNOLOGIES INC,181774,0.0766
2025-11-19,ARKK,Buy,SHOP,SHOPIFY INC,14985,0.0313
2025-11-19,ARKK,Buy,BEAM,BEAM THERAPEUTICS INC,64010,0.0202
2025-11-19,ARKK,Sell,IRDM,IRIDIUM COMMUNICATIONS INC,34564,0.0081
2025-11-19,ARKK,Sell,PINS,PINTEREST INC,29753,0.0110
2025-11-19,ARKK,Sell,NTRA,NATERA INC,38194,0.1212
2025-11-19,ARKK,Sell,TER,TERADYNE INC,54280,0.1315
2025-11-19,ARKK,Sell,AMD,ADVANCED MICRO DEVICES INC,40750,0.1324
2025-11-19,ARKQ,Sell,IRDM,IRIDIUM COMMUNICATIONS INC,8442,0.0091
2025-11-19,ARKW,Buy,BLSH,BULLISH,92670,0.1632
2025-11-19,ARKW,Buy,CRCL,CIRCLE INTERNET GROUP INC,43174,0.1468
2025-11-19,ARKW,Buy,BMNR,BITMINE IMMERSION TECHNOLOGIES INC,51954,0.0745
2025-11-19,ARKW,Sell,RDDT,REDDIT INC,18740,0.1736
2025-11-19,ARKW,Sell,AMD,ADVANCED MICRO DEVICES INC,20733,0.2290
2025-11-19,ARKG,Buy,BEAM,BEAM THERAPEUTICS INC,9723,0.0193
2025-11-19,ARKG,Sell,NTRA,NATERA INC,2482,0.0496
2025-11-19,ARKF,Buy,BLSH,BULLISH,48011,0.1637
2025-11-19,ARKF,Buy,CRCL,CIRCLE INTERNET GROUP INC,22327,0.1470
2025-11-19,ARKF,Buy,BMNR,BITMINE IMMERSION TECHNOLOGIES INC,26923,0.0747
2025-11-19,ARKF,Buy,KLAR,KLARNA GROUP PLC,6483,0.0190
2025-11-19,ARKF,Sell,RDDT,REDDIT INC,5598,0.1004
2025-11-19,ARKF,Sell,BILL,BILL HOLDINGS INC,34958,0.1615
2025-11-19,ARKF,Sell,AMD,ADVANCED MICRO DEVICES INC,10732,0.2295
2025-11-19,ARKX,Sell,IRDM,IRIDIUM COMMUNICATIONS INC,2444,0.0091
2025-11-20,ARKK,Buy,NVDA,NVIDIA CORP,93374,0.2429
2025-11-20,ARKK,Buy,COIN,COINBASE GLOBAL INC,42419,0.1459
2025-11-20,ARKK,Buy,BMNR,BITMINE IMMERSION TECHNOLOGIES INC,363081,0.1395
2025-11-20,ARKK,Buy,CRCL,CIRCLE INTERNET GROUP INC,134650,0.1291
2025-11-20,ARKK,Buy,BLSH,BULLISH,241991,0.1279
2025-11-20,ARKK,Buy,ILMN,ILLUMINA INC,56953,0.0973
2025-11-20,ARKK,Buy,HOOD,ROBINHOOD MARKETS INC,63991,0.0973
2025-11-20,ARKK,Buy,ACHR,ARCHER AVIATION INC,971423,0.0967
2025-11-20,ARKK,Buy,TEM,TEMPUS AI INC,74586,0.0702
2025-11-20,ARKK,Buy,CRSP,CRISPR THERAPEUTICS AG,55749,0.0391
2025-11-20,ARKK,Buy,RXRX,RECURSION PHARMACEUTICALS INC,496586,0.0275
2025-11-20,ARKK,Buy,BEAM,BEAM THERAPEUTICS INC,51516,0.0152
2025-11-20,ARKK,Buy,WGS,GENEDX HOLDINGS CORP,4900,0.0094
2025-11-20,ARKK,Buy,PACB,PACIFIC BIOSCIENCES OF CALIFORNIA INC,229162,0.0062
2025-11-20,ARKK,Sell,PINS,PINTEREST INC,1663,0.0006
2025-11-20,ARKK,Sell,IRDM,IRIDIUM COMMUNICATIONS INC,3203,0.0008
2025-11-20,ARKK,Sell,AMD,ADVANCED MICRO DEVICES INC,8023,0.0260
2025-11-20,ARKK,Sell,TER,TERADYNE INC,12624,0.0311
2025-11-20,ARKK,Sell,EXAS,EXACT SCIENCES CORP,761515,1.1014
2025-11-20,ARKQ,Sell,IRDM,IRIDIUM COMMUNICATIONS INC,777,0.0008
2025-11-20,ARKW,Buy,BLSH,BULLISH,14867,0.0274
2025-11-20,ARKW,Buy,BMNR,BITMINE IMMERSION TECHNOLOGIES INC,11321,0.0152
2025-11-20,ARKW,Sell,RDDT,REDDIT INC,686,0.0066
2025-11-20,ARKW,Sell,AMD,ADVANCED MICRO DEVICES INC,3999,0.0453
2025-11-20,ARKG,Buy,ILMN,ILLUMINA INC,13732,0.1509
2025-11-20,ARKG,Buy,TEM,TEMPUS AI INC,24007,0.1454
2025-11-20,ARKG,Buy,CRSP,CRISPR THERAPEUTICS AG,22494,0.1015
2025-11-20,ARKG,Buy,WGS,GENEDX HOLDINGS CORP,7887,0.0970
2025-11-20,ARKG,Buy,BEAM,BEAM THERAPEUTICS INC,8291,0.0157
2025-11-20,ARKG,Buy,PACB,PACIFIC BIOSCIENCES OF CALIFORNIA INC,61455,0.0106
2025-11-20,ARKG,Sell,EXAS,EXACT SCIENCES CORP,170646,1.5870
2025-11-20,ARKF,Buy,BLSH,BULLISH,7676,0.0273
2025-11-20,ARKF,Buy,BMNR,BITMINE IMMERSION TECHNOLOGIES INC,5842,0.0151
2025-11-20,ARKF,Sell,BILL,BILL HOLDINGS INC,1423,0.0068
2025-11-20,ARKF,Sell,RDDT,REDDIT INC,392,0.0073
2025-11-20,ARKF,Sell,AMD,ADVANCED MICRO DEVICES INC,2065,0.0451
2025-11-20,ARKX,Sell,IRDM,IRIDIUM COMMUNICATIONS INC,225,0.0008
2025-11-21,ARKK,Buy,CRWV,COREWEAVE INC,315815,0.3212
2025-11-21,ARKK,Buy,CRSP,CRISPR THERAPEUTICS AG,48162,0.0355
2025-11-21,ARKK,Buy,TEM,TEMPUS AI INC,29605,0.0292
2025-11-21,ARKK,Buy,BLSH,BULLISH,46510,0.0253
2025-11-21,ARKK,Buy,BMNR,BITMINE IMMERSION TECHNOLOGIES INC,30429,0.0116
2025-11-21,ARKK,Buy,WGS,GENEDX HOLDINGS CORP,4738,0.0097
2025-11-21,ARKK,Buy,CRCL,CIRCLE INTERNET GROUP INC,3529,0.0036
2025-11-21,ARKK,Buy,RXRX,RECURSION PHARMACEUTICALS INC,35502,0.0021
2025-11-21,ARKK,Sell,PINS,PINTEREST INC,1,0.0000
2025-11-21,ARKK,Sell,AMD,ADVANCED MICRO DEVICES INC,866,0.0027
2025-11-21,ARKK,Sell,IRDM,IRIDIUM COMMUNICATIONS INC,129807,0.0308
2025-11-21,ARKK,Sell,EXAS,EXACT SCIENCES CORP,188170,0.2819
2025-11-21,ARKK,Sell,GTLB,GITLAB INC,602267,0.3697
2025-11-21,ARKQ,Sell,IRDM,IRIDIUM COMMUNICATIONS INC,30740,0.0341
2025-11-21,ARKW,Buy,CRWV,COREWEAVE INC,34919,0.1259
2025-11-21,ARKW,Buy,HOOD,ROBINHOOD MARKETS INC,1800,0.0102
2025-11-21,ARKW,Buy,ARKB,ARK 21SHARES BITCOIN ETF,6737,0.0099
2025-11-21,ARKW,Buy,BLSH,BULLISH,2267,0.0044
2025-11-21,ARKW,Buy,BMNR,BITMINE IMMERSION TECHNOLOGIES INC,977,0.0013
2025-11-21,ARKW,Sell,RDDT,REDDIT INC,234,0.0023
2025-11-21,ARKW,Sell,AMD,ADVANCED MICRO DEVICES INC,506,0.0056
2025-11-21,ARKW,Sell,IBTA,IBOTTA INC,16126,0.0195
2025-11-21,ARKW,Sell,GTLB,GITLAB INC,67877,0.1477
2025-11-21,ARKG,Buy,WGS,GENEDX HOLDINGS CORP,7442,0.0943
2025-11-21,ARKG,Buy,CRSP,CRISPR THERAPEUTICS AG,18916,0.0859
2025-11-21,ARKG,Buy,TEM,TEMPUS AI INC,9302,0.0566
2025-11-21,ARKG,Sell,EXAS,EXACT SCIENCES CORP,38983,0.3599
2025-11-21,ARKF,Buy,ARKB,ARK 21SHARES BITCOIN ETF,13963,0.0399
2025-11-21,ARKF,Buy,BLSH,BULLISH,1123,0.0042
2025-11-21,ARKF,Buy,BMNR,BITMINE IMMERSION TECHNOLOGIES INC,484,0.0013
2025-11-21,ARKF,Sell,RDDT,REDDIT INC,100,0.0019
2025-11-21,ARKF,Sell,BILL,BILL HOLDINGS INC,401,0.0019
2025-11-21,ARKF,Sell,AMD,ADVANCED MICRO DEVICES INC,251,0.0053
2025-11-21,ARKF,Sell,IBTA,IBOTTA INC,16974,0.0398
2025-11-21,ARKX,Sell,IRDM,IRIDIUM COMMUNICATIONS INC,8938,0.0342
2025-11-24,ARKK,Buy,CRWV,COREWEAVE INC,396178,0.4169
2025-11-24,ARKK,Buy,CRSP,CRISPR THERAPEUTICS AG,28441,0.0208
2025-11-24,ARKK,Buy,WGS,GENEDX HOLDINGS CORP,4070,0.0091
2025-11-24,ARKK,Buy,CRCL,CIRCLE INTERNET GROUP INC,8246,0.0084
2025-11-24,ARKK,Buy,BLSH,BULLISH,13402,0.0075
2025-11-24,ARKK,Sell,EXAS,EXACT SCIENCES CORP,14799,0.0216
2025-11-24,ARKK,Sell,IRDM,IRIDIUM COMMUNICATIONS INC,138456,0.0325
2025-11-24,ARKK,Sell,GTLB,GITLAB INC,583495,0.3531
2025-11-24,ARKQ,Buy,KDK,KODIAK AI INC,35329,0.0147
2025-11-24,ARKQ,Sell,IRDM,IRIDIUM COMMUNICATIONS INC,31848,0.0356
2025-11-24,ARKW,Buy,CRWV,COREWEAVE INC,41167,0.1506
2025-11-24,ARKW,Buy,HOOD,ROBINHOOD MARKETS INC,2935,0.0169
2025-11-24,ARKW,Buy,ARKB,ARK 21SHARES BITCOIN ETF,11422,0.0169
2025-11-24,ARKW,Sell,RDDT,REDDIT INC,100,0.0009
2025-11-24,ARKW,Sell,IBTA,IBOTTA INC,29200,0.0329
2025-11-24,ARKW,Sell,GTLB,GITLAB INC,63416,0.1334
2025-11-24,ARKG,Buy,WGS,GENEDX HOLDINGS CORP,6744,0.0912
2025-11-24,ARKG,Buy,CRSP,CRISPR THERAPEUTICS AG,13963,0.0621
2025-11-24,ARKG,Sell,EXAS,EXACT SCIENCES CORP,3039,0.0270
2025-11-24,ARKF,Buy,ARKB,ARK 21SHARES BITCOIN ETF,25216,0.0750
2025-11-24,ARKF,Sell,IBTA,IBOTTA INC,32900,0.0744
2025-11-24,ARKX,Sell,IRDM,IRIDIUM COMMUNICATIONS INC,9274,0.0357
2025-11-25,ARKK,Buy,GOOG,ALPHABET INC,113276,0.4912
2025-11-25,ARKK,Buy,CRWV,COREWEAVE INC,358999,0.3291
2025-11-25,ARKK,Buy,META,META PLATFORMS INC,23769,0.1999
2025-11-25,ARKK,Buy,XYZ,BLOCK INC,177915,0.1499
2025-11-25,ARKK,Buy,CRCL,CIRCLE INTERNET GROUP INC,108450,0.1003
2025-11-25,ARKK,Buy,COIN,COINBASE GLOBAL INC,15197,0.0505
2025-11-25,ARKK,Buy,CRSP,CRISPR THERAPEUTICS AG,58532,0.0406
2025-11-25,ARKK,Buy,BLSH,BULLISH,37498,0.0200
2025-11-25,ARKK,Sell,TXG,10X GENOMICS INC,36864,0.0095
2025-11-25,ARKK,Sell,IRDM,IRIDIUM COMMUNICATIONS INC,44955,0.0099
2025-11-25,ARKK,Sell,VCYT,VERACYTE INC,106178,0.0710
2025-11-25,ARKK,Sell,NTRA,NATERA INC,31913,0.1009
2025-11-25,ARKK,Sell,GTLB,GITLAB INC,358399,0.1967
2025-11-25,ARKK,Sell,AMD,ADVANCED MICRO DEVICES INC,74879,0.1981
2025-11-25,ARKK,Sell,EXAS,EXACT SCIENCES CORP,181916,0.2457
2025-11-25,ARKK,Sell,PLTR,PALANTIR TECHNOLOGIES INC,232487,0.4953
2025-11-25,ARKQ,Buy,GOOG,ALPHABET INC,23000,0.4951
2025-11-25,ARKQ,Buy,KDK,KODIAK AI INC,183009,0.0719
2025-11-25,ARKQ,Sell,IRDM,IRIDIUM COMMUNICATIONS INC,10578,0.0116
2025-11-25,ARKQ,Sell,PLTR,PALANTIR TECHNOLOGIES INC,47170,0.4989
2025-11-25,ARKW,Buy,GOOG,ALPHABET INC,31422,0.4930
2025-11-25,ARKW,Buy,META,META PLATFORMS INC,6597,0.2007
2025-11-25,ARKW,Buy,CRWV,COREWEAVE INC,37199,0.1234
2025-11-25,ARKW,Buy,ARKB,ARK 21SHARES BITCOIN ETF,30373,0.0425
2025-11-25,ARKW,Buy,HOOD,ROBINHOOD MARKETS INC,7604,0.0412
2025-11-25,ARKW,Sell,GTLB,GITLAB INC,39314,0.0781
2025-11-25,ARKW,Sell,IBTA,IBOTTA INC,70806,0.0789
2025-11-25,ARKW,Sell,AMD,ADVANCED MICRO DEVICES INC,20802,0.1991
2025-11-25,ARKW,Sell,PLTR,PALANTIR TECHNOLOGIES INC,64488,0.4970
2025-11-25,ARKG,Buy,CRSP,CRISPR THERAPEUTICS AG,19529,0.0824
2025-11-25,ARKG,Sell,EXAS,EXACT SCIENCES CORP,34415,0.2829
2025-11-25,ARKF,Buy,META,META PLATFORMS INC,3471,0.1995
2025-11-25,ARKF,Buy,XYZ,BLOCK INC,34623,0.1993
2025-11-25,ARKF,Buy,ARKB,ARK 21SHARES BITCOIN ETF,65827,0.1740
2025-11-25,ARKF,Buy,KLAR,KLARNA GROUP PLC,41234,0.1124
2025-11-25,ARKF,Sell,IBTA,IBOTTA INC,78913,0.1660
2025-11-25,ARKF,Sell,AMD,ADVANCED MICRO DEVICES INC,10970,0.1983
2025-11-25,ARKX,Buy,GOOG,ALPHABET INC,6595,0.4935
2025-11-25,ARKX,Sell,IRDM,IRIDIUM COMMUNICATIONS INC,3045,0.0116
2025-11-25,ARKX,Sell,PLTR,PALANTIR TECHNOLOGIES INC,10810,0.3974
2025-11-26,ARKK,Buy,DE,DEERE & CO,24211,0.1523
2025-11-26,ARKK,Buy,COIN,COINBASE GLOBAL INC,43607,0.1498
2025-11-26,ARKK,Buy,CRWV,COREWEAVE INC,10308,0.0101
2025-11-26,ARKK,Buy,CRSP,CRISPR THERAPEUTICS AG,1964,0.0014
2025-11-26,ARKK,Buy,RXRX,RECURSION PHARMACEUTICALS INC,13976,0.0008
2025-11-26,ARKK,Sell,TXG,10X GENOMICS INC,21410,0.0054
2025-11-26,ARKK,Sell,GTLB,GITLAB INC,17501,0.0095
2025-11-26,ARKK,Sell,EXAS,EXACT SCIENCES CORP,9203,0.0123
2025-11-26,ARKK,Sell,IRDM,IRIDIUM COMMUNICATIONS INC,65651,0.0144
2025-11-26,ARKK,Sell,TSLA,TESLA INC,27102,0.1525
2025-11-26,ARKQ,Buy,DE,DEERE & CO,4912,0.1528
2025-11-26,ARKQ,Sell,IRDM,IRIDIUM COMMUNICATIONS INC,15321,0.0166
2025-11-26,ARKQ,Sell,ESLT,ELBIT SYSTEMS LTD,990,0.0306
2025-11-26,ARKQ,Sell,AVAV,AEROVIRONMENT INC,1666,0.0306
2025-11-26,ARKQ,Sell,KTOS,KRATOS DEFENSE AND SECURITY SOLUTIONS INC,8110,0.0407
2025-11-26,ARKW,Buy,COIN,COINBASE GLOBAL INC,12145,0.1505
2025-11-26,ARKW,Buy,ARKB,ARK 21SHARES BITCOIN ETF,12266,0.0171
2025-11-26,ARKW,Sell,GTLB,GITLAB INC,2171,0.0043
2025-11-26,ARKW,Sell,IBTA,IBOTTA INC,46593,0.0522
2025-11-26,ARKG,Buy,CRSP,CRISPR THERAPEUTICS AG,649,0.0027
2025-11-26,ARKG,Sell,EXAS,EXACT SCIENCES CORP,3868,0.0310
2025-11-26,ARKF,Buy,COIN,COINBASE GLOBAL INC,6414,0.1509
2025-11-26,ARKF,Buy,ARKB,ARK 21SHARES BITCOIN ETF,27134,0.0719
2025-11-26,ARKF,Buy,KLAR,KLARNA GROUP PLC,14540,0.0411
2025-11-26,ARKF,Sell,IBTA,IBOTTA INC,51899,0.1103
2025-11-26,ARKX,Buy,DE,DEERE & CO,1395,0.1519
2025-11-26,ARKX,Sell,IRDM,IRIDIUM COMMUNICATIONS INC,4384,0.0166
2025-11-26,ARKX,Sell,ESLT,ELBIT SYSTEMS LTD,281,0.0303
2025-11-26,ARKX,Sell,AVAV,AEROVIRONMENT INC,473,0.0304
2025-11-26,ARKX,Sell,KTOS,KRATOS DEFENSE AND SECURITY SOLUTIONS INC,2303,0.0404
2025-11-28,ARKK,Sell,EXAS,EXACT SCIENCES CORP,433,0.0006
2025-11-28,ARKK,Sell,IRDM,IRIDIUM COMMUNICATIONS INC,68219,0.0147
2025-11-28,ARKK,Sell,GTLB,GITLAB INC,187297,0.1006
2025-11-28,ARKQ,Buy,KDK,KODIAK AI INC,6363,0.0025
2025-11-28,ARKQ,Sell,IRDM,IRIDIUM COMMUNICATIONS INC,16560,0.0176
2025-11-28,ARKW,Buy,ARKB,ARK 21SHARES BITCOIN ETF,22088,0.0315
2025-11-28,ARKW,Sell,IBTA,IBOTTA INC,10611,0.0122
2025-11-28,ARKW,Sell,GTLB,GITLAB INC,21231,0.0410
2025-11-28,ARKG,Sell,EXAS,EXACT SCIENCES CORP,485,0.0040
2025-11-28,ARKF,Buy,ARKB,ARK 21SHARES BITCOIN ETF,48037,0.1295
2025-11-28,ARKF,Sell,IBTA,IBOTTA INC,11670,0.0254
2025-11-28,ARKX,Sell,IRDM,IRIDIUM COMMUNICATIONS INC,4667,0.0175
2025-12-01,ARKK,Buy,SHOP,SHOPIFY INC,26420,0.0506
2025-12-01,ARKK,Buy,CRSP,CRISPR THERAPEUTICS AG,14484,0.0097
2025-12-01,ARKK,Sell,IRDM,IRIDIUM COMMUNICATIONS INC,38309,0.0081
2025-12-01,ARKK,Sell,GTLB,GITLAB INC,16674,0.0087
2025-12-01,ARKK,Sell,ROKU,ROKU INC,12869,0.0159
2025-12-01,ARKQ,Buy,WRD,WERIDE INC,417057,0.2280
2025-12-01,ARKQ,Buy,KDK,KODIAK AI INC,4471,0.0016
2025-12-01,ARKQ,Sell,IRDM,IRIDIUM COMMUNICATIONS INC,9364,0.0098
2025-12-01,ARKQ,Sell,SYM,SYMBOTIC INC,73157,0.3966
2025-12-01,ARKW,Buy,HOOD,ROBINHOOD MARKETS INC,8776,0.0495
2025-12-01,ARKW,Buy,ARKB,ARK 21SHARES BITCOIN ETF,22650,0.0293
2025-12-01,ARKW,Sell,IBTA,IBOTTA INC,46286,0.0510
2025-12-01,ARKG,Buy,CRSP,CRISPR THERAPEUTICS AG,4696,0.0197
2025-12-01,ARKF,Buy,ARKB,ARK 21SHARES BITCOIN ETF,48850,0.1208
2025-12-01,ARKF,Sell,IBTA,IBOTTA INC,50905,0.1071
2025-12-01,ARKX,Buy,DE,DEERE & CO,3736,0.3968
2025-12-01,ARKX,Buy,GRMN,GARMIN LTD,4484,0.2008
2025-12-01,ARKX,Buy,LHX,L3HARRIS TECHNOLOGIES INC,3141,0.1962
2025-12-01,ARKX,Sell,IRDM,IRIDIUM COMMUNICATIONS INC,2637,0.0098
2025-12-01,ARKX,Sell,TER,TERADYNE INC,19497,0.7992
2025-12-02,ARKK,Buy,COIN,COINBASE GLOBAL INC,28315,0.1000
2025-12-02,ARKK,Buy,SHOP,SHOPIFY INC,21132,0.0437
2025-12-02,ARKK,Buy,BLSH,BULLISH,42434,0.0244
2025-12-02,ARKK,Buy,RXRX,RECURSION PHARMACEUTICALS INC,337495,0.0196
2025-12-02,ARKK,Sell,GTLB,GITLAB INC,451,0.0003
2025-12-02,ARKK,Sell,IRDM,IRIDIUM COMMUNICATIONS INC,178055,0.0393
2025-12-02,ARKK,Sell,ROKU,ROKU INC,181303,0.2332
2025-12-02,ARKQ,Buy,WRD,WERIDE INC,250089,0.1409
2025-12-02,ARKQ,Sell,SYM,SYMBOTIC INC,6370,0.0330
2025-12-02,ARKQ,Sell,IRDM,IRIDIUM COMMUNICATIONS INC,43947,0.0475
2025-12-02,ARKW,Buy,HOOD,ROBINHOOD MARKETS INC,1951,0.0114
2025-12-02,ARKW,Sell,IBTA,IBOTTA INC,20615,0.0231
2025-12-02,ARKF,Sell,IBTA,IBOTTA INC,22567,0.0485
2025-12-02,ARKX,Sell,IRDM,IRIDIUM COMMUNICATIONS INC,12296,0.0475
2025-12-03,ARKK,Buy,WGS,GENEDX HOLDINGS CORP,8660,0.0187
2025-12-03,ARKK,Buy,SHOP,SHOPIFY INC,1551,0.0033
2025-12-03,ARKK,Buy,BLSH,BULLISH,1254,0.0007
2025-12-03,ARKK,Sell,ROKU,ROKU INC,5380,0.0071
2025-12-03,ARKK,Sell,IRDM,IRIDIUM COMMUNICATIONS INC,162592,0.0371
2025-12-03,ARKQ,Buy,WRD,WERIDE INC,191149,0.1104
2025-12-03,ARKQ,Buy,KDK,KODIAK AI INC,3647,0.0013
2025-12-03,ARKQ,Sell,IRDM,IRIDIUM COMMUNICATIONS INC,40572,0.0442
2025-12-03,ARKW,Sell,IBTA,IBOTTA INC,28780,0.0317
2025-12-03,ARKG,Buy,WGS,GENEDX HOLDINGS CORP,15064,0.1990
2025-12-03,ARKF,Sell,IBTA,IBOTTA INC,31524,0.0670
2025-12-03,ARKX,Sell,IRDM,IRIDIUM COMMUNICATIONS INC,11427,0.0443
2025-12-04,ARKK,Buy,TTD,TRADE DESK INC,158981,0.0823
2025-12-04,ARKK,Buy,WGS,GENEDX HOLDINGS CORP,3453,0.0073
2025-12-04,ARKK,Sell,IRDM,IRIDIUM COMMUNICATIONS INC,176353,0.0406
2025-12-04,ARKK,Sell,META,META PLATFORMS INC,11056,0.0966
2025-12-04,ARKQ,Buy,WRD,WERIDE INC,42377,0.0241
2025-12-04,ARKQ,Sell,IRDM,IRIDIUM COMMUNICATIONS INC,42971,0.0470
2025-12-04,ARKW,Buy,PSTG,PURE STORAGE INC,28409,0.0911
2025-12-04,ARKW,Buy,TTD,TRADE DESK INC,45373,0.0802
2025-12-04,ARKW,Buy,ARKB,ARK 21SHARES BITCOIN ETF,16174,0.0223
2025-12-04,ARKW,Sell,META,META PLATFORMS INC,3155,0.0941
2025-12-04,ARKW,Sell,TSLA,TESLA INC,7478,0.1522
2025-12-04,ARKG,Buy,WGS,GENEDX HOLDINGS CORP,6033,0.0758
2025-12-04,ARKF,Buy,ARKB,ARK 21SHARES BITCOIN ETF,36026,0.0956
2025-12-04,ARKX,Sell,IRDM,IRIDIUM COMMUNICATIONS INC,12071,0.0471
2025-12-05,ARKK,Buy,BIDU,BAIDU INC,119982,0.1916
2025-12-05,ARKK,Buy,TTD,TRADE DESK INC,140620,0.0722
2025-12-05,ARKK,Buy,WGS,GENEDX HOLDINGS CORP,20200,0.0407
2025-12-05,ARKK,Sell,IRDM,IRIDIUM COMMUNICATIONS INC,169677,0.0387
2025-12-05,ARKK,Sell,META,META PLATFORMS INC,7170,0.0610
2025-12-05,ARKK,Sell,TSLA,TESLA INC,37878,0.2192
2025-12-05,ARKQ,Buy,SYM,SYMBOTIC INC,57551,0.1942
2025-12-05,ARKQ,Buy,WRD,WERIDE INC,35991,0.0209
2025-12-05,ARKQ,Buy,KDK,KODIAK AI INC,5000,0.0018
2025-12-05,ARKQ,Sell,IRDM,IRIDIUM COMMUNICATIONS INC,41769,0.0459
2025-12-05,ARKQ,Sell,TER,TERADYNE INC,6000,0.0741
2025-12-05,ARKW,Buy,TTD,TRADE DESK INC,39825,0.0716
2025-12-05,ARKW,Buy,PSTG,PURE STORAGE INC,18604,0.0584
2025-12-05,ARKW,Buy,HOOD,ROBINHOOD MARKETS INC,9400,0.0553
2025-12-05,ARKW,Buy,ARKB,ARK 21SHARES BITCOIN ETF,12792,0.0169
2025-12-05,ARKW,Sell,IBTA,IBOTTA INC,35405,0.0375
2025-12-05,ARKW,Sell,META,META PLATFORMS INC,2030,0.0605
2025-12-05,ARKG,Buy,WGS,GENEDX HOLDINGS CORP,31296,0.3771
2025-12-05,ARKG,Buy,TEM,TEMPUS AI INC,22324,0.1291
2025-12-05,ARKG,Buy,ILMN,ILLUMINA INC,10110,0.0989
2025-12-05,ARKG,Buy,ARCT,ARCTURUS THERAPEUTICS HOLDINGS INC,116003,0.0620
2025-12-05,ARKG,Buy,NRIX,NURIX THERAPEUTICS INC,28227,0.0387
2025-12-05,ARKG,Sell,ADPT,ADAPTIVE BIOTECHNOLOGIES CORP,195141,0.2307
2025-12-05,ARKF,Buy,ARKB,ARK 21SHARES BITCOIN ETF,27684,0.0702
2025-12-05,ARKF,Sell,IBTA,IBOTTA INC,38940,0.0793
2025-12-05,ARKX,Sell,IRDM,IRIDIUM COMMUNICATIONS INC,11712,0.0456
2025-12-08,ARKK,Buy,BIDU,BAIDU INC,51263,0.0847
2025-12-08,ARKK,Buy,WGS,GENEDX HOLDINGS CORP,3304,0.0067
2025-12-08,ARKK,Sell,TSLA,TESLA INC,2100,0.0120
2025-12-08,ARKQ,Buy,WRD,WERIDE INC,17326,0.0098
2025-12-08,ARKW,Sell,IBTA,IBOTTA INC,870,0.0009
2025-12-08,ARKG,Buy,TEM,TEMPUS AI INC,11835,0.0703
2025-12-08,ARKG,Buy,WGS,GENEDX HOLDINGS CORP,4289,0.0529
2025-12-08,ARKG,Buy,ARCT,ARCTURUS THERAPEUTICS HOLDINGS INC,44974,0.0252
2025-12-08,ARKG,Sell,ADPT,ADAPTIVE BIOTECHNOLOGIES CORP,108578,0.1263
2025-12-08,ARKF,Sell,IBTA,IBOTTA INC,959,0.0020
2025-12-09,ARKK,Sell,IRDM,IRIDIUM COMMUNICATIONS INC,23994,0.0053
2025-12-09,ARKQ,Sell,IRDM,IRIDIUM COMMUNICATIONS INC,5681,0.0061
2025-12-09,ARKQ,Sell,TER,TERADYNE INC,2253,0.0274
2025-12-09,ARKW,Buy,ARKB,ARK 21SHARES BITCOIN ETF,49246,0.0680
2025-12-09,ARKW,Sell,IBTA,IBOTTA INC,47141,0.0475
2025-12-09,ARKG,Buy,WGS,GENEDX HOLDINGS CORP,1653,0.0201
2025-12-09,ARKG,Buy,ARCT,ARCTURUS THERAPEUTICS HOLDINGS INC,17732,0.0099
2025-12-09,ARKG,Sell,ADPT,ADAPTIVE BIOTECHNOLOGIES CORP,90807,0.1065
2025-12-09,ARKF,Buy,ARKB,ARK 21SHARES BITCOIN ETF,5754,0.0154
2025-12-09,ARKF,Sell,IBTA,IBOTTA INC,52047,0.1020
2025-12-09,ARKX,Sell,IRDM,IRIDIUM COMMUNICATIONS INC,1575,0.0061
2025-12-10,ARKK,Sell,IRDM,IRIDIUM COMMUNICATIONS INC,134149,0.0314
2025-12-10,ARKQ,Sell,IRDM,IRIDIUM COMMUNICATIONS INC,32860,0.0366
2025-12-10,ARKQ,Sell,TER,TERADYNE INC,4166,0.0505
2025-12-10,ARKW,Sell,IBTA,IBOTTA INC,5559,0.0055
2025-12-10,ARKG,Buy,NRIX,NURIX THERAPEUTICS INC,11342,0.0167
2025-12-10,ARKG,Sell,ADPT,ADAPTIVE BIOTECHNOLOGIES CORP,35379,0.0413
2025-12-10,ARKF,Sell,IBTA,IBOTTA INC,6141,0.0119
2025-12-10,ARKX,Sell,IRDM,IRIDIUM COMMUNICATIONS INC,9084,0.0366
2025-12-11,ARKK,Buy,HOOD,ROBINHOOD MARKETS INC,96048,0.1478
2025-12-11,ARKK,Sell,IRDM,IRIDIUM COMMUNICATIONS INC,3150,0.0007
2025-12-11,ARKW,Buy,HOOD,ROBINHOOD MARKETS INC,28379,0.1525
2025-12-11,ARKW,Buy,ARKB,ARK 21SHARES BITCOIN ETF,4496,0.0059
2025-12-11,ARKW,Sell,IBTA,IBOTTA INC,12667,0.0123
2025-12-11,ARKG,Buy,SDGR,SCHRODINGER INC,36554,0.0495
2025-12-11,ARKG,Buy,NRIX,NURIX THERAPEUTICS INC,26928,0.0389
2025-12-11,ARKF,Buy,ARKB,ARK 21SHARES BITCOIN ETF,9204,0.0235
2025-12-11,ARKF,Sell,IBTA,IBOTTA INC,14032,0.0266
2025-12-12,ARKK,Buy,HOOD,ROBINHOOD MARKETS INC,84604,0.1277
2025-12-12,ARKK,Buy,XYZ,BLOCK INC,75928,0.0618
2025-12-12,ARKK,Buy,BLSH,BULLISH,7992,0.0044
2025-12-12,ARKK,Buy,SLMT,BRERA HOLDINGS PLC,146287,0.0040
2025-12-12,ARKK,Sell,IRDM,IRIDIUM COMMUNICATIONS INC,28777,0.0069
2025-12-12,ARKK,Sell,TSLA,TESLA INC,60898,0.3496
2025-12-12,ARKQ,Buy,DE,DEERE & CO,8606,0.2442
2025-12-12,ARKQ,Buy,LHX,L3HARRIS TECHNOLOGIES INC,11665,0.1980
2025-12-12,ARKQ,Buy,ISRG,INTUITIVE SURGICAL INC,6212,0.1979
2025-12-12,ARKQ,Sell,TER,TERADYNE INC,46755,0.5315
2025-12-12,ARKW,Buy,RBRK,RUBRIK INC,54262,0.1952
2025-12-12,ARKW,Buy,HOOD,ROBINHOOD MARKETS INC,23953,0.1265
2025-12-12,ARKW,Buy,XYZ,BLOCK INC,21478,0.0612
2025-12-12,ARKW,Buy,SLMT,BRERA HOLDINGS PLC,41417,0.0040
2025-12-12,ARKW,Buy,ARKB,ARK 21SHARES BITCOIN ETF,2811,0.0037
2025-12-12,ARKW,Sell,IBTA,IBOTTA INC,5131,0.0051
2025-12-12,ARKW,Sell,TSLA,TESLA INC,27095,0.5443
2025-12-12,ARKG,Buy,SDGR,SCHRODINGER INC,54917,0.0756
2025-12-12,ARKF,Buy,ARKB,ARK 21SHARES BITCOIN ETF,6486,0.0167
2025-12-12,ARKF,Buy,SLMT,BRERA HOLDINGS PLC,21312,0.0040
2025-12-12,ARKF,Sell,IBTA,IBOTTA INC,5024,0.0097
2025-12-12,ARKF,Sell,SOFI,SOFI TECHNOLOGIES INC,21094,0.0494
2025-12-12,ARKX,Buy,LHX,L3HARRIS TECHNOLOGIES INC,4882,0.2980
2025-12-12,ARKX,Buy,DE,DEERE & CO,2883,0.2943
2025-12-12,ARKX,Sell,TER,TERADYNE INC,8706,0.3560
2025-12-15,ARKK,Buy,BMNR,BITMINE IMMERSION TECHNOLOGIES INC,385120,0.1590
2025-12-15,ARKK,Buy,COIN,COINBASE GLOBAL INC,45433,0.1477
2025-12-15,ARKK,Buy,CRWV,COREWEAVE INC,106438,0.0999
2025-12-15,ARKK,Buy,CRCL,CIRCLE INTERNET GROUP INC,100479,0.0980
2025-12-15,ARKK,Buy,XYZ,BLOCK INC,72249,0.0596
2025-12-15,ARKK,Buy,BLSH,BULLISH,97495,0.0525
2025-12-15,ARKK,Buy,SLMT,BRERA HOLDINGS PLC,320116,0.0089
2025-12-15,ARKK,Sell,TSLA,TESLA INC,97268,0.5928
2025-12-15,ARKW,Buy,BMNR,BITMINE IMMERSION TECHNOLOGIES INC,109308,0.1594
2025-12-15,ARKW,Buy,COIN,COINBASE GLOBAL INC,12902,0.1481
2025-12-15,ARKW,Buy,CRWV,COREWEAVE INC,30232,0.1002
2025-12-15,ARKW,Buy,CRCL,CIRCLE INTERNET GROUP INC,28505,0.0982
2025-12-15,ARKW,Buy,XYZ,BLOCK INC,20596,0.0601
2025-12-15,ARKW,Buy,BLSH,BULLISH,16439,0.0313
2025-12-15,ARKW,Buy,ARKB,ARK 21SHARES BITCOIN ETF,14843,0.0192
2025-12-15,ARKW,Buy,SLMT,BRERA HOLDINGS PLC,91256,0.0090
2025-12-15,ARKW,Sell,IBTA,IBOTTA INC,13742,0.0132
2025-12-15,ARKW,Sell,TSLA,TESLA INC,27599,0.5941
2025-12-15,ARKG,Buy,SDGR,SCHRODINGER INC,14043,0.0200
2025-12-15,ARKF,Buy,BMNR,BITMINE IMMERSION TECHNOLOGIES INC,55976,0.1583
2025-12-15,ARKF,Buy,COIN,COINBASE GLOBAL INC,6611,0.1472
2025-12-15,ARKF,Buy,CRCL,CIRCLE INTERNET GROUP INC,14595,0.0976
2025-12-15,ARKF,Buy,ARKB,ARK 21SHARES BITCOIN ETF,28710,0.0721
2025-12-15,ARKF,Buy,BLSH,BULLISH,8426,0.0311
2025-12-15,ARKF,Buy,SLMT,BRERA HOLDINGS PLC,47076,0.0090
2025-12-15,ARKF,Sell,IBTA,IBOTTA INC,15590,0.0290
2025-12-15,ARKF,Sell,SOFI,SOFI TECHNOLOGIES INC,42465,0.0982
2025-12-15,ARKF,Sell,SHOP,SHOPIFY INC,27571,0.3894
2025-12-16,ARKK,Buy,BLSH,BULLISH,33019,0.0185
2025-12-16,ARKK,Buy,SLMT,BRERA HOLDINGS PLC,41302,0.0012
2025-12-16,ARKW,Buy,BLSH,BULLISH,6014,0.0119
2025-12-16,ARKW,Buy,SLMT,BRERA HOLDINGS PLC,11822,0.0012
2025-12-16,ARKW,Sell,IBTA,IBOTTA INC,18239,0.0179
2025-12-16,ARKG,Buy,CAI,CARIS LIFE SCIENCES INC,33247,0.0719
2025-12-16,ARKF,Buy,BLSH,BULLISH,3089,0.0119
2025-12-16,ARKF,Buy,SLMT,BRERA HOLDINGS PLC,6072,0.0012
2025-12-16,ARKF,Sell,IBTA,IBOTTA INC,20672,0.0397
2025-12-17,ARKK,Buy,RXRX,RECURSION PHARMACEUTICALS INC,1710985,0.1076
2025-12-17,ARKK,Buy,RBLX,ROBLOX CORP (PRE-REINCORPORATION),85728,0.0962
2025-12-17,ARKK,Buy,BMNR,BITMINE IMMERSION TECHNOLOGIES INC,250029,0.0955
2025-12-17,ARKK,Buy,BLSH,BULLISH,167301,0.0941
2025-12-17,ARKK,Buy,COIN,COINBASE GLOBAL INC,16795,0.0535
2025-12-17,ARKK,Buy,SLMT,BRERA HOLDINGS PLC,646380,0.0210
2025-12-17,ARKK,Sell,IRDM,IRIDIUM COMMUNICATIONS INC,5902,0.0013
2025-12-17,ARKK,Sell,DKNG,DRAFTKINGS INC,215564,0.0955
2025-12-17,ARKK,Sell,SHOP,SHOPIFY INC,45325,0.0957
2025-12-17,ARKK,Sell,ROKU,ROKU INC,68183,0.0959
2025-12-17,ARKW,Buy,RBLX,ROBLOX CORP (PRE-REINCORPORATION),24896,0.0974
2025-12-17,ARKW,Buy,BMNR,BITMINE IMMERSION TECHNOLOGIES INC,72617,0.0967
2025-12-17,ARKW,Buy,BLSH,BULLISH,28125,0.0551
2025-12-17,ARKW,Buy,COIN,COINBASE GLOBAL INC,4879,0.0542
2025-12-17,ARKW,Buy,SLMT,BRERA HOLDINGS PLC,187687,0.0213
2025-12-17,ARKW,Sell,IBTA,IBOTTA INC,4182,0.0042
2025-12-17,ARKW,Sell,DKNG,DRAFTKINGS INC,62592,0.0967
2025-12-17,ARKW,Sell,SHOP,SHOPIFY INC,13165,0.0969
2025-12-17,ARKW,Sell,ROKU,ROKU INC,19796,0.0971
2025-12-17,ARKG,Buy,RXRX,RECURSION PHARMACEUTICALS INC,367922,0.1425
2025-12-17,ARKG,Buy,CAI,CARIS LIFE SCIENCES INC,35111,0.0782
2025-12-17,ARKF,Buy,RBLX,ROBLOX CORP (PRE-REINCORPORATION),12885,0.0980
2025-12-17,ARKF,Buy,BMNR,BITMINE IMMERSION TECHNOLOGIES INC,37586,0.0974
2025-12-17,ARKF,Buy,BLSH,BULLISH,14460,0.0552
2025-12-17,ARKF,Buy,COIN,COINBASE GLOBAL INC,2524,0.0546
2025-12-17,ARKF,Buy,SLMT,BRERA HOLDINGS PLC,96499,0.0213
2025-12-17,ARKF,Sell,IBTA,IBOTTA INC,2615,0.0051
2025-12-17,ARKF,Sell,DKNG,DRAFTKINGS INC,32392,0.0974
2025-12-17,ARKF,Sell,SHOP,SHOPIFY INC,6812,0.0976
2025-12-17,ARKF,Sell,ROKU,ROKU INC,10244,0.0977
2025-12-18,ARKK,Buy,COIN,COINBASE GLOBAL INC (PRE-REINCORPOARTION),12081,0.0410
2025-12-18,ARKK,Buy,RXRX,RECURSION PHARMACEUTICALS INC,630331,0.0398
2025-12-18,ARKK,Buy,SLMT,BRERA HOLDINGS PLC,399996,0.0131
2025-12-18,ARKK,Sell,IRDM,IRIDIUM COMMUNICATIONS INC,7057,0.0016
2025-12-18,ARKK,Sell,TSLA,TESLA INC,23110,0.1538
2025-12-18,ARKW,Buy,COIN,COINBASE GLOBAL INC (PRE-REINCORPOARTION),3495,0.0408
2025-12-18,ARKW,Buy,SLMT,BRERA HOLDINGS PLC,115708,0.0131
2025-12-18,ARKW,Sell,IBTA,IBOTTA INC,2265,0.0023
2025-12-18,ARKG,Buy,SDGR,SCHRODINGER INC,103106,0.1496
2025-12-18,ARKG,Buy,RXRX,RECURSION PHARMACEUTICALS INC,125207,0.0486
2025-12-18,ARKG,Sell,ADPT,ADAPTIVE BIOTECHNOLOGIES CORP,35311,0.0494
2025-12-18,ARKG,Sell,IONS,IONIS PHARMACEUTICALS INC,31149,0.2025
2025-12-18,ARKF,Buy,COIN,COINBASE GLOBAL INC (PRE-REINCORPOARTION),1810,0.0409
2025-12-18,ARKF,Buy,SLMT,BRERA HOLDINGS PLC,59940,0.0131
2025-12-18,ARKF,Sell,IBTA,IBOTTA INC,1225,0.0024
2025-12-19,ARKK,Sell,IRDM,IRIDIUM COMMUNICATIONS INC,226,0.0000
2025-12-19,ARKW,Sell,IBTA,IBOTTA INC,2572,0.0026
2025-12-19,ARKG,Sell,IONS,IONIS PHARMACEUTICALS INC,8928,0.0594
2025-12-19,ARKF,Sell,IBTA,IBOTTA INC,1161,0.0023
2025-12-22,ARKK,Buy,CRSP,CRISPR THERAPEUTICS AG,68101,0.0523
2025-12-22,ARKK,Buy,NTLA,INTELLIA THERAPEUTICS INC,162354,0.0209
2025-12-22,ARKK,Buy,PACB,PACIFIC BIOSCIENCES OF CALIFORNIA INC,690288,0.0169
2025-12-22,ARKK,Buy,TWST,TWIST BIOSCIENCE CORP,21163,0.0098
2025-12-22,ARKK,Buy,BEAM,BEAM THERAPEUTICS INC,18404,0.0068
2025-12-22,ARKK,Sell,TSLA,TESLA INC,15629,0.1026
2025-12-22,ARKQ,Buy,OKLO,OKLO INC,107321,0.5153
2025-12-22,ARKQ,Buy,WRD,WERIDE INC,520697,0.2741
2025-12-22,ARKQ,Sell,PLTR,PALANTIR TECHNOLOGIES INC,13307,0.1511
2025-12-22,ARKQ,Sell,TER,TERADYNE INC,13300,0.1549
2025-12-22,ARKQ,Sell,RKLB,ROCKET LAB CORP,109734,0.4950
2025-12-22,ARKQ,Sell,TSLA,TESLA INC,17790,0.5125
2025-12-22,ARKW,Sell,IBTA,IBOTTA INC,900,0.0009
2025-12-22,ARKW,Sell,CRWD,CROWDSTRIKE HOLDINGS INC,4709,0.1027
2025-12-22,ARKW,Sell,NET,CLOUDFLARE INC,11246,0.1029
2025-12-22,ARKW,Sell,ROKU,ROKU INC,40217,0.2029
2025-12-22,ARKW,Sell,SHOP,SHOPIFY INC,26384,0.2037
2025-12-22,ARKW,Sell,PLTR,PALANTIR TECHNOLOGIES INC,34002,0.2986
2025-12-22,ARKW,Sell,TSLA,TESLA INC,27296,0.6082
2025-12-22,ARKG,Buy,CRSP,CRISPR THERAPEUTICS AG,10692,0.0521
2025-12-22,ARKG,Buy,NTLA,INTELLIA THERAPEUTICS INC,25526,0.0209
2025-12-22,ARKG,Buy,PACB,PACIFIC BIOSCIENCES OF CALIFORNIA INC,108483,0.0168
2025-12-22,ARKG,Buy,TWST,TWIST BIOSCIENCE CORP,3325,0.0097
2025-12-22,ARKG,Buy,BEAM,BEAM THERAPEUTICS INC,2894,0.0068
2025-12-22,ARKG,Sell,IONS,IONIS PHARMACEUTICALS INC,7583,0.0517
2025-12-22,ARKG,Sell,ADPT,ADAPTIVE BIOTECHNOLOGIES CORP,35555,0.0520
2025-12-22,ARKF,Sell,IBTA,IBOTTA INC,300,0.0006
2025-12-22,ARKF,Sell,SHOP,SHOPIFY INC,6780,0.1016
2025-12-22,ARKX,Buy,AVAV,AEROVIRONMENT INC,19248,1.0126
2025-12-22,ARKX,Buy,ACHR,ARCHER AVIATION INC,446848,0.7754
2025-12-22,ARKX,Buy,DE,DEERE & CO,2672,0.2580
2025-12-22,ARKX,Sell,RKLB,ROCKET LAB CORP,122691,1.9524
2025-12-23,ARKK,Buy,CRSP,CRISPR THERAPEUTICS AG,37349,0.0274
2025-12-23,ARKK,Buy,PACB,PACIFIC BIOSCIENCES OF CALIFORNIA INC,287334,0.0068
2025-12-23,ARKQ,Buy,WRD,WERIDE INC,356263,0.1791
2025-12-23,ARKW,Sell,IBTA,IBOTTA INC,296,0.0003
2025-12-23,ARKG,Buy,CRSP,CRISPR THERAPEUTICS AG,5984,0.0273
2025-12-23,ARKG,Buy,PACB,PACIFIC BIOSCIENCES OF CALIFORNIA INC,46036,0.0068
2025-12-24,ARKK,Buy,CRSP,CRISPR THERAPEUTICS AG,8913,0.0066
2025-12-24,ARKQ,Buy,WRD,WERIDE INC,101637,0.0500
2025-12-24,ARKW,Sell,IBTA,IBOTTA INC,101,0.0001
2025-12-24,ARKG,Buy,CRSP,CRISPR THERAPEUTICS AG,1440,0.0067
2025-12-26,ARKK,Buy,CRSP,CRISPR THERAPEUTICS AG,19965,0.0144
2025-12-26,ARKG,Buy,CRSP,CRISPR THERAPEUTICS AG,3205,0.0143
2025-12-30,ARKK,Buy,TWST,TWIST BIOSCIENCE CORP,43944,0.0193
2025-12-30,ARKK,Buy,NTLA,INTELLIA THERAPEUTICS INC,125173,0.0155
2025-12-30,ARKK,Buy,BEAM,BEAM THERAPEUTICS INC,39990,0.0151
2025-12-30,ARKK,Buy,PACB,PACIFIC BIOSCIENCES OF CALIFORNIA INC,365121,0.0087
2025-12-30,ARKK,Sell,SHOP,SHOPIFY INC,6579,0.0149
2025-12-30,ARKK,Sell,ROKU,ROKU INC,10767,0.0164
2025-12-30,ARKQ,Buy,KDK,KODIAK AI INC,10957,0.0067
2025-12-30,ARKQ,Sell,RKLB,ROCKET LAB CORP,1545,0.0065
2025-12-30,ARKG,Buy,TWST,TWIST BIOSCIENCE CORP,7019,0.0192
2025-12-30,ARKG,Buy,NTLA,INTELLIA THERAPEUTICS INC,19980,0.0154
2025-12-30,ARKG,Buy,BEAM,BEAM THERAPEUTICS INC,6386,0.0150
2025-12-30,ARKG,Buy,PACB,PACIFIC BIOSCIENCES OF CALIFORNIA INC,58305,0.0086
2025-12-30,ARKG,Sell,IONS,IONIS PHARMACEUTICALS INC,12983,0.0871
2025-12-31,ARKK,Buy,BEAM,BEAM THERAPEUTICS INC,77347,0.0297
2025-12-31,ARKK,Buy,TWST,TWIST BIOSCIENCE CORP,28082,0.0123
2025-12-31,ARKK,Buy,NTLA,INTELLIA THERAPEUTICS INC,77955,0.0097
2025-12-31,ARKK,Sell,SHOP,SHOPIFY INC,2222,0.0050
2025-12-31,ARKK,Sell,ROKU,ROKU INC,15429,0.0235
2025-12-31,ARKQ,Buy,KDK,KODIAK AI INC,28263,0.0175
2025-12-31,ARKQ,Sell,RKLB,ROCKET LAB CORP,1481,0.0061
2025-12-31,ARKG,Buy,BEAM,BEAM THERAPEUTICS INC,12746,0.0303
2025-12-31,ARKG,Buy,TWST,TWIST BIOSCIENCE CORP,4627,0.0125
2025-12-31,ARKG,Buy,NTLA,INTELLIA THERAPEUTICS INC,12846,0.0099
2025-12-31,ARKG,Sell,IONS,IONIS PHARMACEUTICALS INC,8843,0.0601
2026-01-02,ARKK,Buy,TEM,TEMPUS AI INC,78424,0.0692
2026-01-02,ARKK,Buy,BEAM,BEAM THERAPEUTICS INC,50346,0.0196
2026-01-02,ARKK,Buy,TWST,TWIST BIOSCIENCE CORP,15141,0.0069
2026-01-02,ARKK,Sell,SHOP,SHOPIFY INC,20643,0.0477
2026-01-02,ARKK,Sell,ROKU,ROKU INC,45919,0.0720
2026-01-02,ARKQ,Buy,KDK,KODIAK AI INC,22654,0.0141
2026-01-02,ARKQ,Sell,RKLB,ROCKET LAB CORP,21916,0.0937
2026-01-02,ARKG,Buy,PSNL,PERSONALIS INC,88001,0.0593
2026-01-02,ARKG,Buy,TEM,TEMPUS AI INC,10407,0.0550
2026-01-02,ARKG,Buy,BEAM,BEAM THERAPEUTICS INC,8370,0.0195
2026-01-02,ARKG,Buy,TWST,TWIST BIOSCIENCE CORP,2517,0.0069
2026-01-02,ARKG,Sell,IONS,IONIS PHARMACEUTICALS INC,4819,0.0331
2026-01-02,ARKG,Sell,GH,GUARDANT HEALTH INC,4231,0.0371
2026-01-02,ARKG,Sell,NTRA,NATERA INC,7436,0.1455
2026-01-05,ARKK,Buy,TEM,TEMPUS AI INC,195999,0.1767
2026-01-05,ARKK,Sell,SHOP,SHOPIFY INC,24447,0.0562
2026-01-05,ARKK,Sell,ROKU,ROKU INC,109254,0.1741
2026-01-05,ARKQ,Buy,KDK,KODIAK AI INC,53302,0.0309
2026-01-05,ARKG,Buy,TEM,TEMPUS AI INC,32627,0.1779
2026-01-05,ARKG,Buy,PSNL,PERSONALIS INC,47587,0.0319
2026-01-05,ARKG,Sell,GH,GUARDANT HEALTH INC,7228,0.0631
2026-01-05,ARKG,Sell,NTRA,NATERA INC,3558,0.0700
2026-01-06,ARKK,Buy,RBLX,ROBLOX CORP,96743,0.1016
2026-01-06,ARKK,Sell,META,META PLATFORMS INC,11050,0.1003
2026-01-06,ARKQ,Buy,KDK,KODIAK AI INC,39296,0.0203
2026-01-06,ARKW,Buy,RBLX,ROBLOX CORP,57216,0.2004
2026-01-06,ARKW,Sell,META,META PLATFORMS INC,6533,0.1978
2026-01-06,ARKG,Sell,IONS,IONIS PHARMACEUTICALS INC,7228,0.0483
2026-01-06,ARKG,Sell,GH,GUARDANT HEALTH INC,17613,0.1567
2026-01-06,ARKF,Buy,RBLX,ROBLOX CORP,15171,0.1007
2026-01-06,ARKF,Sell,META,META PLATFORMS INC,1733,0.0994
2026-01-07,ARKQ,Buy,KDK,KODIAK AI INC,20006,0.0101
2026-01-07,ARKW,Sell,ROKU,ROKU INC,9766,0.0499
2026-01-07,ARKF,Sell,ROKU,ROKU INC,10437,0.1004
2026-01-08,ARKW,Buy,AVGO,BROADCOM INC,31573,0.4951
2026-01-08,ARKW,Sell,PLTR,PALANTIR TECHNOLOGIES INC,58741,0.4910
2026-01-08,ARKG,Buy,PSNL,PERSONALIS INC,22395,0.0139
2026-01-08,ARKX,Buy,JOBY,JOBY AVIATION INC,162270,0.4259
2026-01-08,ARKX,Buy,DE,DEERE & CO,1289,0.1069
2026-01-08,ARKX,Buy,ACHR,ARCHER AVIATION INC,73097,0.1065
2026-01-08,ARKX,Sell,AVAV,AEROVIRONMENT INC,2017,0.1148
2026-01-08,ARKX,Sell,RKLB,ROCKET LAB CORP,24865,0.3482
2026-01-08,ARKX,Sell,KTOS,KRATOS DEFENSE AND SECURITY SOLUTIONS INC,20105,0.3564
2026-01-09,ARKK,Buy,NTLA,INTELLIA THERAPEUTICS INC,183764,0.0260
2026-01-09,ARKK,Sell,ILMN,ILLUMINA INC,14116,0.0272
2026-01-09,ARKG,Buy,PSNL,PERSONALIS INC,262769,0.1683
2026-01-09,ARKG,Buy,NTLA,INTELLIA THERAPEUTICS INC,32647,0.0266
2026-01-09,ARKX,Buy,6301,KOMATSU LTD,49053,0.2535
2026-01-12,ARKK,Buy,WGS,GENEDX HOLDINGS CORP,112713,0.1894
2026-01-12,ARKK,Buy,NTLA,INTELLIA THERAPEUTICS INC,84328,0.0123
2026-01-12,ARKK,Buy,TXG,10X GENOMICS INC,42365,0.0110
2026-01-12,ARKK,Sell,NTRA,NATERA INC,11114,0.0359
2026-01-12,ARKK,Sell,TER,TERADYNE INC,22954,0.0710
2026-01-12,ARKK,Sell,ILMN,ILLUMINA INC,91312,0.1822
2026-01-12,ARKG,Buy,WGS,GENEDX HOLDINGS CORP,20478,0.1940
2026-01-12,ARKG,Buy,NTLA,INTELLIA THERAPEUTICS INC,14964,0.0123
2026-01-12,ARKG,Buy,TXG,10X GENOMICS INC,7598,0.0111
2026-01-12,ARKG,Buy,PSNL,PERSONALIS INC,17748,0.0110
2026-01-12,ARKG,Sell,IONS,IONIS PHARMACEUTICALS INC,7717,0.0485
2026-01-12,ARKG,Sell,BEAM,BEAM THERAPEUTICS INC,32976,0.0865
2026-01-13,ARKK,Buy,NTLA,INTELLIA THERAPEUTICS INC,33990,0.0052
2026-01-13,ARKG,Buy,NTLA,INTELLIA THERAPEUTICS INC,6077,0.0052
2026-01-14,ARKK,Buy,AVGO,BROADCOM INC,111781,0.5017
2026-01-14,ARKK,Sell,TER,TERADYNE INC,3834,0.0117
2026-01-14,ARKK,Sell,NTRA,NATERA INC,4756,0.0152
2026-01-14,ARKK,Sell,TSLA,TESLA INC,86139,0.5016
2026-01-14,ARKQ,Buy,KDK,KODIAK AI INC,72320,0.0312
2026-01-14,ARKQ,Sell,KTOS,KRATOS DEFENSE AND SECURITY SOLUTIONS INC,14036,0.0827
2026-01-14,ARKW,Buy,AVGO,BROADCOM INC,31308,0.4944
2026-01-14,ARKW,Sell,U,UNITY SOFTWARE INC,126437,0.2456
2026-01-14,ARKW,Sell,TSM,TAIWAN SEMICONDUCTOR MANUFACTURING CO LTD,19310,0.2957
2026-01-14,ARKF,Buy,KLAR,KLARNA GROUP PLC,56993,0.1495
2026-01-14,ARKF,Sell,GLBE,GLOBAL-E ONLINE LTD,15566,0.0547
2026-01-14,ARKF,Sell,INTU,INTUIT INC,1524,0.0775
2026-01-15,ARKK,Buy,NTLA,INTELLIA THERAPEUTICS INC,48178,0.0074
2026-01-15,ARKG,Buy,NTLA,INTELLIA THERAPEUTICS INC,8591,0.0074
2026-01-16,ARKQ,Buy,OKLO,OKLO INC,34420,0.1540
2026-01-16,ARKQ,Buy,PONY,PONY AI INC,133604,0.1035
2026-01-16,ARKQ,Buy,WRD,WERIDE INC,152011,0.0635
2026-01-16,ARKQ,Buy,DE,DEERE & CO,1762,0.0428
2026-01-16,ARKQ,Buy,BYDDY,BYD CO LTD,43174,0.0259
2026-01-16,ARKQ,Sell,KTOS,KRATOS DEFENSE AND SECURITY SOLUTIONS INC,71108,0.4404
2026-01-16,ARKW,Sell,U,UNITY SOFTWARE INC,24597,0.0490
2026-01-16,ARKF,Sell,INTU,INTUIT INC,993,0.0492
2026-01-16,ARKX,Buy,TSM,TAIWAN SEMICONDUCTOR MANUFACTURING CO LTD,5542,0.2651
2026-01-16,ARKX,Buy,TRMB,TRIMBLE INC,25511,0.2645
2026-01-16,ARKX,Buy,AMD,ADVANCED MICRO DEVICES INC,4844,0.1572
2026-01-16,ARKX,Sell,KTOS,KRATOS DEFENSE AND SECURITY SOLUTIONS INC,27287,0.5002
2026-01-20,ARKK,Buy,AVGO,BROADCOM INC,32408,0.1445
2026-01-20,ARKK,Sell,KTOS,KRATOS DEFENSE AND SECURITY SOLUTIONS INC,61632,0.1078
2026-01-20,ARKQ,Buy,WRD,WERIDE INC,577099,0.2245
2026-01-20,ARKQ,Buy,BYDDY,BYD CO LTD,205748,0.1171
2026-01-20,ARKQ,Buy,DE,DEERE & CO,2540,0.0594
2026-01-20,ARKQ,Sell,KTOS,KRATOS DEFENSE AND SECURITY SOLUTIONS INC,74426,0.4473
2026-01-20,ARKX,Buy,TRMB,TRIMBLE INC,28241,0.2624
2026-01-20,ARKX,Buy,AMD,ADVANCED MICRO DEVICES INC,3165,0.0982
2026-01-20,ARKX,Sell,KTOS,KRATOS DEFENSE AND SECURITY SOLUTIONS INC,35813,0.6223
2026-01-21,ARKK,Buy,TEM,TEMPUS AI INC,75412,0.0682
2026-01-21,ARKK,Sell,KTOS,KRATOS DEFENSE AND SECURITY SOLUTIONS INC,3468,0.0061
2026-01-21,ARKK,Sell,BEAM,BEAM THERAPEUTICS INC,113907,0.0499
2026-01-21,ARKQ,Buy,WRD,WERIDE INC,111439,0.0462
2026-01-21,ARKQ,Buy,KDK,KODIAK AI INC,22426,0.0097
2026-01-21,ARKQ,Sell,KTOS,KRATOS DEFENSE AND SECURITY SOLUTIONS INC,3793,0.0228
2026-01-21,ARKW,Buy,NFLX,NETFLIX INC,83368,0.3514
2026-01-21,ARKW,Sell,GTLB,GITLAB INC,87999,0.1475
2026-01-21,ARKW,Sell,PINS,PINTEREST INC,118823,0.1505
2026-01-21,ARKG,Buy,TEM,TEMPUS AI INC,14089,0.0683
2026-01-21,ARKG,Sell,BEAM,BEAM THERAPEUTICS INC,21286,0.0500
2026-01-21,ARKX,Buy,TRMB,TRIMBLE INC,8817,0.0851
2026-01-21,ARKX,Sell,KTOS,KRATOS DEFENSE AND SECURITY SOLUTIONS INC,1385,0.0241
2026-01-22,ARKK,Buy,TEM,TEMPUS AI INC,11409,0.0104
2026-01-22,ARKK,Sell,KTOS,KRATOS DEFENSE AND SECURITY SOLUTIONS INC,978,0.0016
2026-01-22,ARKK,Sell,BEAM,BEAM THERAPEUTICS INC,136312,0.0618
2026-01-22,ARKQ,Buy,WRD,WERIDE INC,166029,0.0711
2026-01-22,ARKQ,Buy,KDK,KODIAK AI INC,7175,0.0031
2026-01-22,ARKQ,Sell,KTOS,KRATOS DEFENSE AND SECURITY SOLUTIONS INC,1213,0.0069
2026-01-22,ARKW,Sell,GTLB,GITLAB INC,29533,0.0503
2026-01-22,ARKW,Sell,U,UNITY SOFTWARE INC,32227,0.0684
2026-01-22,ARKW,Sell,ROKU,ROKU INC,14885,0.0793
2026-01-22,ARKG,Buy,TEM,TEMPUS AI INC,2123,0.0103
2026-01-22,ARKG,Sell,BEAM,BEAM THERAPEUTICS INC,25371,0.0612
2026-01-22,ARKX,Sell,KTOS,KRATOS DEFENSE AND SECURITY SOLUTIONS INC,440,0.0069
2026-01-23,ARKK,Buy,AVGO,BROADCOM INC,39812,0.1678
2026-01-23,ARKK,Buy,CRCL,CIRCLE INTERNET GROUP INC,119242,0.1126
2026-01-23,ARKK,Buy,COIN,COINBASE GLOBAL INC,38854,0.1125
2026-01-23,ARKK,Buy,BLSH,BULLISH,81538,0.0387
2026-01-23,ARKK,Buy,TEM,TEMPUS AI INC,43819,0.0377
2026-01-23,ARKK,Sell,VCYT,VERACYTE INC,20853,0.0117
2026-01-23,ARKK,Sell,TWST,TWIST BIOSCIENCE CORP,59748,0.0343
2026-01-23,ARKK,Sell,META,META PLATFORMS INC,6434,0.0565
2026-01-23,ARKK,Sell,TXG,10X GENOMICS INC,315076,0.0947
2026-01-23,ARKK,Sell,ILMN,ILLUMINA INC,56070,0.1113
2026-01-23,ARKQ,Buy,WRD,WERIDE INC,180740,0.0758
2026-01-23,ARKQ,Sell,KTOS,KRATOS DEFENSE AND SECURITY SOLUTIONS INC,1591,0.0086
2026-01-23,ARKW,Buy,AVGO,BROADCOM INC,9236,0.1489
2026-01-23,ARKW,Sell,META,META PLATFORMS INC,5966,0.2005
2026-01-23,ARKG,Buy,TEM,TEMPUS AI INC,7523,0.0337
2026-01-23,ARKF,Buy,COIN,COINBASE GLOBAL INC,3325,0.0688
2026-01-23,ARKF,Buy,CRCL,CIRCLE INTERNET GROUP INC,10204,0.0688
2026-01-23,ARKF,Buy,BLSH,BULLISH,6995,0.0237
2026-01-26,ARKK,Buy,BLSH,BULLISH,25565,0.0108
2026-01-26,ARKK,Buy,TEM,TEMPUS AI INC,6545,0.0050
2026-01-26,ARKK,Sell,VCYT,VERACYTE INC,10073,0.0051
2026-01-26,ARKK,Sell,TXG,10X GENOMICS INC,67086,0.0178
2026-01-26,ARKK,Sell,TWST,TWIST BIOSCIENCE CORP,64695,0.0329
2026-01-26,ARKQ,Buy,KDK,KODIAK AI INC,47752,0.0203
2026-01-26,ARKQ,Buy,WRD,WERIDE INC,48260,0.0198
2026-01-26,ARKQ,Sell,KTOS,KRATOS DEFENSE AND SECURITY SOLUTIONS INC,3902,0.0207
2026-01-26,ARKG,Buy,TEM,TEMPUS AI INC,1192,0.0055
2026-01-26,ARKF,Buy,BLSH,BULLISH,2265,0.0056
2026-01-27,ARKK,Buy,BLSH,BULLISH,80124,0.0374
2026-01-27,ARKK,Sell,VCYT,VERACYTE INC,1757,0.0009
2026-01-27,ARKK,Sell,TWST,TWIST BIOSCIENCE CORP,36958,0.0212
2026-01-27,ARKQ,Buy,KDK,KODIAK AI INC,4790,0.0021
2026-01-27,ARKQ,Sell,KTOS,KRATOS DEFENSE AND SECURITY SOLUTIONS INC,13677,0.0760
2026-01-27,ARKF,Buy,BLSH,BULLISH,5648,0.0136
2026-01-28,ARKK,Buy,CRSP,CRISPR THERAPEUTICS AG,100657,0.0735
2026-01-28,ARKK,Buy,BEAM,BEAM THERAPEUTICS INC,98594,0.0390
2026-01-28,ARKK,Buy,TEM,TEMPUS AI INC,32861,0.0292
2026-01-28,ARKK,Buy,BLSH,BULLISH,31543,0.0147
2026-01-28,ARKK,Buy,NTLA,INTELLIA THERAPEUTICS INC,60846,0.0117
2026-01-28,ARKK,Sell,TWST,TWIST BIOSCIENCE CORP,17180,0.0099
2026-01-28,ARKK,Sell,TER,TERADYNE INC,14677,0.0500
2026-01-28,ARKK,Sell,ILMN,ILLUMINA INC,47763,0.0981
2026-01-28,ARKQ,Sell,KTOS,KRATOS DEFENSE AND SECURITY SOLUTIONS INC,442,0.0025
2026-01-28,ARKG,Buy,CRSP,CRISPR THERAPEUTICS AG,18170,0.0712
2026-01-28,ARKG,Buy,BEAM,BEAM THERAPEUTICS INC,17792,0.0378
2026-01-28,ARKG,Buy,TEM,TEMPUS AI INC,6007,0.0286
2026-01-28,ARKG,Buy,NTLA,INTELLIA THERAPEUTICS INC,10980,0.0113
2026-01-28,ARKG,Sell,ILMN,ILLUMINA INC,11325,0.1248
2026-01-28,ARKF,Buy,BLSH,BULLISH,1479,0.0049
2026-01-29,ARKK,Buy,CRSP,CRISPR THERAPEUTICS AG,107962,0.0794
2026-01-29,ARKK,Buy,BEAM,BEAM THERAPEUTICS INC,24968,0.0100
2026-01-29,ARKK,Sell,VCYT,VERACYTE INC,31463,0.0167
2026-01-29,ARKK,Sell,ILMN,ILLUMINA INC,29010,0.0593
2026-01-29,ARKQ,Buy,JOBY,JOBY AVIATION INC,565681,0.3001
2026-01-29,ARKQ,Buy,KDK,KODIAK AI INC,17,0.0000
2026-01-29,ARKQ,Sell,KTOS,KRATOS DEFENSE AND SECURITY SOLUTIONS INC,261,0.0014
2026-01-29,ARKQ,Sell,TER,TERADYNE INC,25085,0.2916
2026-01-29,ARKG,Buy,CRSP,CRISPR THERAPEUTICS AG,19222,0.0786
2026-01-29,ARKG,Buy,BEAM,BEAM THERAPEUTICS INC,4445,0.0099
2026-01-29,ARKG,Sell,ILMN,ILLUMINA INC,6887,0.0782
2026-01-29,ARKX,Buy,JOBY,JOBY AVIATION INC,215838,0.2198
2026-01-29,ARKX,Sell,TER,TERADYNE INC,6583,0.1469
2026-01-30,ARKK,Buy,WGS,GENEDX HOLDINGS CORP,91785,0.1245
2026-01-30,ARKK,Sell,ILMN,ILLUMINA INC,22646,0.0464
2026-01-30,ARKK,Sell,ROKU,ROKU INC,34829,0.0476
2026-01-30,ARKK,Sell,VCYT,VERACYTE INC,131853,0.0700
2026-01-30,ARKQ,Buy,KDK,KODIAK AI INC,37455,0.0162
2026-01-30,ARKF,Buy,AMZN,AMAZON.COM INC,8088,0.1929
2026-01-30,ARKF,Buy,BLSH,BULLISH,64211,0.1926
2026-01-30,ARKF,Buy,HOOD,ROBINHOOD MARKETS INC,19376,0.1922
2026-01-30,ARKF,Buy,CRCL,CIRCLE INTERNET GROUP INC,23420,0.1480
2026-01-30,ARKF,Buy,COIN,COINBASE GLOBAL INC,7565,0.1460
2026-01-30,ARKF,Buy,ARKB,ARK 21SHARES BITCOIN ETF,35360,0.0979
2026-02-02,ARKK,Buy,HOOD,ROBINHOOD MARKETS INC,235077,0.3175
2026-02-02,ARKK,Buy,CRWV,COREWEAVE INC,120403,0.1623
2026-02-02,ARKK,Buy,CRCL,CIRCLE INTERNET GROUP INC,124571,0.1123
2026-02-02,ARKK,Buy,WGS,GENEDX HOLDINGS CORP,65442,0.0970
2026-02-02,ARKK,Buy,BMNR,BITMINE IMMERSION TECHNOLOGIES INC,274358,0.0948
2026-02-02,ARKK,Buy,RBLX,ROBLOX CORP,63676,0.0649
2026-02-02,ARKK,Buy,BLSH,BULLISH,141689,0.0621
2026-02-02,ARKK,Buy,SLMT,BRERA HOLDINGS PLC,79084,0.0016
2026-02-02,ARKK,Sell,ILMN,ILLUMINA INC,4274,0.0091
2026-02-02,ARKK,Sell,ROKU,ROKU INC,35087,0.0508
2026-02-02,ARKK,Sell,VCYT,VERACYTE INC,109541,0.0625
2026-02-02,ARKK,Sell,PD,PAGERDUTY INC,401353,0.0633
2026-02-02,ARKK,Sell,TER,TERADYNE INC,48865,0.1830
2026-02-02,ARKK,Sell,TTD,TRADE DESK INC,1491796,0.6729
2026-02-02,ARKQ,Buy,CAT,CATERPILLAR INC,22354,0.7514
2026-02-02,ARKQ,Buy,GOOG,ALPHABET INC,33287,0.5582
2026-02-02,ARKQ,Buy,LHX,L3HARRIS TECHNOLOGIES INC,15012,0.2487
2026-02-02,ARKQ,Buy,AVAV,AEROVIRONMENT INC,14242,0.1874
2026-02-02,ARKQ,Buy,KDK,KODIAK AI INC,5794,0.0026
2026-02-02,ARKQ,Sell,RKLB,ROCKET LAB CORP,134753,0.4942
2026-02-02,ARKQ,Sell,TER,TERADYNE INC,111768,1.3637
2026-02-02,ARKW,Buy,HOOD,ROBINHOOD MARKETS INC,64282,0.3161
2026-02-02,ARKW,Buy,CRWV,COREWEAVE INC,43998,0.2160
2026-02-02,ARKW,Buy,DDOG,DATADOG INC,19582,0.1383
2026-02-02,ARKW,Buy,RBLX,ROBLOX CORP,29082,0.1078
2026-02-02,ARKW,Buy,ARKB,ARK 21SHARES BITCOIN ETF,73433,0.1044
2026-02-02,ARKW,Buy,GTLB,GITLAB INC,50597,0.0984
2026-02-02,ARKW,Sell,PD,PAGERDUTY INC,89938,0.0516
2026-02-02,ARKW,Sell,ROKU,ROKU INC,56332,0.2969
2026-02-02,ARKW,Sell,TTD,TRADE DESK INC,439782,0.7222
2026-02-02,ARKG,Buy,WGS,GENEDX HOLDINGS CORP,35777,0.2781
2026-02-02,ARKG,Sell,GH,GUARDANT HEALTH INC,51765,0.4678
2026-02-02,ARKF,Buy,HOOD,ROBINHOOD MARKETS INC,63958,0.5987
2026-02-02,ARKF,Buy,SHOP,SHOPIFY INC,35566,0.4924
2026-02-02,ARKF,Buy,CRCL,CIRCLE INTERNET GROUP INC,35642,0.2226
2026-02-02,ARKF,Buy,ARKB,ARK 21SHARES BITCOIN ETF,77381,0.2094
2026-02-02,ARKF,Buy,BLSH,BULLISH,67921,0.2062
2026-02-02,ARKF,Buy,XYZ,BLOCK INC,32067,0.2008
2026-02-02,ARKF,Buy,COIN,COINBASE GLOBAL INC,6699,0.1314
2026-02-02,ARKF,Sell,ROKU,ROKU INC,29575,0.2967
2026-02-02,ARKF,Sell,GLBE,GLOBAL-E ONLINE LTD,79473,0.3068
2026-02-02,ARKF,Sell,INTU,INTUIT INC,11317,0.5777
2026-02-02,ARKF,Sell,PYPL,PAYPAL HOLDINGS INC,144103,0.7913
2026-02-02,ARKX,Buy,HEI,HEICO CORP,12355,0.4979
2026-02-02,ARKX,Buy,LMT,LOCKHEED MARTIN CORP,5113,0.3967
2026-02-02,ARKX,Buy,AVAV,AEROVIRONMENT INC,5726,0.1881
2026-02-02,ARKX,Buy,GOOG,ALPHABET INC,4458,0.1866
2026-02-02,ARKX,Sell,IRDM,IRIDIUM COMMUNICATIONS INC,150941,0.3640
2026-02-02,ARKX,Sell,TER,TERADYNE INC,11980,0.3649
2026-02-02,ARKX,Sell,RKLB,ROCKET LAB CORP,54171,0.4959
2026-02-03,ARKK,Buy,RBLX,ROBLOX CORP,83569,0.0818
2026-02-03,ARKK,Buy,WGS,GENEDX HOLDINGS CORP,53607,0.0791
2026-02-03,ARKK,Buy,HOOD,ROBINHOOD MARKETS INC,59031,0.0777
2026-02-03,ARKK,Buy,SHOP,SHOPIFY INC,27424,0.0490
2026-02-03,ARKK,Buy,BMNR,BITMINE IMMERSION TECHNOLOGIES INC,145488,0.0476
2026-02-03,ARKK,Buy,CRWV,COREWEAVE INC,35608,0.0461
2026-02-03,ARKK,Buy,BLSH,BULLISH,85903,0.0354
2026-02-03,ARKK,Buy,CRCL,CIRCLE INTERNET GROUP INC,34342,0.0289
2026-02-03,ARKK,Buy,SLMT,BRERA HOLDINGS PLC,24035,0.0005
2026-02-03,ARKK,Sell,PD,PAGERDUTY INC,25597,0.0036
2026-02-03,ARKK,Sell,VCYT,VERACYTE INC,13006,0.0074
2026-02-03,ARKK,Sell,ILMN,ILLUMINA INC,6564,0.0140
2026-02-03,ARKK,Sell,TTD,TRADE DESK INC,153147,0.0632
2026-02-03,ARKK,Sell,ABNB,AIRBNB INC,131316,0.2417
2026-02-03,ARKK,Sell,DKNG,DRAFTKINGS INC,620490,0.2443
2026-02-03,ARKQ,Buy,GOOG,ALPHABET INC,11168,0.1889
2026-02-03,ARKQ,Buy,AVAV,AEROVIRONMENT INC,4452,0.0609
2026-02-03,ARKQ,Buy,KDK,KODIAK AI INC,54864,0.0242
2026-02-03,ARKW,Buy,RBLX,ROBLOX CORP,37243,0.1337
2026-02-03,ARKW,Buy,DDOG,DATADOG INC,15302,0.1016
2026-02-03,ARKW,Buy,ARKB,ARK 21SHARES BITCOIN ETF,65923,0.0925
2026-02-03,ARKW,Buy,GTLB,GITLAB INC,50782,0.0921
2026-02-03,ARKW,Buy,HOOD,ROBINHOOD MARKETS INC,15973,0.0771
2026-02-03,ARKW,Buy,CRWV,COREWEAVE INC,15384,0.0731
2026-02-03,ARKW,Buy,SHOP,SHOPIFY INC,7289,0.0478
2026-02-03,ARKW,Sell,PD,PAGERDUTY INC,5690,0.0029
2026-02-03,ARKW,Sell,TTD,TRADE DESK INC,43712,0.0662
2026-02-03,ARKW,Sell,ABNB,AIRBNB INC,34901,0.2357
2026-02-03,ARKW,Sell,DKNG,DRAFTKINGS INC,165000,0.2384
2026-02-03,ARKG,Buy,WGS,GENEDX HOLDINGS CORP,29623,0.2259
2026-02-03,ARKG,Sell,GH,GUARDANT HEALTH INC,4439,0.0401
2026-02-03,ARKF,Buy,XYZ,BLOCK INC,31202,0.1876
2026-02-03,ARKF,Buy,ARKB,ARK 21SHARES BITCOIN ETF,69208,0.1848
2026-02-03,ARKF,Buy,HOOD,ROBINHOOD MARKETS INC,14673,0.1349
2026-02-03,ARKF,Buy,BLSH,BULLISH,39315,0.1132
2026-02-03,ARKF,Buy,COIN,COINBASE GLOBAL INC,3510,0.0683
2026-02-03,ARKF,Buy,CRCL,CIRCLE INTERNET GROUP INC,8536,0.0502
2026-02-03,ARKF,Sell,GLBE,GLOBAL-E ONLINE LTD,61000,0.2197
2026-02-03,ARKF,Sell,DSY,DISCOVERY LTD,423881,0.6683
2026-02-03,ARKX,Buy,AVAV,AEROVIRONMENT INC,1789,0.0611
2026-02-03,ARKX,Buy,GOOG,ALPHABET INC,1422,0.0600
2026-02-04,ARKK,Buy,TEM,TEMPUS AI INC,342087,0.2729
2026-02-04,ARKK,Buy,AMD,ADVANCED MICRO DEVICES INC,76518,0.2368
2026-02-04,ARKK,Buy,WGS,GENEDX HOLDINGS CORP,36065,0.0475
2026-02-04,ARKK,Buy,CRWV,COREWEAVE INC,21769,0.0289
2026-02-04,ARKK,Buy,BLSH,BULLISH,56451,0.0232
2026-02-04,ARKK,Buy,CRCL,CIRCLE INTERNET GROUP INC,11637,0.0097
2026-02-04,ARKK,Buy,SLMT,BRERA HOLDINGS PLC,65000,0.0012
2026-02-04,ARKK,Sell,TTD,TRADE DESK INC,121968,0.0507
2026-02-04,ARKK,Sell,TER,TERADYNE INC,171207,0.7102
2026-02-04,ARKQ,Buy,AMD,ADVANCED MICRO DEVICES INC,24262,0.2348
2026-02-04,ARKQ,Buy,KDK,KODIAK AI INC,37379,0.0158
2026-02-04,ARKQ,Sell,TER,TERADYNE INC,25694,0.3354
2026-02-04,ARKW,Buy,AMD,ADVANCED MICRO DEVICES INC,20532,0.2390
2026-02-04,ARKW,Buy,CRWV,COREWEAVE INC,9632,0.0480
2026-02-04,ARKW,Sell,TTD,TRADE DESK INC,34790,0.0544
2026-02-04,ARKW,Sell,U,UNITY SOFTWARE INC,78575,0.1131
2026-02-04,ARKW,Sell,PINS,PINTEREST INC,107092,0.1226
2026-02-04,ARKG,Buy,TEM,TEMPUS AI INC,65863,0.2722
2026-02-04,ARKG,Sell,GH,GUARDANT HEALTH INC,42317,0.3506
2026-02-04,ARKF,Buy,AMD,ADVANCED MICRO DEVICES INC,10811,0.2414
2026-02-04,ARKF,Buy,BLSH,BULLISH,26643,0.0790
2026-02-04,ARKF,Buy,CRCL,CIRCLE INTERNET GROUP INC,3231,0.0194
2026-02-04,ARKF,Sell,PYPL,PAYPAL HOLDINGS INC,727,0.0033
2026-02-04,ARKF,Sell,INTU,INTUIT INC,182,0.0088
2026-02-04,ARKF,Sell,GLBE,GLOBAL-E ONLINE LTD,190830,0.7021
2026-02-04,ARKX,Buy,TSLA,TESLA INC,35766,1.7261
2026-02-04,ARKX,Buy,AMD,ADVANCED MICRO DEVICES INC,8985,0.2161
2026-02-04,ARKX,Sell,TER,TERADYNE INC,61100,1.9710
2026-02-05,ARKK,Buy,GOOG,ALPHABET INC,47001,0.2443
2026-02-05,ARKK,Buy,BLSH,BULLISH,510175,0.2086
2026-02-05,ARKK,Buy,TEM,TEMPUS AI INC,247796,0.2083
2026-02-05,ARKK,Buy,SLMT,BRERA HOLDINGS PLC,150000,0.0026
2026-02-05,ARKK,Sell,PD,PAGERDUTY INC,47911,0.0063
2026-02-05,ARKK,Sell,TTD,TRADE DESK INC,55736,0.0245
2026-02-05,ARKK,Sell,COIN,COINBASE GLOBAL INC,82530,0.2033
2026-02-05,ARKK,Sell,TER,TERADYNE INC,54874,0.2408
2026-02-05,ARKQ,Buy,AVGO,BROADCOM INC,51417,0.8329
2026-02-05,ARKQ,Buy,ISRG,INTUITIVE SURGICAL INC,11960,0.2917
2026-02-05,ARKQ,Buy,GOOG,ALPHABET INC,15031,0.2462
2026-02-05,ARKQ,Buy,KDK,KODIAK AI INC,11520,0.0052
2026-02-05,ARKQ,Sell,TER,TERADYNE INC,42183,0.5833
2026-02-05,ARKQ,Sell,QCOM,QUALCOMM INC,117442,0.8137
2026-02-05,ARKW,Buy,AVGO,BROADCOM INC,35731,0.6918
2026-02-05,ARKW,Buy,AMD,ADVANCED MICRO DEVICES INC,20189,0.2401
2026-02-05,ARKW,Buy,BLSH,BULLISH,126665,0.1950
2026-02-05,ARKW,Sell,PD,PAGERDUTY INC,10581,0.0053
2026-02-05,ARKW,Sell,TTD,TRADE DESK INC,15756,0.0261
2026-02-05,ARKW,Sell,COIN,COINBASE GLOBAL INC,29001,0.2690
2026-02-05,ARKW,Sell,QCOM,QUALCOMM INC,111501,0.9233
2026-02-05,ARKG,Buy,TEM,TEMPUS AI INC,47730,0.2066
2026-02-05,ARKG,Sell,GH,GUARDANT HEALTH INC,7676,0.0641
2026-02-05,ARKF,Buy,BLSH,BULLISH,79190,0.2314
2026-02-05,ARKF,Sell,PYPL,PAYPAL HOLDINGS INC,101,0.0005
2026-02-05,ARKF,Sell,GLBE,GLOBAL-E ONLINE LTD,2076,0.0077
2026-02-05,ARKF,Sell,COIN,COINBASE GLOBAL INC,7705,0.1357
2026-02-05,ARKX,Buy,GOOG,ALPHABET INC,5598,0.2482
2026-02-05,ARKX,Sell,TER,TERADYNE INC,6511,0.2437
2026-02-06,ARKK,Buy,GOOG,ALPHABET INC,28977,0.1587
2026-02-06,ARKK,Buy,BLSH,BULLISH,278619,0.1257
2026-02-06,ARKK,Buy,RXRX,RECURSION PHARMACEUTICALS INC,630920,0.0423
2026-02-06,ARKK,Buy,TEM,TEMPUS AI INC,537,0.0005
2026-02-06,ARKK,Sell,PD,PAGERDUTY INC,227621,0.0309
2026-02-06,ARKK,Sell,TTD,TRADE DESK INC,112247,0.0511
2026-02-06,ARKK,Sell,ROKU,ROKU INC,133216,0.1941
2026-02-06,ARKK,Sell,COIN,COINBASE GLOBAL INC,92737,0.2485
2026-02-06,ARKQ,Buy,KDK,KODIAK AI INC,1907,0.0009
2026-02-06,ARKQ,Sell,QCOM,QUALCOMM INC,783,0.0057
2026-02-06,ARKW,Buy,BLSH,BULLISH,70655,0.1215
2026-02-06,ARKW,Buy,GOOG,ALPHABET INC,2528,0.0528
2026-02-06,ARKW,Sell,QCOM,QUALCOMM INC,579,0.0052
2026-02-06,ARKW,Sell,PD,PAGERDUTY INC,50249,0.0260
2026-02-06,ARKW,Sell,ROKU,ROKU INC,8714,0.0484
2026-02-06,ARKW,Sell,TTD,TRADE DESK INC,31744,0.0551
2026-02-06,ARKW,Sell,COIN,COINBASE GLOBAL INC,32790,0.3350
2026-02-06,ARKG,Buy,TEM,TEMPUS AI INC,106,0.0005
2026-02-06,ARKG,Sell,GH,GUARDANT HEALTH INC,7097,0.0628
2026-02-06,ARKF,Buy,BLSH,BULLISH,43783,0.1420
2026-02-06,ARKF,Buy,THAR,THARIMMUNE INC,56187,0.0283
2026-02-06,ARKF,Sell,GLBE,GLOBAL-E ONLINE LTD,481,0.0019
2026-02-06,ARKF,Sell,COIN,COINBASE GLOBAL INC,8945,0.1723
2026-02-06,ARKX,Sell,IRDM,IRIDIUM COMMUNICATIONS INC,66716,0.1868
2026-02-09,ARKK,Buy,RBLX,ROBLOX CORP,104109,0.1199
2026-02-09,ARKK,Buy,BLSH,BULLISH,40914,0.0197
2026-02-09,ARKK,Buy,RXRX,RECURSION PHARMACEUTICALS INC,156272,0.0098
2026-02-09,ARKK,Buy,TEM,TEMPUS AI INC,372,0.0003
2026-02-09,ARKK,Sell,TTD,TRADE DESK INC,20651,0.0089
2026-02-09,ARKK,Sell,PD,PAGERDUTY INC,120591,0.0153
2026-02-09,ARKQ,Buy,KDK,KODIAK AI INC,2114,0.0010
2026-02-09,ARKQ,Sell,QCOM,QUALCOMM INC,301,0.0020
2026-02-09,ARKW,Buy,RBLX,ROBLOX CORP,27263,0.1202
2026-02-09,ARKW,Buy,BLSH,BULLISH,10092,0.0186
2026-02-09,ARKW,Sell,QCOM,QUALCOMM INC,196,0.0016
2026-02-09,ARKW,Sell,TTD,TRADE DESK INC,3506,0.0058
2026-02-09,ARKW,Sell,PD,PAGERDUTY INC,26534,0.0129
2026-02-09,ARKW,Sell,PINS,PINTEREST INC,22885,0.0281
2026-02-09,ARKW,Sell,GTLB,GITLAB INC,25880,0.0514
2026-02-09,ARKG,Buy,TEM,TEMPUS AI INC,72,0.0003
2026-02-09,ARKF,Buy,RBLX,ROBLOX CORP,14231,0.1199
2026-02-09,ARKF,Buy,THAR,THARIMMUNE INC,54600,0.0255
2026-02-09,ARKF,Buy,BLSH,BULLISH,6158,0.0216
2026-02-09,ARKF,Sell,GLBE,GLOBAL-E ONLINE LTD,97,0.0004
2026-02-09,ARKF,Sell,PINS,PINTEREST INC,23915,0.0560
2026-02-10,ARKK,Buy,RBLX,ROBLOX CORP,69923,0.0794
2026-02-10,ARKK,Buy,BLSH,BULLISH,68006,0.0341
2026-02-10,ARKK,Buy,TEM,TEMPUS AI INC,3411,0.0030
2026-02-10,ARKK,Buy,SLMT,BRERA HOLDINGS PLC,61324,0.0012
2026-02-10,ARKK,Sell,TTD,TRADE DESK INC,1248,0.0005
2026-02-10,ARKK,Sell,PD,PAGERDUTY INC,549087,0.0679
2026-02-10,ARKQ,Buy,KDK,KODIAK AI INC,30882,0.0132
2026-02-10,ARKW,Buy,RBLX,ROBLOX CORP,18198,0.0792
2026-02-10,ARKW,Buy,BLSH,BULLISH,16658,0.0320
2026-02-10,ARKW,Sell,TTD,TRADE DESK INC,1298,0.0021
2026-02-10,ARKW,Sell,PINS,PINTEREST INC,4971,0.0062
2026-02-10,ARKW,Sell,PD,PAGERDUTY INC,120513,0.0572
2026-02-10,ARKG,Buy,TEM,TEMPUS AI INC,639,0.0029
2026-02-10,ARKF,Buy,RBLX,ROBLOX CORP,9525,0.0792
2026-02-10,ARKF,Buy,BLSH,BULLISH,10354,0.0380
2026-02-10,ARKF,Sell,PINS,PINTEREST INC,5029,0.0119
2026-02-11,ARKK,Buy,HOOD,ROBINHOOD MARKETS INC,308666,0.3684
2026-02-11,ARKK,Buy,SHOP,SHOPIFY INC,107061,0.1886
2026-02-11,ARKK,Buy,BLSH,BULLISH,255077,0.1230
2026-02-11,ARKK,Buy,CRCL,CIRCLE INTERNET GROUP INC,53799,0.0479
2026-02-11,ARKK,Buy,TEM,TEMPUS AI INC,5627,0.0048
2026-02-11,ARKK,Buy,SLMT,BRERA HOLDINGS PLC,96172,0.0017
2026-02-11,ARKK,Sell,PD,PAGERDUTY INC,149749,0.0167
2026-02-11,ARKK,Sell,TWST,TWIST BIOSCIENCE CORP,185951,0.1411
2026-02-11,ARKK,Sell,ABNB,AIRBNB INC,152650,0.2834
2026-02-11,ARKK,Sell,TER,TERADYNE INC,59101,0.2930
2026-02-11,ARKQ,Buy,KDK,KODIAK AI INC,58008,0.0243
2026-02-11,ARKW,Buy,FIG,FIGMA INC,280138,0.3778
2026-02-11,ARKW,Buy,HOOD,ROBINHOOD MARKETS INC,82274,0.3753
2026-02-11,ARKW,Buy,SHOP,SHOPIFY INC,28565,0.1923
2026-02-11,ARKW,Buy,BLSH,BULLISH,67985,0.1253
2026-02-11,ARKW,Buy,CRCL,CIRCLE INTERNET GROUP INC,14344,0.0488
2026-02-11,ARKW,Sell,TTD,TRADE DESK INC,501,0.0008
2026-02-11,ARKW,Sell,PD,PAGERDUTY INC,33545,0.0143
2026-02-11,ARKW,Sell,GTLB,GITLAB INC,13509,0.0242
2026-02-11,ARKW,Sell,ABNB,AIRBNB INC,27097,0.1923
2026-02-11,ARKW,Sell,PINS,PINTEREST INC,267843,0.3069
2026-02-11,ARKW,Sell,U,UNITY SOFTWARE INC,486741,0.5899
2026-02-11,ARKG,Buy,TEM,TEMPUS AI INC,1099,0.0049
2026-02-11,ARKF,Buy,HOOD,ROBINHOOD MARKETS INC,42866,0.3730
2026-02-11,ARKF,Buy,SHOP,SHOPIFY INC,14795,0.1900
2026-02-11,ARKF,Buy,BLSH,BULLISH,41072,0.1444
2026-02-11,ARKF,Buy,CRCL,CIRCLE INTERNET GROUP INC,7416,0.0482
2026-02-11,ARKF,Buy,THAR,THARIMMUNE INC,31808,0.0157
2026-02-11,ARKF,Sell,ICE,INTERCONTINENTAL EXCHANGE INC,5280,0.0926
2026-02-11,ARKF,Sell,ABNB,AIRBNB INC,7007,0.0948
2026-02-11,ARKF,Sell,Z,ZILLOW GROUP INC,36133,0.1866
2026-02-11,ARKF,Sell,PINS,PINTEREST INC,145195,0.3174
2026-02-12,ARKK,Buy,TEM,TEMPUS AI INC,174585,0.1442
2026-02-12,ARKK,Buy,SHOP,SHOPIFY INC,80582,0.1436
2026-02-12,ARKK,Buy,HOOD,ROBINHOOD MARKETS INC,123460,0.1422
2026-02-12,ARKK,Buy,RBLX,ROBLOX CORP,95138,0.0968
2026-02-12,ARKK,Buy,BMNR,BITMINE IMMERSION TECHNOLOGIES INC,150046,0.0479
2026-02-12,ARKK,Buy,BLSH,BULLISH,52528,0.0267
2026-02-12,ARKK,Buy,CRSP,CRISPR THERAPEUTICS AG,26512,0.0209
2026-02-12,ARKK,Buy,NTLA,INTELLIA THERAPEUTICS INC,78374,0.0147
2026-02-12,ARKK,Buy,BEAM,BEAM THERAPEUTICS INC,31754,0.0138
2026-02-12,ARKK,Buy,SLMT,BRERA HOLDINGS PLC,175651,0.0031
2026-02-12,ARKK,Sell,PD,PAGERDUTY INC,102234,0.0117
2026-02-12,ARKK,Sell,TWST,TWIST BIOSCIENCE CORP,67957,0.0525
2026-02-12,ARKK,Sell,TER,TERADYNE INC,13992,0.0705
2026-02-12,ARKK,Sell,DKNG,DRAFTKINGS INC,518095,0.2132
2026-02-12,ARKK,Sell,ABNB,AIRBNB INC,217300,0.4102
2026-02-12,ARKQ,Buy,KDK,KODIAK AI INC,20586,0.0085
2026-02-12,ARKW,Buy,GENI,GENIUS SPORTS LTD,522763,0.1936
2026-02-12,ARKW,Buy,SHOP,SHOPIFY INC,21172,0.1421
2026-02-12,ARKW,Buy,TOST,TOAST INC,88581,0.1416
2026-02-12,ARKW,Buy,HOOD,ROBINHOOD MARKETS INC,32435,0.1406
2026-02-12,ARKW,Buy,RBLX,ROBLOX CORP,24985,0.0957
2026-02-12,ARKW,Buy,BMNR,BITMINE IMMERSION TECHNOLOGIES INC,39431,0.0474
2026-02-12,ARKW,Buy,BLSH,BULLISH,13800,0.0264
2026-02-12,ARKW,Buy,U,UNITY SOFTWARE INC,1011,0.0013
2026-02-12,ARKW,Sell,TTD,TRADE DESK INC,185,0.0003
2026-02-12,ARKW,Sell,PD,PAGERDUTY INC,22685,0.0098
2026-02-12,ARKW,Sell,MELI,MERCADOLIBRE INC,1534,0.1884
2026-02-12,ARKW,Sell,PINS,PINTEREST INC,165970,0.1886
2026-02-12,ARKW,Sell,DKNG,DRAFTKINGS INC,136013,0.2107
2026-02-12,ARKW,Sell,ABNB,AIRBNB INC,35497,0.2523
2026-02-12,ARKG,Buy,TEM,TEMPUS AI INC,35716,0.1497
2026-02-12,ARKG,Buy,CRSP,CRISPR THERAPEUTICS AG,5425,0.0217
2026-02-12,ARKG,Buy,NTLA,INTELLIA THERAPEUTICS INC,16030,0.0153
2026-02-12,ARKG,Buy,BEAM,BEAM THERAPEUTICS INC,6500,0.0143
2026-02-12,ARKG,Sell,TWST,TWIST BIOSCIENCE CORP,41726,0.1636
2026-02-12,ARKF,Buy,ADYEN,ADYEN NV,1614,0.2145
2026-02-12,ARKF,Buy,TOST,TOAST INC,68393,0.2115
2026-02-12,ARKF,Buy,SHOP,SHOPIFY INC,12266,0.1593
2026-02-12,ARKF,Buy,HOOD,ROBINHOOD MARKETS INC,18782,0.1575
2026-02-12,ARKF,Buy,RBLX,ROBLOX CORP,14472,0.1073
2026-02-12,ARKF,Buy,BMNR,BITMINE IMMERSION TECHNOLOGIES INC,22837,0.0531
2026-02-12,ARKF,Buy,BLSH,BULLISH,7995,0.0296
2026-02-12,ARKF,Buy,THAR,THARIMMUNE INC,24430,0.0122
2026-02-12,ARKF,Sell,KSPI,KASPI.KZ AO,2321,0.0201
2026-02-12,ARKF,Sell,DSY,DISCOVERY LTD,17945,0.0317
2026-02-12,ARKF,Sell,DKNG,DRAFTKINGS INC,26263,0.0787
2026-02-12,ARKF,Sell,ABNB,AIRBNB INC,6855,0.0943
2026-02-12,ARKF,Sell,Z,ZILLOW GROUP INC,20288,0.1054
2026-02-12,ARKF,Sell,PINS,PINTEREST INC,48061,0.1056
2026-02-12,ARKF,Sell,ICE,INTERCONTINENTAL EXCHANGE INC,6023,0.1059
2026-02-12,ARKF,Sell,MELI,MERCADOLIBRE INC,1332,0.3166
2026-02-13,ARKK,Buy,COIN,COINBASE GLOBAL INC,66545,0.1709
2026-02-13,ARKK,Buy,BEAM,BEAM THERAPEUTICS INC,181929,0.0860
2026-02-13,ARKK,Buy,RBLX,ROBLOX CORP,48247,0.0519
2026-02-13,ARKK,Buy,CRSP,CRISPR THERAPEUTICS AG,4920,0.0043
2026-02-13,ARKK,Buy,SLMT,BRERA HOLDINGS PLC,9984,0.0002
2026-02-13,ARKK,Sell,TER,TERADYNE INC,5182,0.0278
2026-02-13,ARKK,Sell,TWST,TWIST BIOSCIENCE CORP,44644,0.0372
2026-02-13,ARKK,Sell,ABNB,AIRBNB INC,33549,0.0695
2026-02-13,ARKK,Sell,PD,PAGERDUTY INC,693745,0.0830
2026-02-13,ARKW,Buy,COIN,COINBASE GLOBAL INC,16832,0.1649
2026-02-13,ARKW,Buy,RBLX,ROBLOX CORP,12242,0.0503
2026-02-13,ARKW,Sell,TTD,TRADE DESK INC,100,0.0002
2026-02-13,ARKW,Sell,GTLB,GITLAB INC,13067,0.0254
2026-02-13,ARKW,Sell,CRM,SALESFORCE INC,2500,0.0308
2026-02-13,ARKW,Sell,ABNB,AIRBNB INC,4000,0.0316
2026-02-13,ARKW,Sell,PD,PAGERDUTY INC,148891,0.0680
2026-02-13,ARKG,Buy,BEAM,BEAM THERAPEUTICS INC,36600,0.0844
2026-02-13,ARKG,Buy,CRSP,CRISPR THERAPEUTICS AG,990,0.0042
2026-02-13,ARKG,Sell,TWST,TWIST BIOSCIENCE CORP,27941,0.1136
2026-02-13,ARKF,Buy,COIN,COINBASE GLOBAL INC,9477,0.1602
2026-02-13,ARKF,Buy,RBLX,ROBLOX CORP,6898,0.0489
2026-02-13,ARKF,Buy,THAR,THARIMMUNE INC,3540,0.0017
2026-02-13,ARKF,Sell,ABNB,AIRBNB INC,751,0.0102
2026-02-13,ARKF,Sell,KSPI,KASPI.KZ AO,2700,0.0221
2026-02-13,ARKF,Sell,DSY,DISCOVERY LTD,144372,0.2370
2026-02-16,ARKF,Sell,DSY,DISCOVERY LTD,52187,0.0868
2026-02-17,ARKK,Buy,AVGO,BROADCOM INC,15089,0.0802
2026-02-17,ARKK,Buy,COIN,COINBASE GLOBAL INC,29689,0.0779
2026-02-17,ARKK,Buy,AMD,ADVANCED MICRO DEVICES INC,21600,0.0701
2026-02-17,ARKK,Buy,CRSP,CRISPR THERAPEUTICS AG,70528,0.0597
2026-02-17,ARKK,Buy,SLMT,BRERA HOLDINGS PLC,7900,0.0001
2026-02-17,ARKK,Sell,PD,PAGERDUTY INC,85255,0.0095
2026-02-17,ARKK,Sell,ABNB,AIRBNB INC,4949,0.0099
2026-02-17,ARKK,Sell,TWST,TWIST BIOSCIENCE CORP,76137,0.0623
2026-02-17,ARKK,Sell,TER,TERADYNE INC,31648,0.1565
2026-02-17,ARKQ,Buy,AVGO,BROADCOM INC,9116,0.1510
2026-02-17,ARKQ,Buy,AMD,ADVANCED MICRO DEVICES INC,4973,0.0503
2026-02-17,ARKQ,Buy,KDK,KODIAK AI INC,1517,0.0006
2026-02-17,ARKQ,Sell,TER,TERADYNE INC,10124,0.1561
2026-02-17,ARKW,Buy,COIN,COINBASE GLOBAL INC,7525,0.0782
2026-02-17,ARKW,Sell,PD,PAGERDUTY INC,18362,0.0081
2026-02-17,ARKW,Sell,CRM,SALESFORCE INC,2301,0.0272
2026-02-17,ARKG,Buy,CRSP,CRISPR THERAPEUTICS AG,14135,0.0597
2026-02-17,ARKG,Sell,TWST,TWIST BIOSCIENCE CORP,43237,0.1764
2026-02-17,ARKF,Buy,COIN,COINBASE GLOBAL INC,4239,0.0781
2026-02-17,ARKF,Buy,THAR,THARIMMUNE INC,14675,0.0074
2026-02-17,ARKF,Sell,DSY,DISCOVERY LTD,22247,0.0368
2026-02-17,ARKF,Sell,KSPI,KASPI.KZ AO,7283,0.0592
2026-02-17,ARKF,Sell,PINS,PINTEREST INC,57769,0.1011
2026-02-17,ARKF,Sell,ABNB,AIRBNB INC,10762,0.1506
2026-02-17,ARKX,Buy,AMD,ADVANCED MICRO DEVICES INC,3566,0.1011
2026-02-17,ARKX,Sell,TER,TERADYNE INC,1814,0.0784
2026-02-18,ARKK,Buy,RXRX,RECURSION PHARMACEUTICALS INC,1044102,0.0568
2026-02-18,ARKK,Buy,CRSP,CRISPR THERAPEUTICS AG,30964,0.0264
2026-02-18,ARKK,Sell,DKNG,DRAFTKINGS INC,103218,0.0386
2026-02-18,ARKK,Sell,TER,TERADYNE INC,8265,0.0421
2026-02-18,ARKK,Sell,PD,PAGERDUTY INC,467261,0.0522
2026-02-18,ARKQ,Sell,TER,TERADYNE INC,2629,0.0416
2026-02-18,ARKW,Sell,PD,PAGERDUTY INC,99389,0.0442
2026-02-18,ARKW,Sell,CRM,SALESFORCE INC,7662,0.0906
2026-02-18,ARKG,Buy,RXRX,RECURSION PHARMACEUTICALS INC,207168,0.0550
2026-02-18,ARKG,Buy,CRSP,CRISPR THERAPEUTICS AG,6111,0.0254
2026-02-18,ARKG,Sell,TWST,TWIST BIOSCIENCE CORP,18162,0.0818
2026-02-18,ARKX,Sell,TER,TERADYNE INC,472,0.0208
2026-02-19,ARKK,Buy,FIG,FIGMA INC,823965,0.3320
2026-02-19,ARKK,Buy,RXRX,RECURSION PHARMACEUTICALS INC,650330,0.0369
2026-02-19,ARKK,Buy,CRSP,CRISPR THERAPEUTICS AG,23375,0.0192
2026-02-19,ARKK,Buy,SLMT,BRERA HOLDINGS PLC,26100,0.0004
2026-02-19,ARKK,Sell,ABNB,AIRBNB INC,244,0.0005
2026-02-19,ARKK,Sell,PD,PAGERDUTY INC,112126,0.0119
2026-02-19,ARKK,Sell,TWST,TWIST BIOSCIENCE CORP,27781,0.0228
2026-02-19,ARKK,Sell,DKNG,DRAFTKINGS INC,480919,0.1681
2026-02-19,ARKQ,Buy,KDK,KODIAK AI INC,3653,0.0016
2026-02-19,ARKW,Buy,FIG,FIGMA INC,140377,0.2292
2026-02-19,ARKW,Sell,PD,PAGERDUTY INC,24267,0.0105
2026-02-19,ARKW,Sell,CRM,SALESFORCE INC,11116,0.1304
2026-02-19,ARKW,Sell,PINS,PINTEREST INC,158945,0.1655
2026-02-19,ARKG,Buy,CMPS,COMPASS PATHWAYS PLC,781085,0.4879
2026-02-19,ARKG,Buy,RXRX,RECURSION PHARMACEUTICALS INC,130202,0.0370
2026-02-19,ARKG,Buy,CRSP,CRISPR THERAPEUTICS AG,4680,0.0192
2026-02-19,ARKG,Sell,TWST,TWIST BIOSCIENCE CORP,3742,0.0154
2026-02-19,ARKG,Sell,VEEV,VEEVA SYSTEMS INC,34993,0.4900
2026-02-19,ARKF,Buy,KLAR,KLARNA GROUP PLC,56507,0.0989
2026-02-19,ARKF,Buy,CNTN,CANTON STRATEGIC HOLDINGS INC,21462,0.0119
2026-02-19,ARKF,Sell,KSPI,KASPI.KZ AO,5472,0.0499
2026-02-20,ARKK,Buy,FIG,FIGMA INC,289241,0.1197
2026-02-20,ARKK,Buy,CRWV,COREWEAVE INC,35612,0.0487
2026-02-20,ARKK,Buy,RXRX,RECURSION PHARMACEUTICALS INC,543229,0.0303
2026-02-20,ARKK,Buy,CRSP,CRISPR THERAPEUTICS AG,15436,0.0130
2026-02-20,ARKK,Buy,SLMT,BRERA HOLDINGS PLC,4187,0.0001
2026-02-20,ARKK,Sell,PD,PAGERDUTY INC,204144,0.0222
2026-02-20,ARKK,Sell,DKNG,DRAFTKINGS INC,468703,0.1632
2026-02-20,ARKQ,Buy,KDK,KODIAK AI INC,9469,0.0039
2026-02-20,ARKW,Buy,FIG,FIGMA INC,49058,0.0816
2026-02-20,ARKW,Sell,PINS,PINTEREST INC,5949,0.0064
2026-02-20,ARKW,Sell,PD,PAGERDUTY INC,45197,0.0197
2026-02-20,ARKG,Buy,RXRX,RECURSION PHARMACEUTICALS INC,214786,0.0590
2026-02-20,ARKG,Buy,CRSP,CRISPR THERAPEUTICS AG,5394,0.0226
2026-02-20,ARKF,Sell,DSY,DISCOVERY LTD,27173,0.0501
2026-02-23,ARKK,Buy,FIG,FIGMA INC,380126,0.1497
2026-02-23,ARKK,Buy,SLMT,BRERA HOLDINGS PLC,47175,0.0008
2026-02-23,ARKK,Sell,PD,PAGERDUTY INC,89579,0.0091
2026-02-23,ARKK,Sell,TER,TERADYNE INC,5695,0.0291
2026-02-23,ARKK,Sell,DE,DEERE & CO,3660,0.0385
2026-02-23,ARKK,Sell,BWXT,BWX TECHNOLOGIES INC,11879,0.0385
2026-02-23,ARKK,Sell,TSM,TAIWAN SEMICONDUCTOR MANUFACTURING CO LTD,6442,0.0386
2026-02-23,ARKK,Sell,DKNG,DRAFTKINGS INC,248197,0.0874
2026-02-23,ARKQ,Buy,AVGO,BROADCOM INC,18534,0.3006
2026-02-23,ARKQ,Buy,AMD,ADVANCED MICRO DEVICES INC,30861,0.2942
2026-02-23,ARKQ,Buy,GOOG,ALPHABET INC,19105,0.2935
2026-02-23,ARKQ,Buy,DASH,DOORDASH INC,24308,0.1950
2026-02-23,ARKQ,Buy,AUR,AURORA INNOVATION INC,666955,0.1532
2026-02-23,ARKQ,Buy,OKLO,OKLO INC,33063,0.0996
2026-02-23,ARKQ,Buy,SYM,SYMBOTIC INC,37105,0.0960
2026-02-23,ARKQ,Buy,KDK,KODIAK AI INC,10227,0.0042
2026-02-23,ARKQ,Sell,IRDM,IRIDIUM COMMUNICATIONS INC,179330,0.1992
2026-02-23,ARKQ,Sell,TER,TERADYNE INC,97455,1.4956
2026-02-23,ARKW,Buy,FIG,FIGMA INC,97319,0.1498
2026-02-23,ARKW,Sell,PD,PAGERDUTY INC,20052,0.0080
2026-02-23,ARKW,Sell,TSM,TAIWAN SEMICONDUCTOR MANUFACTURING CO LTD,6187,0.1448
2026-02-23,ARKF,Buy,KLAR,KLARNA GROUP PLC,61525,0.0970
2026-02-23,ARKF,Buy,CNTN,CANTON STRATEGIC HOLDINGS INC,2800,0.0015
2026-02-23,ARKF,Sell,ICE,INTERCONTINENTAL EXCHANGE INC,2580,0.0484
2026-02-23,ARKF,Sell,DSY,DISCOVERY LTD,26540,0.0490
2026-02-23,ARKX,Buy,DASH,DOORDASH INC,8770,0.1952
2026-02-23,ARKX,Buy,AMD,ADVANCED MICRO DEVICES INC,3712,0.0982
2026-02-23,ARKX,Sell,TER,TERADYNE INC,6842,0.2912
2026-02-24,ARKK,Sell,DKNG,DRAFTKINGS INC,17799,0.0066
2026-02-24,ARKK,Sell,PD,PAGERDUTY INC,913777,0.0983
2026-02-24,ARKQ,Buy,SYM,SYMBOTIC INC,15519,0.0421
2026-02-24,ARKQ,Buy,KDK,KODIAK AI INC,12546,0.0049
2026-02-24,ARKW,Sell,PINS,PINTEREST INC,2300,0.0026
2026-02-24,ARKW,Sell,PD,PAGERDUTY INC,201994,0.0856
2026-02-25,ARKK,Buy,TEM,TEMPUS AI INC,179013,0.1554
2026-02-25,ARKK,Sell,DKNG,DRAFTKINGS INC,1210,0.0004
2026-02-25,ARKK,Sell,BEAM,BEAM THERAPEUTICS INC,14294,0.0071
2026-02-25,ARKK,Sell,PD,PAGERDUTY INC,944229,0.1001
2026-02-25,ARKQ,Buy,SYM,SYMBOTIC INC,58301,0.1600
2026-02-25,ARKQ,Buy,AUR,AURORA INNOVATION INC,169190,0.0402
2026-02-25,ARKW,Buy,MELI,MERCADOLIBRE INC,1370,0.1532
2026-02-25,ARKW,Sell,PINS,PINTEREST INC,900,0.0010
2026-02-25,ARKW,Sell,ABNB,AIRBNB INC,6161,0.0513
2026-02-25,ARKW,Sell,DKNG,DRAFTKINGS INC,35220,0.0514
2026-02-25,ARKW,Sell,PD,PAGERDUTY INC,204640,0.0868
2026-02-25,ARKG,Buy,TEM,TEMPUS AI INC,33812,0.1494
2026-02-25,ARKG,Buy,CDNA,CAREDX INC,71375,0.1059
2026-02-25,ARKG,Sell,BEAM,BEAM THERAPEUTICS INC,2699,0.0068
2026-02-25,ARKG,Sell,AMGN,AMGEN INC,3172,0.0996
2026-02-25,ARKG,Sell,VRTX,VERTEX PHARMACEUTICALS INC,2524,0.1000
2026-02-25,ARKF,Buy,MELI,MERCADOLIBRE INC,1131,0.2533
2026-02-25,ARKF,Sell,KSPI,KASPI.KZ AO,8878,0.0816
2026-02-25,ARKF,Sell,ICE,INTERCONTINENTAL EXCHANGE INC,4004,0.0817
2026-02-25,ARKF,Sell,PINS,PINTEREST INC,41663,0.0920
2026-02-26,ARKK,Buy,BIDU,BAIDU INC,52076,0.1006
2026-02-26,ARKK,Buy,NTLA,INTELLIA THERAPEUTICS INC,33816,0.0071
2026-02-26,ARKK,Buy,SLMT,BRERA HOLDINGS PLC,6600,0.0001
2026-02-26,ARKK,Sell,PD,PAGERDUTY INC,255708,0.0282
2026-02-26,ARKK,Sell,BEAM,BEAM THERAPEUTICS INC,113970,0.0506
2026-02-26,ARKK,Sell,BWXT,BWX TECHNOLOGIES INC,25175,0.0806
2026-02-26,ARKQ,Buy,BIDU,BAIDU INC,32572,0.1973
2026-02-26,ARKQ,Sell,IRDM,IRIDIUM COMMUNICATIONS INC,158262,0.1743
2026-02-26,ARKW,Buy,BIDU,BAIDU INC,12949,0.0992
2026-02-26,ARKW,Buy,PSTG,"EVERPURE, INC",25382,0.0985
2026-02-26,ARKW,Buy,AMZN,AMAZON.COM INC,3869,0.0490
2026-02-26,ARKW,Sell,PINS,PINTEREST INC,395,0.0004
2026-02-26,ARKW,Sell,PD,PAGERDUTY INC,52135,0.0228
2026-02-26,ARKW,Sell,CRM,SALESFORCE INC,15622,0.1887
2026-02-26,ARKG,Buy,ATAI,ATAIBECKLEY INC,482407,0.1489
2026-02-26,ARKG,Buy,CDNA,CAREDX INC,43380,0.0649
2026-02-26,ARKG,Buy,NTLA,INTELLIA THERAPEUTICS INC,6271,0.0070
2026-02-26,ARKG,Sell,BFLY,BUTTERFLY NETWORK INC,680826,0.2471
2026-02-26,ARKF,Buy,NU,NU HOLDINGS LTD,52974,0.1004
2026-02-26,ARKF,Sell,PINS,PINTEREST INC,44948,0.0998
2026-02-26,ARKF,Sell,DSY,DISCOVERY LTD,51962,0.1058
2026-02-26,ARKX,Buy,HEI,HEICO CORP,4836,0.1995
2026-02-26,ARKX,Sell,DSY,DASSAULT SYSTEMES SE,67498,0.1488
2026-02-27,ARKK,Buy,CRWV,COREWEAVE INC,159832,0.1944
2026-02-27,ARKK,Buy,KTOS,KRATOS DEFENSE AND SECURITY SOLUTIONS INC,71865,0.0911
2026-02-27,ARKK,Buy,NTRA,NATERA INC,16337,0.0494
2026-02-27,ARKK,Buy,NTLA,INTELLIA THERAPEUTICS INC,93311,0.0194
2026-02-27,ARKK,Buy,SLMT,BRERA HOLDINGS PLC,14097,0.0002
2026-02-27,ARKK,Sell,PD,PAGERDUTY INC,170260,0.0180
2026-02-27,ARKK,Sell,VCYT,VERACYTE INC,62921,0.0348
2026-02-27,ARKK,Sell,ROKU,ROKU INC,46389,0.0684
2026-02-27,ARKK,Sell,DE,DEERE & CO,7248,0.0685
2026-02-27,ARKK,Sell,TER,TERADYNE INC,16306,0.0780
2026-02-27,ARKQ,Buy,KTOS,KRATOS DEFENSE AND SECURITY SOLUTIONS INC,132592,0.5432
2026-02-27,ARKQ,Sell,IRDM,IRIDIUM COMMUNICATIONS INC,18231,0.0203
2026-02-27,ARKQ,Sell,DE,DEERE & CO,1604,0.0490
2026-02-27,ARKQ,Sell,ESLT,ELBIT SYSTEMS LTD,2595,0.0966
2026-02-27,ARKQ,Sell,RKLB,ROCKET LAB CORP,30435,0.0981
2026-02-27,ARKQ,Sell,TER,TERADYNE INC,19032,0.2942
2026-02-27,ARKW,Buy,CRWV,COREWEAVE INC,39148,0.1950
2026-02-27,ARKW,Sell,PINS,PINTEREST INC,101,0.0001
2026-02-27,ARKW,Sell,CRM,SALESFORCE INC,579,0.0068
2026-02-27,ARKW,Sell,PD,PAGERDUTY INC,34951,0.0151
2026-02-27,ARKW,Sell,NXDR,NEXTDOOR HOLDINGS INC,533248,0.0577
2026-02-27,ARKG,Buy,GENB,GENERATE BIOMEDICINES INC,459525,0.5565
2026-02-27,ARKG,Buy,NTRA,NATERA INC,9724,0.1542
2026-02-27,ARKG,Buy,CDNA,CAREDX INC,21026,0.0310
2026-02-27,ARKG,Buy,NTLA,INTELLIA THERAPEUTICS INC,18474,0.0201
2026-02-27,ARKG,Sell,BFLY,BUTTERFLY NETWORK INC,56668,0.0191
2026-02-27,ARKG,Sell,VEEV,VEEVA SYSTEMS INC,5687,0.0815
2026-02-27,ARKG,Sell,PSNL,PERSONALIS INC,139724,0.1003
2026-02-27,ARKG,Sell,VRTX,VERTEX PHARMACEUTICALS INC,2591,0.1016
2026-02-27,ARKG,Sell,GH,GUARDANT HEALTH INC,27334,0.2028
2026-02-27,ARKG,Sell,IONS,IONIS PHARMACEUTICALS INC,39423,0.2529
2026-02-27,ARKX,Buy,KTOS,KRATOS DEFENSE AND SECURITY SOLUTIONS INC,47712,0.5434
2026-02-27,ARKX,Sell,ESLT,ELBIT SYSTEMS LTD,937,0.0970
2026-02-27,ARKX,Sell,DE,DEERE & CO,1738,0.1475
2026-02-27,ARKX,Sell,TER,TERADYNE INC,3435,0.1476
2026-02-27,ARKX,Sell,RKLB,ROCKET LAB CORP,16486,0.1477
2026-03-02,ARKK,Buy,NTLA,INTELLIA THERAPEUTICS INC,56901,0.0122
2026-03-02,ARKK,Buy,SLMT,BRERA HOLDINGS PLC,2190,0.0000
2026-03-02,ARKK,Sell,PD,PAGERDUTY INC,76342,0.0083
2026-03-02,ARKK,Sell,VCYT,VERACYTE INC,71574,0.0399
2026-03-02,ARKW,Sell,CRM,SALESFORCE INC,197,0.0024
2026-03-02,ARKW,Sell,PD,PAGERDUTY INC,15219,0.0068
2026-03-02,ARKW,Sell,NXDR,NEXTDOOR HOLDINGS INC,995832,0.1064
2026-03-02,ARKG,Buy,GENB,GENERATE BIOMEDICINES INC,28352,0.0280
2026-03-02,ARKG,Buy,NTLA,INTELLIA THERAPEUTICS INC,10317,0.0111
2026-03-02,ARKG,Sell,VEEV,VEEVA SYSTEMS INC,262,0.0037
2026-03-02,ARKF,Buy,MELI,MERCADOLIBRE INC,1173,0.2533
2026-03-02,ARKF,Sell,KSPI,KASPI.KZ AO,27045,0.2512
2026-03-03,ARKK,Buy,BABA,ALIBABA GROUP HOLDING LTD,102923,0.2106
2026-03-03,ARKK,Buy,HOOD,ROBINHOOD MARKETS INC,121028,0.1387
2026-03-03,ARKK,Buy,AMZN,AMAZON.COM INC,37640,0.1171
2026-03-03,ARKK,Buy,RBLX,ROBLOX CORP,106621,0.1060
2026-03-03,ARKK,Buy,SHOP,SHOPIFY INC,35226,0.0629
2026-03-03,ARKK,Buy,CRWV,COREWEAVE INC,44780,0.0495
2026-03-03,ARKK,Buy,COIN,COINBASE GLOBAL INC,17474,0.0476
2026-03-03,ARKK,Buy,WGS,GENEDX HOLDINGS CORP,32043,0.0372
2026-03-03,ARKK,Buy,NTLA,INTELLIA THERAPEUTICS INC,156220,0.0334
2026-03-03,ARKK,Buy,CERS,CERUS CORP,214152,0.0068
2026-03-03,ARKK,Buy,SLMT,BRERA HOLDINGS PLC,2500,0.0000
2026-03-03,ARKK,Sell,PD,PAGERDUTY INC,81432,0.0091
2026-03-03,ARKK,Sell,BIDU,BAIDU INC,54646,0.0967
2026-03-03,ARKK,Sell,TSM,TAIWAN SEMICONDUCTOR MANUFACTURING CO LTD,27169,0.1441
2026-03-03,ARKK,Sell,DE,DEERE & CO,19945,0.1854
2026-03-03,ARKK,Sell,ROKU,ROKU INC,245458,0.3507
2026-03-03,ARKQ,Buy,ACHR,ARCHER AVIATION INC,720841,0.2380
2026-03-03,ARKQ,Buy,JOBY,JOBY AVIATION INC,342006,0.1648
2026-03-03,ARKQ,Buy,AVAV,AEROVIRONMENT INC,11205,0.1219
2026-03-03,ARKQ,Buy,AMZN,AMAZON.COM INC,9223,0.0937
2026-03-03,ARKQ,Sell,KTOS,KRATOS DEFENSE AND SECURITY SOLUTIONS INC,44655,0.1979
2026-03-03,ARKQ,Sell,IRDM,IRIDIUM COMMUNICATIONS INC,476813,0.5597
2026-03-03,ARKW,Buy,BABA,ALIBABA GROUP HOLDING LTD,35347,0.2976
2026-03-03,ARKW,Buy,TSLA,TESLA INC,10074,0.2438
2026-03-03,ARKW,Buy,CRWV,COREWEAVE INC,32915,0.1496
2026-03-03,ARKW,Buy,HOOD,ROBINHOOD MARKETS INC,29687,0.1399
2026-03-03,ARKW,Buy,AMZN,AMAZON.COM INC,9229,0.1181
2026-03-03,ARKW,Buy,RBLX,ROBLOX CORP,26138,0.1069
2026-03-03,ARKW,Buy,PSTG,"EVERPURE, INC",22840,0.0875
2026-03-03,ARKW,Buy,DKNG,DRAFTKINGS INC,55372,0.0838
2026-03-03,ARKW,Buy,GENI,GENIUS SPORTS LTD,181015,0.0706
2026-03-03,ARKW,Buy,SHOP,SHOPIFY INC,8642,0.0635
2026-03-03,ARKW,Buy,COIN,COINBASE GLOBAL INC,3297,0.0369
2026-03-03,ARKW,Sell,CRM,SALESFORCE INC,100,0.0012
2026-03-03,ARKW,Sell,PD,PAGERDUTY INC,12675,0.0059
2026-03-03,ARKW,Sell,TSM,TAIWAN SEMICONDUCTOR MANUFACTURING CO LTD,13331,0.2909
2026-03-03,ARKW,Sell,BIDU,BAIDU INC,46905,0.3416
2026-03-03,ARKW,Sell,NXDR,NEXTDOOR HOLDINGS INC,3950500,0.4059
2026-03-03,ARKW,Sell,ROKU,ROKU INC,75739,0.4452
2026-03-03,ARKG,Buy,BNTX,BIONTECH SE,122951,1.0321
2026-03-03,ARKG,Buy,LLY,ELI LILLY AND CO,12181,1.0184
2026-03-03,ARKG,Buy,TEM,TEMPUS AI INC,112499,0.4815
2026-03-03,ARKG,Buy,ATAI,ATAIBECKLEY INC,640324,0.1964
2026-03-03,ARKG,Buy,WGS,GENEDX HOLDINGS CORP,25323,0.1631
2026-03-03,ARKG,Buy,CMPS,COMPASS PATHWAYS PLC,270778,0.1555
2026-03-03,ARKG,Buy,NRIX,NURIX THERAPEUTICS INC,84708,0.1111
2026-03-03,ARKG,Buy,CERS,CERUS CORP,284051,0.0498
2026-03-03,ARKG,Buy,ARCT,ARCTURUS THERAPEUTICS HOLDINGS INC,74816,0.0482
2026-03-03,ARKG,Buy,NTLA,INTELLIA THERAPEUTICS INC,27842,0.0330
2026-03-03,ARKG,Sell,LAB,STANDARD BIOTOOLS INC,1484403,0.1305
2026-03-03,ARKG,Sell,CAI,CARIS LIFE SCIENCES INC,376505,0.6022
2026-03-03,ARKG,Sell,VRTX,VERTEX PHARMACEUTICALS INC,19168,0.7586
2026-03-03,ARKG,Sell,INCY,INCYTE CORP,101963,0.8382
2026-03-03,ARKG,Sell,AMGN,AMGEN INC,38698,1.2092
2026-03-03,ARKF,Buy,SE,SEA LTD,50591,0.4923
2026-03-03,ARKF,Buy,HOOD,ROBINHOOD MARKETS INC,7872,0.0730
2026-03-03,ARKF,Buy,AMZN,AMAZON.COM INC,2258,0.0569
2026-03-03,ARKF,Buy,RBLX,ROBLOX CORP,6398,0.0515
2026-03-03,ARKF,Buy,COIN,COINBASE GLOBAL INC,1681,0.0370
2026-03-03,ARKF,Buy,SHOP,SHOPIFY INC,2291,0.0331
2026-03-03,ARKF,Sell,ROKU,ROKU INC,15351,0.1775
2026-03-03,ARKF,Sell,PINS,PINTEREST INC,257609,0.5819
2026-03-03,ARKX,Buy,TSLA,TESLA INC,11014,0.5851
2026-03-03,ARKX,Buy,JOBY,JOBY AVIATION INC,197125,0.2627
2026-03-03,ARKX,Buy,ACHR,ARCHER AVIATION INC,227102,0.2074
2026-03-03,ARKX,Buy,AVAV,AEROVIRONMENT INC,5961,0.1794
2026-03-03,ARKX,Buy,AMZN,AMAZON.COM INC,4229,0.1188
2026-03-03,ARKX,Sell,KTOS,KRATOS DEFENSE AND SECURITY SOLUTIONS INC,4054,0.0497
2026-03-03,ARKX,Sell,LHX,L3HARRIS TECHNOLOGIES INC,2212,0.1111
2026-03-03,ARKX,Sell,PRNT,3D PRINTING ETF,84987,0.2532
2026-03-03,ARKX,Sell,DSY,DASSAULT SYSTEMES SE,163850,0.4715
2026-03-03,ARKX,Sell,IRDM,IRIDIUM COMMUNICATIONS INC,184737,0.5997
2026-03-04,ARKK,Buy,RBLX,ROBLOX CORP,134973,0.1406
2026-03-04,ARKK,Buy,AMZN,AMAZON.COM INC,40212,0.1328
2026-03-04,ARKK,Buy,SHOP,SHOPIFY INC,25601,0.0507
2026-03-04,ARKK,Buy,BABA,ALIBABA GROUP HOLDING LTD,14285,0.0295
2026-03-04,ARKK,Buy,WGS,GENEDX HOLDINGS CORP,21531,0.0261
2026-03-04,ARKK,Buy,CERS,CERUS CORP,54567,0.0018
2026-03-04,ARKK,Sell,PD,PAGERDUTY INC,10553,0.0012
2026-03-04,ARKK,Sell,DE,DEERE & CO,3889,0.0370
2026-03-04,ARKK,Sell,TSM,TAIWAN SEMICONDUCTOR MANUFACTURING CO LTD,9142,0.0505
2026-03-04,ARKK,Sell,ROKU,ROKU INC,300304,0.4459
2026-03-04,ARKQ,Buy,ACHR,ARCHER AVIATION INC,323144,0.1111
2026-03-04,ARKQ,Buy,AMZN,AMAZON.COM INC,9931,0.1081
2026-03-04,ARKQ,Buy,AVAV,AEROVIRONMENT INC,6053,0.0693
2026-03-04,ARKQ,Buy,JOBY,JOBY AVIATION INC,126349,0.0634
2026-03-04,ARKQ,Sell,IRDM,IRIDIUM COMMUNICATIONS INC,146747,0.1815
2026-03-04,ARKW,Buy,GENI,GENIUS SPORTS LTD,542828,0.2149
2026-03-04,ARKW,Buy,GTLB,GITLAB INC,119581,0.1818
2026-03-04,ARKW,Buy,RBLX,ROBLOX CORP,33373,0.1418
2026-03-04,ARKW,Buy,AMZN,AMAZON.COM INC,9942,0.1339
2026-03-04,ARKW,Buy,PSTG,"EVERPURE, INC",15513,0.0606
2026-03-04,ARKW,Buy,DKNG,DRAFTKINGS INC,33427,0.0521
2026-03-04,ARKW,Buy,SHOP,SHOPIFY INC,6330,0.0511
2026-03-04,ARKW,Buy,BABA,ALIBABA GROUP HOLDING LTD,5298,0.0446
2026-03-04,ARKW,Sell,PD,PAGERDUTY INC,6054,0.0029
2026-03-04,ARKW,Sell,TSM,TAIWAN SEMICONDUCTOR MANUFACTURING CO LTD,4521,0.1018
2026-03-04,ARKW,Sell,NXDR,NEXTDOOR HOLDINGS INC,1405207,0.1416
2026-03-04,ARKW,Sell,ROKU,ROKU INC,93110,0.5637
2026-03-04,ARKG,Buy,WGS,GENEDX HOLDINGS CORP,17596,0.1195
2026-03-04,ARKG,Buy,CMPS,COMPASS PATHWAYS PLC,44945,0.0271
2026-03-04,ARKG,Buy,NRIX,NURIX THERAPEUTICS INC,17347,0.0233
2026-03-04,ARKG,Buy,CERS,CERUS CORP,75466,0.0136
2026-03-04,ARKG,Sell,CAI,CARIS LIFE SCIENCES INC,11732,0.0200
2026-03-04,ARKG,Sell,VRTX,VERTEX PHARMACEUTICALS INC,652,0.0269
2026-03-04,ARKG,Sell,AMGN,AMGEN INC,1254,0.0408
2026-03-04,ARKG,Sell,LAB,STANDARD BIOTOOLS INC,473801,0.0449
2026-03-04,ARKG,Sell,INCY,INCYTE CORP,27013,0.2293
2026-03-04,ARKF,Buy,RBLX,ROBLOX CORP,8538,0.0708
2026-03-04,ARKF,Buy,AMZN,AMAZON.COM INC,2348,0.0618
2026-03-04,ARKF,Buy,SHOP,SHOPIFY INC,1705,0.0269
2026-03-04,ARKF,Buy,CNTN,CANTON STRATEGIC HOLDINGS INC,32156,0.0179
2026-03-04,ARKF,Sell,ROKU,ROKU INC,19297,0.2282
2026-03-04,ARKX,Buy,AMZN,AMAZON.COM INC,4501,0.1337
2026-03-04,ARKX,Buy,JOBY,JOBY AVIATION INC,74507,0.1020
2026-03-04,ARKX,Buy,AVAV,AEROVIRONMENT INC,3165,0.0989
2026-03-04,ARKX,Buy,ACHR,ARCHER AVIATION INC,96775,0.0908
2026-03-04,ARKX,Sell,PRNT,3D PRINTING ETF,2583,0.0080
2026-03-04,ARKX,Sell,DSY,DASSAULT SYSTEMES SE,6069,0.0177
2026-03-04,ARKX,Sell,LHX,L3HARRIS TECHNOLOGIES INC,1668,0.0843
2026-03-04,ARKX,Sell,IRDM,IRIDIUM COMMUNICATIONS INC,55399,0.1870
2026-03-05,ARKK,Buy,HOOD,ROBINHOOD MARKETS INC,158259,0.1905
2026-03-05,ARKK,Buy,WGS,GENEDX HOLDINGS CORP,14821,0.0176
2026-03-05,ARKK,Buy,CERS,CERUS CORP,247143,0.0076
2026-03-05,ARKK,Sell,PD,PAGERDUTY INC,745,0.0001
2026-03-05,ARKK,Sell,TXG,10X GENOMICS INC,57700,0.0188
2026-03-05,ARKK,Sell,ROKU,ROKU INC,49647,0.0736
2026-03-05,ARKQ,Buy,JOBY,JOBY AVIATION INC,60829,0.0291
2026-03-05,ARKQ,Sell,IRDM,IRIDIUM COMMUNICATIONS INC,45869,0.0548
2026-03-05,ARKQ,Sell,TER,TERADYNE INC,6645,0.0977
2026-03-05,ARKW,Buy,HOOD,ROBINHOOD MARKETS INC,20407,0.0987
2026-03-05,ARKW,Buy,DKNG,DRAFTKINGS INC,58048,0.0876
2026-03-05,ARKW,Sell,PD,PAGERDUTY INC,2399,0.0011
2026-03-05,ARKW,Sell,NXDR,NEXTDOOR HOLDINGS INC,58752,0.0059
2026-03-05,ARKW,Sell,ROKU,ROKU INC,14627,0.0871
2026-03-05,ARKG,Buy,WGS,GENEDX HOLDINGS CORP,11168,0.0749
2026-03-05,ARKG,Buy,CERS,CERUS CORP,365358,0.0639
2026-03-05,ARKG,Buy,CMPS,COMPASS PATHWAYS PLC,100264,0.0582
2026-03-05,ARKG,Buy,NRIX,NURIX THERAPEUTICS INC,43472,0.0569
2026-03-05,ARKG,Sell,VRTX,VERTEX PHARMACEUTICALS INC,1,0.0000
2026-03-05,ARKG,Sell,CAI,CARIS LIFE SCIENCES INC,1501,0.0025
2026-03-05,ARKG,Sell,AMGN,AMGEN INC,101,0.0032
2026-03-05,ARKG,Sell,INCY,INCYTE CORP,1084,0.0090
2026-03-05,ARKG,Sell,LAB,STANDARD BIOTOOLS INC,129759,0.0115
2026-03-05,ARKF,Buy,HOOD,ROBINHOOD MARKETS INC,5267,0.0496
2026-03-05,ARKF,Buy,CNTN,CANTON STRATEGIC HOLDINGS INC,93900,0.0495
2026-03-05,ARKF,Sell,ROKU,ROKU INC,2818,0.0326
2026-03-05,ARKX,Buy,JOBY,JOBY AVIATION INC,33205,0.0436
2026-03-05,ARKX,Sell,PRNT,3D PRINTING ETF,99,0.0003
2026-03-05,ARKX,Sell,DSY,DASSAULT SYSTEMES SE,2732,0.0081
2026-03-05,ARKX,Sell,IRDM,IRIDIUM COMMUNICATIONS INC,85531,0.2808
2026-03-06,ARKK,Buy,HOOD,ROBINHOOD MARKETS INC,16570,0.0190
2026-03-06,ARKK,Buy,WGS,GENEDX HOLDINGS CORP,5153,0.0065
2026-03-06,ARKK,Sell,TXG,10X GENOMICS INC,75007,0.0237
2026-03-06,ARKQ,Buy,JOBY,JOBY AVIATION INC,184911,0.0894
2026-03-06,ARKQ,Sell,IRDM,IRIDIUM COMMUNICATIONS INC,32976,0.0400
2026-03-06,ARKW,Buy,DKNG,DRAFTKINGS INC,10600,0.0158
2026-03-06,ARKW,Buy,HOOD,ROBINHOOD MARKETS INC,2104,0.0097
2026-03-06,ARKW,Sell,PD,PAGERDUTY INC,901,0.0004
2026-03-06,ARKW,Sell,NXDR,NEXTDOOR HOLDINGS INC,23100,0.0022
2026-03-06,ARKW,Sell,ROKU,ROKU INC,27061,0.1588
2026-03-06,ARKG,Buy,WGS,GENEDX HOLDINGS CORP,3960,0.0290
2026-03-06,ARKG,Buy,CERS,CERUS CORP,84004,0.0142
2026-03-06,ARKG,Sell,CAI,CARIS LIFE SCIENCES INC,93,0.0002
2026-03-06,ARKG,Sell,INCY,INCYTE CORP,93,0.0008
2026-03-06,ARKG,Sell,LAB,STANDARD BIOTOOLS INC,397382,0.0338
2026-03-06,ARKF,Buy,CNTN,CANTON STRATEGIC HOLDINGS INC,42500,0.0223
2026-03-06,ARKF,Buy,HOOD,ROBINHOOD MARKETS INC,532,0.0048
2026-03-06,ARKF,Sell,ROKU,ROKU INC,5243,0.0596
2026-03-06,ARKX,Buy,2618,JD LOGISTICS INC,1129547,0.2473
2026-03-06,ARKX,Buy,JOBY,JOBY AVIATION INC,104506,0.1394
2026-03-06,ARKX,Sell,PRNT,3D PRINTING ETF,300,0.0009
2026-03-06,ARKX,Sell,DSY,DASSAULT SYSTEMES SE,600,0.0018
2026-03-06,ARKX,Sell,IRDM,IRIDIUM COMMUNICATIONS INC,53914,0.1804
2026-03-09,ARKK,Buy,WGS,GENEDX HOLDINGS CORP,53,0.0001
2026-03-09,ARKK,Sell,TXG,10X GENOMICS INC,87460,0.0282
2026-03-09,ARKQ,Buy,JOBY,JOBY AVIATION INC,20309,0.0098
2026-03-09,ARKW,Buy,DKNG,DRAFTKINGS INC,32155,0.0483
2026-03-09,ARKW,Sell,PD,PAGERDUTY INC,395,0.0002
2026-03-09,ARKW,Sell,NXDR,NEXTDOOR HOLDINGS INC,8951,0.0009
2026-03-09,ARKW,Sell,SLMT,BRERA HOLDINGS PLC,44615,0.0032
2026-03-09,ARKG,Buy,WGS,GENEDX HOLDINGS CORP,39,0.0003
2026-03-09,ARKG,Sell,LAB,STANDARD BIOTOOLS INC,186633,0.0166
2026-03-09,ARKF,Buy,CNTN,CANTON STRATEGIC HOLDINGS INC,37485,0.0197
2026-03-09,ARKF,Sell,SLMT,BRERA HOLDINGS PLC,24718,0.0034
2026-03-09,ARKX,Buy,JOBY,JOBY AVIATION INC,7450,0.0098
2026-03-09,ARKX,Sell,DSY,DASSAULT SYSTEMES SE,100,0.0003
2026-03-09,ARKX,Sell,PRNT,3D PRINTING ETF,301,0.0009
2026-03-10,ARKK,Buy,CRSP,CRISPR THERAPEUTICS AG,239653,0.1921
2026-03-10,ARKK,Buy,WGS,GENEDX HOLDINGS CORP,3788,0.0051
2026-03-10,ARKK,Sell,TXG,10X GENOMICS INC,56907,0.0176
2026-03-10,ARKK,Sell,TER,TERADYNE INC,21505,0.0977
2026-03-10,ARKW,Buy,SOLQ,3IQ SOLANA STAKING ETF,16066,0.0068
2026-03-10,ARKW,Sell,PD,PAGERDUTY INC,100,0.0000
2026-03-10,ARKW,Sell,NXDR,NEXTDOOR HOLDINGS INC,3600,0.0003
2026-03-10,ARKW,Sell,SLMT,BRERA HOLDINGS PLC,34225,0.0024
2026-03-10,ARKG,Buy,CRSP,CRISPR THERAPEUTICS AG,40956,0.1899
2026-03-10,ARKG,Buy,WGS,GENEDX HOLDINGS CORP,3040,0.0238
2026-03-10,ARKG,Sell,LAB,STANDARD BIOTOOLS INC,136193,0.0118
2026-03-10,ARKG,Sell,TXG,10X GENOMICS INC,15492,0.0278
2026-03-10,ARKF,Buy,SOLQ,3IQ SOLANA STAKING ETF,8934,0.0073
2026-03-10,ARKF,Sell,SLMT,BRERA HOLDINGS PLC,18867,0.0026
2026-03-11,ARKK,Buy,WGS,GENEDX HOLDINGS CORP,1620,0.0021
2026-03-11,ARKK,Sell,TXG,10X GENOMICS INC,207643,0.0651
2026-03-11,ARKW,Sell,NXDR,NEXTDOOR HOLDINGS INC,1400,0.0001
2026-03-11,ARKG,Buy,TEM,TEMPUS AI INC,23086,0.1088
2026-03-11,ARKG,Buy,WGS,GENEDX HOLDINGS CORP,1202,0.0091
2026-03-11,ARKG,Sell,LAB,STANDARD BIOTOOLS INC,102053,0.0089
2026-03-11,ARKG,Sell,PSNL,PERSONALIS INC,58693,0.0426
2026-03-11,ARKG,Sell,TXG,10X GENOMICS INC,54936,0.1008
2026-03-11,ARKF,Sell,4689,LY CORP,2299814,0.7037
2026-03-12,ARKK,Buy,CRSP,CRISPR THERAPEUTICS AG,96488,0.0722
2026-03-12,ARKK,Buy,WGS,GENEDX HOLDINGS CORP,29693,0.0362
2026-03-12,ARKK,Sell,TXG,10X GENOMICS INC,16840,0.0050
2026-03-12,ARKK,Sell,CRCL,CIRCLE INTERNET GROUP INC,11194,0.0199
2026-03-12,ARKK,Sell,TER,TERADYNE INC,10919,0.0481
2026-03-12,ARKW,Sell,NXDR,NEXTDOOR HOLDINGS INC,492,0.0000
2026-03-12,ARKG,Buy,WGS,GENEDX HOLDINGS CORP,22382,0.1607
2026-03-12,ARKG,Buy,TEM,TEMPUS AI INC,18820,0.0854
2026-03-12,ARKG,Buy,CRSP,CRISPR THERAPEUTICS AG,16327,0.0720
2026-03-12,ARKG,Sell,LAB,STANDARD BIOTOOLS INC,12801,0.0011
2026-03-12,ARKG,Sell,TXG,10X GENOMICS INC,1552,0.0027
2026-03-12,ARKG,Sell,PSNL,PERSONALIS INC,6850,0.0048
2026-03-12,ARKG,Sell,IONS,IONIS PHARMACEUTICALS INC,43533,0.2877
2026-03-12,ARKF,Buy,PAYP,PAYPAY CORP,275000,0.5185
2026-03-12,ARKF,Buy,CNTN,CANTON STRATEGIC HOLDINGS INC,54736,0.0279
2026-03-13,ARKK,Buy,CRSP,CRISPR THERAPEUTICS AG,38608,0.0299
2026-03-13,ARKK,Buy,WGS,GENEDX HOLDINGS CORP,3405,0.0041
2026-03-13,ARKK,Sell,TXG,10X GENOMICS INC,30109,0.0092
2026-03-13,ARKW,Sell,NXDR,NEXTDOOR HOLDINGS INC,200,0.0000
2026-03-13,ARKG,Buy,CRSP,CRISPR THERAPEUTICS AG,6315,0.0295
2026-03-13,ARKG,Buy,WGS,GENEDX HOLDINGS CORP,2612,0.0191
2026-03-13,ARKG,Sell,LAB,STANDARD BIOTOOLS INC,1437,0.0001
2026-03-13,ARKG,Sell,TXG,10X GENOMICS INC,2873,0.0053
2026-03-13,ARKG,Sell,IONS,IONIS PHARMACEUTICALS INC,7220,0.0493
2026-03-16,ARKW,Sell,NXDR,NEXTDOOR HOLDINGS INC,100,0.0000
2026-03-18,ARKG,Buy,ARCT,ARCTURUS THERAPEUTICS HOLDINGS INC,33864,0.0206
2026-03-18,ARKG,Sell,LAB,STANDARD BIOTOOLS INC,189,0.0000
2026-03-18,ARKG,Sell,GH,GUARDANT HEALTH INC,11757,0.0986
2026-03-19,ARKK,Buy,TXG,10X GENOMICS INC,79084,0.0227
2026-03-19,ARKG,Buy,TXG,10X GENOMICS INC,13056,0.0231
2026-03-19,ARKG,Buy,ARCT,ARCTURUS THERAPEUTICS HOLDINGS INC,6905,0.0043
2026-03-20,ARKK,Buy,FIG,FIGMA INC,269652,0.1004
2026-03-20,ARKK,Buy,TXG,10X GENOMICS INC,165430,0.0479
2026-03-20,ARKK,Sell,BLSH,BULLISH,89282,0.0538
2026-03-20,ARKK,Sell,CRCL,CIRCLE INTERNET GROUP INC,39723,0.0780
2026-03-20,ARKK,Sell,TER,TERADYNE INC,19206,0.0874
2026-03-20,ARKW,Buy,FIG,FIGMA INC,67729,0.0999
2026-03-20,ARKW,Sell,BLSH,BULLISH,14097,0.0336
2026-03-20,ARKW,Sell,CRCL,CIRCLE INTERNET GROUP INC,6275,0.0488
2026-03-20,ARKG,Buy,TXG,10X GENOMICS INC,27228,0.0476
2026-03-20,ARKG,Buy,ARCT,ARCTURUS THERAPEUTICS HOLDINGS INC,22773,0.0144
2026-03-20,ARKG,Sell,BFLY,BUTTERFLY NETWORK INC,182353,0.0676
2026-03-20,ARKG,Sell,GH,GUARDANT HEALTH INC,9621,0.0778
2026-03-23,ARKK,Buy,TXG,10X GENOMICS INC,84342,0.0261
2026-03-23,ARKK,Sell,BLSH,BULLISH,31154,0.0195
2026-03-23,ARKW,Sell,BLSH,BULLISH,8208,0.0203
2026-03-23,ARKG,Buy,TXG,10X GENOMICS INC,14380,0.0269
2026-03-24,ARKK,Buy,CRCL,CIRCLE INTERNET GROUP INC,116123,0.1950
2026-03-24,ARKK,Buy,TXG,10X GENOMICS INC,19207,0.0060
2026-03-24,ARKK,Sell,BEAM,BEAM THERAPEUTICS INC,27716,0.0111
2026-03-24,ARKK,Sell,BLSH,BULLISH,36605,0.0233
2026-03-24,ARKK,Sell,VCYT,VERACYTE INC,44617,0.0243
2026-03-24,ARKK,Sell,ROKU,ROKU INC,30666,0.0484
2026-03-24,ARKK,Sell,TER,TERADYNE INC,18620,0.0981
2026-03-24,ARKK,Sell,TWST,TWIST BIOSCIENCE CORP,190100,0.1430
2026-03-24,ARKW,Buy,CRCL,CIRCLE INTERNET GROUP INC,30123,0.1928
2026-03-24,ARKW,Sell,BLSH,BULLISH,2474,0.0060
2026-03-24,ARKW,Sell,TSM,TAIWAN SEMICONDUCTOR MANUFACTURING CO LTD,3148,0.0679
2026-03-24,ARKW,Sell,ROKU,ROKU INC,15910,0.0958
2026-03-24,ARKG,Buy,TXG,10X GENOMICS INC,3331,0.0061
2026-03-24,ARKG,Buy,ARCT,ARCTURUS THERAPEUTICS HOLDINGS INC,4525,0.0029
2026-03-24,ARKF,Buy,CRCL,CIRCLE INTERNET GROUP INC,15267,0.1914
2026-03-24,ARKF,Sell,BLSH,BULLISH,1985,0.0094
2026-03-24,ARKF,Sell,ADYEN,ADYEN NV,474,0.0600
2026-03-24,ARKF,Sell,ROKU,ROKU INC,8064,0.0950
2026-03-24,ARKF,Sell,DSY,DISCOVERY LTD,264891,0.4796
2026-03-25,ARKK,Buy,TEM,TEMPUS AI INC,72290,0.0569
2026-03-25,ARKK,Sell,VCYT,VERACYTE INC,12131,0.0069
2026-03-25,ARKK,Sell,XYZ,BLOCK INC,17172,0.0175
2026-03-25,ARKK,Sell,RXRX,RECURSION PHARMACEUTICALS INC,440195,0.0238
2026-03-25,ARKK,Sell,META,META PLATFORMS INC,2873,0.0291
2026-03-25,ARKK,Sell,BEAM,BEAM THERAPEUTICS INC,99745,0.0413
2026-03-25,ARKK,Sell,ACHR,ARCHER AVIATION INC,463363,0.0433
2026-03-25,ARKK,Sell,ILMN,ILLUMINA INC,31986,0.0668
2026-03-25,ARKK,Sell,BWXT,BWX TECHNOLOGIES INC,22874,0.0826
2026-03-25,ARKK,Sell,KTOS,KRATOS DEFENSE AND SECURITY SOLUTIONS INC,62393,0.0829
2026-03-25,ARKK,Sell,NTRA,NATERA INC,27647,0.0931
2026-03-25,ARKK,Sell,ROKU,ROKU INC,66915,0.1074
2026-03-25,ARKK,Sell,BLSH,BULLISH,183272,0.1183
2026-03-25,ARKK,Sell,TER,TERADYNE INC,30174,0.1642
2026-03-25,ARKW,Sell,XYZ,BLOCK INC,3928,0.0155
2026-03-25,ARKW,Sell,META,META PLATFORMS INC,468,0.0183
2026-03-25,ARKW,Sell,BLSH,BULLISH,11797,0.0294
2026-03-25,ARKW,Sell,ROKU,ROKU INC,19956,0.1238
2026-03-25,ARKG,Buy,TEM,TEMPUS AI INC,12649,0.0557
2026-03-25,ARKG,Sell,IONS,IONIS PHARMACEUTICALS INC,14550,0.0996
2026-03-25,ARKF,Sell,META,META PLATFORMS INC,237,0.0183
2026-03-25,ARKF,Sell,DSY,DISCOVERY LTD,12345,0.0239
2026-03-25,ARKF,Sell,ETOR,ETORO GROUP LTD,7955,0.0304
2026-03-25,ARKF,Sell,BLSH,BULLISH,9950,0.0490
2026-03-25,ARKF,Sell,ROKU,ROKU INC,8219,0.1007
2026-03-25,ARKF,Sell,PINS,PINTEREST INC,180382,0.4352
2026-03-25,ARKF,Sell,4689,LY CORP,2115256,0.6687
2026-03-26,ARKK,Buy,TEM,TEMPUS AI INC,51881,0.0393
2026-03-26,ARKK,Sell,RXRX,RECURSION PHARMACEUTICALS INC,191322,0.0100
2026-03-26,ARKK,Sell,GOOG,ALPHABET INC,4189,0.0196
2026-03-26,ARKK,Sell,BIDU,BAIDU INC,15739,0.0290
2026-03-26,ARKK,Sell,AVGO,BROADCOM INC,5707,0.0296
2026-03-26,ARKK,Sell,ILMN,ILLUMINA INC,14418,0.0299
2026-03-26,ARKK,Sell,ACHR,ARCHER AVIATION INC,436322,0.0391
2026-03-26,ARKK,Sell,XYZ,BLOCK INC,70745,0.0702
2026-03-26,ARKK,Sell,TER,TERADYNE INC,16009,0.0805
2026-03-26,ARKK,Sell,ROKU,ROKU INC,54020,0.0825
2026-03-26,ARKK,Sell,TSM,TAIWAN SEMICONDUCTOR MANUFACTURING CO LTD,15696,0.0862
2026-03-26,ARKK,Sell,DE,DEERE & CO,9444,0.0903
2026-03-26,ARKK,Sell,AMD,ADVANCED MICRO DEVICES INC,28927,0.0999
2026-03-26,ARKK,Sell,BLSH,BULLISH,167537,0.1024
2026-03-26,ARKK,Sell,NVDA,NVIDIA CORP,120936,0.3458
2026-03-26,ARKK,Sell,META,META PLATFORMS INC,60348,0.5508
2026-03-26,ARKW,Sell,ABNB,AIRBNB INC,2371,0.0201
2026-03-26,ARKW,Sell,BLSH,BULLISH,9964,0.0236
2026-03-26,ARKW,Sell,BIDU,BAIDU INC,4056,0.0289
2026-03-26,ARKW,Sell,DASH,DOORDASH INC,3066,0.0300
2026-03-26,ARKW,Sell,TOST,TOAST INC,17489,0.0300
2026-03-26,ARKW,Sell,RBRK,RUBRIK INC,9938,0.0305
2026-03-26,ARKW,Sell,GTLB,GITLAB INC,22684,0.0306
2026-03-26,ARKW,Sell,SPOT,SPOTIFY TECHNOLOGY SA,1313,0.0401
2026-03-26,ARKW,Sell,NFLX,NETFLIX INC,6775,0.0403
2026-03-26,ARKW,Sell,DDOG,DATADOG INC,5071,0.0407
2026-03-26,ARKW,Sell,AVGO,BROADCOM INC,2941,0.0590
2026-03-26,ARKW,Sell,NET,CLOUDFLARE INC,4302,0.0592
2026-03-26,ARKW,Sell,XYZ,BLOCK INC,15627,0.0601
2026-03-26,ARKW,Sell,CRWD,CROWDSTRIKE HOLDINGS INC,2419,0.0603
2026-03-26,ARKW,Sell,GOOG,ALPHABET INC,4857,0.0883
2026-03-26,ARKW,Sell,ROKU,ROKU INC,15467,0.0915
2026-03-26,ARKW,Sell,AMD,ADVANCED MICRO DEVICES INC,9318,0.1247
2026-03-26,ARKW,Sell,NVDA,NVIDIA CORP,32904,0.3646
2026-03-26,ARKW,Sell,META,META PLATFORMS INC,15612,0.5519
2026-03-26,ARKW,Sell,ARKB,ARK 21SHARES BITCOIN ETF,408816,0.5948
2026-03-26,ARKG,Buy,TEM,TEMPUS AI INC,9092,0.0392
2026-03-26,ARKF,Sell,KSPI,KASPI.KZ AO,2106,0.0200
2026-03-26,ARKF,Sell,ICE,INTERCONTINENTAL EXCHANGE INC,1506,0.0299
2026-03-26,ARKF,Sell,NVDA,NVIDIA CORP,1601,0.0352
2026-03-26,ARKF,Sell,FUTU,FUTU HOLDINGS LTD,2240,0.0391
2026-03-26,ARKF,Sell,BLSH,BULLISH,8366,0.0393
2026-03-26,ARKF,Sell,DASH,DOORDASH INC,2060,0.0400
2026-03-26,ARKF,Sell,KLAR,KLARNA GROUP PLC,24305,0.0401
2026-03-26,ARKF,Sell,ABNB,AIRBNB INC,2390,0.0403
2026-03-26,ARKF,Sell,META,META PLATFORMS INC,662,0.0467
2026-03-26,ARKF,Sell,SE,SEA LTD,4774,0.0493
2026-03-26,ARKF,Sell,SPOT,SPOTIFY TECHNOLOGY SA,828,0.0501
2026-03-26,ARKF,Sell,CRWD,CROWDSTRIKE HOLDINGS INC,1014,0.0502
2026-03-26,ARKF,Sell,NU,NU HOLDINGS LTD,32994,0.0592
2026-03-26,ARKF,Sell,ROKU,ROKU INC,6234,0.0732
2026-03-26,ARKF,Sell,TOST,TOAST INC,35246,0.1201
2026-03-26,ARKF,Sell,ARKB,ARK 21SHARES BITCOIN ETF,86184,0.2487
2026-03-27,ARKK,Sell,ROKU,ROKU INC,6729,0.0101
2026-03-27,ARKK,Sell,BLSH,BULLISH,31853,0.0189
2026-03-27,ARKK,Sell,AMD,ADVANCED MICRO DEVICES INC,14699,0.0505
2026-03-27,ARKK,Sell,META,META PLATFORMS INC,9194,0.0825
2026-03-27,ARKK,Sell,TER,TERADYNE INC,17092,0.0870
2026-03-27,ARKK,Sell,NVDA,NVIDIA CORP,44728,0.1295
2026-03-27,ARKW,Sell,BLSH,BULLISH,3998,0.0092
2026-03-27,ARKW,Sell,ROKU,ROKU INC,1689,0.0098
2026-03-27,ARKW,Sell,AMD,ADVANCED MICRO DEVICES INC,4427,0.0592
2026-03-27,ARKW,Sell,TSLA,TESLA INC,4221,0.1013
2026-03-27,ARKW,Sell,NVDA,NVIDIA CORP,12954,0.1460
2026-03-27,ARKG,Buy,ARCT,ARCTURUS THERAPEUTICS HOLDINGS INC,48659,0.0311
2026-03-27,ARKF,Sell,BLSH,BULLISH,2025,0.0092
2026-03-27,ARKF,Sell,NVDA,NVIDIA CORP,437,0.0097
2026-03-27,ARKF,Sell,ROKU,ROKU INC,856,0.0098
2026-03-27,ARKF,Sell,META,META PLATFORMS INC,1306,0.0900
2026-03-30,ARKK,Buy,CRWV,COREWEAVE INC,41830,0.0499
2026-03-30,ARKK,Buy,WGS,GENEDX HOLDINGS CORP,11072,0.0116
2026-03-30,ARKK,Sell,VCYT,VERACYTE INC,22935,0.0121
2026-03-30,ARKK,Sell,TER,TERADYNE INC,17376,0.0832
2026-03-30,ARKQ,Buy,OKLO,OKLO INC,37422,0.0951
2026-03-30,ARKQ,Buy,DASH,DOORDASH INC,1811,0.0149
2026-03-30,ARKQ,Buy,KDK,KODIAK AI INC,35911,0.0128
2026-03-30,ARKQ,Sell,SRTA,STRATA CRITICAL MEDICAL INC,25304,0.0057
2026-03-30,ARKQ,Sell,TER,TERADYNE INC,10697,0.1637
2026-03-30,ARKG,Buy,WGS,GENEDX HOLDINGS CORP,9602,0.0581
2026-03-30,ARKG,Buy,ARCT,ARCTURUS THERAPEUTICS HOLDINGS INC,8855,0.0061
2026-03-30,ARKG,Sell,VCYT,VERACYTE INC,19883,0.0609
2026-03-30,ARKF,Sell,DSY,DISCOVERY LTD,3954,0.0078
2026-03-30,ARKF,Sell,PINS,PINTEREST INC,3231,0.0079
2026-03-30,ARKX,Buy,DASH,DOORDASH INC,716,0.0152
2026-03-30,ARKX,Sell,SRTA,STRATA CRITICAL MEDICAL INC,3335,0.0020
2026-03-30,ARKX,Sell,TER,TERADYNE INC,1057,0.0419
2026-03-31,ARKK,Buy,,"OPENAI GROUP PBC, SERIES C",254476,3.1100
2026-03-31,ARKK,Buy,CRWV,COREWEAVE INC,26515,0.0343
2026-03-31,ARKK,Buy,WGS,GENEDX HOLDINGS CORP,2499,0.0027
2026-03-31,ARKK,Sell,TER,TERADYNE INC,4072,0.0205
2026-03-31,ARKK,Sell,VCYT,VERACYTE INC,63522,0.0354
2026-03-31,ARKQ,Buy,DASH,DOORDASH INC,10555,0.0909
2026-03-31,ARKQ,Buy,KDK,KODIAK AI INC,90514,0.0357
2026-03-31,ARKQ,Buy,OKLO,OKLO INC,7542,0.0200
2026-03-31,ARKQ,Sell,TER,TERADYNE INC,1884,0.0307
2026-03-31,ARKQ,Sell,SRTA,STRATA CRITICAL MEDICAL INC,536683,0.1287
2026-03-31,ARKW,Buy,,"OPENAI GROUP PBC, SERIES C",62528,2.9900
2026-03-31,ARKG,Buy,WGS,GENEDX HOLDINGS CORP,2060,0.0130
2026-03-31,ARKG,Sell,VCYT,VERACYTE INC,52196,0.1680
2026-03-31,ARKF,Buy,,"OPENAI GROUP PBC, SERIES C",31991,3.0100
2026-03-31,ARKF,Sell,PINS,PINTEREST INC,781,0.0020
2026-03-31,ARKF,Sell,DSY,DISCOVERY LTD,977,0.0020
2026-03-31,ARKF,Sell,4689,LY CORP,55425,0.0183
2026-03-31,ARKX,Buy,DASH,DOORDASH INC,4174,0.0911
2026-03-31,ARKX,Sell,TER,TERADYNE INC,248,0.0102
2026-03-31,ARKX,Sell,SRTA,STRATA CRITICAL MEDICAL INC,75800,0.0461
2026-04-01,ARKK,Buy,CRWV,COREWEAVE INC,15419,0.0203
2026-04-01,ARKK,Buy,WGS,GENEDX HOLDINGS CORP,5943,0.0065
2026-04-01,ARKK,Sell,VCYT,VERACYTE INC,1886,0.0010
2026-04-01,ARKQ,Buy,KDK,KODIAK AI INC,91027,0.0352
2026-04-01,ARKQ,Buy,OKLO,OKLO INC,11062,0.0304
2026-04-01,ARKQ,Sell,SRTA,STRATA CRITICAL MEDICAL INC,64690,0.0149
2026-04-01,ARKG,Buy,WGS,GENEDX HOLDINGS CORP,5162,0.0324
2026-04-01,ARKG,Buy,ARCT,ARCTURUS THERAPEUTICS HOLDINGS INC,7182,0.0054
2026-04-01,ARKG,Sell,VCYT,VERACYTE INC,2729,0.0087
2026-04-01,ARKX,Sell,SRTA,STRATA CRITICAL MEDICAL INC,12758,0.0075
2026-04-02,ARKK,Buy,WGS,GENEDX HOLDINGS CORP,1562,0.0016
2026-04-02,ARKQ,Buy,KDK,KODIAK AI INC,12692,0.0049
2026-04-02,ARKQ,Sell,SRTA,STRATA CRITICAL MEDICAL INC,26497,0.0059
2026-04-02,ARKG,Buy,WGS,GENEDX HOLDINGS CORP,1307,0.0078
2026-04-02,ARKG,Buy,ARCT,ARCTURUS THERAPEUTICS HOLDINGS INC,636,0.0005
2026-04-02,ARKF,Sell,PINS,PINTEREST INC,200,0.0005
2026-04-02,ARKF,Sell,DSY,DISCOVERY LTD,200,0.6453
2026-04-06,ARKK,Buy,TSLA,TESLA INC,29563,0.1713
2026-04-06,ARKK,Sell,BWXT,BWX TECHNOLOGIES INC,22702,0.0808
2026-04-06,ARKK,Sell,TER,TERADYNE INC,19242,0.0997
2026-04-06,ARKQ,Buy,TSLA,TESLA INC,9209,0.1736
2026-04-06,ARKQ,Buy,KDK,KODIAK AI INC,4394,0.0018
2026-04-06,ARKQ,Sell,SRTA,STRATA CRITICAL MEDICAL INC,77220,0.0175
2026-04-06,ARKQ,Sell,CCJ,CAMECO CORP,8484,0.0502
2026-04-06,ARKQ,Sell,BWXT,BWX TECHNOLOGIES INC,7071,0.0819
2026-04-06,ARKQ,Sell,TER,TERADYNE INC,5998,0.1011
2026-04-06,ARKX,Buy,TSLA,TESLA INC,919,0.0436
2026-04-06,ARKX,Sell,SRTA,STRATA CRITICAL MEDICAL INC,15538,0.0088
2026-04-07,ARKK,Buy,HOOD,ROBINHOOD MARKETS INC,132116,0.1470
2026-04-07,ARKK,Buy,TSLA,TESLA INC,5130,0.0295
2026-04-07,ARKK,Buy,WGS,GENEDX HOLDINGS CORP,2124,0.0023
2026-04-07,ARKK,Sell,BWXT,BWX TECHNOLOGIES INC,2439,0.0087
2026-04-07,ARKK,Sell,ROKU,ROKU INC,15233,0.0248
2026-04-07,ARKK,Sell,TWST,TWIST BIOSCIENCE CORP,60093,0.0497
2026-04-07,ARKK,Sell,TER,TERADYNE INC,9481,0.0498
2026-04-07,ARKQ,Buy,TSLA,TESLA INC,1601,0.0295
2026-04-07,ARKQ,Buy,KDK,KODIAK AI INC,7244,0.0029
2026-04-07,ARKQ,Sell,BWXT,BWX TECHNOLOGIES INC,761,0.0087
2026-04-07,ARKQ,Sell,SRTA,STRATA CRITICAL MEDICAL INC,55631,0.0122
2026-04-07,ARKW,Buy,HOOD,ROBINHOOD MARKETS INC,33607,0.1472
2026-04-07,ARKW,Sell,ROKU,ROKU INC,11605,0.0744
2026-04-07,ARKG,Buy,WGS,GENEDX HOLDINGS CORP,1997,0.0123
2026-04-07,ARKF,Buy,HOOD,ROBINHOOD MARKETS INC,16918,0.1474
2026-04-07,ARKF,Sell,4689,LY CORP,9801,0.0032
2026-04-07,ARKF,Sell,ICE,INTERCONTINENTAL EXCHANGE INC,6900,0.1489
2026-04-07,ARKX,Buy,TSLA,TESLA INC,213,0.0098
2026-04-07,ARKX,Sell,SRTA,STRATA CRITICAL MEDICAL INC,11098,0.0061
2026-04-08,ARKK,Buy,WGS,GENEDX HOLDINGS CORP,6622,0.0073
2026-04-08,ARKK,Sell,ROKU,ROKU INC,15141,0.0264
2026-04-08,ARKQ,Buy,TSLA,TESLA INC,33210,0.6234
2026-04-08,ARKQ,Buy,KDK,KODIAK AI INC,19653,0.0083
2026-04-08,ARKQ,Sell,SRTA,STRATA CRITICAL MEDICAL INC,53685,0.0119
2026-04-08,ARKQ,Sell,TER,TERADYNE INC,33812,0.6287
2026-04-08,ARKW,Sell,ROKU,ROKU INC,11629,0.0797
2026-04-08,ARKG,Buy,WGS,GENEDX HOLDINGS CORP,5894,0.0371
2026-04-08,ARKG,Buy,ARCT,ARCTURUS THERAPEUTICS HOLDINGS INC,4787,0.0038
2026-04-08,ARKG,Sell,VCYT,VERACYTE INC,4956,0.0156
2026-04-08,ARKX,Sell,SRTA,STRATA CRITICAL MEDICAL INC,9197,0.0051
2026-04-09,ARKK,Buy,WGS,GENEDX HOLDINGS CORP,18656,0.0189
2026-04-09,ARKK,Sell,BWXT,BWX TECHNOLOGIES INC,2639,0.0100
2026-04-09,ARKQ,Sell,BWXT,BWX TECHNOLOGIES INC,839,0.0100
2026-04-09,ARKQ,Sell,SRTA,STRATA CRITICAL MEDICAL INC,48153,0.0101
2026-04-09,ARKG,Buy,WGS,GENEDX HOLDINGS CORP,14111,0.0801
2026-04-09,ARKG,Buy,ARCT,ARCTURUS THERAPEUTICS HOLDINGS INC,3447,0.0026
2026-04-09,ARKX,Sell,SRTA,STRATA CRITICAL MEDICAL INC,9591,0.0051
2026-04-10,ARKK,Buy,PLTR,PALANTIR TECHNOLOGIES INC,46455,0.0988
2026-04-10,ARKK,Sell,AMD,ADVANCED MICRO DEVICES INC,24155,0.0989
2026-04-10,ARKQ,Buy,PLTR,PALANTIR TECHNOLOGIES INC,15127,0.1006
2026-04-10,ARKQ,Sell,SRTA,STRATA CRITICAL MEDICAL INC,64933,0.0137
2026-04-10,ARKQ,Sell,AMD,ADVANCED MICRO DEVICES INC,7864,0.1007
2026-04-10,ARKW,Buy,PLTR,PALANTIR TECHNOLOGIES INC,11865,0.0992
2026-04-10,ARKW,Sell,AMD,ADVANCED MICRO DEVICES INC,6169,0.0993
2026-04-10,ARKF,Buy,PLTR,PALANTIR TECHNOLOGIES INC,5973,0.0990
2026-04-10,ARKF,Sell,AMD,ADVANCED MICRO DEVICES INC,3105,0.0991
2026-04-10,ARKX,Buy,PLTR,PALANTIR TECHNOLOGIES INC,6065,0.1013
2026-04-10,ARKX,Sell,SRTA,STRATA CRITICAL MEDICAL INC,10456,0.0056
2026-04-10,ARKX,Sell,AMD,ADVANCED MICRO DEVICES INC,3153,0.1014
2026-04-13,ARKQ,Sell,SRTA,STRATA CRITICAL MEDICAL INC,144198,0.0302
2026-04-13,ARKX,Sell,SRTA,STRATA CRITICAL MEDICAL INC,38569,0.0202
2026-04-16,ARKG,Sell,CDNA,CAREDX INC,210601,0.3773
2026-04-17,ARKW,Buy,NFLX,NETFLIX INC,26161,0.1486
2026-04-17,ARKW,Sell,CRCL,CIRCLE INTERNET GROUP INC,11465,0.0705
2026-04-17,ARKW,Sell,BLSH,BULLISH,31417,0.0798
2026-04-17,ARKW,Sell,CRWV,COREWEAVE INC,21671,0.1499
2026-04-17,ARKG,Buy,ALMR,ALAMAR BIOSCIENCES INC,537463,0.8635
2026-04-17,ARKG,Sell,BFLY,BUTTERFLY NETWORK INC,326492,0.1537
2026-04-17,ARKG,Sell,TWST,TWIST BIOSCIENCE CORP,67120,0.3467
2026-04-20,ARKG,Sell,TWST,TWIST BIOSCIENCE CORP,30677,0.1565
2026-04-20,ARKX,Buy,KTOS,KRATOS DEFENSE AND SECURITY SOLUTIONS INC,24614,0.2068
2026-04-20,ARKX,Buy,DASH,DOORDASH INC,4625,0.1043
2026-04-20,ARKX,Buy,AMZN,AMAZON.COM INC,3492,0.1035
2026-04-20,ARKX,Sell,IRDM,IRIDIUM COMMUNICATIONS INC,81422,0.4102
2026-04-24,ARKK,Buy,XE,X-ENERGY INC,2808454,0.8770
2026-04-24,ARKK,Buy,AMZN,AMAZON.COM INC,123878,0.4377
2026-04-24,ARKK,Sell,AMD,ADVANCED MICRO DEVICES INC,95023,0.4462
2026-04-24,ARKQ,Buy,XE,X-ENERGY INC,866770,0.9062
2026-04-24,ARKQ,Buy,AMZN,AMAZON.COM INC,33762,0.3994
2026-04-24,ARKQ,Sell,CAT,CATERPILLAR INC,5334,0.2019
2026-04-24,ARKQ,Sell,RKLB,ROCKET LAB CORP,65532,0.2414
2026-04-24,ARKQ,Sell,AMD,ADVANCED MICRO DEVICES INC,25881,0.4069
2026-04-24,ARKQ,Sell,TER,TERADYNE INC,27124,0.5125
2026-04-24,ARKW,Buy,AMZN,AMAZON.COM INC,96169,1.5060
2026-04-24,ARKW,Sell,AMD,ADVANCED MICRO DEVICES INC,74313,1.5467
2026-04-24,ARKF,Buy,AMZN,AMAZON.COM INC,12974,0.3997
2026-04-24,ARKF,Sell,AMD,ADVANCED MICRO DEVICES INC,9948,0.4073
2026-04-24,ARKX,Buy,XE,X-ENERGY INC,345701,0.9192
2026-04-24,ARKX,Buy,AMZN,AMAZON.COM INC,13667,0.4112
2026-04-24,ARKX,Sell,IRDM,IRIDIUM COMMUNICATIONS INC,33315,0.1507
2026-04-24,ARKX,Sell,TER,TERADYNE INC,5502,0.2644
2026-04-24,ARKX,Sell,AMD,ADVANCED MICRO DEVICES INC,10478,0.4190
2026-04-24,ARKX,Sell,RKLB,ROCKET LAB CORP,47870,0.4485
2026-04-27,ARKK,Buy,NTLA,INTELLIA THERAPEUTICS INC,236422,0.0378
2026-04-27,ARKQ,Sell,RKLB,ROCKET LAB CORP,50312,0.1865
2026-04-27,ARKG,Buy,NTLA,INTELLIA THERAPEUTICS INC,27426,0.0308
2026-04-27,ARKX,Sell,IRDM,IRIDIUM COMMUNICATIONS INC,13806,0.0575
2026-04-28,ARKK,Buy,CRWV,COREWEAVE INC,138988,0.1487
2026-04-28,ARKK,Buy,GOOG,ALPHABET INC,40656,0.1412
2026-04-28,ARKK,Buy,NTLA,INTELLIA THERAPEUTICS INC,512655,0.0682
2026-04-28,ARKK,Buy,KTOS,KRATOS DEFENSE AND SECURITY SOLUTIONS INC,98393,0.0597
2026-04-28,ARKW,Buy,SPOT,SPOTIFY TECHNOLOGY SA,7665,0.1954
2026-04-28,ARKW,Buy,CRWV,COREWEAVE INC,23318,0.1482
2026-04-28,ARKW,Sell,BLSH,BULLISH,27526,0.0653
2026-04-28,ARKW,Sell,ROKU,ROKU INC,37069,0.2468
2026-04-28,ARKG,Buy,NTLA,INTELLIA THERAPEUTICS INC,83516,0.0956
2026-04-28,ARKF,Buy,SPOT,SPOTIFY TECHNOLOGY SA,3880,0.1959
2026-04-28,ARKF,Sell,ICE,INTERCONTINENTAL EXCHANGE INC,10751,0.1976
2026-04-29,ARKK,Buy,HOOD,ROBINHOOD MARKETS INC,469858,0.4776
2026-04-29,ARKK,Buy,NTLA,INTELLIA THERAPEUTICS INC,2067602,0.3264
2026-04-29,ARKK,Buy,KTOS,KRATOS DEFENSE AND SECURITY SOLUTIONS INC,191174,0.1642
2026-04-29,ARKW,Buy,HOOD,ROBINHOOD MARKETS INC,55939,0.2418
2026-04-29,ARKW,Sell,ARKB,ARK 21SHARES BITCOIN ETF,162084,0.2459
2026-04-29,ARKG,Buy,NTLA,INTELLIA THERAPEUTICS INC,339794,0.3290
2026-04-29,ARKG,Sell,TWST,TWIST BIOSCIENCE CORP,63000,0.3113
2026-04-29,ARKF,Buy,HOOD,ROBINHOOD MARKETS INC,28095,0.2399
2026-04-29,ARKF,Sell,ARKB,ARK 21SHARES BITCOIN ETF,81063,0.2429
2026-04-30,ARKK,Buy,GOOG,ALPHABET INC,43953,0.2405
2026-04-30,ARKK,Buy,META,META PLATFORMS INC,26753,0.2402
2026-04-30,ARKK,Sell,AMD,ADVANCED MICRO DEVICES INC,93698,0.4773
2026-04-30,ARKQ,Buy,GOOG,ALPHABET INC,28180,0.5076
2026-04-30,ARKQ,Sell,AMD,ADVANCED MICRO DEVICES INC,30031,0.5035
2026-04-30,ARKW,Buy,META,META PLATFORMS INC,13653,0.5029
2026-04-30,ARKW,Sell,AMD,ADVANCED MICRO DEVICES INC,23897,0.4995
2026-04-30,ARKF,Buy,META,META PLATFORMS INC,6795,0.5018
2026-04-30,ARKF,Sell,AMD,ADVANCED MICRO DEVICES INC,11895,0.4984
2026-04-30,ARKX,Buy,GOOG,ALPHABET INC,11996,0.5150
2026-04-30,ARKX,Sell,AMD,ADVANCED MICRO DEVICES INC,12784,0.5109
2026-05-01,ARKK,Buy,RBLX,ROBLOX CORP,221051,0.1540
2026-05-01,ARKK,Buy,NTLA,INTELLIA THERAPEUTICS INC,140963,0.0288
2026-05-01,ARKK,Sell,TWST,TWIST BIOSCIENCE CORP,123192,0.1150
2026-05-01,ARKK,Sell,AMD,ADVANCED MICRO DEVICES INC,25551,0.1421
2026-05-01,ARKW,Buy,RBLX,ROBLOX CORP,57355,0.1553
2026-05-01,ARKW,Sell,AMD,ADVANCED MICRO DEVICES INC,7077,0.1530
2026-05-01,ARKF,Buy,RBLX,ROBLOX CORP,28518,0.1557
2026-05-01,ARKF,Sell,AMD,ADVANCED MICRO DEVICES INC,3505,0.1528
2026-05-04,ARKK,Buy,SHOP,SHOPIFY INC,52113,0.1014
2026-05-04,ARKK,Sell,CRWV,COREWEAVE INC,79167,0.1513
2026-05-04,ARKQ,Buy,LHX,L3HARRIS TECHNOLOGIES INC,20147,0.2994
2026-05-04,ARKQ,Sell,LUNR,INTUITIVE MACHINES INC,124543,0.1493
2026-05-04,ARKQ,Sell,TER,TERADYNE INC,12188,0.1972
2026-05-04,ARKW,Buy,SHOP,SHOPIFY INC,13475,0.1013
2026-05-04,ARKW,Sell,CRWV,COREWEAVE INC,20525,0.1517
2026-05-04,ARKF,Buy,SHOP,SHOPIFY INC,6734,0.1021
2026-05-04,ARKF,Sell,AMD,ADVANCED MICRO DEVICES INC,2524,0.1022
2026-05-04,ARKX,Buy,KTOS,KRATOS DEFENSE AND SECURITY SOLUTIONS INC,41899,0.2969
2026-05-04,ARKX,Sell,IRDM,IRIDIUM COMMUNICATIONS INC,22531,0.1008
2026-05-04,ARKX,Sell,TER,TERADYNE INC,5139,0.1972
2026-05-05,ARKK,Buy,SHOP,SHOPIFY INC,184266,0.3084
2026-05-05,ARKK,Buy,WGS,GENEDX HOLDINGS CORP,193397,0.0997
2026-05-05,ARKK,Buy,NTLA,INTELLIA THERAPEUTICS INC,214225,0.0429
2026-05-05,ARKK,Sell,TER,TERADYNE INC,21497,0.1152
2026-05-05,ARKK,Sell,AMD,ADVANCED MICRO DEVICES INC,29077,0.1551
2026-05-05,ARKK,Sell,CRWV,COREWEAVE INC,85428,0.1643
2026-05-05,ARKW,Buy,SHOP,SHOPIFY INC,47559,0.3070
2026-05-05,ARKW,Sell,CRWV,COREWEAVE INC,13452,0.0998
2026-05-05,ARKW,Sell,AMD,ADVANCED MICRO DEVICES INC,9732,0.2002
2026-05-05,ARKG,Buy,WGS,GENEDX HOLDINGS CORP,52517,0.1491
2026-05-05,ARKG,Sell,TWST,TWIST BIOSCIENCE CORP,8215,0.0384
2026-05-05,ARKG,Sell,TXG,10X GENOMICS INC,37209,0.0677
2026-05-05,ARKF,Buy,SHOP,SHOPIFY INC,23979,0.3104
2026-05-05,ARKF,Sell,AMD,ADVANCED MICRO DEVICES INC,7108,0.2932
2026-05-06,ARKK,Buy,TEM,TEMPUS AI INC,123797,0.0977
2026-05-06,ARKK,Buy,NTLA,INTELLIA THERAPEUTICS INC,28220,0.0058
2026-05-06,ARKK,Sell,TWST,TWIST BIOSCIENCE CORP,45625,0.0420
2026-05-06,ARKK,Sell,AMD,ADVANCED MICRO DEVICES INC,18909,0.1219
2026-05-06,ARKG,Buy,TEM,TEMPUS AI INC,21997,0.0953
2026-05-06,ARKG,Sell,TWST,TWIST BIOSCIENCE CORP,15726,0.0796
2026-05-07,ARKK,Buy,TEM,TEMPUS AI INC,131762,0.0996
2026-05-07,ARKK,Buy,NTLA,INTELLIA THERAPEUTICS INC,102247,0.0208
2026-05-07,ARKK,Sell,TWST,TWIST BIOSCIENCE CORP,11678,0.0103
2026-05-07,ARKK,Sell,TER,TERADYNE INC,9210,0.0486
2026-05-07,ARKK,Sell,AMD,ADVANCED MICRO DEVICES INC,8045,0.0490
2026-05-07,ARKG,Buy,TEM,TEMPUS AI INC,23283,0.0988
2026-05-07,ARKG,Sell,TWST,TWIST BIOSCIENCE CORP,1375,0.0068
2026-05-07,ARKG,Sell,ADPT,ADAPTIVE BIOTECHNOLOGIES CORP,33134,0.0405
2026-05-07,ARKG,Sell,VCYT,VERACYTE INC,14238,0.0484
2026-05-07,ARKG,Sell,CDNA,CAREDX INC,44291,0.0794
2026-05-08,ARKK,Buy,CRWV,COREWEAVE INC,89054,0.1518
2026-05-08,ARKK,Buy,NTLA,INTELLIA THERAPEUTICS INC,26324,0.0056
2026-05-08,ARKK,Sell,TWST,TWIST BIOSCIENCE CORP,10408,0.0091
2026-05-08,ARKK,Sell,AMD,ADVANCED MICRO DEVICES INC,22339,0.1521
2026-05-08,ARKQ,Buy,KTOS,KRATOS DEFENSE AND SECURITY SOLUTIONS INC,119941,0.3201
2026-05-08,ARKQ,Buy,KDK,KODIAK AI INC,394156,0.1126
2026-05-08,ARKQ,Sell,AUR,AURORA INNOVATION INC,385941,0.1244
2026-05-08,ARKQ,Sell,TER,TERADYNE INC,8821,0.1492
2026-05-08,ARKQ,Sell,RKLB,ROCKET LAB CORP,116789,0.5383
2026-05-08,ARKW,Buy,TOST,TOAST INC,144133,0.1985
2026-05-08,ARKW,Buy,NET,CLOUDFLARE INC,13719,0.1533
2026-05-08,ARKW,Buy,CRWV,COREWEAVE INC,24022,0.1509
2026-05-08,ARKW,Sell,AMD,ADVANCED MICRO DEVICES INC,19931,0.5001
2026-05-08,ARKG,Buy,ABSI,ABSCI CORP,26315,0.0112
2026-05-08,ARKG,Sell,TWST,TWIST BIOSCIENCE CORP,1125,0.0055
2026-05-08,ARKF,Buy,TOST,TOAST INC,68197,0.1970
2026-05-08,ARKF,Sell,AMD,ADVANCED MICRO DEVICES INC,3764,0.1981
2026-05-08,ARKX,Buy,KTOS,KRATOS DEFENSE AND SECURITY SOLUTIONS INC,48500,0.3099
2026-05-08,ARKX,Buy,XE,X-ENERGY INC,57070,0.1917
2026-05-08,ARKX,Sell,RKLB,ROCKET LAB CORP,70823,0.7817
2026-05-11,ARKK,Buy,TEM,TEMPUS AI INC,137909,0.1012
2026-05-11,ARKK,Buy,NTRA,NATERA INC,24528,0.0728
2026-05-11,ARKK,Buy,CRCL,CIRCLE INTERNET GROUP INC,30036,0.0510
2026-05-11,ARKK,Buy,NTLA,INTELLIA THERAPEUTICS INC,92198,0.0200
2026-05-11,ARKK,Sell,TWST,TWIST BIOSCIENCE CORP,83024,0.0712
2026-05-11,ARKK,Sell,AMD,ADVANCED MICRO DEVICES INC,29202,0.2022
2026-05-11,ARKQ,Buy,KTOS,KRATOS DEFENSE AND SECURITY SOLUTIONS INC,128970,0.3180
2026-05-11,ARKQ,Buy,KDK,KODIAK AI INC,61209,0.0196
2026-05-11,ARKQ,Sell,RKLB,ROCKET LAB CORP,23237,0.1199
2026-05-11,ARKW,Buy,CRCL,CIRCLE INTERNET GROUP INC,8105,0.0510
2026-05-11,ARKW,Sell,AMD,ADVANCED MICRO DEVICES INC,5891,0.1512
2026-05-11,ARKG,Buy,NTRA,NATERA INC,6575,0.1113
2026-05-11,ARKG,Buy,TEM,TEMPUS AI INC,24856,0.1041
2026-05-11,ARKG,Sell,CDNA,CAREDX INC,18013,0.0332
2026-05-11,ARKG,Sell,TWST,TWIST BIOSCIENCE CORP,12890,0.0631
2026-05-11,ARKG,Sell,VCYT,VERACYTE INC,23834,0.0806
2026-05-11,ARKF,Buy,CRCL,CIRCLE INTERNET GROUP INC,3763,0.0501
2026-05-11,ARKF,Sell,AMD,ADVANCED MICRO DEVICES INC,2743,0.1489
2026-05-11,ARKX,Buy,KTOS,KRATOS DEFENSE AND SECURITY SOLUTIONS INC,54328,0.3309
2026-05-11,ARKX,Sell,RKLB,ROCKET LAB CORP,9792,0.1249
2026-05-12,ARKK,Buy,NTRA,NATERA INC,3516,0.0105
2026-05-12,ARKK,Buy,NTLA,INTELLIA THERAPEUTICS INC,40000,0.0081
2026-05-12,ARKK,Sell,TWST,TWIST BIOSCIENCE CORP,50449,0.0419
2026-05-12,ARKG,Buy,NTRA,NATERA INC,794,0.0135
2026-05-12,ARKG,Sell,CDNA,CAREDX INC,14403,0.0265
2026-05-12,ARKG,Sell,TWST,TWIST BIOSCIENCE CORP,5980,0.0284
2026-05-13,ARKK,Buy,NTRA,NATERA INC,6737,0.0198
2026-05-13,ARKK,Sell,TWST,TWIST BIOSCIENCE CORP,4235,0.0035
2026-05-13,ARKG,Buy,NTRA,NATERA INC,10579,0.1808
2026-05-13,ARKG,Sell,ADPT,ADAPTIVE BIOTECHNOLOGIES CORP,12372,0.0140
2026-05-13,ARKG,Sell,CDNA,CAREDX INC,16398,0.0292
2026-05-13,ARKG,Sell,TWST,TWIST BIOSCIENCE CORP,10183,0.0487
2026-05-14,ARKK,Buy,CBRS,CEREBRAS SYSTEMS INC,71655,0.3142
2026-05-14,ARKK,Sell,TWST,TWIST BIOSCIENCE CORP,10367,0.0087
2026-05-14,ARKK,Sell,TER,TERADYNE INC,22576,0.1206
2026-05-14,ARKK,Sell,TSM,TAIWAN SEMICONDUCTOR MANUFACTURING CO LTD,29167,0.1825
2026-05-14,ARKW,Buy,CBRS,CEREBRAS SYSTEMS INC,33961,0.5789
2026-05-14,ARKW,Sell,AMD,ADVANCED MICRO DEVICES INC,11510,0.2908
2026-05-14,ARKW,Sell,TSM,TAIWAN SEMICONDUCTOR MANUFACTURING CO LTD,12373,0.2928
2026-05-14,ARKG,Sell,TWST,TWIST BIOSCIENCE CORP,1235,0.0060
2026-05-14,ARKG,Sell,CDNA,CAREDX INC,13525,0.0245
2026-05-14,ARKG,Sell,ADPT,ADAPTIVE BIOTECHNOLOGIES CORP,35073,0.0400
2026-05-15,ARKK,Buy,CBRS,CEREBRAS SYSTEMS INC,108476,0.3962
2026-05-15,ARKK,Sell,TWST,TWIST BIOSCIENCE CORP,14976,0.0098
2026-05-15,ARKK,Sell,TER,TERADYNE INC,35033,0.1493
2026-05-15,ARKK,Sell,TSM,TAIWAN SEMICONDUCTOR MANUFACTURING CO LTD,44854,0.2270
2026-05-15,ARKW,Buy,CBRS,CEREBRAS SYSTEMS INC,40700,0.5818
2026-05-15,ARKW,Sell,AMD,ADVANCED MICRO DEVICES INC,13148,0.2781
2026-05-15,ARKW,Sell,TSM,TAIWAN SEMICONDUCTOR MANUFACTURING CO LTD,14155,0.2803
2026-05-15,ARKG,Sell,TWST,TWIST BIOSCIENCE CORP,1089,0.0050
2026-05-15,ARKG,Sell,CDNA,CAREDX INC,6356,0.0113
2026-05-18,ARKK,Buy,BLSH,BULLISH,38900,0.0113
2026-05-18,ARKK,Sell,ROKU,ROKU INC,41108,0.0426
2026-05-18,ARKK,Sell,TSM,TAIWAN SEMICONDUCTOR MANUFACTURING CO LTD,27707,0.0910
2026-05-18,ARKK,Sell,TER,TERADYNE INC,43385,0.1154
2026-05-18,ARKK,Sell,AMD,ADVANCED MICRO DEVICES INC,35111,0.1216
2026-05-18,ARKW,Buy,BLSH,BULLISH,9098,0.0139
2026-05-18,ARKW,Sell,ROKU,ROKU INC,2396,0.0130
2026-05-18,ARKW,Sell,TSM,TAIWAN SEMICONDUCTOR MANUFACTURING CO LTD,2161,0.0371
2026-05-18,ARKW,Sell,AMD,ADVANCED MICRO DEVICES INC,2055,0.0372
2026-05-18,ARKG,Sell,CDNA,CAREDX INC,10892,0.0202
2026-05-18,ARKF,Buy,BLSH,BULLISH,4310,0.0186
2026-05-18,ARKF,Sell,ROKU,ROKU INC,1816,0.0279
2026-05-18,ARKF,Sell,AMD,ADVANCED MICRO DEVICES INC,1363,0.0700
2026-05-18,ARKX,Buy,LHX,"L3HARRIS TECHNOLOGIES, INC",10484,0.3513
2026-05-18,ARKX,Buy,KTOS,KRATOS DEFENSE AND SECURITY SOLUTIONS INC,45218,0.2634
2026-05-18,ARKX,Buy,AMZN,AMAZON.COM INC,6959,0.1999
2026-05-18,ARKX,Buy,AVAV,AEROVIRONMENT INC,10970,0.1917
2026-05-18,ARKX,Buy,ACHR,ARCHER AVIATION INC,281199,0.1793
2026-05-18,ARKX,Buy,JOBY,JOBY AVIATION INC,118699,0.1313
2026-05-18,ARKX,Buy,NVDA,NVIDIA CORP,5409,0.1291
2026-05-18,ARKX,Buy,TSLA,TESLA INC,2682,0.1193
2026-05-18,ARKX,Buy,XE,X-ENERGY INC,21617,0.0595
2026-05-18,ARKX,Buy,SNPS,SYNOPSYS INC,940,0.0501
2026-05-18,ARKX,Buy,HON,HONEYWELL INTERNATIONAL INC,2130,0.0501
2026-05-18,ARKX,Buy,DASH,DOORDASH INC,2843,0.0500
2026-05-18,ARKX,Sell,RKLB,ROCKET LAB CORP,145039,2.0246
2026-05-19,ARKK,Buy,BLSH,BULLISH,49097,0.0244
2026-05-19,ARKK,Sell,ROKU,ROKU INC,14786,0.0246
2026-05-19,ARKW,Buy,BLSH,BULLISH,14110,0.0300
2026-05-19,ARKW,Sell,ROKU,ROKU INC,980,0.0070
2026-05-19,ARKF,Buy,BLSH,BULLISH,6505,0.0293
2026-05-19,ARKF,Sell,ROKU,ROKU INC,753,0.0113
2026-05-19,ARKF,Sell,KSPI,KASPI.KZ AO,4377,0.0485
2026-05-19,ARKF,Sell,ICE,INTERCONTINENTAL EXCHANGE INC,5060,0.0964
2026-05-19,ARKX,Buy,6301,KOMATSU LTD,30328,0.1305
2026-05-19,ARKX,Buy,2618,JD LOGISTICS INC,316486,0.0606
2026-05-19,ARKX,Buy,AIR,AIRBUS SE,1875,0.0400
2026-05-20,ARKK,Buy,CBRS,CEREBRAS SYSTEMS INC,82779,0.4095
2026-05-20,ARKK,Buy,BLSH,BULLISH,58670,0.0364
2026-05-20,ARKK,Sell,TER,TERADYNE INC,17372,0.1008
2026-05-20,ARKK,Sell,ROKU,ROKU INC,95521,0.1991
2026-05-20,ARKK,Sell,AMD,ADVANCED MICRO DEVICES INC,26680,0.2007
2026-05-20,ARKW,Buy,BLSH,BULLISH,17195,0.0373
2026-05-20,ARKW,Sell,ROKU,ROKU INC,4218,0.0307
2026-05-20,ARKF,Buy,BLSH,BULLISH,7936,0.0372
2026-05-20,ARKF,Sell,ROKU,ROKU INC,2595,0.0409
2026-05-21,ARKK,Buy,BLSH,BULLISH,99580,0.0599
2026-05-21,ARKW,Buy,BLSH,BULLISH,27057,0.0559
2026-05-21,ARKW,Sell,TSM,TAIWAN SEMICONDUCTOR MANUFACTURING CO LTD,2131,0.0505
2026-05-21,ARKF,Buy,BLSH,BULLISH,12480,0.0559
2026-05-22,ARKK,Buy,CBRS,CEREBRAS SYSTEMS INC,38646,0.1572
2026-05-22,ARKK,Buy,TWST,TWIST BIOSCIENCE CORP,105810,0.0990
2026-05-22,ARKK,Buy,BLSH,BULLISH,17974,0.0101
2026-05-22,ARKW,Buy,CBRS,CEREBRAS SYSTEMS INC,3480,0.0524
2026-05-22,ARKW,Buy,BLSH,BULLISH,4829,0.0100
2026-05-22,ARKW,Sell,AMD,ADVANCED MICRO DEVICES INC,1859,0.0502
2026-05-22,ARKF,Buy,BLSH,BULLISH,2226,0.0100
2026-05-26,ARKK,Buy,CBRS,CEREBRAS SYSTEMS INC,25021,0.0935
2026-05-26,ARKK,Buy,TWST,TWIST BIOSCIENCE CORP,2451,0.0023
2026-05-26,ARKK,Sell,TER,TERADYNE INC,16998,0.1020
2026-05-26,ARKW,Buy,CBRS,CEREBRAS SYSTEMS INC,10107,0.1401
2026-05-26,ARKW,Sell,AMD,ADVANCED MICRO DEVICES INC,5301,0.1523
2026-05-27,ARKK,Buy,AMZN,AMAZON.COM INC,24186,0.1009
2026-05-27,ARKK,Buy,CBRS,CEREBRAS SYSTEMS INC,644,0.0024
2026-05-27,ARKW,Buy,CBRS,CEREBRAS SYSTEMS INC,173,0.0024
2026-05-27,ARKG,Buy,TEM,TEMPUS AI INC,25910,0.1029
2026-05-27,ARKX,Buy,KTOS,KRATOS DEFENSE AND SECURITY SOLUTIONS INC,9305,0.0530
2026-05-28,ARKF,Buy,FUTU,FUTU HOLDINGS LTD,19449,0.2576
2026-05-28,ARKF,Sell,ICE,INTERCONTINENTAL EXCHANGE INC,5531,0.1032
2026-05-28,ARKF,Sell,KSPI,KASPI.KZ AO,12286,0.1424
2026-05-28,ARKF,Sell,HOOD,ROBINHOOD MARKETS INC,14544,0.1543
2026-05-29,ARKK,Buy,KTOS,KRATOS DEFENSE AND SECURITY SOLUTIONS INC,114352,0.1038
2026-05-29,ARKK,Sell,HOOD,ROBINHOOD MARKETS INC,144218,0.1921
2026-05-29,ARKQ,Buy,KTOS,KRATOS DEFENSE AND SECURITY SOLUTIONS INC,94229,0.2479
2026-05-29,ARKQ,Sell,TER,TERADYNE INC,16243,0.2482
2026-05-29,ARKF,Sell,ICE,INTERCONTINENTAL EXCHANGE INC,447,0.0081
2026-05-29,ARKX,Buy,KTOS,KRATOS DEFENSE AND SECURITY SOLUTIONS INC,43483,0.2526
2026-05-29,ARKX,Sell,TER,TERADYNE INC,7495,0.2529
2026-06-01,ARKK,Buy,NVDA,NVIDIA CORP,161997,0.4931
2026-06-01,ARKK,Buy,CBRS,CEREBRAS SYSTEMS INC,49881,0.1517
2026-06-01,ARKK,Sell,AMD,ADVANCED MICRO DEVICES INC,63013,0.4434
2026-06-01,ARKQ,Buy,NVDA,NVIDIA CORP,53272,0.4895
2026-06-01,ARKQ,Sell,AMD,ADVANCED MICRO DEVICES INC,11515,0.2446
2026-06-01,ARKQ,Sell,TER,TERADYNE INC,16163,0.2459
2026-06-01,ARKW,Buy,NVDA,NVIDIA CORP,41536,0.5013
2026-06-01,ARKW,Buy,CBRS,CEREBRAS SYSTEMS INC,12788,0.1542
2026-06-01,ARKW,Sell,AMD,ADVANCED MICRO DEVICES INC,23340,0.6513
2026-06-01,ARKF,Buy,NVDA,NVIDIA CORP,18751,0.4965
2026-06-01,ARKF,Sell,AMD,ADVANCED MICRO DEVICES INC,8108,0.4963
2026-06-01,ARKX,Buy,NVDA,NVIDIA CORP,24461,0.4870
2026-06-01,ARKX,Sell,AMD,ADVANCED MICRO DEVICES INC,4231,0.1947
2026-06-01,ARKX,Sell,TER,TERADYNE INC,7421,0.2446
2026-06-02,ARKF,Sell,ICE,INTERCONTINENTAL EXCHANGE INC,100,0.0017
2026-06-03,ARKK,Buy,GOOGL,ALPHABET INC,97420,0.4898
2026-06-03,ARKK,Buy,GOOG,ALPHABET INC,97420,0.4852
2026-06-03,ARKK,Buy,BABA,ALIBABA GROUP HOLDING LTD,30273,0.0546
2026-06-03,ARKK,Buy,META,META PLATFORMS INC,5608,0.0494
2026-06-03,ARKK,Sell,VCYT,VERACYTE INC,112075,0.0780
2026-06-03,ARKK,Sell,TWST,TWIST BIOSCIENCE CORP,96139,0.0977
2026-06-03,ARKK,Sell,TXG,10X GENOMICS INC,218355,0.0978
2026-06-03,ARKK,Sell,TER,TERADYNE INC,25660,0.1481
2026-06-03,ARKK,Sell,BIDU,BAIDU INC,86752,0.1641
2026-06-03,ARKK,Sell,AMD,ADVANCED MICRO DEVICES INC,51319,0.3941
2026-06-03,ARKQ,Buy,GOOGL,ALPHABET INC,16456,0.2446
2026-06-03,ARKQ,Buy,GOOG,ALPHABET INC,16456,0.2422
2026-06-03,ARKQ,Sell,BIDU,BAIDU INC,19797,0.1107
2026-06-03,ARKQ,Sell,TER,TERADYNE INC,14415,0.2459
2026-06-03,ARKW,Buy,GOOGL,ALPHABET INC,12405,0.2451
2026-06-03,ARKW,Buy,GOOG,ALPHABET INC,12405,0.2428
2026-06-03,ARKW,Sell,AMD,ADVANCED MICRO DEVICES INC,17861,0.5390
2026-06-03,ARKF,Sell,AMD,ADVANCED MICRO DEVICES INC,713,0.0481
2026-06-03,ARKX,Buy,GOOGL,ALPHABET INC,7510,0.2449
2026-06-03,ARKX,Buy,GOOG,ALPHABET INC,7510,0.2426
2026-06-03,ARKX,Sell,AMD,ADVANCED MICRO DEVICES INC,4945,0.2463
2026-06-03,ARKX,Sell,TER,TERADYNE INC,6595,0.2468
2026-06-04,ARKK,Buy,BABA,ALIBABA GROUP HOLDING LTD,245342,0.4503
2026-06-04,ARKK,Buy,META,META PLATFORMS INC,40078,0.3644
2026-06-04,ARKK,Buy,AVGO,BROADCOM INC,14190,0.0836
2026-06-04,ARKK,Buy,COIN,COINBASE GLOBAL INC,17698,0.0419
2026-06-04,ARKK,Buy,CRCL,CIRCLE INTERNET GROUP INC,13973,0.0184
2026-06-04,ARKK,Sell,ACHR,ARCHER AVIATION INC,205106,0.0191
2026-06-04,ARKK,Sell,VCYT,VERACYTE INC,28488,0.0206
2026-06-04,ARKK,Sell,TER,TERADYNE INC,17339,0.1028
2026-06-04,ARKK,Sell,BIDU,BAIDU INC,457754,0.8891
2026-06-04,ARKQ,Buy,AVGO,BROADCOM INC,4769,0.0832
2026-06-04,ARKQ,Buy,XE,X-ENERGY INC,61046,0.0626
2026-06-04,ARKQ,Buy,DASH,DOORDASH INC,4281,0.0292
2026-06-04,ARKQ,Buy,PONY,PONY AI INC,27501,0.0112
2026-06-04,ARKQ,Buy,KDK,KODIAK AI INC,24790,0.0073
2026-06-04,ARKQ,Sell,ACHR,ARCHER AVIATION INC,180322,0.0498
2026-06-04,ARKQ,Sell,TER,TERADYNE INC,5708,0.1002
2026-06-04,ARKQ,Sell,BIDU,BAIDU INC,24598,0.1414
2026-06-04,ARKW,Buy,AVGO,BROADCOM INC,3569,0.0833
2026-06-04,ARKW,Sell,AMD,ADVANCED MICRO DEVICES INC,3317,0.1001
2026-06-04,ARKX,Buy,XE,X-ENERGY INC,36635,0.0823
2026-06-04,ARKX,Buy,DASH,DOORDASH INC,3951,0.0591
2026-06-04,ARKX,Sell,ACHR,ARCHER AVIATION INC,83245,0.0504
2026-06-05,ARKK,Buy,CRCL,CIRCLE INTERNET GROUP INC,100250,0.1157
2026-06-05,ARKK,Buy,BEAM,BEAM THERAPEUTICS INC,87414,0.0362
2026-06-05,ARKK,Buy,COIN,COINBASE GLOBAL INC,13065,0.0285
2026-06-05,ARKK,Sell,ACHR,ARCHER AVIATION INC,579274,0.0455
2026-06-05,ARKQ,Buy,DASH,DOORDASH INC,8224,0.0550
2026-06-05,ARKQ,Buy,PONY,PONY AI INC,141086,0.0521
2026-06-05,ARKQ,Buy,XE,X-ENERGY INC,32213,0.0300
2026-06-05,ARKQ,Buy,KDK,KODIAK AI INC,73671,0.0208
2026-06-05,ARKQ,Sell,ACHR,ARCHER AVIATION INC,512394,0.1220
2026-06-05,ARKW,Sell,AMD,ADVANCED MICRO DEVICES INC,2074,0.0564
2026-06-05,ARKX,Buy,DASH,DOORDASH INC,7572,0.1100
2026-06-05,ARKX,Buy,XE,X-ENERGY INC,29656,0.0600
2026-06-05,ARKX,Sell,ACHR,ARCHER AVIATION INC,235869,0.1219
2026-06-08,ARKK,Buy,BEAM,BEAM THERAPEUTICS INC,15114,0.0067
2026-06-08,ARKK,Sell,BIDU,BAIDU INC,2860,0.0052
2026-06-08,ARKK,Sell,ACHR,ARCHER AVIATION INC,953336,0.0817
2026-06-08,ARKQ,Buy,DASH,DOORDASH INC,2784,0.0198
2026-06-08,ARKQ,Buy,PONY,PONY AI INC,45949,0.0187
2026-06-08,ARKQ,Buy,KDK,KODIAK AI INC,34731,0.0103
2026-06-08,ARKQ,Buy,XE,X-ENERGY INC,1217,0.0012
2026-06-08,ARKQ,Sell,ACHR,ARCHER AVIATION INC,866604,0.2264
2026-06-08,ARKX,Buy,DASH,DOORDASH INC,1939,0.0297
2026-06-08,ARKX,Buy,XE,X-ENERGY INC,1130,0.0024
2026-06-08,ARKX,Sell,ACHR,ARCHER AVIATION INC,402452,0.2266
2026-06-09,ARKK,Buy,BEAM,BEAM THERAPEUTICS INC,21873,0.0097
2026-06-09,ARKK,Sell,BIDU,BAIDU INC,5127,0.0092
2026-06-09,ARKQ,Buy,KDK,KODIAK AI INC,61965,0.0171
2026-06-09,ARKQ,Buy,PONY,PONY AI INC,24748,0.0099
2026-06-09,ARKQ,Buy,XE,X-ENERGY INC,4945,0.0048
2026-06-09,ARKQ,Sell,IRDM,IRIDIUM COMMUNICATIONS INC,9557,0.0196
2026-06-09,ARKQ,Sell,SRTA,STRATA CRITICAL MEDICAL INC,109303,0.0277
2026-06-09,ARKX,Buy,XE,X-ENERGY INC,4562,0.0096
2026-06-09,ARKX,Sell,IRDM,IRIDIUM COMMUNICATIONS INC,4422,0.0197
2026-06-09,ARKX,Sell,SRTA,STRATA CRITICAL MEDICAL INC,85927,0.0474
2026-06-10,ARKK,Sell,RXRX,RECURSION PHARMACEUTICALS INC,91517,0.0043
2026-06-10,ARKK,Sell,PACB,PACIFIC BIOSCIENCES OF CALIFORNIA INC,224182,0.0048
2026-06-10,ARKK,Sell,CERS,CERUS CORP,152004,0.0059
2026-06-10,ARKK,Sell,ROKU,ROKU INC,9109,0.0163
2026-06-10,ARKK,Sell,TXG,10X GENOMICS INC,43565,0.0197
2026-06-10,ARKK,Sell,TWST,TWIST BIOSCIENCE CORP,24136,0.0252
2026-06-10,ARKK,Sell,VCYT,VERACYTE INC,143385,0.1059
2026-06-10,ARKK,Sell,HOOD,ROBINHOOD MARKETS INC,89915,0.1176
2026-06-10,ARKQ,Buy,KDK,KODIAK AI INC,141502,0.0389
2026-06-10,ARKQ,Sell,SRTA,STRATA CRITICAL MEDICAL INC,132743,0.0341
2026-06-10,ARKQ,Sell,IRDM,IRIDIUM COMMUNICATIONS INC,126381,0.2689
2026-06-10,ARKX,Sell,SRTA,STRATA CRITICAL MEDICAL INC,107973,0.0602
2026-06-10,ARKX,Sell,IRDM,IRIDIUM COMMUNICATIONS INC,60339,0.2784
2026-06-11,ARKK,Sell,BIDU,BAIDU INC,147,0.0003
2026-06-11,ARKK,Sell,PACB,PACIFIC BIOSCIENCES OF CALIFORNIA INC,392952,0.0081
2026-06-11,ARKK,Sell,CERS,CERUS CORP,540764,0.0214
2026-06-11,ARKK,Sell,VCYT,VERACYTE INC,55841,0.0414
2026-06-11,ARKK,Sell,XE,X-ENERGY INC,224807,0.0631
2026-06-11,ARKK,Sell,KTOS,KRATOS DEFENSE AND SECURITY SOLUTIONS INC,75767,0.0666
2026-06-11,ARKK,Sell,WGS,GENEDX HOLDINGS CORP,87006,0.0751
2026-06-11,ARKK,Sell,BWXT,BWX TECHNOLOGIES INC,25825,0.0760
2026-06-11,ARKK,Sell,RXRX,RECURSION PHARMACEUTICALS INC,1665715,0.0789
2026-06-11,ARKK,Sell,NTRA,NATERA INC,25674,0.0865
2026-06-11,ARKK,Sell,TER,TERADYNE INC,15539,0.0888
2026-06-11,ARKK,Sell,ACHR,ARCHER AVIATION INC,1336971,0.1045
2026-06-11,ARKK,Sell,ILMN,ILLUMINA INC,46265,0.1174
2026-06-11,ARKK,Sell,TXG,10X GENOMICS INC,263064,0.1186
2026-06-11,ARKK,Sell,ROKU,ROKU INC,97622,0.1786
2026-06-11,ARKK,Sell,HOOD,ROBINHOOD MARKETS INC,167741,0.2415
2026-06-11,ARKK,Sell,TWST,TWIST BIOSCIENCE CORP,417558,0.4519
2026-06-11,ARKQ,Sell,SRTA,STRATA CRITICAL MEDICAL INC,122853,0.0321
2026-06-11,ARKQ,Sell,IRDM,IRIDIUM COMMUNICATIONS INC,270002,0.6266
2026-06-11,ARKQ,Sell,TER,TERADYNE INC,105062,1.8539
2026-06-11,ARKW,Sell,BIDU,BAIDU INC,64789,0.4625
2026-06-11,ARKX,Sell,SRTA,STRATA CRITICAL MEDICAL INC,100226,0.0545
2026-06-11,ARKX,Sell,IRDM,IRIDIUM COMMUNICATIONS INC,130299,0.6296
2026-06-11,ARKX,Sell,LHX,"L3HARRIS TECHNOLOGIES, INC",33229,1.0184
2026-06-11,ARKX,Sell,TER,TERADYNE INC,86908,3.1935
2026-06-12,ARKK,Buy,SPCX,SPACE EXPLORATION TECHNOLOGIES CORP,1690839,3.2789
2026-06-12,ARKK,Sell,BIDU,BAIDU INC,147,0.0002
2026-06-12,ARKK,Sell,CERS,CERUS CORP,4656,0.0002
2026-06-12,ARKK,Sell,PACB,PACIFIC BIOSCIENCES OF CALIFORNIA INC,12912,0.0003
2026-06-12,ARKK,Sell,TXG,10X GENOMICS INC,35635,0.0149
2026-06-12,ARKK,Sell,VCYT,VERACYTE INC,62392,0.0424
2026-06-12,ARKK,Sell,ROKU,ROKU INC,98835,0.1808
2026-06-12,ARKQ,Buy,SPCX,SPACE EXPLORATION TECHNOLOGIES CORP,736442,4.5423
2026-06-12,ARKQ,Sell,IRDM,IRIDIUM COMMUNICATIONS INC,3869,0.0086
2026-06-12,ARKQ,Sell,SRTA,STRATA CRITICAL MEDICAL INC,259089,0.0665
2026-06-12,ARKQ,Sell,RKLB,ROCKET LAB CORP,38776,0.1910
2026-06-12,ARKQ,Sell,AMD,ADVANCED MICRO DEVICES INC,47195,1.1034
2026-06-12,ARKW,Buy,SPCX,SPACE EXPLORATION TECHNOLOGIES CORP,325562,2.6510
2026-06-12,ARKW,Sell,CRWD,CROWDSTRIKE HOLDINGS INC,3664,0.1518
2026-06-12,ARKW,Sell,NET,CLOUDFLARE INC,11089,0.1522
2026-06-12,ARKW,Sell,AMD,ADVANCED MICRO DEVICES INC,9959,0.3074
2026-06-12,ARKW,Sell,BIDU,BAIDU INC,67273,0.4711
2026-06-12,ARKW,Sell,TSLA,TESLA INC,39850,0.9581
2026-06-12,ARKX,Buy,SPCX,SPACE EXPLORATION TECHNOLOGIES CORP,538341,6.8899
2026-06-12,ARKX,Sell,IRDM,IRIDIUM COMMUNICATIONS INC,1911,0.0088
2026-06-12,ARKX,Sell,SRTA,STRATA CRITICAL MEDICAL INC,216359,0.1151
2026-06-12,ARKX,Sell,RKLB,ROCKET LAB CORP,11970,0.1223
2026-06-12,ARKX,Sell,AMD,ADVANCED MICRO DEVICES INC,23382,1.1343
2026-06-15,ARKK,Sell,PACB,PACIFIC BIOSCIENCES OF CALIFORNIA INC,191794,0.0031
2026-06-15,ARKK,Sell,NTRA,NATERA INC,6319,0.0164
2026-06-15,ARKK,Sell,KTOS,KRATOS DEFENSE AND SECURITY SOLUTIONS INC,23418,0.0164
2026-06-15,ARKK,Sell,FIG,FIGMA INC,100000,0.0228
2026-06-15,ARKK,Sell,SOFI,SOFI TECHNOLOGIES INC,114664,0.0239
2026-06-15,ARKK,Sell,BMNR,BITMINE IMMERSION TECHNOLOGIES INC,124168,0.0265
2026-06-15,ARKK,Sell,TSM,TAIWAN SEMICONDUCTOR MANUFACTURING CO LTD,6904,0.0370
2026-06-15,ARKK,Sell,DE,DEERE & CO,8262,0.0585
2026-06-15,ARKK,Sell,CRWV,COREWEAVE INC,51498,0.0677
2026-06-15,ARKK,Sell,SHOP,SHOPIFY INC,54665,0.0747
2026-06-15,ARKK,Sell,VCYT,VERACYTE INC,166427,0.0979
2026-06-15,ARKK,Sell,PLTR,PALANTIR TECHNOLOGIES INC,66259,0.1078
2026-06-15,ARKK,Sell,AMZN,AMAZON.COM INC,46783,0.1400
2026-06-15,ARKK,Sell,TXG,10X GENOMICS INC,534967,0.2035
2026-06-15,ARKK,Sell,TSLA,TESLA INC,44488,0.2218
2026-06-15,ARKK,Sell,AMD,ADVANCED MICRO DEVICES INC,49292,0.3282
2026-06-15,ARKK,Sell,ROKU,ROKU INC,665136,1.1414
2026-06-15,ARKQ,Sell,IRDM,IRIDIUM COMMUNICATIONS INC,2190,0.0036
2026-06-15,ARKQ,Sell,SRTA,STRATA CRITICAL MEDICAL INC,299928,0.0609
2026-06-15,ARKQ,Sell,RKLB,ROCKET LAB CORP,133823,0.5074
2026-06-15,ARKQ,Sell,AMD,ADVANCED MICRO DEVICES INC,64717,1.2307
2026-06-15,ARKX,Sell,IRDM,IRIDIUM COMMUNICATIONS INC,978,0.0033
2026-06-15,ARKX,Sell,SRTA,STRATA CRITICAL MEDICAL INC,226320,0.0942
2026-06-15,ARKX,Sell,RKLB,ROCKET LAB CORP,37353,0.2902
2026-06-15,ARKX,Sell,AMD,ADVANCED MICRO DEVICES INC,27399,1.0676
2026-06-16,ARKQ,Sell,SRTA,STRATA CRITICAL MEDICAL INC,186304,0.0316
2026-06-16,ARKF,Sell,AMD,ADVANCED MICRO DEVICES INC,1470,0.0973
2026-06-16,ARKX,Sell,SRTA,STRATA CRITICAL MEDICAL INC,209342,0.0798
2026-06-16,ARKX,Sell,AMD,ADVANCED MICRO DEVICES INC,22374,0.7282
2026-06-17,ARKK,Buy,LLY,ELI LILLY AND CO,28952,0.4445
2026-06-17,ARKK,Buy,XYZ,BLOCK INC,236759,0.2390
2026-06-17,ARKK,Buy,COIN,COINBASE GLOBAL INC,82556,0.1925
2026-06-17,ARKK,Sell,HOOD,ROBINHOOD MARKETS INC,275572,0.4066
2026-06-17,ARKK,Sell,ROKU,ROKU INC,217924,0.4155
2026-06-17,ARKQ,Sell,SRTA,STRATA CRITICAL MEDICAL INC,218380,0.0578
2026-06-17,ARKW,Buy,COIN,COINBASE GLOBAL INC,20268,0.1984
2026-06-17,ARKW,Sell,BIDU,BAIDU INC,912,0.0061
2026-06-17,ARKW,Sell,ROKU,ROKU INC,12024,0.0962
2026-06-17,ARKG,Buy,LLY,ELI LILLY AND CO,12186,1.0467
2026-06-17,ARKG,Buy,ALMR,ALAMAR BIOSCIENCES INC,8148,0.0127
2026-06-17,ARKG,Buy,GENB,GENERATE BIOMEDICINES INC,9617,0.0103
2026-06-17,ARKG,Sell,TWST,TWIST BIOSCIENCE CORP,80140,0.5409
2026-06-17,ARKF,Buy,COIN,COINBASE GLOBAL INC,8975,0.2006
2026-06-17,ARKF,Sell,ROKU,ROKU INC,9319,0.1703
2026-06-17,ARKX,Sell,SRTA,STRATA CRITICAL MEDICAL INC,184996,0.0760
2026-06-18,ARKK,Buy,SNOW,SNOWFLAKE INC,149661,0.4998
2026-06-18,ARKK,Buy,TSLA,TESLA INC,43998,0.2491
2026-06-18,ARKK,Buy,LLY,ELI LILLY AND CO,2448,0.0393
2026-06-18,ARKK,Sell,ROKU,ROKU INC,561842,1.1290
2026-06-18,ARKQ,Sell,SRTA,STRATA CRITICAL MEDICAL INC,313573,0.0836
2026-06-18,ARKW,Buy,SNOW,SNOWFLAKE INC,74029,1.0057
2026-06-18,ARKW,Buy,TSLA,TESLA INC,10817,0.2492
2026-06-18,ARKW,Sell,BIDU,BAIDU INC,1495,0.0099
2026-06-18,ARKW,Sell,ROKU,ROKU INC,153005,1.2507
2026-06-18,ARKG,Buy,LLY,ELI LILLY AND CO,6039,0.5018
2026-06-18,ARKG,Buy,GENB,GENERATE BIOMEDICINES INC,15435,0.0162
2026-06-18,ARKG,Buy,ALMR,ALAMAR BIOSCIENCES INC,3015,0.0047
2026-06-18,ARKG,Sell,TWST,TWIST BIOSCIENCE CORP,78082,0.5046
2026-06-18,ARKF,Sell,ROKU,ROKU INC,6432,0.1193
2026-06-18,ARKX,Sell,SRTA,STRATA CRITICAL MEDICAL INC,260686,0.1399
2026-06-22,ARKK,Buy,SPCX,SPACE EXPLORATION TECHNOLOGIES CORP,131837,0.3009
2026-06-22,ARKK,Buy,RBLX,ROBLOX CORP,359079,0.2477
2026-06-22,ARKK,Sell,ROKU,ROKU INC,78428,0.1532
2026-06-22,ARKQ,Buy,SPCX,SPACE EXPLORATION TECHNOLOGIES CORP,43486,0.3086
2026-06-22,ARKQ,Sell,SRTA,STRATA CRITICAL MEDICAL INC,104491,0.0271
2026-06-22,ARKW,Buy,RBLX,ROBLOX CORP,90860,0.2547
2026-06-22,ARKW,Buy,SPCX,SPACE EXPLORATION TECHNOLOGIES CORP,21506,0.1994
2026-06-22,ARKW,Sell,ROKU,ROKU INC,70638,0.5607
2026-06-22,ARKG,Buy,ALMR,ALAMAR BIOSCIENCES INC,2134,0.0033
2026-06-22,ARKG,Sell,TWST,TWIST BIOSCIENCE CORP,20284,0.1268
2026-06-22,ARKF,Buy,RBLX,ROBLOX CORP,39645,0.2545
2026-06-22,ARKF,Sell,ROKU,ROKU INC,14126,0.2569
2026-06-22,ARKX,Buy,SPCX,SPACE EXPLORATION TECHNOLOGIES CORP,13292,0.1953
2026-06-22,ARKX,Sell,SRTA,STRATA CRITICAL MEDICAL INC,81635,0.0439
2026-06-23,ARKK,Buy,AMZN,AMAZON.COM INC,27860,0.0986
2026-06-23,ARKK,Buy,GOOG,ALPHABET INC,18832,0.0984
2026-06-23,ARKK,Buy,TSLA,TESLA INC,16934,0.0982
2026-06-23,ARKK,Buy,PLTR,PALANTIR TECHNOLOGIES INC,55015,0.0978
2026-06-23,ARKK,Buy,CRWV,COREWEAVE INC,60791,0.0975
2026-06-23,ARKK,Buy,CBRS,CEREBRAS SYSTEMS INC,20577,0.0688
2026-06-23,ARKK,Sell,ROKU,ROKU INC,240618,0.4922
2026-06-23,ARKQ,Sell,SRTA,STRATA CRITICAL MEDICAL INC,74297,0.0193
2026-06-23,ARKW,Buy,AMZN,AMAZON.COM INC,7057,0.0984
2026-06-23,ARKW,Buy,GOOG,ALPHABET INC,4771,0.0983
2026-06-23,ARKW,Buy,TSLA,TESLA INC,4292,0.0981
2026-06-23,ARKW,Buy,PLTR,PALANTIR TECHNOLOGIES INC,13944,0.0977
2026-06-23,ARKW,Buy,CRWV,COREWEAVE INC,15404,0.0973
2026-06-23,ARKW,Buy,CBRS,CEREBRAS SYSTEMS INC,5218,0.0688
2026-06-23,ARKW,Sell,BIDU,BAIDU INC,700,0.0046
2026-06-23,ARKW,Sell,ROKU,ROKU INC,66803,0.5386
2026-06-23,ARKG,Buy,ALMR,ALAMAR BIOSCIENCES INC,2953,0.0047
2026-06-23,ARKG,Buy,GENB,GENERATE BIOMEDICINES INC,404,0.0004
2026-06-23,ARKF,Buy,AMZN,AMAZON.COM INC,6224,0.1981
2026-06-23,ARKF,Buy,PLTR,PALANTIR TECHNOLOGIES INC,12295,0.1966
2026-06-23,ARKF,Sell,ROKU,ROKU INC,19632,0.3612
2026-06-23,ARKX,Sell,SRTA,STRATA CRITICAL MEDICAL INC,56094,0.0323
2026-06-24,ARKK,Buy,CBRS,CEREBRAS SYSTEMS INC,79174,0.2404
2026-06-24,ARKK,Sell,ROKU,ROKU INC,37687,0.0796
2026-06-24,ARKQ,Sell,SRTA,STRATA CRITICAL MEDICAL INC,32273,0.0085
2026-06-24,ARKW,Buy,CBRS,CEREBRAS SYSTEMS INC,19980,0.2384
2026-06-24,ARKW,Sell,BIDU,BAIDU INC,296,0.0020
2026-06-24,ARKW,Sell,ROKU,ROKU INC,26141,0.2171
2026-06-24,ARKG,Buy,LLY,ELI LILLY AND CO,7293,0.5836
2026-06-24,ARKG,Buy,TEM,TEMPUS AI INC,21275,0.0792
2026-06-24,ARKG,Buy,RXRX,RECURSION PHARMACEUTICALS INC,260020,0.0605
2026-06-24,ARKG,Buy,GENB,GENERATE BIOMEDICINES INC,50900,0.0596
2026-06-24,ARKG,Buy,ALMR,ALAMAR BIOSCIENCES INC,31998,0.0551
2026-06-24,ARKG,Sell,TWST,TWIST BIOSCIENCE CORP,29686,0.1953
2026-06-24,ARKG,Sell,ABSI,ABSCI CORP,675357,0.4854
2026-06-24,ARKF,Sell,ROKU,ROKU INC,1418,0.0267
2026-06-24,ARKX,Sell,SRTA,STRATA CRITICAL MEDICAL INC,24085,0.0144
2026-06-25,ARKK,Buy,CBRS,CEREBRAS SYSTEMS INC,89237,0.2392
2026-06-25,ARKK,Buy,HOOD,ROBINHOOD MARKETS INC,35023,0.0509
2026-06-25,ARKK,Buy,PLTR,PALANTIR TECHNOLOGIES INC,22308,0.0372
2026-06-25,ARKK,Buy,RXRX,RECURSION PHARMACEUTICALS INC,565610,0.0291
2026-06-25,ARKK,Buy,COIN,COINBASE GLOBAL INC,6588,0.0146
2026-06-25,ARKK,Buy,XE,X-ENERGY INC,25808,0.0074
2026-06-25,ARKK,Buy,CRCL,CIRCLE INTERNET GROUP INC,6772,0.0073
2026-06-25,ARKK,Buy,BLSH,BULLISH,6676,0.0023
2026-06-25,ARKK,Sell,BABA,ALIBABA GROUP HOLDING LTD,139716,0.2069
2026-06-25,ARKK,Sell,ROKU,ROKU INC,109835,0.2313
2026-06-25,ARKQ,Sell,SRTA,STRATA CRITICAL MEDICAL INC,12666,0.0033
2026-06-25,ARKW,Buy,CBRS,CEREBRAS SYSTEMS INC,22752,0.2424
2026-06-25,ARKW,Buy,PLTR,PALANTIR TECHNOLOGIES INC,5683,0.0377
2026-06-25,ARKW,Buy,COIN,COINBASE GLOBAL INC,1678,0.0148
2026-06-25,ARKW,Buy,CRCL,CIRCLE INTERNET GROUP INC,1724,0.0073
2026-06-25,ARKW,Buy,BLSH,BULLISH,1702,0.0023
2026-06-25,ARKW,Sell,BABA,ALIBABA GROUP HOLDING LTD,26249,0.1545
2026-06-25,ARKW,Sell,ROKU,ROKU INC,20831,0.1743
2026-06-25,ARKG,Buy,TEM,TEMPUS AI INC,49594,0.1801
2026-06-25,ARKG,Buy,RXRX,RECURSION PHARMACEUTICALS INC,325863,0.0727
2026-06-25,ARKG,Buy,LLY,ELI LILLY AND CO,726,0.0550
2026-06-25,ARKG,Buy,GENB,GENERATE BIOMEDICINES INC,31159,0.0346
2026-06-25,ARKG,Buy,ALMR,ALAMAR BIOSCIENCES INC,478,0.0008
2026-06-25,ARKG,Sell,ABSI,ABSCI CORP,259924,0.1808
2026-06-25,ARKG,Sell,TWST,TWIST BIOSCIENCE CORP,37555,0.2444
2026-06-25,ARKF,Buy,PLTR,PALANTIR TECHNOLOGIES INC,2537,0.0376
2026-06-25,ARKF,Buy,COIN,COINBASE GLOBAL INC,748,0.0147
2026-06-25,ARKF,Buy,CRCL,CIRCLE INTERNET GROUP INC,768,0.0073
2026-06-25,ARKF,Buy,BLSH,BULLISH,758,0.0023
2026-06-25,ARKF,Sell,BABA,ALIBABA GROUP HOLDING LTD,10039,0.1322
2026-06-25,ARKX,Sell,SRTA,STRATA CRITICAL MEDICAL INC,9282,0.0056
2026-06-26,ARKK,Buy,COIN,COINBASE GLOBAL INC,50007,0.1172
2026-06-26,ARKK,Buy,CRCL,CIRCLE INTERNET GROUP INC,57624,0.0657
2026-06-26,ARKK,Buy,SPCX,SPACE EXPLORATION TECHNOLOGIES CORP,26609,0.0638
2026-06-26,ARKK,Buy,PLTR,PALANTIR TECHNOLOGIES INC,30430,0.0551
2026-06-26,ARKK,Buy,CBRS,CEREBRAS SYSTEMS INC,16352,0.0443
2026-06-26,ARKK,Buy,RXRX,RECURSION PHARMACEUTICALS INC,371808,0.0208
2026-06-26,ARKK,Buy,XE,X-ENERGY INC,67562,0.0200
2026-06-26,ARKK,Buy,HOOD,ROBINHOOD MARKETS INC,12269,0.0190
2026-06-26,ARKK,Buy,BLSH,BULLISH,42072,0.0155
2026-06-26,ARKK,Sell,ROKU,ROKU INC,37745,0.0819
2026-06-26,ARKK,Sell,BABA,ALIBABA GROUP HOLDING LTD,452821,0.6858
2026-06-26,ARKQ,Buy,SPCX,SPACE EXPLORATION TECHNOLOGIES CORP,8708,0.0627
2026-06-26,ARKQ,Sell,SRTA,STRATA CRITICAL MEDICAL INC,74462,0.0192
2026-06-26,ARKW,Buy,COIN,COINBASE GLOBAL INC,12639,0.1163
2026-06-26,ARKW,Buy,CRCL,CIRCLE INTERNET GROUP INC,14550,0.0651
2026-06-26,ARKW,Buy,SPCX,SPACE EXPLORATION TECHNOLOGIES CORP,6718,0.0633
2026-06-26,ARKW,Buy,PLTR,PALANTIR TECHNOLOGIES INC,7691,0.0547
2026-06-26,ARKW,Buy,CBRS,CEREBRAS SYSTEMS INC,4130,0.0440
2026-06-26,ARKW,Buy,BLSH,BULLISH,10630,0.0153
2026-06-26,ARKW,Sell,ROKU,ROKU INC,7153,0.0610
2026-06-26,ARKW,Sell,BABA,ALIBABA GROUP HOLDING LTD,85122,0.5065
2026-06-26,ARKG,Buy,GENB,GENERATE BIOMEDICINES INC,63768,0.0671
2026-06-26,ARKG,Buy,RXRX,RECURSION PHARMACEUTICALS INC,237835,0.0538
2026-06-26,ARKG,Buy,TEM,TEMPUS AI INC,14601,0.0529
2026-06-26,ARKG,Buy,ALMR,ALAMAR BIOSCIENCES INC,9476,0.0162
2026-06-26,ARKG,Sell,TWST,TWIST BIOSCIENCE CORP,19392,0.1277
2026-06-26,ARKG,Sell,ABSI,ABSCI CORP,192617,0.1366
2026-06-26,ARKF,Buy,COIN,COINBASE GLOBAL INC,5720,0.1182
2026-06-26,ARKF,Buy,CRCL,CIRCLE INTERNET GROUP INC,6582,0.0661
2026-06-26,ARKF,Buy,PLTR,PALANTIR TECHNOLOGIES INC,3480,0.0556
2026-06-26,ARKF,Buy,BLSH,BULLISH,4809,0.0156
2026-06-26,ARKF,Sell,BABA,ALIBABA GROUP HOLDING LTD,32448,0.4334
2026-06-26,ARKX,Buy,SPCX,SPACE EXPLORATION TECHNOLOGIES CORP,3693,0.0624
2026-06-26,ARKX,Sell,SRTA,STRATA CRITICAL MEDICAL INC,53888,0.0326
2026-06-29,ARKK,Buy,CRWV,COREWEAVE INC,68906,0.1029
2026-06-29,ARKK,Buy,KTOS,KRATOS DEFENSE AND SECURITY SOLUTIONS INC,138735,0.1027
2026-06-29,ARKK,Buy,COIN,COINBASE GLOBAL INC,37153,0.0874
2026-06-29,ARKK,Buy,CRCL,CIRCLE INTERNET GROUP INC,66754,0.0777
2026-06-29,ARKK,Buy,XE,X-ENERGY INC,232219,0.0680
2026-06-29,ARKK,Buy,PLTR,PALANTIR TECHNOLOGIES INC,30041,0.0550
2026-06-29,ARKK,Buy,BLSH,BULLISH,122108,0.0444
2026-06-29,ARKK,Buy,SNOW,SNOWFLAKE INC,8433,0.0335
2026-06-29,ARKK,Buy,SOFI,SOFI TECHNOLOGIES INC,92999,0.0266
2026-06-29,ARKK,Buy,AMZN,AMAZON.COM INC,6797,0.0258
2026-06-29,ARKK,Buy,RXRX,RECURSION PHARMACEUTICALS INC,133251,0.0076
2026-06-29,ARKK,Buy,HOOD,ROBINHOOD MARKETS INC,2943,0.0047
2026-06-29,ARKK,Buy,CBRS,CEREBRAS SYSTEMS INC,751,0.0022
2026-06-29,ARKK,Sell,BABA,ALIBABA GROUP HOLDING LTD,7269,0.0111
2026-06-29,ARKK,Sell,VCYT,VERACYTE INC,33193,0.0316
2026-06-29,ARKK,Sell,TXG,10X GENOMICS INC,127305,0.0746
2026-06-29,ARKK,Sell,TWST,TWIST BIOSCIENCE CORP,47874,0.0748
2026-06-29,ARKQ,Sell,SRTA,STRATA CRITICAL MEDICAL INC,35008,0.0089
2026-06-29,ARKW,Buy,PLTR,PALANTIR TECHNOLOGIES INC,7644,0.0549
2026-06-29,ARKW,Buy,COIN,COINBASE GLOBAL INC,5534,0.0511
2026-06-29,ARKW,Buy,CRCL,CIRCLE INTERNET GROUP INC,10360,0.0473
2026-06-29,ARKW,Buy,BLSH,BULLISH,18861,0.0269
2026-06-29,ARKW,Buy,CBRS,CEREBRAS SYSTEMS INC,190,0.0022
2026-06-29,ARKW,Sell,BIDU,BAIDU INC,100,0.0007
2026-06-29,ARKW,Sell,BABA,ALIBABA GROUP HOLDING LTD,1383,0.0082
2026-06-29,ARKG,Buy,GENB,GENERATE BIOMEDICINES INC,136406,0.1393
2026-06-29,ARKG,Buy,RXRX,RECURSION PHARMACEUTICALS INC,82919,0.0181
2026-06-29,ARKG,Buy,ALMR,ALAMAR BIOSCIENCES INC,2390,0.0039
2026-06-29,ARKG,Sell,ABSI,ABSCI CORP,198392,0.1380
2026-06-29,ARKF,Buy,PLTR,PALANTIR TECHNOLOGIES INC,3411,0.0541
2026-06-29,ARKF,Buy,COIN,COINBASE GLOBAL INC,2477,0.0505
2026-06-29,ARKF,Buy,CRCL,CIRCLE INTERNET GROUP INC,4643,0.0468
2026-06-29,ARKF,Buy,BLSH,BULLISH,8453,0.0267
2026-06-29,ARKF,Sell,BABA,ALIBABA GROUP HOLDING LTD,620,0.0082
2026-06-29,ARKF,Sell,ROKU,ROKU INC,7994,0.1493
2026-06-29,ARKX,Sell,SRTA,STRATA CRITICAL MEDICAL INC,25335,0.0152
2026-06-30,ARKK,Buy,SOFI,SOFI TECHNOLOGIES INC,202095,0.0554
2026-06-30,ARKK,Buy,CRCL,CIRCLE INTERNET GROUP INC,42976,0.0464
2026-06-30,ARKK,Buy,BLSH,BULLISH,108805,0.0381
2026-06-30,ARKK,Buy,COIN,COINBASE GLOBAL INC,12916,0.0288
2026-06-30,ARKK,Buy,AMZN,AMAZON.COM INC,6796,0.0248
2026-06-30,ARKK,Buy,HOOD,ROBINHOOD MARKETS INC,16028,0.0247
2026-06-30,ARKK,Buy,RXRX,RECURSION PHARMACEUTICALS INC,363198,0.0202
2026-06-30,ARKK,Buy,XE,X-ENERGY INC,69814,0.0193
2026-06-30,ARKK,Buy,SNOW,SNOWFLAKE INC,2575,0.0099
2026-06-30,ARKK,Sell,VCYT,VERACYTE INC,20797,0.0188
2026-06-30,ARKK,Sell,BABA,ALIBABA GROUP HOLDING LTD,20509,0.0299
2026-06-30,ARKK,Sell,TXG,10X GENOMICS INC,263618,0.1495
2026-06-30,ARKK,Sell,TWST,TWIST BIOSCIENCE CORP,106203,0.1615
2026-06-30,ARKQ,Sell,SRTA,STRATA CRITICAL MEDICAL INC,474724,0.1163
2026-06-30,ARKW,Buy,CRCL,CIRCLE INTERNET GROUP INC,6580,0.0279
2026-06-30,ARKW,Buy,BLSH,BULLISH,17354,0.0238
2026-06-30,ARKW,Buy,COIN,COINBASE GLOBAL INC,2197,0.0192
2026-06-30,ARKW,Sell,BABA,ALIBABA GROUP HOLDING LTD,3489,0.0199
2026-06-30,ARKW,Sell,ROKU,ROKU INC,6037,0.0498
2026-06-30,ARKG,Buy,RXRX,RECURSION PHARMACEUTICALS INC,241973,0.0519
2026-06-30,ARKG,Buy,ALMR,ALAMAR BIOSCIENCES INC,18829,0.0304
2026-06-30,ARKG,Buy,GENB,GENERATE BIOMEDICINES INC,27949,0.0274
2026-06-30,ARKG,Sell,TWST,TWIST BIOSCIENCE CORP,8566,0.0503
2026-06-30,ARKG,Sell,ABSI,ABSCI CORP,78905,0.0537
2026-06-30,ARKF,Buy,CRCL,CIRCLE INTERNET GROUP INC,2899,0.0279
2026-06-30,ARKF,Buy,BLSH,BULLISH,7644,0.0238
2026-06-30,ARKF,Buy,COIN,COINBASE GLOBAL INC,968,0.0192
2026-06-30,ARKF,Sell,BABA,ALIBABA GROUP HOLDING LTD,1537,0.0199
2026-06-30,ARKF,Sell,ROKU,ROKU INC,2631,0.0493
2026-06-30,ARKX,Sell,SRTA,STRATA CRITICAL MEDICAL INC,343765,0.1998
2026-07-01,ARKK,Buy,CRCL,CIRCLE INTERNET GROUP INC,210343,0.2064
2026-07-01,ARKK,Buy,XE,X-ENERGY INC,52445,0.0146
2026-07-01,ARKK,Buy,SNOW,SNOWFLAKE INC,2569,0.0101
2026-07-01,ARKK,Buy,BLSH,BULLISH,22734,0.0084
2026-07-01,ARKK,Buy,RXRX,RECURSION PHARMACEUTICALS INC,59155,0.0033
2026-07-01,ARKK,Buy,SOFI,SOFI TECHNOLOGIES INC,4659,0.0013
2026-07-01,ARKK,Sell,VCYT,VERACYTE INC,55672,0.0508
2026-07-01,ARKK,Sell,BABA,ALIBABA GROUP HOLDING LTD,50900,0.0769
2026-07-01,ARKK,Sell,ROKU,ROKU INC,52137,0.1122
2026-07-01,ARKQ,Sell,SRTA,STRATA CRITICAL MEDICAL INC,142067,0.0340
2026-07-01,ARKW,Buy,CRCL,CIRCLE INTERNET GROUP INC,53846,0.2061
2026-07-01,ARKW,Buy,BLSH,BULLISH,3496,0.0050
2026-07-01,ARKW,Sell,BABA,ALIBABA GROUP HOLDING LTD,9669,0.0570
2026-07-01,ARKW,Sell,ROKU,ROKU INC,15730,0.1320
2026-07-01,ARKG,Buy,ALMR,ALAMAR BIOSCIENCES INC,83891,0.1284
2026-07-01,ARKG,Buy,GENB,GENERATE BIOMEDICINES INC,69680,0.0661
2026-07-01,ARKG,Buy,RXRX,RECURSION PHARMACEUTICALS INC,38678,0.0082
2026-07-01,ARKG,Sell,ABSI,ABSCI CORP,23742,0.0158
2026-07-01,ARKG,Sell,TWST,TWIST BIOSCIENCE CORP,34137,0.2033
2026-07-01,ARKF,Buy,CRCL,CIRCLE INTERNET GROUP INC,23420,0.2074
2026-07-01,ARKF,Buy,BLSH,BULLISH,1510,0.0050
2026-07-01,ARKF,Sell,BABA,ALIBABA GROUP HOLDING LTD,19063,0.2598
2026-07-01,ARKX,Sell,SRTA,STRATA CRITICAL MEDICAL INC,103307,0.0587
2026-07-02,ARKK,Buy,TSLA,TESLA INC,69723,0.4229
2026-07-02,ARKK,Buy,BLSH,BULLISH,77251,0.0300
2026-07-02,ARKK,Buy,SOFI,SOFI TECHNOLOGIES INC,54838,0.0149
2026-07-02,ARKK,Buy,XE,X-ENERGY INC,52452,0.0145
2026-07-02,ARKK,Buy,RXRX,RECURSION PHARMACEUTICALS INC,10749,0.0006
2026-07-02,ARKK,Sell,BABA,ALIBABA GROUP HOLDING LTD,6101,0.0089
2026-07-02,ARKK,Sell,TWST,TWIST BIOSCIENCE CORP,29615,0.0444
2026-07-02,ARKK,Sell,ILMN,ILLUMINA INC,21279,0.0605
2026-07-02,ARKK,Sell,ROKU,ROKU INC,124660,0.2678
2026-07-02,ARKQ,Sell,SRTA,STRATA CRITICAL MEDICAL INC,158756,0.0391
2026-07-02,ARKW,Buy,TSLA,TESLA INC,17553,0.4168
2026-07-02,ARKW,Buy,BLSH,BULLISH,9732,0.0148
2026-07-02,ARKW,Sell,BABA,ALIBABA GROUP HOLDING LTD,850,0.0048
2026-07-02,ARKW,Sell,ROKU,ROKU INC,52928,0.4450
2026-07-02,ARKG,Buy,GENB,GENERATE BIOMEDICINES INC,26483,0.0257
2026-07-02,ARKG,Buy,ALMR,ALAMAR BIOSCIENCES INC,12996,0.0193
2026-07-02,ARKG,Buy,RXRX,RECURSION PHARMACEUTICALS INC,5350,0.0012
2026-07-02,ARKG,Sell,ABSI,ABSCI CORP,100430,0.0671
2026-07-02,ARKF,Buy,BLSH,BULLISH,4370,0.0150
2026-07-02,ARKF,Sell,ROKU,ROKU INC,2640,0.0501
2026-07-02,ARKX,Buy,TSLA,TESLA INC,9659,0.4191
2026-07-02,ARKX,Sell,SRTA,STRATA CRITICAL MEDICAL INC,116176,0.0673
2026-07-02,ARKX,Sell,IRDM,IRIDIUM COMMUNICATIONS INC,21842,0.1279
2026-07-06,ARKK,Buy,KTOS,KRATOS DEFENSE AND SECURITY SOLUTIONS INC,70424,0.0567
2026-07-06,ARKK,Buy,XE,X-ENERGY INC,107681,0.0286
2026-07-06,ARKK,Buy,BLSH,BULLISH,15773,0.0059
2026-07-06,ARKK,Buy,RXRX,RECURSION PHARMACEUTICALS INC,6567,0.0004
2026-07-06,ARKK,Sell,BABA,ALIBABA GROUP HOLDING LTD,1605,0.0023
2026-07-06,ARKK,Sell,TWST,TWIST BIOSCIENCE CORP,2226,0.0033
2026-07-06,ARKK,Sell,ROKU,ROKU INC,4563,0.0097
2026-07-06,ARKK,Sell,AMD,ADVANCED MICRO DEVICES INC,15576,0.1315
2026-07-06,ARKQ,Buy,KTOS,KRATOS DEFENSE AND SECURITY SOLUTIONS INC,22444,0.0570
2026-07-06,ARKQ,Buy,XE,X-ENERGY INC,34173,0.0286
2026-07-06,ARKQ,Sell,SRTA,STRATA CRITICAL MEDICAL INC,214110,0.0565
2026-07-06,ARKW,Buy,BLSH,BULLISH,3953,0.0059
2026-07-06,ARKW,Sell,BABA,ALIBABA GROUP HOLDING LTD,563,0.0033
2026-07-06,ARKG,Buy,GENB,GENERATE BIOMEDICINES INC,92202,0.0939
2026-07-06,ARKG,Buy,ALMR,ALAMAR BIOSCIENCES INC,37947,0.0569
2026-07-06,ARKG,Buy,RXRX,RECURSION PHARMACEUTICALS INC,3397,0.0007
2026-07-06,ARKG,Sell,ABSI,ABSCI CORP,74086,0.0519
2026-07-06,ARKG,Sell,TWST,TWIST BIOSCIENCE CORP,31093,0.1848
2026-07-06,ARKF,Buy,BLSH,BULLISH,1771,0.0059
2026-07-06,ARKF,Sell,ROKU,ROKU INC,2667,0.0504
2026-07-06,ARKX,Buy,SPCX,SPACE EXPLORATION TECHNOLOGIES CORP,5711,0.0997
2026-07-06,ARKX,Buy,KTOS,KRATOS DEFENSE AND SECURITY SOLUTIONS INC,9715,0.0565
2026-07-06,ARKX,Buy,XE,X-ENERGY INC,14789,0.0283
2026-07-06,ARKX,Sell,SRTA,STRATA CRITICAL MEDICAL INC,156512,0.0946
2026-07-06,ARKX,Sell,IRDM,IRIDIUM COMMUNICATIONS INC,32040,0.1837
2026-07-07,ARKK,Buy,XE,X-ENERGY INC,481021,0.1177
2026-07-07,ARKK,Buy,SPCX,SPACE EXPLORATION TECHNOLOGIES CORP,44196,0.0969
2026-07-07,ARKK,Buy,KTOS,KRATOS DEFENSE AND SECURITY SOLUTIONS INC,51057,0.0386
2026-07-07,ARKK,Buy,CRWV,COREWEAVE INC,23743,0.0284
2026-07-07,ARKK,Buy,RXRX,RECURSION PHARMACEUTICALS INC,10991,0.0006
2026-07-07,ARKK,Sell,BABA,ALIBABA GROUP HOLDING LTD,22,0.0000
2026-07-07,ARKK,Sell,ROKU,ROKU INC,174,0.0004
2026-07-07,ARKK,Sell,TWST,TWIST BIOSCIENCE CORP,565,0.0008
2026-07-07,ARKK,Sell,NTRA,NATERA INC,12554,0.0514
2026-07-07,ARKK,Sell,AMD,ADVANCED MICRO DEVICES INC,8667,0.0650
2026-07-07,ARKK,Sell,ILMN,ILLUMINA INC,24391,0.0681
2026-07-07,ARKQ,Buy,XE,X-ENERGY INC,88387,0.0689
2026-07-07,ARKQ,Buy,KTOS,KRATOS DEFENSE AND SECURITY SOLUTIONS INC,16130,0.0388
2026-07-07,ARKQ,Sell,SRTA,STRATA CRITICAL MEDICAL INC,2265,0.0006
2026-07-07,ARKW,Sell,BABA,ALIBABA GROUP HOLDING LTD,206,0.0012
2026-07-07,ARKW,Sell,ROKU,ROKU INC,6021,0.0493
2026-07-07,ARKG,Buy,LLY,ELI LILLY AND CO,6354,0.4460
2026-07-07,ARKG,Buy,CMPS,COMPASS PATHWAYS PLC,191070,0.1300
2026-07-07,ARKG,Buy,PRME,"PRIME MEDICINE, INC",206193,0.0467
2026-07-07,ARKG,Buy,GENB,GENERATE BIOMEDICINES INC,44170,0.0413
2026-07-07,ARKG,Buy,ALMR,ALAMAR BIOSCIENCES INC,18183,0.0260
2026-07-07,ARKG,Buy,RXRX,RECURSION PHARMACEUTICALS INC,5659,0.0012
2026-07-07,ARKG,Sell,ABSI,ABSCI CORP,22084,0.0142
2026-07-07,ARKG,Sell,PSNL,PERSONALIS INC,31388,0.0250
2026-07-07,ARKG,Sell,VCYT,VERACYTE INC,12424,0.0395
2026-07-07,ARKG,Sell,TWST,TWIST BIOSCIENCE CORP,9230,0.0516
2026-07-07,ARKG,Sell,GH,GUARDANT HEALTH INC,5602,0.0525
2026-07-07,ARKG,Sell,CDNA,CAREDX INC,39151,0.0629
2026-07-07,ARKG,Sell,ADPT,ADAPTIVE BIOTECHNOLOGIES CORP,72323,0.0854
2026-07-07,ARKG,Sell,NTRA,NATERA INC,8438,0.1350
2026-07-07,ARKG,Sell,ILMN,ILLUMINA INC,16396,0.1790
2026-07-07,ARKG,Sell,BNTX,BIONTECH SE,44330,0.2372
2026-07-07,ARKX,Buy,XE,X-ENERGY INC,38159,0.0689
2026-07-07,ARKX,Sell,SRTA,STRATA CRITICAL MEDICAL INC,1656,0.0009
2026-07-07,ARKX,Sell,IRDM,IRIDIUM COMMUNICATIONS INC,21222,0.1181
2026-07-08,ARKK,Buy,SPCX,SPACE EXPLORATION TECHNOLOGIES CORP,112046,0.2511
2026-07-08,ARKK,Buy,CRWV,COREWEAVE INC,9384,0.0120
2026-07-08,ARKK,Buy,RXRX,RECURSION PHARMACEUTICALS INC,14712,0.0008
2026-07-08,ARKK,Sell,TWST,TWIST BIOSCIENCE CORP,11990,0.0162
2026-07-08,ARKK,Sell,AMD,ADVANCED MICRO DEVICES INC,6338,0.0492
2026-07-08,ARKK,Sell,NTRA,NATERA INC,14051,0.0583
2026-07-08,ARKK,Sell,ILMN,ILLUMINA INC,45232,0.1277
2026-07-08,ARKQ,Buy,SPCX,SPACE EXPLORATION TECHNOLOGIES CORP,35124,0.2530
2026-07-08,ARKQ,Sell,SRTA,STRATA CRITICAL MEDICAL INC,12778,0.0032
2026-07-08,ARKW,Buy,SPCX,SPACE EXPLORATION TECHNOLOGIES CORP,28763,0.2521
2026-07-08,ARKW,Sell,BABA,ALIBABA GROUP HOLDING LTD,102,0.0007
2026-07-08,ARKW,Sell,ROKU,ROKU INC,29974,0.2461
2026-07-08,ARKG,Buy,LLY,ELI LILLY AND CO,14637,1.0380
2026-07-08,ARKG,Buy,GENB,GENERATE BIOMEDICINES INC,61750,0.0569
2026-07-08,ARKG,Buy,ALMR,ALAMAR BIOSCIENCES INC,20644,0.0297
2026-07-08,ARKG,Buy,CMPS,COMPASS PATHWAYS PLC,28447,0.0218
2026-07-08,ARKG,Buy,RXRX,RECURSION PHARMACEUTICALS INC,10162,0.0022
2026-07-08,ARKG,Sell,ABSI,ABSCI CORP,591,0.0004
2026-07-08,ARKG,Sell,ADPT,ADAPTIVE BIOTECHNOLOGIES CORP,32775,0.0385
2026-07-08,ARKG,Sell,NTRA,NATERA INC,2895,0.0462
2026-07-08,ARKG,Sell,CDNA,CAREDX INC,35859,0.0584
2026-07-08,ARKG,Sell,GH,GUARDANT HEALTH INC,6344,0.0587
2026-07-08,ARKG,Sell,ILMN,ILLUMINA INC,7186,0.0781
2026-07-08,ARKG,Sell,PSNL,PERSONALIS INC,188066,0.1510
2026-07-08,ARKG,Sell,VCYT,VERACYTE INC,67476,0.2164
2026-07-08,ARKG,Sell,BNTX,BIONTECH SE,78211,0.4229
2026-07-08,ARKX,Buy,SPCX,SPACE EXPLORATION TECHNOLOGIES CORP,5914,0.0985
2026-07-08,ARKX,Sell,SRTA,STRATA CRITICAL MEDICAL INC,9121,0.0053
2026-07-08,ARKX,Sell,IRDM,IRIDIUM COMMUNICATIONS INC,4150,0.0238
2026-07-08,ARKX,Sell,AMD,ADVANCED MICRO DEVICES INC,1672,0.0965
2026-07-09,ARKK,Buy,META,META PLATFORMS INC,24887,0.2336
2026-07-09,ARKK,Buy,CRCL,CIRCLE INTERNET GROUP INC,159404,0.1532
2026-07-09,ARKK,Buy,RXRX,RECURSION PHARMACEUTICALS INC,14623,0.0008
2026-07-09,ARKK,Sell,TWST,TWIST BIOSCIENCE CORP,37885,0.0548
2026-07-09,ARKK,Sell,AMD,ADVANCED MICRO DEVICES INC,10774,0.0900
2026-07-09,ARKK,Sell,NTRA,NATERA INC,21540,0.0919
2026-07-09,ARKK,Sell,TXG,10X GENOMICS INC,156682,0.1016
2026-07-09,ARKK,Sell,HOOD,ROBINHOOD MARKETS INC,85319,0.1513
2026-07-09,ARKQ,Sell,SRTA,STRATA CRITICAL MEDICAL INC,72387,0.0184
2026-07-09,ARKW,Buy,META,META PLATFORMS INC,6395,0.2336
2026-07-09,ARKW,Buy,CRCL,CIRCLE INTERNET GROUP INC,40685,0.1522
2026-07-09,ARKW,Sell,ROKU,ROKU INC,48807,0.4055
2026-07-09,ARKG,Buy,IONS,IONIS PHARMACEUTICALS INC,105364,0.4038
2026-07-09,ARKG,Buy,PRME,"PRIME MEDICINE, INC",544385,0.1409
2026-07-09,ARKG,Buy,GENB,GENERATE BIOMEDICINES INC,57462,0.0531
2026-07-09,ARKG,Buy,CMPS,COMPASS PATHWAYS PLC,46302,0.0372
2026-07-09,ARKG,Buy,RXRX,RECURSION PHARMACEUTICALS INC,8712,0.0019
2026-07-09,ARKG,Buy,ALMR,ALAMAR BIOSCIENCES INC,676,0.0010
2026-07-09,ARKG,Sell,BNTX,BIONTECH SE,849,0.0047
2026-07-09,ARKG,Sell,ABSI,ABSCI CORP,37406,0.0259
2026-07-09,ARKG,Sell,PSNL,PERSONALIS INC,31889,0.0281
2026-07-09,ARKG,Sell,NTRA,NATERA INC,4889,0.0807
2026-07-09,ARKG,Sell,ADPT,ADAPTIVE BIOTECHNOLOGIES CORP,108120,0.1373
2026-07-09,ARKG,Sell,CDNA,CAREDX INC,82101,0.1391
2026-07-09,ARKG,Sell,GH,GUARDANT HEALTH INC,16105,0.1565
2026-07-09,ARKG,Sell,TWST,TWIST BIOSCIENCE CORP,60891,0.3404
2026-07-09,ARKF,Buy,META,META PLATFORMS INC,2798,0.2318
2026-07-09,ARKF,Buy,CRCL,CIRCLE INTERNET GROUP INC,17807,0.1511
2026-07-09,ARKF,Sell,ROKU,ROKU INC,21347,0.4022
2026-07-09,ARKX,Sell,SRTA,STRATA CRITICAL MEDICAL INC,51691,0.0312
2026-07-09,ARKX,Sell,IRDM,IRIDIUM COMMUNICATIONS INC,7661,0.0452
2026-07-10,ARKK,Buy,SPCX,SPACE EXPLORATION TECHNOLOGIES CORP,68914,0.1533
2026-07-10,ARKK,Buy,COIN,COINBASE GLOBAL INC,63727,0.1522
2026-07-10,ARKK,Buy,XE,X-ENERGY INC,95351,0.0226
2026-07-10,ARKK,Buy,RXRX,RECURSION PHARMACEUTICALS INC,157273,0.0084
2026-07-10,ARKK,Sell,TWST,TWIST BIOSCIENCE CORP,1985,0.0027
2026-07-10,ARKK,Sell,DE,DEERE & CO,6960,0.0619
2026-07-10,ARKK,Sell,TXG,10X GENOMICS INC,158592,0.1012
2026-07-10,ARKK,Sell,AMD,ADVANCED MICRO DEVICES INC,12258,0.1024
2026-07-10,ARKQ,Buy,SPCX,SPACE EXPLORATION TECHNOLOGIES CORP,21467,0.1538
2026-07-10,ARKQ,Buy,XE,X-ENERGY INC,29697,0.0227
2026-07-10,ARKQ,Sell,SRTA,STRATA CRITICAL MEDICAL INC,17768,0.0044
2026-07-10,ARKQ,Sell,DE,DEERE & CO,3254,0.0932
2026-07-10,ARKQ,Sell,AMD,ADVANCED MICRO DEVICES INC,5735,0.1543
2026-07-10,ARKW,Buy,SPCX,SPACE EXPLORATION TECHNOLOGIES CORP,17896,0.1546
2026-07-10,ARKW,Buy,COIN,COINBASE GLOBAL INC,16546,0.1535
2026-07-10,ARKW,Sell,ROKU,ROKU INC,37533,0.3074
2026-07-10,ARKG,Buy,IONS,IONIS PHARMACEUTICALS INC,28034,0.0956
2026-07-10,ARKG,Buy,TEM,TEMPUS AI INC,28276,0.0950
2026-07-10,ARKG,Buy,PRME,"PRIME MEDICINE, INC",293106,0.0638
2026-07-10,ARKG,Buy,GENB,GENERATE BIOMEDICINES INC,54804,0.0463
2026-07-10,ARKG,Buy,CMPS,COMPASS PATHWAYS PLC,37822,0.0291
2026-07-10,ARKG,Buy,RXRX,RECURSION PHARMACEUTICALS INC,91950,0.0189
2026-07-10,ARKG,Buy,ALMR,ALAMAR BIOSCIENCES INC,1991,0.0030
2026-07-10,ARKG,Sell,BNTX,BIONTECH SE,307,0.0016
2026-07-10,ARKG,Sell,PSNL,PERSONALIS INC,1977,0.0017
2026-07-10,ARKG,Sell,TWST,TWIST BIOSCIENCE CORP,2789,0.0148
2026-07-10,ARKF,Buy,COIN,COINBASE GLOBAL INC,7136,0.1510
2026-07-10,ARKF,Sell,ROKU,ROKU INC,8092,0.1511
2026-07-10,ARKX,Buy,SPCX,SPACE EXPLORATION TECHNOLOGIES CORP,8694,0.1494
2026-07-10,ARKX,Buy,XE,X-ENERGY INC,12023,0.0220
2026-07-10,ARKX,Sell,SRTA,STRATA CRITICAL MEDICAL INC,12328,0.0073
2026-07-10,ARKX,Sell,IRDM,IRIDIUM COMMUNICATIONS INC,3412,0.0198
2026-07-10,ARKX,Sell,DE,DEERE & CO,878,0.0603
2026-07-10,ARKX,Sell,AMD,ADVANCED MICRO DEVICES INC,1547,0.0998
2026-07-13,ARKK,Buy,SPCX,SPACE EXPLORATION TECHNOLOGIES CORP,88957,0.1825
2026-07-13,ARKK,Buy,XE,X-ENERGY INC,372387,0.0854
2026-07-13,ARKK,Buy,RXRX,RECURSION PHARMACEUTICALS INC,84052,0.0042
2026-07-13,ARKK,Sell,DE,DEERE & CO,3970,0.0344
2026-07-13,ARKK,Sell,TXG,10X GENOMICS INC,55708,0.0348
2026-07-13,ARKK,Sell,TWST,TWIST BIOSCIENCE CORP,39312,0.0528
2026-07-13,ARKQ,Buy,OKLO,OKLO INC,100854,0.2167
2026-07-13,ARKQ,Buy,SPCX,SPACE EXPLORATION TECHNOLOGIES CORP,32556,0.2137
2026-07-13,ARKQ,Buy,KTOS,KRATOS DEFENSE AND SECURITY SOLUTIONS INC,79938,0.1765
2026-07-13,ARKQ,Buy,XE,X-ENERGY INC,136539,0.1002
2026-07-13,ARKQ,Buy,PONY,PONY AI INC,49493,0.0154
2026-07-13,ARKQ,Buy,KDK,KODIAK AI INC,71707,0.0154
2026-07-13,ARKQ,Buy,WRD,WERIDE INC,24210,0.0064
2026-07-13,ARKQ,Sell,SRTA,STRATA CRITICAL MEDICAL INC,5342,0.0013
2026-07-13,ARKQ,Sell,BIDU,BAIDU INC,14356,0.0769
2026-07-13,ARKQ,Sell,DE,DEERE & CO,16499,0.4571
2026-07-13,ARKQ,Sell,AMD,ADVANCED MICRO DEVICES INC,22919,0.5817
2026-07-13,ARKW,Buy,XYZ,BLOCK INC,53346,0.2381
2026-07-13,ARKW,Buy,SPCX,SPACE EXPLORATION TECHNOLOGIES CORP,23008,0.1819
2026-07-13,ARKW,Sell,AMD,ADVANCED MICRO DEVICES INC,16311,0.4986
2026-07-13,ARKG,Buy,IONS,IONIS PHARMACEUTICALS INC,66277,0.2257
2026-07-13,ARKG,Buy,BEAM,BEAM THERAPEUTICS INC,82392,0.1543
2026-07-13,ARKG,Buy,ALMR,ALAMAR BIOSCIENCES INC,37003,0.0630
2026-07-13,ARKG,Buy,PRME,"PRIME MEDICINE, INC",246729,0.0529
2026-07-13,ARKG,Buy,RXRX,RECURSION PHARMACEUTICALS INC,48320,0.0098
2026-07-13,ARKG,Buy,CMPS,COMPASS PATHWAYS PLC,11875,0.0094
2026-07-13,ARKG,Sell,ABSI,ABSCI CORP,3262,0.0021
2026-07-13,ARKG,Sell,TWST,TWIST BIOSCIENCE CORP,16880,0.0925
2026-07-13,ARKG,Sell,PSNL,PERSONALIS INC,276740,0.2537
2026-07-13,ARKF,Buy,SECZ,CANTOR EQUITY PARTNERS II INC,340300,0.3710
2026-07-13,ARKF,Buy,XYZ,BLOCK INC,18272,0.1895
2026-07-13,ARKF,Sell,ROKU,ROKU INC,39661,0.7467
2026-07-13,ARKX,Buy,SPCX,SPACE EXPLORATION TECHNOLOGIES CORP,8728,0.1415
2026-07-13,ARKX,Buy,KTOS,KRATOS DEFENSE AND SECURITY SOLUTIONS INC,12897,0.0704
2026-07-13,ARKX,Buy,XE,X-ENERGY INC,36527,0.0662
2026-07-13,ARKX,Sell,SRTA,STRATA CRITICAL MEDICAL INC,2432,0.0015
2026-07-13,ARKX,Sell,DE,DEERE & CO,1832,0.1254
2026-07-13,ARKX,Sell,AMD,ADVANCED MICRO DEVICES INC,2309,0.1448
2026-07-14,ARKK,Buy,CRCL,CIRCLE INTERNET GROUP INC,159517,0.1173
2026-07-14,ARKK,Buy,XE,X-ENERGY INC,106093,0.0193
2026-07-14,ARKK,Sell,TWST,TWIST BIOSCIENCE CORP,22875,0.0253
2026-07-14,ARKK,Sell,HOOD,ROBINHOOD MARKETS INC,27742,0.0372
2026-07-14,ARKK,Sell,AMD,ADVANCED MICRO DEVICES INC,9742,0.0636
2026-07-14,ARKK,Sell,TXG,10X GENOMICS INC,153191,0.0805
2026-07-14,ARKQ,Buy,KTOS,KRATOS DEFENSE AND SECURITY SOLUTIONS INC,22103,0.0354
2026-07-14,ARKQ,Buy,XE,X-ENERGY INC,32069,0.0159
2026-07-14,ARKQ,Buy,KDK,KODIAK AI INC,93900,0.0139
2026-07-14,ARKQ,Buy,PONY,PONY AI INC,17505,0.0039
2026-07-14,ARKQ,Buy,WRD,WERIDE INC,9515,0.0018
2026-07-14,ARKQ,Sell,SRTA,STRATA CRITICAL MEDICAL INC,22634,0.0038
2026-07-14,ARKW,Buy,CRCL,CIRCLE INTERNET GROUP INC,42400,0.1200
2026-07-14,ARKW,Buy,XYZ,BLOCK INC,13318,0.0479
2026-07-14,ARKW,Sell,ROKU,ROKU INC,10224,0.0664
2026-07-14,ARKG,Buy,IONS,IONIS PHARMACEUTICALS INC,49003,0.1657
2026-07-14,ARKG,Buy,BEAM,BEAM THERAPEUTICS INC,14820,0.0277
2026-07-14,ARKG,Buy,PRME,"PRIME MEDICINE, INC",88796,0.0188
2026-07-14,ARKG,Buy,ALMR,ALAMAR BIOSCIENCES INC,10424,0.0174
2026-07-14,ARKG,Buy,RXRX,RECURSION PHARMACEUTICALS INC,14897,0.0029
2026-07-14,ARKG,Sell,ABSI,ABSCI CORP,3446,0.0022
2026-07-14,ARKG,Sell,TWST,TWIST BIOSCIENCE CORP,12414,0.0710
2026-07-14,ARKG,Sell,PSNL,PERSONALIS INC,162990,0.1513
2026-07-14,ARKF,Buy,CRCL,CIRCLE INTERNET GROUP INC,18095,0.1492
2026-07-14,ARKF,Buy,SECZ,SECURITIZE CORP,113270,0.1195
2026-07-14,ARKF,Buy,XYZ,BLOCK INC,5711,0.0599
2026-07-14,ARKF,Sell,ROKU,ROKU INC,8054,0.1523
2026-07-14,ARKX,Buy,KTOS,KRATOS DEFENSE AND SECURITY SOLUTIONS INC,5489,0.0327
2026-07-14,ARKX,Buy,XE,X-ENERGY INC,13271,0.0246
2026-07-14,ARKX,Sell,SRTA,STRATA CRITICAL MEDICAL INC,15911,0.0099
2026-07-15,ARKK,Buy,SPCX,SPACE EXPLORATION TECHNOLOGIES CORP,71766,0.1435
2026-07-15,ARKK,Buy,XE,X-ENERGY INC,141890,0.0318
2026-07-15,ARKK,Sell,DE,DEERE & CO,1114,0.0097
2026-07-15,ARKK,Sell,HOOD,ROBINHOOD MARKETS INC,33466,0.0572
2026-07-15,ARKK,Sell,TXG,10X GENOMICS INC,99977,0.0678
2026-07-15,ARKK,Sell,TWST,TWIST BIOSCIENCE CORP,59599,0.0827
2026-07-15,ARKQ,Buy,SPCX,SPACE EXPLORATION TECHNOLOGIES CORP,22229,0.1474
2026-07-15,ARKQ,Buy,KTOS,KRATOS DEFENSE AND SECURITY SOLUTIONS INC,26945,0.0682
2026-07-15,ARKQ,Buy,XE,X-ENERGY INC,44167,0.0328
2026-07-15,ARKQ,Buy,KDK,KODIAK AI INC,107502,0.0235
2026-07-15,ARKQ,Buy,PONY,PONY AI INC,56987,0.0201
2026-07-15,ARKQ,Buy,WRD,WERIDE INC,22002,0.0067
2026-07-15,ARKQ,Sell,SRTA,STRATA CRITICAL MEDICAL INC,16100,0.0043
2026-07-15,ARKQ,Sell,DE,DEERE & CO,5003,0.1449
2026-07-15,ARKW,Buy,SPCX,SPACE EXPLORATION TECHNOLOGIES CORP,19585,0.1480
2026-07-15,ARKW,Sell,ROKU,ROKU INC,751,0.0060
2026-07-15,ARKG,Buy,BEAM,BEAM THERAPEUTICS INC,32751,0.0605
2026-07-15,ARKG,Buy,ALMR,ALAMAR BIOSCIENCES INC,29223,0.0477
2026-07-15,ARKG,Buy,PRME,"PRIME MEDICINE, INC",54881,0.0114
2026-07-15,ARKG,Buy,CMPS,COMPASS PATHWAYS PLC,7929,0.0062
2026-07-15,ARKG,Sell,ABSI,ABSCI CORP,5694,0.0035
2026-07-15,ARKG,Sell,TWST,TWIST BIOSCIENCE CORP,11610,0.0657
2026-07-15,ARKG,Sell,PSNL,PERSONALIS INC,148988,0.1405
2026-07-15,ARKX,Buy,SPCX,SPACE EXPLORATION TECHNOLOGIES CORP,9227,0.1479
2026-07-15,ARKX,Buy,KTOS,KRATOS DEFENSE AND SECURITY SOLUTIONS INC,7178,0.0439
2026-07-15,ARKX,Buy,XE,X-ENERGY INC,18310,0.0329
2026-07-15,ARKX,Sell,SRTA,STRATA CRITICAL MEDICAL INC,11344,0.0073
2026-07-15,ARKX,Sell,DE,DEERE & CO,716,0.0501
2026-07-16,ARKK,Buy,XE,X-ENERGY INC,403264,0.0838
2026-07-16,ARKK,Sell,TWST,TWIST BIOSCIENCE CORP,7599,0.0108
2026-07-16,ARKK,Sell,NTRA,NATERA INC,19375,0.0803
2026-07-16,ARKK,Sell,ILMN,ILLUMINA INC,28117,0.0817
2026-07-16,ARKQ,Buy,PONY,PONY AI INC,205332,0.0719
2026-07-16,ARKQ,Buy,XE,X-ENERGY INC,104083,0.0703
2026-07-16,ARKQ,Buy,KDK,KODIAK AI INC,65383,0.0139
2026-07-16,ARKQ,Buy,WRD,WERIDE INC,24448,0.0075
2026-07-16,ARKQ,Sell,SRTA,STRATA CRITICAL MEDICAL INC,329,0.0001
2026-07-16,ARKQ,Sell,BIDU,BAIDU INC,5000,0.0288
2026-07-16,ARKW,Sell,ROKU,ROKU INC,301,0.0024
2026-07-16,ARKG,Buy,CMPS,COMPASS PATHWAYS PLC,395987,0.2990
2026-07-16,ARKG,Buy,ABSI,ABSCI CORP,314467,0.1563
2026-07-16,ARKG,Buy,PRME,"PRIME MEDICINE, INC",424438,0.0836
2026-07-16,ARKG,Buy,ALMR,ALAMAR BIOSCIENCES INC,37822,0.0590
2026-07-16,ARKG,Buy,BEAM,BEAM THERAPEUTICS INC,29375,0.0520
2026-07-16,ARKG,Sell,TWST,TWIST BIOSCIENCE CORP,1547,0.0087
2026-07-16,ARKG,Sell,PSNL,PERSONALIS INC,243532,0.2324
2026-07-16,ARKG,Sell,ATAI,ATAIBECKLEY INC,1123010,0.4846
2026-07-16,ARKX,Sell,SRTA,STRATA CRITICAL MEDICAL INC,232,0.0002
2026-07-17,ARKK,Buy,SPCX,SPACE EXPLORATION TECHNOLOGIES CORP,95129,0.1885
2026-07-17,ARKK,Buy,CRWV,COREWEAVE INC,81286,0.0947
2026-07-17,ARKK,Buy,XE,X-ENERGY INC,16136,0.0035
2026-07-17,ARKK,Sell,TWST,TWIST BIOSCIENCE CORP,6657,0.0098
2026-07-17,ARKK,Sell,TXG,10X GENOMICS INC,111013,0.0775
2026-07-17,ARKK,Sell,AMD,ADVANCED MICRO DEVICES INC,12057,0.0951
2026-07-17,ARKK,Sell,HOOD,ROBINHOOD MARKETS INC,59131,0.0963
2026-07-17,ARKQ,Buy,AVAV,AEROVIRONMENT INC,26300,0.1962
2026-07-17,ARKQ,Buy,KTOS,KRATOS DEFENSE AND SECURITY SOLUTIONS INC,82151,0.1956
2026-07-17,ARKQ,Buy,SPCX,SPACE EXPLORATION TECHNOLOGIES CORP,30646,0.1947
2026-07-17,ARKQ,Buy,ISRG,INTUITIVE SURGICAL INC,7975,0.1463
2026-07-17,ARKQ,Buy,PONY,PONY AI INC,133285,0.0449
2026-07-17,ARKQ,Buy,WRD,WERIDE INC,32861,0.0097
2026-07-17,ARKQ,Buy,KDK,KODIAK AI INC,26792,0.0057
2026-07-17,ARKQ,Buy,XE,X-ENERGY INC,4440,0.0031
2026-07-17,ARKQ,Sell,SRTA,STRATA CRITICAL MEDICAL INC,8256,0.0022
2026-07-17,ARKQ,Sell,BIDU,BAIDU INC,7651,0.0423
2026-07-17,ARKQ,Sell,DE,DEERE & CO,3171,0.0972
2026-07-17,ARKQ,Sell,CAT,CATERPILLAR INC,2166,0.0976
2026-07-17,ARKQ,Sell,AMD,ADVANCED MICRO DEVICES INC,3886,0.0983
2026-07-17,ARKQ,Sell,IRDM,IRIDIUM COMMUNICATIONS INC,120058,0.2887
2026-07-17,ARKW,Buy,META,META PLATFORMS INC,3983,0.1474
2026-07-17,ARKW,Buy,CRWV,COREWEAVE INC,34541,0.1460
2026-07-17,ARKW,Buy,NFLX,NETFLIX INC,38068,0.1460
2026-07-17,ARKW,Buy,SPCX,SPACE EXPLORATION TECHNOLOGIES CORP,9419,0.0677
2026-07-17,ARKW,Sell,ROKU,ROKU INC,197,0.0016
2026-07-17,ARKW,Sell,NET,CLOUDFLARE INC,7273,0.1171
2026-07-17,ARKW,Sell,HOOD,ROBINHOOD MARKETS INC,20089,0.1186
2026-07-17,ARKW,Sell,AMD,ADVANCED MICRO DEVICES INC,4436,0.1270
2026-07-17,ARKG,Buy,CMPS,COMPASS PATHWAYS PLC,101791,0.0769
2026-07-17,ARKG,Buy,ABSI,ABSCI CORP,33110,0.0159
2026-07-17,ARKG,Buy,PRME,"PRIME MEDICINE, INC",81580,0.0158
2026-07-17,ARKG,Sell,TWST,TWIST BIOSCIENCE CORP,1784,0.0102
2026-07-17,ARKG,Sell,ATAI,ATAIBECKLEY INC,70667,0.0315
2026-07-17,ARKF,Buy,META,META PLATFORMS INC,1743,0.1480
2026-07-17,ARKF,Sell,ROKU,ROKU INC,7646,0.1467
2026-07-17,ARKX,Buy,AVAV,AEROVIRONMENT INC,10777,0.1929
2026-07-17,ARKX,Buy,KTOS,KRATOS DEFENSE AND SECURITY SOLUTIONS INC,33661,0.1923
2026-07-17,ARKX,Buy,SPCX,SPACE EXPLORATION TECHNOLOGIES CORP,12611,0.1922
2026-07-17,ARKX,Sell,SRTA,STRATA CRITICAL MEDICAL INC,5693,0.0036
2026-07-17,ARKX,Sell,IRDM,IRIDIUM COMMUNICATIONS INC,24576,0.1418
2026-07-17,ARKX,Sell,DE,DEERE & CO,2610,0.1919
2026-07-17,ARKX,Sell,AMD,ADVANCED MICRO DEVICES INC,3194,0.1938
2026-07-20,ARKK,Buy,META,META PLATFORMS INC,18560,0.2008
2026-07-20,ARKK,Buy,SPCX,SPACE EXPLORATION TECHNOLOGIES CORP,97664,0.2001
2026-07-20,ARKK,Buy,TEM,TEMPUS AI INC,122709,0.0989
2026-07-20,ARKK,Buy,ACHR,ARCHER AVIATION INC,63281,0.0053
2026-07-20,ARKK,Buy,XE,X-ENERGY INC,7396,0.0018
2026-07-20,ARKK,Sell,TXG,10X GENOMICS INC,27145,0.0198
2026-07-20,ARKK,Sell,HOOD,ROBINHOOD MARKETS INC,29436,0.0497
2026-07-20,ARKK,Sell,NTRA,NATERA INC,11231,0.0499
2026-07-20,ARKK,Sell,ILMN,ILLUMINA INC,16027,0.0499
2026-07-20,ARKK,Sell,AMD,ADVANCED MICRO DEVICES INC,5791,0.0500
2026-07-20,ARKK,Sell,SNOW,SNOWFLAKE INC,10908,0.0502
2026-07-20,ARKK,Sell,SHOP,SHOPIFY INC,142583,0.2999
2026-07-20,ARKQ,Buy,SPCX,SPACE EXPLORATION TECHNOLOGIES CORP,31807,0.2027
2026-07-20,ARKQ,Buy,PONY,PONY AI INC,90778,0.0317
2026-07-20,ARKQ,Buy,WRD,WERIDE INC,54278,0.0168
2026-07-20,ARKQ,Buy,ACHR,ARCHER AVIATION INC,41174,0.0108
2026-07-20,ARKQ,Buy,KDK,KODIAK AI INC,14195,0.0031
2026-07-20,ARKQ,Buy,XE,X-ENERGY INC,2012,0.0015
2026-07-20,ARKQ,Sell,SRTA,STRATA CRITICAL MEDICAL INC,135532,0.0362
2026-07-20,ARKQ,Sell,IRDM,IRIDIUM COMMUNICATIONS INC,82346,0.2012
2026-07-20,ARKQ,Sell,BIDU,BAIDU INC,48836,0.2834
2026-07-20,ARKW,Buy,META,META PLATFORMS INC,6652,0.2541
2026-07-20,ARKW,Buy,SPCX,SPACE EXPLORATION TECHNOLOGIES CORP,28153,0.2036
2026-07-20,ARKW,Sell,SNOW,SNOWFLAKE INC,3776,0.0613
2026-07-20,ARKW,Sell,HOOD,ROBINHOOD MARKETS INC,11886,0.0708
2026-07-20,ARKW,Sell,AMD,ADVANCED MICRO DEVICES INC,2338,0.0712
2026-07-20,ARKW,Sell,SHOP,SHOPIFY INC,34068,0.2529
2026-07-20,ARKG,Buy,LLY,ELI LILLY AND CO,2730,0.1960
2026-07-20,ARKG,Buy,TEM,TEMPUS AI INC,66076,0.1959
2026-07-20,ARKG,Buy,CMPS,COMPASS PATHWAYS PLC,238048,0.1747
2026-07-20,ARKG,Buy,PRME,"PRIME MEDICINE, INC",491418,0.0941
2026-07-20,ARKG,Buy,ABSI,ABSCI CORP,15996,0.0081
2026-07-20,ARKG,Sell,CDNA,CAREDX INC,38076,0.0911
2026-07-20,ARKG,Sell,ATAI,ATAIBECKLEY INC,719543,0.3170
2026-07-20,ARKF,Buy,META,META PLATFORMS INC,2894,0.2526
2026-07-20,ARKF,Buy,SECZ,SECURITIZE CORP,83233,0.0741
2026-07-20,ARKF,Sell,SHOP,SHOPIFY INC,26701,0.4530
2026-07-20,ARKX,Buy,SPCX,SPACE EXPLORATION TECHNOLOGIES CORP,13010,0.2027
2026-07-20,ARKX,Buy,ACHR,ARCHER AVIATION INC,16845,0.0107
2026-07-20,ARKX,Sell,SRTA,STRATA CRITICAL MEDICAL INC,93432,0.0610
2026-07-20,ARKX,Sell,IRDM,IRIDIUM COMMUNICATIONS INC,33251,0.1986
2026-07-21,ARKK,Buy,XE,X-ENERGY INC,3365,0.0009
2026-07-21,ARKK,Sell,SLMT,BRERA HOLDINGS PLC,2800,0.0002
2026-07-21,ARKQ,Buy,PONY,PONY AI INC,163163,0.0584
2026-07-21,ARKQ,Buy,WRD,WERIDE INC,24951,0.0076
2026-07-21,ARKQ,Buy,KDK,KODIAK AI INC,12400,0.0028
2026-07-21,ARKQ,Buy,XE,X-ENERGY INC,912,0.0007
2026-07-21,ARKQ,Sell,SRTA,STRATA CRITICAL MEDICAL INC,76125,0.0206
2026-07-21,ARKQ,Sell,IRDM,IRIDIUM COMMUNICATIONS INC,91673,0.2244
2026-07-21,ARKW,Sell,SLMT,BRERA HOLDINGS PLC,1108,0.0003
2026-07-21,ARKG,Buy,PRME,"PRIME MEDICINE, INC",76393,0.0149
2026-07-21,ARKG,Buy,ABSI,ABSCI CORP,16562,0.0084
2026-07-21,ARKG,Sell,CDNA,CAREDX INC,91904,0.2266
2026-07-21,ARKF,Buy,SECZ,SECURITIZE CORP,16665,0.0149
2026-07-21,ARKF,Sell,SLMT,BRERA HOLDINGS PLC,701,0.0005
2026-07-21,ARKX,Sell,SRTA,STRATA CRITICAL MEDICAL INC,52704,0.0349
2026-07-21,ARKX,Sell,IRDM,IRIDIUM COMMUNICATIONS INC,23188,0.1387
2026-07-22,ARKK,Buy,SPCX,SPACE EXPLORATION TECHNOLOGIES CORP,76261,0.1469
2026-07-22,ARKK,Buy,ACHR,ARCHER AVIATION INC,466455,0.0396
2026-07-22,ARKK,Sell,SLMT,BRERA HOLDINGS PLC,994,0.0001
2026-07-22,ARKK,Sell,HOOD,ROBINHOOD MARKETS INC,85969,0.1475
2026-07-22,ARKQ,Buy,SPCX,SPACE EXPLORATION TECHNOLOGIES CORP,24884,0.1483
2026-07-22,ARKQ,Buy,ACHR,ARCHER AVIATION INC,336631,0.0883
2026-07-22,ARKQ,Buy,PONY,PONY AI INC,57164,0.0197
2026-07-22,ARKQ,Buy,WRD,WERIDE INC,49436,0.0146
2026-07-22,ARKQ,Sell,SRTA,STRATA CRITICAL MEDICAL INC,15363,0.0040
2026-07-22,ARKQ,Sell,IRDM,IRIDIUM COMMUNICATIONS INC,26778,0.0641
2026-07-22,ARKW,Buy,SPCX,SPACE EXPLORATION TECHNOLOGIES CORP,10072,0.0682
2026-07-22,ARKW,Sell,SLMT,BRERA HOLDINGS PLC,393,0.0001
2026-07-22,ARKW,Sell,HOOD,ROBINHOOD MARKETS INC,11356,0.0684
2026-07-22,ARKG,Buy,PRME,"PRIME MEDICINE, INC",206310,0.0391
2026-07-22,ARKG,Buy,CMPS,COMPASS PATHWAYS PLC,42091,0.0310
2026-07-22,ARKG,Sell,CDNA,CAREDX INC,14662,0.0341
2026-07-22,ARKF,Buy,SECZ,SECURITIZE CORP,66127,0.0656
2026-07-22,ARKF,Sell,SLMT,BRERA HOLDINGS PLC,249,0.0002
2026-07-22,ARKX,Buy,SPCX,SPACE EXPLORATION TECHNOLOGIES CORP,10167,0.1487
2026-07-22,ARKX,Buy,ACHR,ARCHER AVIATION INC,137348,0.0884
2026-07-22,ARKX,Sell,SRTA,STRATA CRITICAL MEDICAL INC,10643,0.0067
2026-07-22,ARKX,Sell,IRDM,IRIDIUM COMMUNICATIONS INC,13284,0.0780
2026-07-23,ARKK,Buy,TSLA,TESLA INC,98782,0.5428
2026-07-23,ARKK,Buy,CRCL,CIRCLE INTERNET GROUP INC,92352,0.0961
2026-07-23,ARKK,Sell,SLMT,BRERA HOLDINGS PLC,18698,0.0016
2026-07-23,ARKK,Sell,DE,DEERE & CO,4748,0.0481
2026-07-23,ARKK,Sell,TWST,TWIST BIOSCIENCE CORP,45713,0.0719
2026-07-23,ARKK,Sell,TXG,10X GENOMICS INC,152597,0.1202
2026-07-23,ARKK,Sell,FIG,FIGMA INC,858931,0.2875
2026-07-23,ARKQ,Buy,TSLA,TESLA INC,30396,0.5129
2026-07-23,ARKQ,Buy,WRD,WERIDE INC,62694,0.0183
2026-07-23,ARKQ,Buy,KDK,KODIAK AI INC,76862,0.0165
2026-07-23,ARKQ,Buy,PONY,PONY AI INC,400,0.0001
2026-07-23,ARKQ,Sell,SRTA,STRATA CRITICAL MEDICAL INC,68152,0.0176
2026-07-23,ARKQ,Sell,IRDM,IRIDIUM COMMUNICATIONS INC,50182,0.1204
2026-07-23,ARKQ,Sell,DE,DEERE & CO,7821,0.2431
2026-07-23,ARKQ,Sell,CAT,CATERPILLAR INC,5322,0.2438
2026-07-23,ARKW,Buy,TSLA,TESLA INC,21048,0.4082
2026-07-23,ARKW,Buy,CRCL,CIRCLE INTERNET GROUP INC,26272,0.0965
2026-07-23,ARKW,Sell,SLMT,BRERA HOLDINGS PLC,7403,0.0022
2026-07-23,ARKW,Sell,FIG,FIGMA INC,117437,0.1387
2026-07-23,ARKW,Sell,HOOD,ROBINHOOD MARKETS INC,40553,0.2438
2026-07-23,ARKG,Buy,CMPS,COMPASS PATHWAYS PLC,31016,0.0229
2026-07-23,ARKG,Buy,ABSI,ABSCI CORP,4753,0.0024
2026-07-23,ARKF,Buy,CRCL,CIRCLE INTERNET GROUP INC,11512,0.0972
2026-07-23,ARKF,Buy,SECZ,SECURITIZE CORP,48377,0.0478
2026-07-23,ARKF,Sell,SLMT,BRERA HOLDINGS PLC,4686,0.0032
2026-07-23,ARKF,Sell,ROKU,ROKU INC,5090,0.0973
2026-07-23,ARKX,Buy,TSLA,TESLA INC,9925,0.4101
2026-07-23,ARKX,Sell,SRTA,STRATA CRITICAL MEDICAL INC,47218,0.0299
2026-07-23,ARKX,Sell,ESLT,ELBIT SYSTEMS LTD,580,0.0587
2026-07-23,ARKX,Sell,IRDM,IRIDIUM COMMUNICATIONS INC,15406,0.0905
2026-07-23,ARKX,Sell,TER,TERADYNE INC,2153,0.1004
2026-07-23,ARKX,Sell,DE,DEERE & CO,2608,0.1985
2026-07-24,ARKK,Buy,XE,X-ENERGY INC,90543,0.0235
2026-07-24,ARKK,Buy,BMNR,BITMINE IMMERSION TECHNOLOGIES INC,5264,0.0014
2026-07-24,ARKK,Sell,FIG,FIGMA INC,627559,0.2284
2026-07-24,ARKQ,Buy,XE,X-ENERGY INC,30161,0.0236
2026-07-24,ARKQ,Buy,PONY,PONY AI INC,40404,0.0149
2026-07-24,ARKQ,Buy,KDK,KODIAK AI INC,47500,0.0103
2026-07-24,ARKQ,Buy,WRD,WERIDE INC,33636,0.0096
2026-07-24,ARKQ,Sell,SRTA,STRATA CRITICAL MEDICAL INC,105410,0.0278
2026-07-24,ARKW,Buy,SOLQ.U,3IQ SOLANA STAKING ETF,16917,0.0062
2026-07-24,ARKW,Sell,FIG,FIGMA INC,90744,0.1161
2026-07-24,ARKG,Buy,SCTX,SCRIBE THERAPEUTICS INC,361253,0.3432
2026-07-24,ARKG,Buy,CMPS,COMPASS PATHWAYS PLC,107121,0.0767
2026-07-24,ARKG,Sell,ATAI,ATAIBECKLEY INC,758353,0.3448
2026-07-24,ARKF,Buy,SOLQ.U,3IQ SOLANA STAKING ETF,11101,0.0092
2026-07-24,ARKX,Sell,ESLT,ELBIT SYSTEMS LTD,198,0.0204
2026-07-24,ARKX,Sell,SRTA,STRATA CRITICAL MEDICAL INC,72899,0.0460
2026-07-27,ARKK,Buy,SPCX,SPACE EXPLORATION TECHNOLOGIES CORP,78031,0.1558
2026-07-27,ARKK,Buy,TSLA,TESLA INC,18730,0.1027
2026-07-27,ARKK,Sell,SLMT,BRERA HOLDINGS PLC,7167,0.0005
2026-07-27,ARKK,Sell,TXG,10X GENOMICS INC,72497,0.0594
2026-07-27,ARKK,Sell,DE,DEERE & CO,6979,0.0775
2026-07-27,ARKQ,Buy,SPCX,SPACE EXPLORATION TECHNOLOGIES CORP,25442,0.1520
2026-07-27,ARKQ,Buy,TSLA,TESLA INC,9134,0.1499
2026-07-27,ARKQ,Buy,PONY,PONY AI INC,20000,0.0078
2026-07-27,ARKQ,Buy,KDK,KODIAK AI INC,12772,0.0029
2026-07-27,ARKQ,Sell,SRTA,STRATA CRITICAL MEDICAL INC,57762,0.0159
2026-07-27,ARKQ,Sell,CAT,CATERPILLAR INC,1529,0.0708
2026-07-27,ARKQ,Sell,DE,DEERE & CO,2428,0.0807
2026-07-27,ARKQ,Sell,IRDM,IRIDIUM COMMUNICATIONS INC,33218,0.0813
2026-07-27,ARKW,Buy,SPCX,SPACE EXPLORATION TECHNOLOGIES CORP,10369,0.0715
2026-07-27,ARKW,Buy,SOLQ.U,3IQ SOLANA STAKING ETF,2759,0.0010
2026-07-27,ARKW,Sell,SLMT,BRERA HOLDINGS PLC,2838,0.0007
2026-07-27,ARKW,Sell,HOOD,ROBINHOOD MARKETS INC,12119,0.0717
2026-07-27,ARKF,Buy,SOLQ.U,3IQ SOLANA STAKING ETF,2040,0.0018
2026-07-27,ARKF,Sell,SLMT,BRERA HOLDINGS PLC,1795,0.0010
2026-07-27,ARKX,Buy,SPCX,SPACE EXPLORATION TECHNOLOGIES CORP,10701,0.1527
2026-07-27,ARKX,Sell,SRTA,STRATA CRITICAL MEDICAL INC,39905,0.0263
2026-07-27,ARKX,Sell,IRDM,IRIDIUM COMMUNICATIONS INC,14034,0.0821
2026-07-28,ARKK,Buy,TSLA,TESLA INC,26920,0.1430
2026-07-28,ARKK,Buy,SPCX,SPACE EXPLORATION TECHNOLOGIES CORP,70773,0.1427
2026-07-28,ARKK,Buy,NVDA,NVIDIA CORP,42072,0.1415
2026-07-28,ARKK,Buy,BWXT,BWX TECHNOLOGIES INC,24071,0.0705
2026-07-28,ARKK,Buy,KTOS,KRATOS DEFENSE AND SECURITY SOLUTIONS INC,29917,0.0248
2026-07-28,ARKK,Buy,XE,X-ENERGY INC,50603,0.0137
2026-07-28,ARKK,Buy,BMNR,BITMINE IMMERSION TECHNOLOGIES INC,16458,0.0048
2026-07-28,ARKK,Sell,SLMT,BRERA HOLDINGS PLC,565,0.0000
2026-07-28,ARKK,Sell,VCYT,VERACYTE INC,20539,0.0198
2026-07-28,ARKK,Sell,TXG,10X GENOMICS INC,25096,0.0202
2026-07-28,ARKK,Sell,BLSH,BULLISH,70638,0.0277
2026-07-28,ARKK,Sell,NTRA,NATERA INC,6771,0.0297
2026-07-28,ARKK,Sell,DE,DEERE & CO,2705,0.0298
2026-07-28,ARKK,Sell,SHOP,SHOPIFY INC,15187,0.0344
2026-07-28,ARKK,Sell,GOOGL,ALPHABET INC,6820,0.0395
2026-07-28,ARKK,Sell,AMZN,AMAZON.COM INC,9895,0.0397
2026-07-28,ARKK,Sell,XYZ,BLOCK INC,27777,0.0397
2026-07-28,ARKK,Sell,RBLX,ROBLOX CORP,69135,0.0596
2026-07-28,ARKK,Sell,TWST,TWIST BIOSCIENCE CORP,39594,0.0601
2026-07-28,ARKK,Sell,HOOD,ROBINHOOD MARKETS INC,43420,0.0694
2026-07-28,ARKK,Sell,CRSP,CRISPR THERAPEUTICS AG,108908,0.0896
2026-07-28,ARKQ,Buy,LUNR,INTUITIVE MACHINES INC,692355,0.4743
2026-07-28,ARKQ,Buy,RKLB,ROCKET LAB CORP,43862,0.1467
2026-07-28,ARKQ,Buy,NVDA,NVIDIA CORP,13639,0.1400
2026-07-28,ARKQ,Buy,TSLA,TESLA INC,5785,0.0937
2026-07-28,ARKQ,Buy,SPCX,SPACE EXPLORATION TECHNOLOGIES CORP,15213,0.0936
2026-07-28,ARKQ,Buy,BWXT,BWX TECHNOLOGIES INC,7761,0.0693
2026-07-28,ARKQ,Buy,KTOS,KRATOS DEFENSE AND SECURITY SOLUTIONS INC,14473,0.0365
2026-07-28,ARKQ,Buy,XE,X-ENERGY INC,32630,0.0269
2026-07-28,ARKQ,Buy,PONY,PONY AI INC,20659,0.0080
2026-07-28,ARKQ,Buy,KDK,KODIAK AI INC,35220,0.0076
2026-07-28,ARKQ,Sell,SRTA,STRATA CRITICAL MEDICAL INC,50502,0.0136
2026-07-28,ARKQ,Sell,TRMB,TRIMBLE INC,47817,0.1465
2026-07-28,ARKQ,Sell,ESLT,ELBIT SYSTEMS LTD,3400,0.1467
2026-07-28,ARKQ,Sell,DE,DEERE & CO,4384,0.1473
2026-07-28,ARKQ,Sell,CAT,CATERPILLAR INC,3328,0.1477
2026-07-28,ARKQ,Sell,IRDM,IRIDIUM COMMUNICATIONS INC,106498,0.2547
2026-07-28,ARKQ,Sell,TDY,TELEDYNE TECHNOLOGIES INC,20178,0.6879
2026-07-28,ARKW,Buy,NVDA,NVIDIA CORP,11984,0.1415
2026-07-28,ARKW,Buy,TSLA,TESLA INC,5119,0.0955
2026-07-28,ARKW,Buy,SPCX,SPACE EXPLORATION TECHNOLOGIES CORP,9426,0.0667
2026-07-28,ARKW,Buy,SOLQ.U,3IQ SOLANA STAKING ETF,2997,0.0011
2026-07-28,ARKW,Sell,SLMT,BRERA HOLDINGS PLC,224,0.0001
2026-07-28,ARKW,Sell,DKNG,DRAFTKINGS INC,33008,0.0495
2026-07-28,ARKW,Sell,GENI,GENIUS SPORTS LTD,292255,0.1305
2026-07-28,ARKF,Buy,NVDA,NVIDIA CORP,5471,0.1432
2026-07-28,ARKF,Buy,SOLQ.U,3IQ SOLANA STAKING ETF,2255,0.0018
2026-07-28,ARKF,Sell,SLMT,BRERA HOLDINGS PLC,142,0.0001
2026-07-28,ARKF,Sell,ROKU,ROKU INC,7774,0.1511
2026-07-28,ARKX,Buy,LUNR,INTUITIVE MACHINES INC,290672,0.4740
2026-07-28,ARKX,Buy,RKLB,ROCKET LAB CORP,18635,0.1483
2026-07-28,ARKX,Buy,SPCX,SPACE EXPLORATION TECHNOLOGIES CORP,9696,0.1420
2026-07-28,ARKX,Buy,NVDA,NVIDIA CORP,5799,0.1417
2026-07-28,ARKX,Buy,TSLA,TESLA INC,2457,0.0948
2026-07-28,ARKX,Buy,BWXT,BWX TECHNOLOGIES INC,3298,0.0701
2026-07-28,ARKX,Buy,KTOS,KRATOS DEFENSE AND SECURITY SOLUTIONS INC,6146,0.0369
2026-07-28,ARKX,Buy,XE,X-ENERGY INC,13865,0.0272
2026-07-28,ARKX,Sell,SRTA,STRATA CRITICAL MEDICAL INC,34993,0.0224
2026-07-28,ARKX,Sell,DE,DEERE & CO,2480,0.1984
2026-07-28,ARKX,Sell,IRDM,IRIDIUM COMMUNICATIONS INC,78172,0.4452
2026-07-28,ARKX,Sell,HON,HONEYWELL INTERNATIONAL INC,20471,0.6374
2026-07-29,ARKK,Buy,SPCX,SPACE EXPLORATION TECHNOLOGIES CORP,80692,0.1566
2026-07-29,ARKK,Buy,TSM,TAIWAN SEMICONDUCTOR MANUFACTURING CO LTD,21520,0.1402
2026-07-29,ARKK,Buy,KTOS,KRATOS DEFENSE AND SECURITY SOLUTIONS INC,96810,0.0790
2026-07-29,ARKK,Buy,BWXT,BWX TECHNOLOGIES INC,9951,0.0286
2026-07-29,ARKK,Buy,XE,X-ENERGY INC,105816,0.0284
2026-07-29,ARKK,Buy,TSLA,TESLA INC,1126,0.0060
2026-07-29,ARKK,Sell,BLSH,BULLISH,11314,0.0045
2026-07-29,ARKK,Sell,ILMN,ILLUMINA INC,2917,0.0099
2026-07-29,ARKK,Sell,FIG,FIGMA INC,37162,0.0159
2026-07-29,ARKK,Sell,XYZ,BLOCK INC,13403,0.0192
2026-07-29,ARKK,Sell,TXG,10X GENOMICS INC,23953,0.0195
2026-07-29,ARKK,Sell,AMZN,AMAZON.COM INC,4902,0.0196
2026-07-29,ARKK,Sell,GOOGL,ALPHABET INC,3344,0.0196
2026-07-29,ARKK,Sell,RBLX,ROBLOX CORP,22586,0.0196
2026-07-29,ARKK,Sell,NTRA,NATERA INC,4495,0.0199
2026-07-29,ARKK,Sell,HOOD,ROBINHOOD MARKETS INC,12561,0.0199
2026-07-29,ARKK,Sell,TWST,TWIST BIOSCIENCE CORP,13516,0.0204
2026-07-29,ARKK,Sell,CRSP,CRISPR THERAPEUTICS AG,35272,0.0291
2026-07-29,ARKK,Sell,BMNR,BITMINE IMMERSION TECHNOLOGIES INC,120665,0.0363
2026-07-29,ARKK,Sell,SHOP,SHOPIFY INC,38626,0.0876
2026-07-29,ARKQ,Buy,SPCX,SPACE EXPLORATION TECHNOLOGIES CORP,25902,0.1552
2026-07-29,ARKQ,Buy,TSM,TAIWAN SEMICONDUCTOR MANUFACTURING CO LTD,7121,0.1431
2026-07-29,ARKQ,Buy,KTOS,KRATOS DEFENSE AND SECURITY SOLUTIONS INC,44048,0.1110
2026-07-29,ARKQ,Buy,XE,X-ENERGY INC,75032,0.0622
2026-07-29,ARKQ,Buy,BWXT,BWX TECHNOLOGIES INC,3293,0.0292
2026-07-29,ARKQ,Buy,PONY,PONY AI INC,36730,0.0151
2026-07-29,ARKQ,Buy,KDK,KODIAK AI INC,47500,0.0104
2026-07-29,ARKQ,Buy,TSLA,TESLA INC,232,0.0038
2026-07-29,ARKQ,Sell,SRTA,STRATA CRITICAL MEDICAL INC,5704,0.0016
2026-07-29,ARKQ,Sell,IRDM,IRIDIUM COMMUNICATIONS INC,3793,0.0092
2026-07-29,ARKQ,Sell,KMTUY,KOMATSU LTD,13008,0.0308
2026-07-29,ARKQ,Sell,TDY,TELEDYNE TECHNOLOGIES INC,4421,0.1514
2026-07-29,ARKW,Buy,TSM,TAIWAN SEMICONDUCTOR MANUFACTURING CO LTD,6243,0.1434
2026-07-29,ARKW,Buy,SPCX,SPACE EXPLORATION TECHNOLOGIES CORP,10970,0.0751
2026-07-29,ARKW,Buy,TSLA,TESLA INC,308,0.0058
2026-07-29,ARKW,Sell,DDOG,DATADOG INC (PRE-REINCORPORATION),6766,0.1089
2026-07-29,ARKW,Sell,NET,CLOUDFLARE INC,6654,0.1090
2026-07-29,ARKW,Sell,GENI,GENIUS SPORTS LTD,413801,0.1873
2026-07-29,ARKF,Sell,ROKU,ROKU INC,2524,0.0492
2026-07-29,ARKX,Buy,SPCX,SPACE EXPLORATION TECHNOLOGIES CORP,11368,0.1606
2026-07-29,ARKX,Buy,TSM,TAIWAN SEMICONDUCTOR MANUFACTURING CO LTD,3032,0.1437
2026-07-29,ARKX,Buy,KTOS,KRATOS DEFENSE AND SECURITY SOLUTIONS INC,18746,0.1113
2026-07-29,ARKX,Buy,XE,X-ENERGY INC,31944,0.0624
2026-07-29,ARKX,Buy,BWXT,BWX TECHNOLOGIES INC,1402,0.0293
2026-07-29,ARKX,Buy,TSLA,TESLA INC,148,0.0057
2026-07-29,ARKX,Sell,SRTA,STRATA CRITICAL MEDICAL INC,3947,0.0025
2026-07-29,ARKX,Sell,HON,HONEYWELL INTERNATIONAL INC,319,0.0098
2026-07-29,ARKX,Sell,GRMN,GARMIN LTD,3836,0.1459
2026-07-29,ARKX,Sell,IRDM,IRIDIUM COMMUNICATIONS INC,26650,0.1521
2026-07-30,ARKK,Buy,META,META PLATFORMS INC,16106,0.1564
2026-07-30,ARKK,Buy,XE,X-ENERGY INC,2232,0.0007
2026-07-30,ARKK,Sell,SLMT,BRERA HOLDINGS PLC,7301,0.0005
2026-07-30,ARKK,Sell,FIG,FIGMA INC,3026,0.0013
2026-07-30,ARKK,Sell,BLSH,BULLISH,12745,0.0052
2026-07-30,ARKK,Sell,BMNR,BITMINE IMMERSION TECHNOLOGIES INC,33560,0.0107
2026-07-30,ARKQ,Buy,LHX,"L3HARRIS TECHNOLOGIES, INC",20610,0.3062
2026-07-30,ARKQ,Buy,KDK,KODIAK AI INC,10641,0.0024
2026-07-30,ARKQ,Buy,PONY,PONY AI INC,5000,0.0021
2026-07-30,ARKQ,Buy,XE,X-ENERGY INC,1422,0.0013
2026-07-30,ARKQ,Sell,IRDM,IRIDIUM COMMUNICATIONS INC,1136,0.0029
2026-07-30,ARKQ,Sell,TDY,TELEDYNE TECHNOLOGIES INC,1424,0.0510
2026-07-30,ARKQ,Sell,CAT,CATERPILLAR INC,1136,0.0511
2026-07-30,ARKQ,Sell,ESLT,ELBIT SYSTEMS LTD,1174,0.0511
2026-07-30,ARKQ,Sell,SRTA,STRATA CRITICAL MEDICAL INC,206924,0.0583
2026-07-30,ARKQ,Sell,KMTUY,KOMATSU LTD,49130,0.1197
2026-07-30,ARKW,Buy,META,META PLATFORMS INC,7683,0.2554
2026-07-30,ARKW,Sell,SLMT,BRERA HOLDINGS PLC,2890,0.0007
2026-07-30,ARKW,Sell,DDOG,DATADOG INC (PRE-REINCORPORATION),15320,0.2552
2026-07-30,ARKF,Buy,META,META PLATFORMS INC,2720,0.2010
2026-07-30,ARKF,Sell,SLMT,BRERA HOLDINGS PLC,1829,0.0010
2026-07-30,ARKF,Sell,ROKU,ROKU INC,9925,0.2003
2026-07-30,ARKX,Buy,LHX,"L3HARRIS TECHNOLOGIES, INC",17025,0.5942
2026-07-30,ARKX,Buy,XE,X-ENERGY INC,596,0.0013
2026-07-30,ARKX,Sell,SRTA,STRATA CRITICAL MEDICAL INC,141090,0.0933
2026-07-30,ARKX,Sell,DE,DEERE & CO,1256,0.0986
2026-07-30,ARKX,Sell,TDY,TELEDYNE TECHNOLOGIES INC,1174,0.0988
2026-07-30,ARKX,Sell,ESLT,ELBIT SYSTEMS LTD,968,0.0989
2026-07-30,ARKX,Sell,HEI,HEICO CORP,2150,0.0995
2026-07-30,ARKX,Sell,GRMN,GARMIN LTD,3874,0.1487
2026-07-31,ARKK,Buy,CRWV,COREWEAVE INC,208228,0.2601
2026-07-31,ARKK,Buy,CRCL,CIRCLE INTERNET GROUP INC,77103,0.0833
2026-07-31,ARKK,Sell,FIG,FIGMA INC,96,0.0000
2026-07-31,ARKK,Sell,SLMT,BRERA HOLDINGS PLC,1326,0.0001
2026-07-31,ARKK,Sell,TXG,10X GENOMICS INC,77047,0.0638
2026-07-31,ARKK,Sell,SNOW,SNOWFLAKE INC,18855,0.0970
2026-07-31,ARKK,Sell,SHOP,SHOPIFY INC,47296,0.0971
2026-07-31,ARKQ,Buy,PONY,PONY AI INC,7500,0.0031
2026-07-31,ARKQ,Buy,KDK,KODIAK AI INC,2700,0.0006
2026-07-31,ARKQ,Sell,IRDM,IRIDIUM COMMUNICATIONS INC,296,0.0008
2026-07-31,ARKQ,Sell,SRTA,STRATA CRITICAL MEDICAL INC,4033,0.0011
2026-07-31,ARKW,Buy,CRWV,COREWEAVE INC,90015,0.3945
2026-07-31,ARKW,Buy,CRCL,CIRCLE INTERNET GROUP INC,22238,0.0842
2026-07-31,ARKW,Buy,SOLQ.U,3IQ SOLANA STAKING ETF,6772,0.0025
2026-07-31,ARKW,Sell,SLMT,BRERA HOLDINGS PLC,525,0.0001
2026-07-31,ARKW,Sell,SHOP,SHOPIFY INC,13641,0.0983
2026-07-31,ARKW,Sell,NET,CLOUDFLARE INC,8649,0.1470
2026-07-31,ARKW,Sell,CRWD,CROWDSTRIKE HOLDINGS INC,25506,0.2965
2026-07-31,ARKF,Buy,CRCL,CIRCLE INTERNET GROUP INC,9788,0.0839
2026-07-31,ARKF,Buy,SOLQ.U,3IQ SOLANA STAKING ETF,5012,0.0041
2026-07-31,ARKF,Sell,SLMT,BRERA HOLDINGS PLC,332,0.0002
2026-07-31,ARKF,Sell,SHOP,SHOPIFY INC,6003,0.0978
2026-07-31,ARKX,Sell,SRTA,STRATA CRITICAL MEDICAL INC,1430,0.0009
2026-07-31,ARKX,Sell,6301,KOMATSU LTD,17447,0.1000
2026-08-03,ARKK,Buy,AMZN,AMAZON.COM INC,39083,0.2002
2026-08-03,ARKK,Buy,CRWV,COREWEAVE INC,130125,0.1860
2026-08-03,ARKK,Buy,CBRS,CEREBRAS SYSTEMS INC,28853,0.1071
2026-08-03,ARKK,Buy,COIN,COINBASE GLOBAL INC,38761,0.1040
2026-08-03,ARKK,Buy,CRCL,CIRCLE INTERNET GROUP INC,17910,0.0190
2026-08-03,ARKK,Sell,SLMT,BRERA HOLDINGS PLC,3462,0.0003
2026-08-03,ARKK,Sell,NTRA,NATERA INC,18060,0.0878
2026-08-03,ARKK,Sell,SNOW,SNOWFLAKE INC,18729,0.1042
2026-08-03,ARKK,Sell,AMD,ADVANCED MICRO DEVICES INC,23844,0.2035
2026-08-03,ARKK,Sell,TXG,10X GENOMICS INC,251094,0.2144
2026-08-03,ARKK,Sell,RBLX,ROBLOX CORP,393046,0.2606
2026-08-03,ARKQ,Buy,AMZN,AMAZON.COM INC,13079,0.2007
2026-08-03,ARKQ,Buy,RKLB,ROCKET LAB CORP,41073,0.1552
2026-08-03,ARKQ,Buy,DASH,DOORDASH INC,9471,0.1028
2026-08-03,ARKQ,Buy,KDK,KODIAK AI INC,21516,0.0050
2026-08-03,ARKQ,Sell,IRDM,IRIDIUM COMMUNICATIONS INC,100,0.0003
2026-08-03,ARKQ,Sell,SRTA,STRATA CRITICAL MEDICAL INC,21930,0.0063
2026-08-03,ARKQ,Sell,KMTUY,KOMATSU LTD.,26858,0.0616
2026-08-03,ARKQ,Sell,ESLT,ELBIT SYSTEMS LTD,1383,0.0617
2026-08-03,ARKQ,Sell,CAT,CATERPILLAR INC,1608,0.0720
2026-08-03,ARKW,Buy,AMZN,AMAZON.COM INC,11359,0.2014
2026-08-03,ARKW,Buy,CRWV,COREWEAVE INC,39491,0.1954
2026-08-03,ARKW,Buy,CBRS,CEREBRAS SYSTEMS INC,8390,0.1078
2026-08-03,ARKW,Buy,COIN,COINBASE GLOBAL INC,11133,0.1034
2026-08-03,ARKW,Buy,CRCL,CIRCLE INTERNET GROUP INC,5160,0.0189
2026-08-03,ARKW,Sell,SLMT,BRERA HOLDINGS PLC,1371,0.0004
2026-08-03,ARKW,Sell,NET,CLOUDFLARE INC,8766,0.1552
2026-08-03,ARKW,Sell,CRWD,CROWDSTRIKE HOLDINGS INC,12413,0.1558
2026-08-03,ARKW,Sell,AMD,ADVANCED MICRO DEVICES INC,6883,0.2034
2026-08-03,ARKW,Sell,RBLX,ROBLOX CORP,112705,0.2587
2026-08-03,ARKF,Buy,AMZN,AMAZON.COM INC,4951,0.2013
2026-08-03,ARKF,Buy,COIN,COINBASE GLOBAL INC,4882,0.1040
2026-08-03,ARKF,Sell,SLMT,BRERA HOLDINGS PLC,867,0.0005
2026-08-03,ARKF,Sell,ROKU,ROKU INC,3016,0.0628
2026-08-03,ARKF,Sell,DKNG,DRAFTKINGS INC,49416,0.1649
2026-08-03,ARKF,Sell,CRWD,CROWDSTRIKE HOLDINGS INC,6154,0.1771
2026-08-03,ARKX,Buy,RKLB,ROCKET LAB CORP,33538,0.3099
2026-08-03,ARKX,Buy,DASH,DOORDASH INC,7843,0.2080
2026-08-03,ARKX,Buy,AMZN,AMAZON.COM INC,5363,0.2012
2026-08-03,ARKX,Sell,SRTA,STRATA CRITICAL MEDICAL INC,10916,0.0076
2026-08-03,ARKX,Sell,DE,DEERE & CO,1408,0.1123
2026-08-03,ARKX,Sell,HEI,HEICO CORP,2385,0.1133
2026-08-03,ARKX,Sell,IRDM,IRIDIUM COMMUNICATIONS INC,19428,0.1232
2026-08-03,ARKX,Sell,GRMN,GARMIN LTD,3087,0.1235
2026-08-03,ARKX,Sell,TDY,TELEDYNE TECHNOLOGIES INC,1407,0.1236
2026-08-03,ARKX,Sell,ESLT,ELBIT SYSTEMS LTD,1145,0.1249
2026-08-04,ARKK,Buy,WGS,GENEDX HOLDINGS CORP.,54632,0.0631
2026-08-04,ARKK,Sell,SLMT,BRERA HOLDINGS PLC,2989,0.0002
2026-08-04,ARKK,Sell,NTRA,"NATERA, INC.",3189,0.0152
2026-08-04,ARKK,Sell,TXG,"10X GENOMICS, INC.",24454,0.0201
2026-08-04,ARKK,Sell,PLTR,PALANTIR TECHNOLOGIES INC.,31469,0.0893
2026-08-04,ARKQ,Buy,PONY,PONY AI INC,5500,0.0023
2026-08-04,ARKQ,Sell,SRTA,"STRATA CRITICAL MEDICAL, INC.",3299,0.0010
2026-08-04,ARKW,Buy,SPOT,SPOTIFY TECHNOLOGY S.A.,3586,0.1042
2026-08-04,ARKW,Sell,SLMT,BRERA HOLDINGS PLC,1183,0.0003
2026-08-04,ARKG,Buy,WGS,GENEDX HOLDINGS CORP.,18736,0.0778
2026-08-04,ARKG,Sell,ATAI,ATAIBECKLEY INC,275338,0.1234
2026-08-04,ARKF,Buy,SPOT,SPOTIFY TECHNOLOGY S.A.,1542,0.1038
2026-08-04,ARKF,Sell,SLMT,BRERA HOLDINGS PLC,749,0.0004
2026-08-04,ARKF,Sell,ROKU,"ROKU, INC.",393,0.0081
2026-08-04,ARKF,Sell,PLTR,PALANTIR TECHNOLOGIES INC.,7764,0.1769
2026-08-04,ARKX,Sell,SRTA,"STRATA CRITICAL MEDICAL, INC.",1098,0.0008
2026-08-04,ARKX,Sell,6301,KOMATSU LTD.,27621,0.1552
2026-08-05,ARKK,Buy,CRCL,"CIRCLE INTERNET GROUP, INC.",194333,0.2003
2026-08-05,ARKK,Buy,SPCX,SPACE EXPLORATION TECHNOLOGIES CORP,104008,0.1941
2026-08-05,ARKK,Buy,NVDA,NVIDIA CORP,43002,0.1576
2026-08-05,ARKK,Buy,WGS,GENEDX HOLDINGS CORP.,34528,0.0401
2026-08-05,ARKK,Buy,TWST,TWIST BIOSCIENCE CORPORATION,20979,0.0336
2026-08-05,ARKK,Sell,SLMT,BRERA HOLDINGS PLC,2675,0.0002
2026-08-05,ARKK,Sell,PLTR,PALANTIR TECHNOLOGIES INC.,37840,0.1008
2026-08-05,ARKK,Sell,SHOP,SHOPIFY INC.,63346,0.1543
2026-08-05,ARKK,Sell,RBLX,ROBLOX CORP,332154,0.2003
2026-08-05,ARKQ,Buy,SPCX,SPACE EXPLORATION TECHNOLOGIES CORP,34251,0.1915
2026-08-05,ARKQ,Buy,NVDA,NVIDIA CORP,14161,0.1555
2026-08-05,ARKQ,Sell,SRTA,"STRATA CRITICAL MEDICAL, INC.",4308,0.0013
2026-08-05,ARKQ,Sell,DE,DEERE & CO,3211,0.0983
2026-08-05,ARKQ,Sell,TDY,TELEDYNE TECHNOLOGIES INC,2891,0.0992
2026-08-05,ARKQ,Sell,PLTR,PALANTIR TECHNOLOGIES INC.,16836,0.1344
2026-08-05,ARKW,Buy,CRCL,"CIRCLE INTERNET GROUP, INC.",55135,0.1978
2026-08-05,ARKW,Buy,SPCX,SPACE EXPLORATION TECHNOLOGIES CORP,29510,0.1917
2026-08-05,ARKW,Buy,NVDA,NVIDIA CORP,12201,0.1557
2026-08-05,ARKW,Sell,SLMT,BRERA HOLDINGS PLC,1059,0.0003
2026-08-05,ARKW,Sell,PLTR,PALANTIR TECHNOLOGIES INC.,9734,0.0903
2026-08-05,ARKW,Sell,SHOP,SHOPIFY INC.,17893,0.1517
2026-08-05,ARKW,Sell,RBLX,ROBLOX CORP,94202,0.1977
2026-08-05,ARKG,Buy,WGS,GENEDX HOLDINGS CORP.,22491,0.0951
2026-08-05,ARKG,Buy,TWST,TWIST BIOSCIENCE CORPORATION,5753,0.0335
2026-08-05,ARKG,Sell,ATAI,ATAIBECKLEY INC,181001,0.0790
2026-08-05,ARKF,Buy,CRCL,"CIRCLE INTERNET GROUP, INC.",23875,0.1995
2026-08-05,ARKF,Buy,NVDA,NVIDIA CORP,5238,0.1557
2026-08-05,ARKF,Sell,SLMT,BRERA HOLDINGS PLC,670,0.0004
2026-08-05,ARKF,Sell,ROKU,"ROKU, INC.",100,0.0020
2026-08-05,ARKF,Sell,PLTR,PALANTIR TECHNOLOGIES INC.,1238,0.0267
2026-08-05,ARKF,Sell,SHOP,SHOPIFY INC.,7794,0.1539
2026-08-05,ARKF,Sell,RBLX,ROBLOX CORP,41130,0.2011
2026-08-05,ARKX,Buy,SPCX,SPACE EXPLORATION TECHNOLOGIES CORP,14061,0.1916
2026-08-05,ARKX,Buy,NVDA,NVIDIA CORP,5813,0.1556
2026-08-05,ARKX,Sell,SRTA,"STRATA CRITICAL MEDICAL, INC.",1302,0.0009
2026-08-05,ARKX,Sell,PLTR,PALANTIR TECHNOLOGIES INC.,4611,0.0897
2026-08-05,ARKX,Sell,IRDM,IRIDIUM COMMUNICATIONS INC.,15945,0.0951
2026-08-06,ARKK,Buy,XYZ,"BLOCK, INC.",183209,0.2422
2026-08-06,ARKK,Buy,NTLA,"INTELLIA THERAPEUTICS, INC.",330609,0.0610
2026-08-06,ARKK,Buy,SPCX,SPACE EXPLORATION TECHNOLOGIES CORP,12631,0.0221
2026-08-06,ARKK,Buy,WGS,GENEDX HOLDINGS CORP.,19509,0.0218
2026-08-06,ARKK,Buy,CBRS,CEREBRAS SYSTEMS INC,5775,0.0199
2026-08-06,ARKK,Sell,SLMT,BRERA HOLDINGS PLC,3253,0.0002
2026-08-06,ARKK,Sell,PLTR,PALANTIR TECHNOLOGIES INC.,3754,0.0097
2026-08-06,ARKK,Sell,RBLX,ROBLOX CORP,65036,0.0392
2026-08-06,ARKK,Sell,SHOP,SHOPIFY INC.,80959,0.1970
2026-08-06,ARKQ,Buy,SPCX,SPACE EXPLORATION TECHNOLOGIES CORP,4155,0.0223
2026-08-06,ARKQ,Sell,SRTA,"STRATA CRITICAL MEDICAL, INC.",1381,0.0004
2026-08-06,ARKQ,Sell,PLTR,PALANTIR TECHNOLOGIES INC.,1234,0.0098
2026-08-06,ARKQ,Sell,ESLT,ELBIT SYSTEMS LTD.,2283,0.1003
2026-08-06,ARKW,Buy,MELI,"MERCADOLIBRE, INC.",2399,0.2525
2026-08-06,ARKW,Buy,XYZ,"BLOCK, INC.",52297,0.2440
2026-08-06,ARKW,Buy,DDOG,DATADOG INC (PRE-REINCORPORATION),14277,0.1937
2026-08-06,ARKW,Buy,CBRS,CEREBRAS SYSTEMS INC,1660,0.0202
2026-08-06,ARKW,Buy,SPCX,SPACE EXPLORATION TECHNOLOGIES CORP,1816,0.0112
2026-08-06,ARKW,Sell,SLMT,BRERA HOLDINGS PLC,1288,0.0003
2026-08-06,ARKW,Sell,BLSH,BULLISH,39509,0.0535
2026-08-06,ARKW,Sell,NET,"CLOUDFLARE, INC.",9539,0.1580
2026-08-06,ARKW,Sell,CRWD,"CROWDSTRIKE HOLDINGS, INC.",13165,0.1583
2026-08-06,ARKW,Sell,SHOP,SHOPIFY INC.,18484,0.1587
2026-08-06,ARKW,Sell,PLTR,PALANTIR TECHNOLOGIES INC.,18409,0.1679
2026-08-06,ARKG,Buy,NTLA,"INTELLIA THERAPEUTICS, INC.",91589,0.0616
2026-08-06,ARKG,Buy,SDGR,SCHRODINGER INC,48584,0.0520
2026-08-06,ARKG,Buy,WGS,GENEDX HOLDINGS CORP.,12685,0.0518
2026-08-06,ARKG,Sell,ATAI,ATAIBECKLEY INC,516184,0.2247
2026-08-06,ARKF,Buy,XYZ,"BLOCK, INC.",32170,0.3424
2026-08-06,ARKF,Sell,SLMT,BRERA HOLDINGS PLC,815,0.0005
2026-08-06,ARKF,Sell,SHOP,SHOPIFY INC.,17729,0.3473
2026-08-06,ARKX,Buy,SPCX,SPACE EXPLORATION TECHNOLOGIES CORP,1716,0.0224
2026-08-06,ARKX,Sell,SRTA,"STRATA CRITICAL MEDICAL, INC.",300,0.0002
2026-08-06,ARKX,Sell,PLTR,PALANTIR TECHNOLOGIES INC.,510,0.0098
2026-08-06,ARKX,Sell,IRDM,IRIDIUM COMMUNICATIONS INC.,28661,0.1740
2026-08-07,ARKK,Buy,NET,"CLOUDFLARE, INC.",114134,0.5877
2026-08-07,ARKK,Buy,CRCL,"CIRCLE INTERNET GROUP, INC.",313764,0.3571
2026-08-07,ARKK,Buy,SPCX,SPACE EXPLORATION TECHNOLOGIES CORP,114815,0.2506
2026-08-07,ARKK,Buy,COIN,COINBASE GLOBAL INC,59668,0.1538
2026-08-07,ARKK,Buy,CBRS,CEREBRAS SYSTEMS INC,16340,0.0575
2026-08-07,ARKK,Buy,NTLA,"INTELLIA THERAPEUTICS, INC.",70171,0.0140
2026-08-07,ARKK,Sell,SLMT,BRERA HOLDINGS PLC,1822,0.0001
2026-08-07,ARKK,Sell,SNOW,SNOWFLAKE INC.,101539,0.5599
2026-08-07,ARKK,Sell,RBLX,ROBLOX CORP,1599139,1.0008
2026-08-07,ARKW,Buy,CBRS,CEREBRAS SYSTEMS INC,4659,0.0574
2026-08-07,ARKW,Sell,SLMT,BRERA HOLDINGS PLC,721,0.0002
2026-08-07,ARKW,Sell,BLSH,BULLISH,80574,0.1125
2026-08-07,ARKG,Buy,SDGR,SCHRODINGER INC,29970,0.0327
2026-08-07,ARKG,Buy,NTLA,"INTELLIA THERAPEUTICS, INC.",19251,0.0139
2026-08-07,ARKG,Sell,ATAI,ATAIBECKLEY INC,158334,0.0701
2026-08-07,ARKF,Sell,SLMT,BRERA HOLDINGS PLC,457,0.0003
2026-08-07,ARKX,Sell,IRDM,IRIDIUM COMMUNICATIONS INC.,13526,0.0815
2026-08-10,ARKK,Buy,NET,"CLOUDFLARE, INC.",46791,0.2295
2026-08-10,ARKK,Buy,AVGO,BROADCOM INC,29471,0.2014
2026-08-10,ARKK,Buy,NVDA,NVIDIA CORP,57202,0.2014
2026-08-10,ARKK,Buy,TER,"TERADYNE, INC.",25790,0.1531
2026-08-10,ARKK,Buy,NTLA,"INTELLIA THERAPEUTICS, INC.",26986,0.0052
2026-08-10,ARKK,Buy,CERS,CERUS CORP,66950,0.0026
2026-08-10,ARKK,Sell,SLMT,BRERA HOLDINGS PLC,5170,0.0003
2026-08-10,ARKK,Sell,TXG,"10X GENOMICS, INC.",106998,0.1008
2026-08-10,ARKK,Sell,DE,DEERE & CO,56323,0.5539
2026-08-10,ARKQ,Buy,NVDA,NVIDIA CORP,18542,0.1994
2026-08-10,ARKQ,Buy,AVGO,BROADCOM INC,9549,0.1992
2026-08-10,ARKQ,Sell,ESLT,ELBIT SYSTEMS LTD.,1127,0.0474
2026-08-10,ARKQ,Sell,PLTR,PALANTIR TECHNOLOGIES INC.,11525,0.0997
2026-08-10,ARKQ,Sell,DE,DEERE & CO,4135,0.1242
2026-08-10,ARKW,Buy,NVDA,NVIDIA CORP,31958,0.4018
2026-08-10,ARKW,Sell,SLMT,BRERA HOLDINGS PLC,2047,0.0005
2026-08-10,ARKW,Sell,SHOP,SHOPIFY INC.,11417,0.1014
2026-08-10,ARKW,Sell,SNOW,SNOWFLAKE INC.,15830,0.3046
2026-08-10,ARKG,Buy,NTLA,"INTELLIA THERAPEUTICS, INC.",7285,0.0050
2026-08-10,ARKG,Buy,CERS,CERUS CORP,20407,0.0029
2026-08-10,ARKG,Buy,SDGR,SCHRODINGER INC,1044,0.0011
2026-08-10,ARKG,Sell,TWST,TWIST BIOSCIENCE CORPORATION,3418,0.0245
2026-08-10,ARKG,Sell,TXG,"10X GENOMICS, INC.",15592,0.0528
2026-08-10,ARKF,Buy,NET,"CLOUDFLARE, INC.",11351,0.4557
2026-08-10,ARKF,Buy,NVDA,NVIDIA CORP,6935,0.1999
2026-08-10,ARKF,Sell,SLMT,BRERA HOLDINGS PLC,1295,0.0007
2026-08-10,ARKF,Sell,SHOP,SHOPIFY INC.,34684,0.7063
2026-08-10,ARKX,Buy,NVDA,NVIDIA CORP,7785,0.2001
2026-08-10,ARKX,Sell,IRDM,IRIDIUM COMMUNICATIONS INC.,34575,0.2004
2026-08-11,ARKK,Buy,RKLB,ROCKET LAB CORP,200987,0.2513
2026-08-11,ARKK,Buy,NET,"CLOUDFLARE, INC.",6090,0.0292
2026-08-11,ARKK,Buy,NTLA,"INTELLIA THERAPEUTICS, INC.",76977,0.0146
2026-08-11,ARKK,Buy,CERS,CERUS CORP,195574,0.0080
2026-08-11,ARKK,Sell,SLMT,BRERA HOLDINGS PLC,1867,0.0001
2026-08-11,ARKK,Sell,SNOW,SNOWFLAKE INC.,1848,0.0098
2026-08-11,ARKK,Sell,TWST,TWIST BIOSCIENCE CORPORATION,8762,0.0172
2026-08-11,ARKK,Sell,TXG,"10X GENOMICS, INC.",19972,0.0189
2026-08-11,ARKK,Sell,SHOP,SHOPIFY INC.,28896,0.0701
2026-08-11,ARKK,Sell,DE,DEERE & CO,29860,0.2923
2026-08-11,ARKQ,Buy,RKLB,ROCKET LAB CORP,64785,0.2508
2026-08-11,ARKQ,Sell,SRTA,"STRATA CRITICAL MEDICAL, INC.",440,0.0001
2026-08-11,ARKQ,Sell,DE,DEERE & CO,2566,0.0778
2026-08-11,ARKQ,Sell,CAT,CATERPILLAR INC,6021,0.2499
2026-08-11,ARKW,Sell,SLMT,BRERA HOLDINGS PLC,739,0.0002
2026-08-11,ARKG,Buy,SDGR,SCHRODINGER INC,16060,0.0175
2026-08-11,ARKG,Buy,NTLA,"INTELLIA THERAPEUTICS, INC.",21317,0.0147
2026-08-11,ARKG,Buy,CERS,CERUS CORP,60177,0.0090
2026-08-11,ARKG,Sell,TWST,TWIST BIOSCIENCE CORPORATION,1027,0.0073
2026-08-11,ARKF,Buy,NET,"CLOUDFLARE, INC.",1471,0.0583
2026-08-11,ARKF,Sell,SLMT,BRERA HOLDINGS PLC,468,0.0002
2026-08-11,ARKX,Buy,RKLB,ROCKET LAB CORP,27101,0.2500
2026-08-11,ARKX,Sell,IRDM,IRIDIUM COMMUNICATIONS INC.,17216,0.0998
2026-08-12,ARKK,Buy,NET,"CLOUDFLARE, INC.",31974,0.1592
2026-08-12,ARKK,Buy,CERS,CERUS CORP,71585,0.0030
2026-08-12,ARKK,Buy,NTLA,"INTELLIA THERAPEUTICS, INC.",10479,0.0020
2026-08-12,ARKK,Sell,SLMT,BRERA HOLDINGS PLC,4011,0.0003
2026-08-12,ARKK,Sell,SNOW,SNOWFLAKE INC.,94,0.0005
2026-08-12,ARKK,Sell,TXG,"10X GENOMICS, INC.",21482,0.0198
2026-08-12,ARKK,Sell,PLTR,PALANTIR TECHNOLOGIES INC.,11134,0.0302
2026-08-12,ARKK,Sell,DE,DEERE & CO,3932,0.0386
2026-08-12,ARKK,Sell,SHOP,SHOPIFY INC.,17025,0.0404
2026-08-12,ARKK,Sell,TWST,TWIST BIOSCIENCE CORPORATION,40815,0.0803
2026-08-12,ARKQ,Sell,SRTA,"STRATA CRITICAL MEDICAL, INC.",49,0.0000
2026-08-12,ARKW,Sell,SLMT,BRERA HOLDINGS PLC,1588,0.0004
2026-08-12,ARKG,Buy,FRNM,PERCEPTIVE CAPITAL SOLUTIONS CORP,190403,0.1252
2026-08-12,ARKG,Buy,SDGR,SCHRODINGER INC,9356,0.0098
2026-08-12,ARKG,Buy,CERS,CERUS CORP,22371,0.0034
2026-08-12,ARKG,Buy,NTLA,"INTELLIA THERAPEUTICS, INC.",2911,0.0020
2026-08-12,ARKG,Sell,TXG,"10X GENOMICS, INC.",1692,0.0056
2026-08-12,ARKG,Sell,TWST,TWIST BIOSCIENCE CORPORATION,7027,0.0496
2026-08-12,ARKF,Sell,SLMT,BRERA HOLDINGS PLC,1005,0.0005
2026-08-13,ARKK,Buy,CBRS,CEREBRAS SYSTEMS INC,83366,0.2978
2026-08-13,ARKK,Buy,CERS,CERUS CORP,54561,0.0024
2026-08-13,ARKK,Sell,SLMT,BRERA HOLDINGS PLC,2784,0.0002
2026-08-13,ARKK,Sell,DE,DEERE & CO,985,0.0095
2026-08-13,ARKK,Sell,TWST,TWIST BIOSCIENCE CORPORATION,11552,0.0228
2026-08-13,ARKK,Sell,TXG,"10X GENOMICS, INC.",49451,0.0455
2026-08-13,ARKK,Sell,PLTR,PALANTIR TECHNOLOGIES INC.,28675,0.0806
2026-08-13,ARKK,Sell,SHOP,SHOPIFY INC.,32458,0.0807
2026-08-13,ARKW,Buy,CBRS,CEREBRAS SYSTEMS INC,23575,0.3017
2026-08-13,ARKW,Buy,SOLQ.U,3IQ SOLANA STAKING ETF,6891,0.0024
2026-08-13,ARKW,Sell,SLMT,BRERA HOLDINGS PLC,1102,0.0002
2026-08-13,ARKW,Sell,PLTR,PALANTIR TECHNOLOGIES INC.,15199,0.1531
2026-08-13,ARKW,Sell,SHOP,SHOPIFY INC.,17203,0.1532
2026-08-13,ARKG,Buy,FRNM,PERCEPTIVE CAPITAL SOLUTIONS CORP,123842,0.0819
2026-08-13,ARKG,Buy,SDGR,SCHRODINGER INC,28179,0.0297
2026-08-13,ARKG,Buy,CERS,CERUS CORP,15106,0.0024
2026-08-13,ARKG,Sell,TXG,"10X GENOMICS, INC.",1720,0.0057
2026-08-13,ARKG,Sell,ATAI,ATAIBECKLEY INC,241388,0.0997
2026-08-13,ARKF,Buy,SECZ,SECURITIZE CORP,192702,0.1588
2026-08-13,ARKF,Buy,SOLQ.U,3IQ SOLANA STAKING ETF,3933,0.0032
2026-08-13,ARKF,Sell,SLMT,BRERA HOLDINGS PLC,698,0.0004
2026-08-13,ARKF,Sell,SHOP,SHOPIFY INC.,7384,0.1541
2026-08-14,ARKK,Buy,CERS,CERUS CORP,66263,0.0030
2026-08-14,ARKK,Sell,SLMT,BRERA HOLDINGS PLC,6280,0.0004
2026-08-14,ARKK,Sell,TWST,TWIST BIOSCIENCE CORPORATION,1183,0.0023
2026-08-14,ARKK,Sell,TXG,"10X GENOMICS, INC.",10590,0.0095
2026-08-14,ARKW,Buy,SOLQ.U,3IQ SOLANA STAKING ETF,5415,0.0018
2026-08-14,ARKW,Sell,SLMT,BRERA HOLDINGS PLC,2487,0.0006
2026-08-14,ARKG,Buy,FRNM,PERCEPTIVE CAPITAL SOLUTIONS CORP,45010,0.0304
2026-08-14,ARKG,Buy,SDGR,SCHRODINGER INC,4717,0.0048
2026-08-14,ARKG,Buy,CERS,CERUS CORP,20612,0.0034
2026-08-14,ARKG,Sell,TXG,"10X GENOMICS, INC.",361,0.0012
2026-08-14,ARKF,Buy,SOLQ.U,3IQ SOLANA STAKING ETF,4658,0.0037
2026-08-14,ARKF,Sell,SLMT,BRERA HOLDINGS PLC,1573,0.0008
2026-08-17,ARKK,Buy,XYZ,"BLOCK, INC.",182899,0.2339
2026-08-17,ARKK,Buy,NVDA,NVIDIA CORP,56412,0.2023
2026-08-17,ARKK,Buy,CERS,CERUS CORP,344578,0.0163
2026-08-17,ARKK,Sell,SLMT,BRERA HOLDINGS PLC,4945,0.0003
2026-08-17,ARKK,Sell,TWST,TWIST BIOSCIENCE CORPORATION,21269,0.0416
2026-08-17,ARKK,Sell,TXG,"10X GENOMICS, INC.",52596,0.0486
2026-08-17,ARKK,Sell,NTRA,"NATERA, INC.",20308,0.1015
2026-08-17,ARKK,Sell,SHOP,SHOPIFY INC.,105530,0.2508
2026-08-17,ARKK,Sell,RBLX,ROBLOX CORP,592227,0.3554
2026-08-17,ARKQ,Buy,NVDA,NVIDIA CORP,18141,0.1996
2026-08-17,ARKQ,Sell,AMD,"ADVANCED MICRO DEVICES, INC.",8034,0.1986
2026-08-17,ARKW,Buy,NVDA,NVIDIA CORP,15894,0.1996
2026-08-17,ARKW,Buy,SOLQ.U,3IQ SOLANA STAKING ETF,3830,0.0013
2026-08-17,ARKW,Sell,SLMT,BRERA HOLDINGS PLC,1958,0.0004
2026-08-17,ARKW,Sell,AMD,"ADVANCED MICRO DEVICES, INC.",7053,0.1990
2026-08-17,ARKG,Buy,FRNM,PERCEPTIVE CAPITAL SOLUTIONS CORP,144595,0.1060
2026-08-17,ARKG,Buy,TEM,TEMPUS AI INC,22666,0.0682
2026-08-17,ARKG,Buy,IONS,"IONIS PHARMACEUTICALS, INC.",6839,0.0233
2026-08-17,ARKG,Buy,SCTX,SCRIBE THERAPEUTICS INC,15823,0.0194
2026-08-17,ARKG,Buy,CERS,CERUS CORP,106700,0.0185
2026-08-17,ARKG,Sell,CDNA,"CAREDX, INC.",18022,0.0491
2026-08-17,ARKG,Sell,ATAI,ATAIBECKLEY INC,226381,0.0958
2026-08-17,ARKG,Sell,TXG,"10X GENOMICS, INC.",42372,0.1438
2026-08-17,ARKG,Sell,TWST,TWIST BIOSCIENCE CORPORATION,42028,0.3019
2026-08-17,ARKF,Buy,NET,"CLOUDFLARE, INC.",5001,0.1998
2026-08-17,ARKF,Buy,SECZ,SECURITIZE CORP,189796,0.1305
2026-08-17,ARKF,Buy,NU,NU HOLDINGS LTD.,51473,0.0992
2026-08-17,ARKF,Buy,NVDA,NVIDIA CORP,3386,0.0991
2026-08-17,ARKF,Buy,XYZ,"BLOCK, INC.",8772,0.0916
2026-08-17,ARKF,Buy,SOLQ.U,3IQ SOLANA STAKING ETF,3285,0.0026
2026-08-17,ARKF,Sell,SLMT,BRERA HOLDINGS PLC,1239,0.0006
2026-08-17,ARKF,Sell,AMD,"ADVANCED MICRO DEVICES, INC.",7499,0.4931
2026-08-17,ARKF,Sell,PLTR,PALANTIR TECHNOLOGIES INC.,22023,0.4962
2026-08-17,ARKX,Buy,NVDA,NVIDIA CORP,7523,0.1986
2026-08-17,ARKX,Sell,AMD,"ADVANCED MICRO DEVICES, INC.",3331,0.1976
2026-08-18,ARKK,Buy,RKLB,ROCKET LAB CORP,160890,0.2005
2026-08-18,ARKK,Buy,CBRS,CEREBRAS SYSTEMS INC,27311,0.0934
2026-08-18,ARKK,Buy,XYZ,"BLOCK, INC.",15859,0.0200
2026-08-18,ARKK,Sell,SLMT,BRERA HOLDINGS PLC,193,0.0000
2026-08-18,ARKK,Sell,TXG,"10X GENOMICS, INC.",19955,0.0178
2026-08-18,ARKK,Sell,ILMN,ILLUMINA INC,32648,0.0969
2026-08-18,ARKK,Sell,SHOP,SHOPIFY INC.,50071,0.1161
2026-08-18,ARKW,Buy,CBRS,CEREBRAS SYSTEMS INC,7778,0.0945
2026-08-18,ARKW,Sell,SLMT,BRERA HOLDINGS PLC,76,0.0000
2026-08-18,ARKW,Sell,AMD,"ADVANCED MICRO DEVICES, INC.",3679,0.0982
2026-08-18,ARKG,Buy,TEM,TEMPUS AI INC,35501,0.1023
2026-08-18,ARKG,Buy,IONS,"IONIS PHARMACEUTICALS, INC.",26246,0.0886
2026-08-18,ARKG,Buy,FRNM,PERCEPTIVE CAPITAL SOLUTIONS CORP,59279,0.0457
2026-08-18,ARKG,Buy,SCTX,SCRIBE THERAPEUTICS INC,5614,0.0071
2026-08-18,ARKG,Sell,ATAI,ATAIBECKLEY INC,20847,0.0087
2026-08-18,ARKG,Sell,TXG,"10X GENOMICS, INC.",16523,0.0541
2026-08-18,ARKG,Sell,CDNA,"CAREDX, INC.",21947,0.0583
2026-08-18,ARKF,Buy,NET,"CLOUDFLARE, INC.",2996,0.1187
2026-08-18,ARKF,Buy,SECZ,SECURITIZE CORP,31340,0.0222
2026-08-18,ARKF,Buy,XYZ,"BLOCK, INC.",951,0.0100
2026-08-18,ARKF,Sell,SLMT,BRERA HOLDINGS PLC,48,0.0000
2026-08-19,ARKK,Buy,ARKY,ARK ACTIVE AUTOCALLABLE INCOME ETF,1000000,0.3362
2026-08-19,ARKK,Buy,CBRS,CEREBRAS SYSTEMS INC,61417,0.2066
2026-08-19,ARKK,Buy,AVGO,BROADCOM INC,34822,0.2056
2026-08-19,ARKK,Buy,NET,"CLOUDFLARE, INC.",43265,0.2055
2026-08-19,ARKK,Buy,RKLB,ROCKET LAB CORP,34370,0.0420
2026-08-19,ARKK,Sell,SLMT,BRERA HOLDINGS PLC,17339,0.0012
2026-08-19,ARKK,Sell,PLTR,PALANTIR TECHNOLOGIES INC.,18056,0.0514
2026-08-19,ARKK,Sell,ILMN,ILLUMINA INC,15613,0.0516
2026-08-19,ARKK,Sell,TXG,"10X GENOMICS, INC.",108688,0.1068
2026-08-19,ARKK,Sell,TWST,TWIST BIOSCIENCE CORPORATION,75445,0.1668
2026-08-19,ARKK,Sell,RBLX,ROBLOX CORP,501466,0.3178
2026-08-19,ARKQ,Buy,AVGO,BROADCOM INC,10893,0.1990
2026-08-19,ARKQ,Sell,AMD,"ADVANCED MICRO DEVICES, INC.",8471,0.1985
2026-08-19,ARKW,Buy,CBRS,CEREBRAS SYSTEMS INC,17339,0.2052
2026-08-19,ARKW,Buy,AVGO,BROADCOM INC,9833,0.2043
2026-08-19,ARKW,Buy,NET,"CLOUDFLARE, INC.",12215,0.2041
2026-08-19,ARKW,Sell,SLMT,BRERA HOLDINGS PLC,6865,0.0016
2026-08-19,ARKW,Sell,AMD,"ADVANCED MICRO DEVICES, INC.",22853,0.6090
2026-08-19,ARKG,Buy,IONS,"IONIS PHARMACEUTICALS, INC.",18499,0.0657
2026-08-19,ARKG,Buy,FRNM,PERCEPTIVE CAPITAL SOLUTIONS CORP,55173,0.0440
2026-08-19,ARKG,Sell,ATAI,ATAIBECKLEY INC,2670,0.0012
2026-08-19,ARKG,Sell,CDNA,"CAREDX, INC.",27486,0.0768
2026-08-19,ARKG,Sell,TXG,"10X GENOMICS, INC.",94554,0.3360
2026-08-19,ARKF,Buy,NET,"CLOUDFLARE, INC.",5325,0.2077
2026-08-19,ARKF,Buy,SECZ,SECURITIZE CORP,16314,0.0129
2026-08-19,ARKF,Sell,SLMT,BRERA HOLDINGS PLC,4345,0.0024
2026-08-19,ARKF,Sell,AMD,"ADVANCED MICRO DEVICES, INC.",3319,0.2064
2026-08-20,ARKK,Buy,BWXT,BWX TECHNOLOGIES INC,33044,0.0809
2026-08-20,ARKK,Sell,SLMT,BRERA HOLDINGS PLC,6031,0.0004
2026-08-20,ARKK,Sell,SHOP,SHOPIFY INC.,27631,0.0642
2026-08-20,ARKK,Sell,TXG,"10X GENOMICS, INC.",65922,0.0657
2026-08-20,ARKK,Sell,RBLX,ROBLOX CORP,163494,0.0988
2026-08-20,ARKQ,Buy,BWXT,BWX TECHNOLOGIES INC,9940,0.0783
2026-08-20,ARKQ,Sell,DE,DEERE & CO,1789,0.0564
2026-08-20,ARKW,Sell,SLMT,BRERA HOLDINGS PLC,2388,0.0006
2026-08-20,ARKG,Buy,FRNM,PERCEPTIVE CAPITAL SOLUTIONS CORP,46141,0.0335
2026-08-20,ARKG,Sell,ATAI,ATAIBECKLEY INC,360,0.0001
2026-08-20,ARKF,Buy,FUTU,FUTU HOLDINGS LIMITED,10577,0.1498
2026-08-20,ARKF,Buy,SECZ,SECURITIZE CORP,14751,0.0118
2026-08-20,ARKF,Sell,SLMT,BRERA HOLDINGS PLC,1511,0.0008
2026-08-20,ARKF,Sell,SHOP,SHOPIFY INC.,7204,0.1381
2026-08-20,ARKX,Buy,BWXT,BWX TECHNOLOGIES INC,4108,0.0779
2026-08-20,ARKX,Sell,DE,DEERE & CO,739,0.0561
2026-08-21,ARKK,Buy,SPCX,SPACE EXPLORATION TECHNOLOGIES CORP,121294,0.2583
2026-08-21,ARKK,Buy,BWXT,BWX TECHNOLOGIES INC,49155,0.1209
2026-08-21,ARKK,Buy,NTLA,"INTELLIA THERAPEUTICS, INC.",77232,0.0156
2026-08-21,ARKK,Sell,SLMT,BRERA HOLDINGS PLC,4091,0.0003
2026-08-21,ARKK,Sell,TXG,"10X GENOMICS, INC.",10033,0.0101
2026-08-21,ARKK,Sell,SHOP,SHOPIFY INC.,4354,0.0101
2026-08-21,ARKK,Sell,RBLX,ROBLOX CORP,26616,0.0161
2026-08-21,ARKK,Sell,PLTR,PALANTIR TECHNOLOGIES INC.,92366,0.2606
2026-08-21,ARKQ,Buy,SPCX,SPACE EXPLORATION TECHNOLOGIES CORP,35941,0.2534
2026-08-21,ARKQ,Buy,BWXT,BWX TECHNOLOGIES INC,14838,0.1208
2026-08-21,ARKQ,Sell,DE,DEERE & CO,2804,0.0907
2026-08-21,ARKQ,Sell,PLTR,PALANTIR TECHNOLOGIES INC.,27349,0.2555
2026-08-21,ARKW,Buy,SPCX,SPACE EXPLORATION TECHNOLOGIES CORP,33381,0.2560
2026-08-21,ARKW,Buy,SOLQ.U,3IQ SOLANA STAKING ETF,3525,0.0015
2026-08-21,ARKW,Sell,SLMT,BRERA HOLDINGS PLC,1620,0.0004
2026-08-21,ARKW,Sell,PLTR,PALANTIR TECHNOLOGIES INC.,25424,0.2582
2026-08-21,ARKG,Buy,NTLA,"INTELLIA THERAPEUTICS, INC.",38267,0.0257
2026-08-21,ARKG,Buy,FRNM,PERCEPTIVE CAPITAL SOLUTIONS CORP,16003,0.0113
2026-08-21,ARKF,Buy,SECZ,SECURITIZE CORP,85393,0.0692
2026-08-21,ARKF,Buy,SOLQ.U,3IQ SOLANA STAKING ETF,2319,0.0022
2026-08-21,ARKF,Sell,SLMT,BRERA HOLDINGS PLC,1025,0.0006
2026-08-21,ARKF,Sell,SHOP,SHOPIFY INC.,530,0.0101
2026-08-21,ARKX,Buy,SPCX,SPACE EXPLORATION TECHNOLOGIES CORP,14415,0.2463
2026-08-21,ARKX,Buy,BWXT,BWX TECHNOLOGIES INC,5986,0.1181
2026-08-21,ARKX,Sell,DE,DEERE & CO,1131,0.0887
2026-08-21,ARKX,Sell,PLTR,PALANTIR TECHNOLOGIES INC.,10971,0.2483
2026-08-24,ARKK,Buy,NTLA,"INTELLIA THERAPEUTICS, INC.",111313,0.0209
2026-08-24,ARKK,Sell,SLMT,BRERA HOLDINGS PLC,6475,0.0004
2026-08-24,ARKK,Sell,RBLX,ROBLOX CORP,26199,0.0155
2026-08-24,ARKW,Sell,SLMT,BRERA HOLDINGS PLC,2564,0.0006
2026-08-24,ARKG,Buy,NTLA,"INTELLIA THERAPEUTICS, INC.",58044,0.0365
2026-08-24,ARKG,Buy,FRNM,PERCEPTIVE CAPITAL SOLUTIONS CORP,12938,0.0089
2026-08-24,ARKF,Sell,SLMT,BRERA HOLDINGS PLC,1622,0.0008
2026-08-25,ARKK,Buy,CBRS,CEREBRAS SYSTEMS INC,73153,0.2070
2026-08-25,ARKK,Sell,SLMT,BRERA HOLDINGS PLC,5504,0.0004
2026-08-25,ARKK,Sell,RBLX,ROBLOX CORP,8945,0.0054
2026-08-25,ARKK,Sell,TEM,"TEMPUS AI, INC.",57819,0.0618
2026-08-25,ARKK,Sell,TWST,TWIST BIOSCIENCE CORPORATION,44062,0.1031
2026-08-25,ARKW,Buy,CBRS,CEREBRAS SYSTEMS INC,20137,0.2040
2026-08-25,ARKW,Sell,SLMT,BRERA HOLDINGS PLC,2179,0.0005
2026-08-25,ARKW,Sell,AMD,"ADVANCED MICRO DEVICES, INC.",7600,0.2025
2026-08-25,ARKG,Buy,FRNM,PERCEPTIVE CAPITAL SOLUTIONS CORP,14549,0.0101
2026-08-25,ARKF,Sell,SLMT,BRERA HOLDINGS PLC,1380,0.0007
2026-08-26,ARKK,Buy,AVGO,BROADCOM INC,36472,0.1939
2026-08-26,ARKK,Buy,CBRS,CEREBRAS SYSTEMS INC,54223,0.1473
2026-08-26,ARKK,Buy,NET,"CLOUDFLARE, INC.",33879,0.1457
2026-08-26,ARKK,Sell,SLMT,BRERA HOLDINGS PLC,15183,0.0009
2026-08-26,ARKK,Sell,RBLX,ROBLOX CORP,14965,0.0086
2026-08-26,ARKK,Sell,TWST,TWIST BIOSCIENCE CORPORATION,53280,0.1224
2026-08-26,ARKK,Sell,AMD,"ADVANCED MICRO DEVICES, INC.",19946,0.1460
2026-08-26,ARKK,Sell,TEM,"TEMPUS AI, INC.",181919,0.1890
2026-08-26,ARKQ,Buy,AVGO,BROADCOM INC,10903,0.1998
2026-08-26,ARKQ,Sell,AMD,"ADVANCED MICRO DEVICES, INC.",7948,0.2006
2026-08-26,ARKW,Buy,AVGO,BROADCOM INC,10330,0.1995
2026-08-26,ARKW,Buy,CBRS,CEREBRAS SYSTEMS INC,15362,0.1516
2026-08-26,ARKW,Buy,NET,"CLOUDFLARE, INC.",9589,0.1498
2026-08-26,ARKW,Sell,SLMT,BRERA HOLDINGS PLC,6012,0.0013
2026-08-26,ARKW,Sell,CRWD,"CROWDSTRIKE HOLDINGS, INC.",14339,0.1492
2026-08-26,ARKW,Sell,HOOD,"ROBINHOOD MARKETS, INC.",25009,0.1492
2026-08-26,ARKW,Sell,AMD,"ADVANCED MICRO DEVICES, INC.",7536,0.2004
2026-08-26,ARKG,Buy,GENB,GENERATE BIOMEDICINES INC,304851,0.2422
2026-08-26,ARKF,Buy,NET,"CLOUDFLARE, INC.",4326,0.1496
2026-08-26,ARKF,Sell,SLMT,BRERA HOLDINGS PLC,3805,0.0019
2026-08-26,ARKF,Sell,AMD,"ADVANCED MICRO DEVICES, INC.",2547,0.1499
2026-08-27,ARKK,Buy,VCYT,"VERACYTE, INC.",36107,0.0254
2026-08-27,ARKK,Sell,RBLX,ROBLOX CORP,1001,0.0006
2026-08-27,ARKK,Sell,SLMT,BRERA HOLDINGS PLC,17847,0.0012
2026-08-27,ARKK,Sell,TWST,TWIST BIOSCIENCE CORPORATION,6498,0.0156
2026-08-27,ARKK,Sell,TEM,"TEMPUS AI, INC.",59276,0.0655
2026-08-27,ARKW,Sell,SLMT,BRERA HOLDINGS PLC,7066,0.0017
2026-08-27,ARKG,Buy,VCYT,"VERACYTE, INC.",11686,0.0251
2026-08-27,ARKG,Buy,SCTX,SCRIBE THERAPEUTICS INC,5085,0.0068
2026-08-27,ARKG,Sell,TWST,TWIST BIOSCIENCE CORPORATION,15727,0.1152
2026-08-27,ARKF,Sell,SLMT,BRERA HOLDINGS PLC,4472,0.0023
2026-08-28,ARKK,Buy,AVGO,BROADCOM INC,34852,0.1966
2026-08-28,ARKK,Buy,NVDA,NVIDIA CORPORATION,58632,0.1955
2026-08-28,ARKK,Buy,VCYT,"VERACYTE, INC.",161233,0.1083
2026-08-28,ARKK,Buy,NTLA,"INTELLIA THERAPEUTICS, INC.",35543,0.0069
2026-08-28,ARKK,Sell,TWST,TWIST BIOSCIENCE CORPORATION,623,0.0014
2026-08-28,ARKK,Sell,AMD,"ADVANCED MICRO DEVICES, INC.",54476,0.3907
2026-08-28,ARKQ,Buy,NVDA,NVIDIA CORPORATION,87340,0.9778
2026-08-28,ARKQ,Buy,AVGO,BROADCOM INC,10381,0.1966
2026-08-28,ARKQ,Sell,AMD,"ADVANCED MICRO DEVICES, INC.",48681,1.1723
2026-08-28,ARKW,Buy,NVDA,NVIDIA CORPORATION,83270,0.9754
2026-08-28,ARKW,Buy,AVGO,BROADCOM INC,9898,0.1961
2026-08-28,ARKW,Buy,SOLQ.U,3IQ SOLANA STAKING ETF,5841,0.0027
2026-08-28,ARKW,Sell,AMD,"ADVANCED MICRO DEVICES, INC.",46410,1.1694
2026-08-28,ARKG,Buy,VCYT,"VERACYTE, INC.",51840,0.1076
2026-08-28,ARKG,Buy,NTLA,"INTELLIA THERAPEUTICS, INC.",18881,0.0114
2026-08-28,ARKG,Buy,SCTX,SCRIBE THERAPEUTICS INC,191,0.0003
2026-08-28,ARKG,Sell,TWST,TWIST BIOSCIENCE CORPORATION,802,0.0057
2026-08-28,ARKF,Buy,NVDA,NVIDIA CORPORATION,7460,0.1956
2026-08-28,ARKF,Buy,SOLQ.U,3IQ SOLANA STAKING ETF,3914,0.0040
2026-08-28,ARKF,Sell,AMD,"ADVANCED MICRO DEVICES, INC.",3465,0.1954
2026-08-28,ARKX,Buy,NVDA,NVIDIA CORPORATION,7005,0.1961
2026-08-28,ARKX,Sell,AMD,"ADVANCED MICRO DEVICES, INC.",3254,0.1959
2026-08-31,ARKK,Buy,XYZ,"BLOCK, INC.",191732,0.2458
2026-08-31,ARKK,Buy,RKLB,ROCKET LAB CORP,200303,0.1984
2026-08-31,ARKK,Sell,TWST,TWIST BIOSCIENCE CORPORATION,4499,0.0097
2026-08-31,ARKK,Sell,TEM,"TEMPUS AI, INC.",169672,0.1685
2026-08-31,ARKK,Sell,PLTR,PALANTIR TECHNOLOGIES INC.,102513,0.2986
2026-08-31,ARKW,Buy,XYZ,"BLOCK, INC.",88065,0.3985
2026-08-31,ARKW,Sell,SHOP,SHOPIFY INC.,24867,0.2009
2026-08-31,ARKW,Sell,PLTR,PALANTIR TECHNOLOGIES INC.,19549,0.2010
2026-08-31,ARKG,Buy,GH,"GUARDANT HEALTH, INC.",56987,0.4409
2026-08-31,ARKG,Buy,NTLA,"INTELLIA THERAPEUTICS, INC.",40875,0.0252
2026-08-31,ARKG,Buy,VCYT,"VERACYTE, INC.",7031,0.0147
2026-08-31,ARKG,Buy,SCTX,SCRIBE THERAPEUTICS INC,10742,0.0147
2026-08-31,ARKG,Sell,PSNL,"PERSONALIS, INC.",175841,0.1448
2026-08-31,ARKG,Sell,TXG,"10X GENOMICS, INC.",49811,0.1485
2026-08-31,ARKG,Sell,TWST,TWIST BIOSCIENCE CORPORATION,26111,0.1765
2026-08-31,ARKF,Buy,XYZ,"BLOCK, INC.",176262,1.7808
2026-08-31,ARKF,Buy,CRCL,"CIRCLE INTERNET GROUP, INC.",35192,0.4003
2026-08-31,ARKF,Sell,RBLX,ROBLOX CORPORATION,58873,0.2951
2026-08-31,ARKF,Sell,PLTR,PALANTIR TECHNOLOGIES INC.,17394,0.3993
2026-08-31,ARKF,Sell,AMD,"ADVANCED MICRO DEVICES, INC.",8623,0.4967
2026-08-31,ARKF,Sell,SHOP,SHOPIFY INC.,55314,0.9977
2026-09-01,ARKK,Buy,RKLB,ROCKET LAB CORP,420602,0.4084
2026-09-01,ARKK,Sell,SLMT,BRERA HOLDINGS PLC,703,0.0000
2026-09-01,ARKK,Sell,SHOP,SHOPIFY INC.,43882,0.0962
2026-09-01,ARKK,Sell,TWST,TWIST BIOSCIENCE CORPORATION,46771,0.0969
2026-09-01,ARKK,Sell,TEM,"TEMPUS AI, INC.",250062,0.2426
2026-09-01,ARKQ,Buy,RKLB,ROCKET LAB CORP,60164,0.1955
2026-09-01,ARKQ,Sell,DE,DEERE & CO,2808,0.0984
2026-09-01,ARKQ,Sell,AMD,"ADVANCED MICRO DEVICES, INC.",4136,0.0985
2026-09-01,ARKW,Buy,SOLQ.U,3IQ SOLANA STAKING ETF,7264,0.0033
2026-09-01,ARKW,Sell,SLMT,BRERA HOLDINGS PLC,278,0.0001
2026-09-01,ARKG,Buy,NTLA,"INTELLIA THERAPEUTICS, INC.",66186,0.0409
2026-09-01,ARKF,Buy,SOLQ.U,3IQ SOLANA STAKING ETF,4866,0.0049
2026-09-01,ARKF,Sell,SLMT,BRERA HOLDINGS PLC,176,0.0001
2026-09-01,ARKX,Buy,RKLB,ROCKET LAB CORP,24033,0.1956
2026-09-01,ARKX,Sell,AMD,"ADVANCED MICRO DEVICES, INC.",3314,0.1976
2026-09-02,ARKK,Sell,SHOP,SHOPIFY INC.,35322,0.0796
2026-09-02,ARKQ,Sell,DE,DEERE & CO,1367,0.0504
2026-09-02,ARKW,Buy,SOLQ.U,3IQ SOLANA STAKING ETF,6917,0.0031
2026-09-02,ARKW,Sell,SHOP,SHOPIFY INC.,5070,0.0400
2026-09-02,ARKW,Sell,AMD,"ADVANCED MICRO DEVICES, INC.",1560,0.0401
2026-09-02,ARKG,Buy,NTLA,"INTELLIA THERAPEUTICS, INC.",96201,0.0598
2026-09-02,ARKF,Buy,SOLQ.U,3IQ SOLANA STAKING ETF,3086,0.0031
2026-09-03,ARKK,Sell,SLMT,BRERA HOLDINGS PLC,6591,0.0004
2026-09-03,ARKW,Sell,SLMT,BRERA HOLDINGS PLC,2610,0.0006
2026-09-03,ARKG,Buy,NTLA,"INTELLIA THERAPEUTICS, INC.",39548,0.0244
2026-09-03,ARKF,Sell,SLMT,BRERA HOLDINGS PLC,1652,0.0008
2026-09-04,ARKK,Buy,HOOD,"ROBINHOOD MARKETS, INC.",28589,0.0528
2026-09-04,ARKK,Buy,VCYT,"VERACYTE, INC.",22144,0.0148
2026-09-04,ARKK,Buy,NTLA,"INTELLIA THERAPEUTICS, INC.",28720,0.0056
2026-09-04,ARKK,Sell,TEM,"TEMPUS AI, INC.",20180,0.0202
2026-09-04,ARKK,Sell,TWST,TWIST BIOSCIENCE CORPORATION,12300,0.0237
2026-09-04,ARKW,Buy,SOLQ.U,3IQ SOLANA STAKING ETF,1785,0.0008
2026-09-04,ARKG,Buy,NTLA,"INTELLIA THERAPEUTICS, INC.",2466,0.0016
2026-09-04,ARKF,Buy,SOLQ.U,3IQ SOLANA STAKING ETF,1607,0.0016
2026-09-08,ARKK,Buy,CBRS,CEREBRAS SYSTEMS INC,32561,0.1010
2026-09-08,ARKK,Buy,BEAM,BEAM THERAPEUTICS INC.,188062,0.0758
2026-09-08,ARKK,Buy,CRSP,CRISPR THERAPEUTICS AG,85317,0.0709
2026-09-08,ARKK,Buy,ACHR,ARCHER AVIATION INC.,575700,0.0513
2026-09-08,ARKK,Buy,HOOD,"ROBINHOOD MARKETS, INC.",27083,0.0496
2026-09-08,ARKK,Buy,NTLA,"INTELLIA THERAPEUTICS, INC.",89677,0.0172
2026-09-08,ARKK,Sell,SLMT,BRERA HOLDINGS PLC,2976,0.0002
2026-09-08,ARKK,Sell,TWST,TWIST BIOSCIENCE CORPORATION,13258,0.0258
2026-09-08,ARKK,Sell,TEM,"TEMPUS AI, INC.",68759,0.0682
2026-09-08,ARKK,Sell,PLTR,PALANTIR TECHNOLOGIES INC.,38395,0.1006
2026-09-08,ARKK,Sell,AMD,"ADVANCED MICRO DEVICES, INC.",19491,0.1516
2026-09-08,ARKW,Sell,SLMT,BRERA HOLDINGS PLC,1178,0.0002
2026-09-08,ARKG,Buy,BEAM,BEAM THERAPEUTICS INC.,75101,0.0989
2026-09-08,ARKG,Buy,CRSP,CRISPR THERAPEUTICS AG,25524,0.0694
2026-09-08,ARKG,Buy,SCTX,SCRIBE THERAPEUTICS INC,10956,0.0153
2026-09-08,ARKG,Buy,NTLA,"INTELLIA THERAPEUTICS, INC.",7949,0.0050
2026-09-08,ARKG,Sell,TXG,"10X GENOMICS, INC.",46401,0.1495
2026-09-08,ARKG,Sell,TWST,TWIST BIOSCIENCE CORPORATION,23808,0.1516
2026-09-08,ARKF,Sell,SLMT,BRERA HOLDINGS PLC,746,0.0003
2026-09-08,ARKX,Buy,KTOS,"KRATOS DEFENSE & SECURITY SOLUTIONS, INC.",4755,0.0303
2026-09-08,ARKX,Buy,RKLB,ROCKET LAB CORP,2341,0.0202
2026-09-09,ARKK,Buy,META,"META PLATFORMS, INC.",38304,0.3755
2026-09-09,ARKK,Buy,BEAM,BEAM THERAPEUTICS INC.,197922,0.0771
2026-09-09,ARKK,Buy,NTLA,"INTELLIA THERAPEUTICS, INC.",188281,0.0352
2026-09-09,ARKK,Buy,CRSP,CRISPR THERAPEUTICS AG,36352,0.0298
2026-09-09,ARKK,Sell,TEM,"TEMPUS AI, INC.",22767,0.0218
2026-09-09,ARKK,Sell,GOOGL,ALPHABET INC.,72803,0.3637
2026-09-09,ARKW,Buy,META,"META PLATFORMS, INC.",4787,0.1681
2026-09-09,ARKW,Sell,GOOGL,ALPHABET INC.,11589,0.2073
2026-09-09,ARKG,Buy,BEAM,BEAM THERAPEUTICS INC.,73237,0.0947
2026-09-09,ARKG,Buy,CRSP,CRISPR THERAPEUTICS AG,10761,0.0293
2026-09-09,ARKG,Buy,NTLA,"INTELLIA THERAPEUTICS, INC.",15925,0.0099
2026-09-10,ARKK,Buy,NTLA,"INTELLIA THERAPEUTICS, INC.",82478,0.0149
2026-09-10,ARKK,Sell,SLMT,BRERA HOLDINGS PLC,2524,0.0001
2026-09-10,ARKW,Buy,SOLQ.U,3IQ SOLANA STAKING ETF,2143,0.0010
2026-09-10,ARKW,Sell,SLMT,BRERA HOLDINGS PLC,999,0.0002
2026-09-10,ARKG,Buy,NTLA,"INTELLIA THERAPEUTICS, INC.",6806,0.0041
2026-09-10,ARKF,Buy,SOLQ.U,3IQ SOLANA STAKING ETF,1878,0.0019
2026-09-10,ARKF,Sell,SLMT,BRERA HOLDINGS PLC,633,0.0003
2026-09-11,ARKK,Buy,NTLA,"INTELLIA THERAPEUTICS, INC.",107356,0.0199
2026-09-11,ARKK,Sell,SLMT,BRERA HOLDINGS PLC,7035,0.0004
2026-09-11,ARKK,Sell,GOOGL,ALPHABET INC.,1784,0.0095
2026-09-11,ARKK,Sell,WGS,GENEDX HOLDINGS CORP.,7631,0.0103
2026-09-11,ARKK,Sell,TEM,"TEMPUS AI, INC.",34631,0.0320
2026-09-11,ARKK,Sell,TXG,"10X GENOMICS, INC.",60556,0.0653
2026-09-11,ARKK,Sell,BLSH,BULLISH,121217,0.0661
2026-09-11,ARKK,Sell,TWST,TWIST BIOSCIENCE CORPORATION,46015,0.0920
2026-09-11,ARKW,Sell,SLMT,BRERA HOLDINGS PLC,2786,0.0006
2026-09-11,ARKW,Sell,GOOGL,ALPHABET INC.,355,0.0067
2026-09-11,ARKG,Buy,NTLA,"INTELLIA THERAPEUTICS, INC.",7633,0.0049
2026-09-11,ARKF,Sell,SLMT,BRERA HOLDINGS PLC,1763,0.0008
2026-09-14,ARKK,Sell,SLMT,BRERA HOLDINGS PLC,2424,0.0001
2026-09-14,ARKK,Sell,BLSH,BULLISH,18280,0.0107
2026-09-14,ARKK,Sell,TWST,TWIST BIOSCIENCE CORPORATION,15138,0.0298
2026-09-14,ARKK,Sell,ILMN,ILLUMINA INC,9327,0.0300
2026-09-14,ARKK,Sell,WGS,GENEDX HOLDINGS CORP.,22586,0.0300
2026-09-14,ARKK,Sell,NTRA,"NATERA, INC.",7805,0.0399
2026-09-14,ARKK,Sell,TXG,"10X GENOMICS, INC.",51475,0.0540
2026-09-14,ARKK,Sell,BMNR,"BITMINE IMMERSION TECHNOLOGIES, INC.",153881,0.0603
2026-09-14,ARKK,Sell,AMZN,AMAZON.COM INC,20000,0.0787
2026-09-14,ARKK,Sell,TEM,"TEMPUS AI, INC.",87027,0.0804
2026-09-14,ARKK,Sell,CRWV,"COREWEAVE, INC.",64923,0.0847
2026-09-14,ARKK,Sell,AMD,"ADVANCED MICRO DEVICES, INC.",11195,0.0850
2026-09-14,ARKK,Sell,PLTR,PALANTIR TECHNOLOGIES INC.,34548,0.0911
2026-09-14,ARKK,Sell,SHOP,SHOPIFY INC.,49844,0.1016
2026-09-14,ARKK,Sell,COIN,COINBASE GLOBAL INC,36628,0.1058
2026-09-14,ARKK,Sell,CRCL,"CIRCLE INTERNET GROUP, INC",113369,0.1655
2026-09-14,ARKK,Sell,GOOG,ALPHABET INC.,38273,0.2037
2026-09-14,ARKQ,Buy,AVAV,"AEROVIRONMENT, INC.",13327,0.1081
2026-09-14,ARKQ,Sell,TDY,TELEDYNE TECHNOLOGIES INC,5181,0.1629
2026-09-14,ARKW,Buy,META,"META PLATFORMS, INC.",10997,0.3992
2026-09-14,ARKW,Sell,SLMT,BRERA HOLDINGS PLC,960,0.0002
2026-09-14,ARKW,Sell,CRCL,"CIRCLE INTERNET GROUP, INC",28981,0.1503
2026-09-14,ARKW,Sell,AMD,"ADVANCED MICRO DEVICES, INC.",9275,0.2501
2026-09-14,ARKW,Sell,ARKB,ARK 21SHARES BITCOIN ETF,1062820,1.5349
2026-09-14,ARKG,Buy,IONS,"IONIS PHARMACEUTICALS, INC.",166585,0.4857
2026-09-14,ARKG,Buy,GH,"GUARDANT HEALTH, INC.",39558,0.3535
2026-09-14,ARKG,Sell,TXG,"10X GENOMICS, INC.",271248,1.0036
2026-09-14,ARKF,Sell,SLMT,BRERA HOLDINGS PLC,607,0.0003
2026-09-14,ARKF,Sell,ARKB,ARK 21SHARES BITCOIN ETF,466133,1.5352
2026-09-14,ARKX,Buy,AVAV,"AEROVIRONMENT, INC.",15689,0.3200
2026-09-14,ARKX,Sell,IRDM,IRIDIUM COMMUNICATIONS INC.,54500,0.3356
2026-09-15,ARKK,Sell,GOOGL,ALPHABET INC.,93,0.0005
2026-09-15,ARKQ,Sell,TDY,TELEDYNE TECHNOLOGIES INC,313,0.0100
2026-09-15,ARKW,Sell,GOOGL,ALPHABET INC.,201,0.0038
2026-09-15,ARKG,Buy,GH,"GUARDANT HEALTH, INC.",9070,0.0842
2026-09-15,ARKX,Buy,AVAV,"AEROVIRONMENT, INC.",9037,0.1803
2026-09-15,ARKX,Sell,IRDM,IRIDIUM COMMUNICATIONS INC.,25964,0.1615
2026-09-17,ARKK,Buy,CRWV,"COREWEAVE, INC.",191868,0.2394
2026-09-17,ARKK,Sell,SLMT,BRERA HOLDINGS PLC,2805,0.0001
2026-09-17,ARKW,Buy,CRWV,"COREWEAVE, INC.",47215,0.2086
2026-09-17,ARKW,Sell,SLMT,BRERA HOLDINGS PLC,1111,0.0002
2026-09-17,ARKF,Sell,SLMT,BRERA HOLDINGS PLC,703,0.0003
2026-09-18,ARKK,Buy,,KALSHI INC.,90024,0.0126
2026-09-18,ARKK,Sell,SLMT,BRERA HOLDINGS PLC,187723,0.0079
2026-09-18,ARKW,Buy,,KALSHI INC.,25318,0.0144
2026-09-18,ARKW,Sell,SLMT,BRERA HOLDINGS PLC,74332,0.0126
2026-09-18,ARKF,Buy,,KALSHI INC.,11252,0.0152
2026-09-18,ARKF,Sell,SLMT,BRERA HOLDINGS PLC,47046,0.0191
2026-09-21,ARKK,Buy,META,"META PLATFORMS, INC.",32394,0.2900
2026-09-21,ARKW,Buy,META,"META PLATFORMS, INC.",13340,0.5016
2026-09-21,ARKW,Buy,ABNB,"AIRBNB, INC.",29587,0.2600
2026-09-21,ARKW,Sell,CRWD,"CROWDSTRIKE HOLDINGS, INC.",19872,0.2584
2026-09-21,ARKW,Sell,P,EVERPURE INC,59265,0.3487
2026-09-21,ARKG,Buy,IONS,"IONIS PHARMACEUTICALS, INC.",100241,0.2029
2026-09-21,ARKG,Buy,VCYT,"VERACYTE, INC.",74878,0.1392
2026-09-21,ARKG,Buy,BEAM,BEAM THERAPEUTICS INC.,102565,0.1163
2026-09-21,ARKG,Buy,SCTX,SCRIBE THERAPEUTICS INC,61858,0.0782
2026-09-21,ARKG,Sell,TWST,TWIST BIOSCIENCE CORPORATION,12536,0.0941
2026-09-21,ARKG,Sell,TXG,"10X GENOMICS, INC.",32284,0.1156
2026-09-21,ARKF,Buy,META,"META PLATFORMS, INC.",5743,0.4998
2026-09-21,ARKF,Sell,ARKB,ARK 21SHARES BITCOIN ETF,29705,0.1033
2026-09-21,ARKF,Sell,CRWD,"CROWDSTRIKE HOLDINGS, INC.",8531,0.2568
2026-09-22,ARKK,Buy,RKLB,ROCKET LAB CORP,277573,0.2061
2026-09-22,ARKQ,Buy,RKLB,ROCKET LAB CORP,59746,0.2037
2026-09-22,ARKQ,Sell,GOOGL,ALPHABET INC.,11969,0.2014
2026-09-22,ARKW,Sell,P,EVERPURE INC,19139,0.1067
2026-09-22,ARKG,Buy,SCTX,SCRIBE THERAPEUTICS INC,88323,0.1079
2026-09-22,ARKG,Buy,VCYT,"VERACYTE, INC.",12583,0.0241
2026-09-22,ARKG,Buy,BEAM,BEAM THERAPEUTICS INC.,9519,0.0109
2026-09-22,ARKG,Sell,TWST,TWIST BIOSCIENCE CORPORATION,21335,0.1607
2026-09-22,ARKG,Sell,TXG,"10X GENOMICS, INC.",49651,0.1800
2026-09-22,ARKX,Buy,RKLB,ROCKET LAB CORP,22293,0.2038
2026-09-22,ARKX,Sell,GOOGL,ALPHABET INC.,4453,0.2010
2026-09-23,ARKK,Sell,TEM,"TEMPUS AI, INC.",90621,0.0710
2026-09-23,ARKW,Buy,SOLQ.U,3IQ SOLANA STAKING ETF,3888,0.0018
2026-09-23,ARKG,Buy,SCTX,SCRIBE THERAPEUTICS INC,143257,0.1717
2026-09-23,ARKG,Buy,BEAM,BEAM THERAPEUTICS INC.,65553,0.0732
2026-09-23,ARKG,Buy,VCYT,"VERACYTE, INC.",20908,0.0403
2026-09-23,ARKG,Sell,TWST,TWIST BIOSCIENCE CORPORATION,2175,0.0161
2026-09-23,ARKF,Buy,SOLQ.U,3IQ SOLANA STAKING ETF,1701,0.0018
2026-09-24,ARKG,Buy,SCTX,SCRIBE THERAPEUTICS INC,39149,0.0437
2026-09-25,ARKW,Buy,SOLQ.U,3IQ SOLANA STAKING ETF,4425,0.0022
2026-09-25,ARKF,Buy,SOLQ.U,3IQ SOLANA STAKING ETF,1937,0.0022
2026-09-28,ARKF,Buy,SOLQ.U,3IQ SOLANA STAKING ETF,8579,0.0097
2026-09-29,ARKK,Buy,NVDA,NVIDIA CORPORATION,187260,0.5017
2026-09-29,ARKK,Buy,AVGO,BROADCOM INC,60019,0.2506
2026-09-29,ARKK,Buy,TSLA,TESLA INC,48352,0.1996
2026-09-29,ARKK,Buy,CRWV,"COREWEAVE, INC.",198567,0.1989
2026-09-29,ARKK,Buy,VCYT,"VERACYTE, INC.",119416,0.0639
2026-09-29,ARKK,Buy,NTLA,"INTELLIA THERAPEUTICS, INC.",163637,0.0223
2026-09-29,ARKK,Sell,TWST,TWIST BIOSCIENCE CORPORATION,46931,0.1000
2026-09-29,ARKK,Sell,TEM,"TEMPUS AI, INC.",128292,0.1240
2026-09-29,ARKK,Sell,TXG,"10X GENOMICS, INC.",386216,0.4027
2026-09-29,ARKK,Sell,AMD,"ADVANCED MICRO DEVICES, INC.",104082,0.7429
2026-09-29,ARKQ,Buy,NVDA,NVIDIA CORPORATION,62034,0.7501
2026-09-29,ARKQ,Buy,SPCX,SPACE EXPLORATION TECHNOLOGIES CORP,9112,0.0708
2026-09-29,ARKQ,Sell,GOOGL,ALPHABET INC.,3517,0.0629
2026-09-29,ARKQ,Sell,AMD,"ADVANCED MICRO DEVICES, INC.",23047,0.7423
2026-09-29,ARKW,Buy,NVDA,NVIDIA CORPORATION,80245,0.9566
2026-09-29,ARKW,Buy,AVGO,BROADCOM INC,16244,0.3018
2026-09-29,ARKW,Buy,CRWV,"COREWEAVE, INC.",55983,0.2495
2026-09-29,ARKW,Sell,AMD,"ADVANCED MICRO DEVICES, INC.",45412,1.4421
2026-09-29,ARKG,Buy,NTLA,"INTELLIA THERAPEUTICS, INC.",41555,0.0224
2026-09-29,ARKG,Sell,TXG,"10X GENOMICS, INC.",49178,0.2028
2026-09-29,ARKF,Buy,ABNB,"AIRBNB, INC.",26940,0.5009
2026-09-29,ARKF,Buy,XYZ,"BLOCK, INC.",34343,0.3009
2026-09-29,ARKF,Sell,Z,"ZILLOW GROUP, INC.",148686,0.4838
2026-09-29,ARKX,Buy,NVDA,NVIDIA CORPORATION,27142,0.8204
2026-09-29,ARKX,Sell,GOOGL,ALPHABET INC.,1393,0.0622
2026-09-29,ARKX,Sell,AMD,"ADVANCED MICRO DEVICES, INC.",9226,0.7429
2026-09-30,ARKK,Buy,NTLA,"INTELLIA THERAPEUTICS, INC.",365479,0.0512
2026-09-30,ARKK,Buy,VCYT,"VERACYTE, INC.",76392,0.0411
2026-09-30,ARKQ,Sell,GOOGL,ALPHABET INC.,461,0.0084
2026-09-30,ARKG,Buy,NTLA,"INTELLIA THERAPEUTICS, INC.",101477,0.0553
2026-09-30,ARKF,Sell,Z,"ZILLOW GROUP, INC.",2259,0.0074
2026-09-30,ARKX,Sell,GOOGL,ALPHABET INC.,188,0.0086
2026-10-01,ARKK,Buy,BWXT,BWX TECHNOLOGIES INC,99503,0.1715
2026-10-01,ARKK,Buy,RKLB,ROCKET LAB CORP,176772,0.1581
2026-10-01,ARKK,Buy,VCYT,"VERACYTE, INC.",159376,0.0917
2026-10-01,ARKK,Buy,NTLA,"INTELLIA THERAPEUTICS, INC.",321950,0.0496
2026-10-01,ARKQ,Buy,RKLB,ROCKET LAB CORP,40800,0.1528
2026-10-01,ARKQ,Sell,GOOGL,ALPHABET INC.,101,0.0019
2026-10-01,ARKQ,Sell,PLTR,PALANTIR TECHNOLOGIES INC.,14970,0.1510
2026-10-01,ARKG,Buy,NTLA,"INTELLIA THERAPEUTICS, INC.",88961,0.0489
2026-10-01,ARKF,Sell,Z,"ZILLOW GROUP, INC.",760,0.0025
2026-10-01,ARKX,Buy,RKLB,ROCKET LAB CORP,15910,0.1528
2026-10-01,ARKX,Sell,PLTR,PALANTIR TECHNOLOGIES INC.,5835,0.1509
2026-10-02,ARKK,Buy,CBRS,CEREBRAS SYSTEMS INC,80694,0.1670
2026-10-02,ARKK,Buy,BWXT,BWX TECHNOLOGIES INC,72502,0.1218
2026-10-02,ARKK,Buy,NTLA,"INTELLIA THERAPEUTICS, INC.",410738,0.0622
2026-10-02,ARKW,Buy,CBRS,CEREBRAS SYSTEMS INC,37064,0.3032
2026-10-02,ARKW,Buy,AMZN,AMAZON.COM INC,16550,0.2024
2026-10-02,ARKG,Buy,NTLA,"INTELLIA THERAPEUTICS, INC.",100959,0.0561
2026-10-02,ARKG,Sell,TXG,"10X GENOMICS, INC.",12115,0.0510
2026-10-02,ARKF,Buy,ABNB,"AIRBNB, INC.",16152,0.2989
2026-10-02,ARKF,Buy,DASH,"DOORDASH, INC.",11638,0.2492
2026-10-02,ARKF,Sell,Z,"ZILLOW GROUP, INC.",200,0.0006
2026-10-05,ARKK,Buy,RXRX,"RECURSION PHARMACEUTICALS, INC.",1189265,0.0600
2026-10-05,ARKK,Buy,NTLA,"INTELLIA THERAPEUTICS, INC.",77291,0.0102
2026-10-05,ARKK,Sell,TWST,TWIST BIOSCIENCE CORPORATION,47947,0.1067
2026-10-05,ARKG,Buy,VCYT,"VERACYTE, INC.",115472,0.2442
2026-10-05,ARKG,Buy,RXRX,"RECURSION PHARMACEUTICALS, INC.",293092,0.0601
2026-10-05,ARKG,Buy,FRNM,"FREENOME, INC.",47084,0.0345
2026-10-05,ARKG,Buy,SCTX,SCRIBE THERAPEUTICS INC,47428,0.0330
2026-10-05,ARKG,Buy,NTLA,"INTELLIA THERAPEUTICS, INC.",19017,0.0102
2026-10-05,ARKG,Sell,CDNA,"CAREDX, INC.",22271,0.0699
2026-10-05,ARKG,Sell,TXG,"10X GENOMICS, INC.",27277,0.1156
2026-10-05,ARKG,Sell,TWST,TWIST BIOSCIENCE CORPORATION,42766,0.3870
2026-10-06,ARKK,Buy,ACHR,ARCHER AVIATION INC.,1787367,0.0873
2026-10-06,ARKK,Buy,CRWV,"COREWEAVE, INC.",65859,0.0626
2026-10-06,ARKK,Buy,KTOS,"KRATOS DEFENSE & SECURITY SOLUTIONS, INC.",100523,0.0457
2026-10-06,ARKK,Buy,RXRX,"RECURSION PHARMACEUTICALS, INC.",271172,0.0131
2026-10-06,ARKK,Buy,NTLA,"INTELLIA THERAPEUTICS, INC.",57055,0.0074
2026-10-06,ARKK,Sell,TEM,"TEMPUS AI, INC.",8905,0.0071
2026-10-06,ARKK,Sell,TXG,"10X GENOMICS, INC.",9826,0.0091
2026-10-06,ARKK,Sell,TWST,TWIST BIOSCIENCE CORPORATION,13597,0.0307
2026-10-06,ARKK,Sell,HOOD,"ROBINHOOD MARKETS, INC.",43354,0.0516
2026-10-06,ARKQ,Buy,SYM,SYMBOTIC INC,94279,0.2116
2026-10-06,ARKQ,Buy,JOBY,"JOBY AVIATION, INC.",543906,0.1604
2026-10-06,ARKQ,Buy,AUR,"AURORA INNOVATION, INC.",529654,0.1544
2026-10-06,ARKQ,Buy,ACHR,ARCHER AVIATION INC.,562685,0.1338
2026-10-06,ARKQ,Buy,AVAV,"AEROVIRONMENT, INC.",17574,0.1282
2026-10-06,ARKQ,Buy,LUNR,INTUITIVE MACHINES INC,90871,0.0683
2026-10-06,ARKQ,Buy,PONY,PONY AI INC,172300,0.0539
2026-10-06,ARKQ,Buy,BIDU,"BAIDU, INC.",11484,0.0508
2026-10-06,ARKQ,Buy,KDK,KODIAK AI INC,378151,0.0325
2026-10-06,ARKQ,Buy,WRD,WERIDE INC,61900,0.0161
2026-10-06,ARKQ,Sell,TER,"TERADYNE, INC.",51524,1.1346
2026-10-06,ARKW,Buy,AMZN,AMAZON.COM INC,36050,0.4204
2026-10-06,ARKW,Buy,META,"META PLATFORMS, INC.",7733,0.2616
2026-10-06,ARKW,Buy,CRWV,"COREWEAVE, INC.",31780,0.1315
2026-10-06,ARKW,Sell,HOOD,"ROBINHOOD MARKETS, INC.",20112,0.1042
2026-10-06,ARKW,Sell,SPCX,SPACE EXPLORATION TECHNOLOGIES CORP,54873,0.4382
2026-10-06,ARKG,Buy,VCYT,"VERACYTE, INC.",389509,0.7464
2026-10-06,ARKG,Buy,KYMR,"KYMERA THERAPEUTICS, INC.",19637,0.0862
2026-10-06,ARKG,Buy,FRNM,"FREENOME, INC.",35583,0.0247
2026-10-06,ARKG,Buy,NRIX,"NURIX THERAPEUTICS, INC.",21477,0.0203
2026-10-06,ARKG,Buy,RXRX,"RECURSION PHARMACEUTICALS, INC.",69145,0.0133
2026-10-06,ARKG,Buy,SCTX,SCRIBE THERAPEUTICS INC,19283,0.0129
2026-10-06,ARKG,Buy,NTLA,"INTELLIA THERAPEUTICS, INC.",14549,0.0075
2026-10-06,ARKG,Sell,TXG,"10X GENOMICS, INC.",13677,0.0506
2026-10-06,ARKG,Sell,TWST,TWIST BIOSCIENCE CORPORATION,7287,0.0658
2026-10-06,ARKG,Sell,CDNA,"CAREDX, INC.",44706,0.1266
2026-10-06,ARKG,Sell,PSNL,"PERSONALIS, INC.",720299,0.4829
2026-10-06,ARKF,Buy,GENI,GENIUS SPORTS LTD,425784,0.2971
2026-10-06,ARKF,Buy,META,"META PLATFORMS, INC.",3056,0.2528
2026-10-06,ARKF,Buy,XYZ,"BLOCK, INC.",28503,0.2436
2026-10-06,ARKF,Sell,DKNG,DRAFTKINGS INC.,196727,0.4368
2026-10-06,ARKX,Buy,AVAV,"AEROVIRONMENT, INC.",13535,0.2548
2026-10-06,ARKX,Buy,LUNR,INTUITIVE MACHINES INC,87460,0.1696
2026-10-06,ARKX,Buy,JOBY,"JOBY AVIATION, INC.",209424,0.1595
2026-10-06,ARKX,Buy,ACHR,ARCHER AVIATION INC.,216679,0.1330
2026-10-06,ARKX,Sell,IRDM,IRIDIUM COMMUNICATIONS INC.,55801,0.3598
2026-10-06,ARKX,Sell,TER,"TERADYNE, INC.",10023,0.5697
