date,fund,company,ticker,cusip,weight,shares_held,market_value
2026-08-20,ARKY,GOLDMAN FS TRSY OBLIG INST 468,,X9USDGSFT,81.07,16301049,16301048.75
2026-08-20,ARKY,TREASURY BILL 0.0 08/05/2027,,912797VR5,15.56,3250000,3129504.01
2026-08-20,ARKY,OPEN Autocall ELN LONG TRS 68.02 PA 03/04/2027,OPEN,1718093,0.44,400000,88170.00
2026-08-20,ARKY,FIG Autocall ELN LONG TRS 34.83 PA 09/14/2027  M,FIG,1740035,0.27,400000,54759.00
2026-08-20,ARKY,TEM Autocall ELN LONG TRS 31.74 PA 07/29/2027  M,TEM,1740058,0.25,400000,49759.00
2026-08-20,ARKY,KTOS Autocall ELN LONG TRS 30.21 PA 07/23/2027,KTOS,1740057,0.23,400000,46176.00
2026-08-20,ARKY,AVAV Autocall ELN LONG TRS 27.70 PA 12/30/2027,AVAV,1740048,0.22,400000,44736.00
2026-08-20,ARKY,BMNR Autocall ELN LONG TRS 31.22 PA 10/18/2027,BMNR,1740056,0.22,400000,43387.00
2026-08-20,ARKY,WGS Autocall ELN LONG TRS 26.04 PA 02/24/2027  M,WGS,1740020,0.22,400000,43271.00
2026-08-20,ARKY,GTLB Autocall ELN LONG TRS 27.26 PA 06/04/2027,GTLB,1718152,0.21,400000,41835.00
2026-08-20,ARKY,HIMS Autocall ELN LONG TRS 41.47 PA 04/21/2027,HIMS,1740022,0.20,400000,39716.00
2026-08-20,ARKY,AMD Autocall ELN LONG TRS 26.46 PA 08/03/2027  M,AMD,1737390,0.18,400000,35642.00
2026-08-20,ARKY,GH Autocall ELN LONG TRS 23.94 PA 06/04/2027  MS,GH,1718149,0.17,400000,35119.00
2026-08-20,ARKY,WDAY Autocall ELN LONG TRS 19.30 PA 11/12/2027,WDAY,1737388,0.17,400000,35147.00
2026-08-20,ARKY,GWRE Autocall ELN LONG TRS 18.06 PA 12/02/2027,GWRE,1737389,0.12,400000,24399.00
2026-08-20,ARKY,BLSH Autocall ELN LONG TRS 25.15 PA 10/25/2027,BLSH,1718167,0.11,400000,22795.00
2026-08-20,ARKY,TWLO Autocall ELN LONG TRS 21.99 PA 11/12/2027,TWLO,1737392,0.11,400000,22135.00
2026-08-20,ARKY,SRPT Autocall ELN LONG TRS 36.53 PA 04/09/2027,SRPT,1718102,0.10,400000,19509.00
2026-08-20,ARKY,TSLA Autocall ELN LONG TRS 20.47 PA 07/30/2027,TSLA,1718170,0.10,400000,19387.00
2026-08-20,ARKY,MRNA Autocall ELN LONG TRS 22.43 PA 01/27/2027,MRNA,1737385,0.09,400000,18474.00
2026-08-20,ARKY,U Autocall ELN LONG TRS 26.09 PA 02/09/2027  MS,U,1740010,0.09,400000,18988.00
2026-08-20,ARKY,BEAM Autocall ELN LONG TRS 22.93 PA 06/11/2027,BEAM,1718108,0.08,400000,16163.00
2026-08-20,ARKY,PINS Autocall ELN LONG TRS 19.96 PA 05/07/2027,PINS,1737387,0.08,400000,15543.00
2026-08-20,ARKY,DKNG Autocall ELN LONG TRS 23.31 PA 11/01/2027,DKNG,1718141,0.07,400000,15040.00
2026-08-20,ARKY,RBRK Autocall ELN LONG TRS 17.76 PA 12/08/2026,RBRK,1737382,0.07,400000,13587.00
2026-08-20,ARKY,FSLY Autocall ELN LONG TRS 40.75 PA 07/01/2027,FSLY,1740021,0.06,400000,12657.00
2026-08-20,ARKY,MNDY Autocall ELN LONG TRS 24.16 PA 10/12/2027,MNDY,1740054,0.06,400000,12017.00
2026-08-20,ARKY,HOOD Autocall ELN LONG TRS 27.76 PA 05/25/2027,HOOD,1740012,0.05,400000,9573.00
2026-08-20,ARKY,XYZ Autocall ELN LONG TRS 14.65 PA 05/04/2027  M,XYZ,1718107,0.05,400000,9910.00
2026-08-20,ARKY,AUR Autocall ELN LONG TRS 19.36 PA 04/09/2027  M,AUR,1718100,0.03,400000,5281.00
2026-08-20,ARKY,HUBS Autocall ELN LONG TRS 24.40 PA 10/25/2027,HUBS,1740023,0.03,400000,5847.00
2026-08-20,ARKY,PLTR Autocall ELN LONG TRS 20.71 PA 04/21/2027,PLTR,1737383,0.03,400000,6891.00
2026-08-20,ARKY,TER Autocall ELN LONG TRS 34.51 PA 03/18/2027  M,TER,1740037,0.03,400000,6617.00
2026-08-20,ARKY,LUNR Autocall ELN LONG TRS 43.00 PA 08/09/2027,LUNR,1718113,0.02,400000,4289.00
2026-08-20,ARKY,RDDT Autocall ELN LONG TRS 24.16 PA 08/10/2027,RDDT,1740018,0.02,400000,4720.00
2026-08-20,ARKY,CRWV Autocall ELN LONG TRS 35.82 PA 05/04/2027,CRWV,1740017,0.01,400000,2029.00
2026-08-20,ARKY,CRSP Autocall ELN LONG TRS 20.36 PA 05/03/2027,CRSP,1718105,0.00,400000,-737.00
2026-08-20,ARKY,JOBY Autocall ELN LONG TRS 30.94 PA 09/14/2027,JOBY,1718155,0.00,400000,-563.00
2026-08-20,ARKY,CAI Autocall ELN LONG TRS 29.78 PA 06/15/2027  M,CAI,1737384,-0.01,400000,-2841.00
2026-08-20,ARKY,DDOG Autocall ELN LONG TRS 22.48 PA 08/06/2027,DDOG,1737391,-0.01,400000,-2352.00
2026-08-20,ARKY,NTLA Autocall ELN LONG TRS 23.06 PA 01/28/2027,NTLA,1737386,-0.01,400000,-2782.00
2026-08-20,ARKY,OKLO Autocall ELN LONG TRS 38.39 PA 12/02/2026,OKLO,1718116,-0.01,400000,-2586.00
2026-08-20,ARKY,COIN Autocall ELN LONG TRS 26.92 PA 12/29/2026,COIN,1718129,-0.03,400000,-6905.00
2026-08-20,ARKY,RBLX Autocall ELN LONG TRS 27.81 PA 11/18/2027,RBLX,1718144,-0.05,400000,-9177.00
2026-08-20,ARKY,SOFI Autocall ELN LONG TRS 19.85 PA 01/14/2027,SOFI,1718103,-0.05,400000,-9439.00
2026-08-20,ARKY,TTD Autocall ELN LONG TRS 27.27 PA 06/28/2027  M,TTD,1740042,-0.05,400000,-10266.00
2026-08-20,ARKY,CRCL Autocall ELN LONG TRS 24.82 PA 07/09/2027,CRCL,1718110,-0.06,400000,-12747.00
2026-08-20,ARKY,RKLB Autocall ELN LONG TRS 34.72 PA 07/26/2027,RKLB,1740013,-0.07,400000,-14976.00
2026-08-20,ARKY,RXRX Autocall ELN LONG TRS 25.72 PA 12/01/2026,RXRX,1718092,-0.07,400000,-13939.00
2026-08-20,ARKY,SYM Autocall ELN LONG TRS 26.20 PA 12/28/2026  M,SYM,1718095,-0.07,400000,-15005.00
2026-08-20,ARKY,KLAR Autocall ELN LONG TRS 28.38 PA 05/14/2027,KLAR,1740019,-0.09,400000,-18723.00
2026-08-20,ARKY,SNAP Autocall ELN LONG TRS 25.24 PA 05/10/2027,SNAP,1740011,-0.21,400000,-42733.00
2026-08-21,ARKY,GOLDMAN FS TRSY OBLIG INST 468,,X9USDGSFT,79.33,16274554,16274553.50
2026-08-21,ARKY,TREASURY BILL 0 8/5/2027,,912797VR5,17.84,3800000,3659430.17
2026-08-21,ARKY,OPEN Autocall ELN LONG TRS 68.02 PA 03/04/2027,OPEN,1718093,0.41,400000,84813.00
2026-08-21,ARKY,FIG Autocall ELN LONG TRS 34.83 PA 09/14/2027  M,FIG,1740035,0.28,400000,57570.00
2026-08-21,ARKY,TEM Autocall ELN LONG TRS 31.74 PA 07/29/2027  M,TEM,1740058,0.26,400000,52676.00
2026-08-21,ARKY,BMNR Autocall ELN LONG TRS 31.22 PA 10/18/2027,BMNR,1740056,0.23,400000,47045.00
2026-08-21,ARKY,AVAV Autocall ELN LONG TRS 27.70 PA 12/30/2027,AVAV,1740048,0.20,400000,40173.00
2026-08-21,ARKY,GTLB Autocall ELN LONG TRS 27.26 PA 06/04/2027,GTLB,1718152,0.20,400000,41766.00
2026-08-21,ARKY,KTOS Autocall ELN LONG TRS 30.21 PA 07/23/2027,KTOS,1740057,0.20,400000,41568.00
2026-08-21,ARKY,HIMS Autocall ELN LONG TRS 41.47 PA 04/21/2027,HIMS,1740022,0.19,400000,39107.00
2026-08-21,ARKY,AMD Autocall ELN LONG TRS 26.46 PA 08/03/2027  M,AMD,1737390,0.18,400000,35989.00
2026-08-21,ARKY,GH Autocall ELN LONG TRS 23.94 PA 06/04/2027  MS,GH,1718149,0.18,400000,35928.00
2026-08-21,ARKY,WDAY Autocall ELN LONG TRS 19.30 PA 11/12/2027,WDAY,1737388,0.17,400000,34638.00
2026-08-21,ARKY,BLSH Autocall ELN LONG TRS 25.15 PA 10/25/2027,BLSH,1718167,0.13,400000,27484.00
2026-08-21,ARKY,GWRE Autocall ELN LONG TRS 18.06 PA 12/02/2027,GWRE,1737389,0.12,400000,24584.00
2026-08-21,ARKY,MRNA Autocall ELN LONG TRS 22.43 PA 01/27/2027,MRNA,1737385,0.10,400000,20067.00
2026-08-21,ARKY,TWLO Autocall ELN LONG TRS 21.99 PA 11/12/2027,TWLO,1737392,0.10,400000,20110.00
2026-08-21,ARKY,SRPT Autocall ELN LONG TRS 36.53 PA 04/09/2027,SRPT,1718102,0.09,400000,19090.00
2026-08-21,ARKY,TSLA Autocall ELN LONG TRS 20.47 PA 07/30/2027,TSLA,1718170,0.09,400000,17785.00
2026-08-21,ARKY,U Autocall ELN LONG TRS 26.09 PA 02/09/2027  MS,U,1740010,0.09,400000,19290.00
2026-08-21,ARKY,BEAM Autocall ELN LONG TRS 22.93 PA 06/11/2027,BEAM,1718108,0.07,400000,14051.00
2026-08-21,ARKY,DKNG Autocall ELN LONG TRS 23.31 PA 11/01/2027,DKNG,1718141,0.07,400000,13960.00
2026-08-21,ARKY,PINS Autocall ELN LONG TRS 19.96 PA 05/07/2027,PINS,1737387,0.07,400000,14851.00
2026-08-21,ARKY,RBRK Autocall ELN LONG TRS 17.76 PA 12/08/2026,RBRK,1737382,0.07,400000,13816.00
2026-08-21,ARKY,MNDY Autocall ELN LONG TRS 24.16 PA 10/12/2027,MNDY,1740054,0.05,400000,11168.00
2026-08-21,ARKY,HOOD Autocall ELN LONG TRS 27.76 PA 05/25/2027,HOOD,1740012,0.04,400000,8174.00
2026-08-21,ARKY,HUBS Autocall ELN LONG TRS 24.40 PA 10/25/2027,HUBS,1740023,0.04,400000,8254.00
2026-08-21,ARKY,TER Autocall ELN LONG TRS 34.51 PA 03/18/2027  M,TER,1740037,0.04,400000,8370.00
2026-08-21,ARKY,XYZ Autocall ELN LONG TRS 14.65 PA 05/04/2027  M,XYZ,1718107,0.04,400000,9063.00
2026-08-21,ARKY,CAI Autocall ELN LONG TRS 29.78 PA 06/15/2027  M,CAI,1737384,0.03,400000,6835.00
2026-08-21,ARKY,FSLY Autocall ELN LONG TRS 40.75 PA 07/01/2027,FSLY,1740021,0.03,400000,6991.00
2026-08-21,ARKY,PLTR Autocall ELN LONG TRS 20.71 PA 04/21/2027,PLTR,1737383,0.03,400000,5505.00
2026-08-21,ARKY,AUR Autocall ELN LONG TRS 19.36 PA 04/09/2027  M,AUR,1718100,0.02,400000,4922.00
2026-08-21,ARKY,RDDT Autocall ELN LONG TRS 24.16 PA 08/10/2027,RDDT,1740018,0.02,400000,4869.00
2026-08-21,ARKY,COIN Autocall ELN LONG TRS 26.92 PA 12/29/2026,COIN,1718129,0.01,400000,2341.00
2026-08-21,ARKY,LUNR Autocall ELN LONG TRS 43.00 PA 08/09/2027,LUNR,1718113,0.01,400000,1929.00
2026-08-21,ARKY,CRWV Autocall ELN LONG TRS 35.82 PA 05/04/2027,CRWV,1740017,0.00,400000,645.00
2026-08-21,ARKY,DDOG Autocall ELN LONG TRS 22.48 PA 08/06/2027,DDOG,1737391,-0.02,400000,-3598.00
2026-08-21,ARKY,CRCL Autocall ELN LONG TRS 24.82 PA 07/09/2027,CRCL,1718110,-0.03,400000,-5407.00
2026-08-21,ARKY,WGS Autocall ELN LONG TRS 26.04 PA 02/24/2027  M,WGS,1740020,-0.03,400000,-5738.00
2026-08-21,ARKY,CRSP Autocall ELN LONG TRS 20.36 PA 05/03/2027,CRSP,1718105,-0.04,400000,-7631.00
2026-08-21,ARKY,JOBY Autocall ELN LONG TRS 30.94 PA 09/14/2027,JOBY,1718155,-0.04,400000,-7921.00
2026-08-21,ARKY,OKLO Autocall ELN LONG TRS 38.39 PA 12/02/2026,OKLO,1718116,-0.04,400000,-8765.00
2026-08-21,ARKY,RBLX Autocall ELN LONG TRS 27.81 PA 11/18/2027,RBLX,1718144,-0.04,400000,-8677.00
2026-08-21,ARKY,NTLA Autocall ELN LONG TRS 23.06 PA 01/28/2027,NTLA,1737386,-0.06,400000,-12773.00
2026-08-21,ARKY,TTD Autocall ELN LONG TRS 27.27 PA 06/28/2027  M,TTD,1740042,-0.06,400000,-12559.00
2026-08-21,ARKY,SOFI Autocall ELN LONG TRS 19.85 PA 01/14/2027,SOFI,1718103,-0.07,400000,-15300.00
2026-08-21,ARKY,RXRX Autocall ELN LONG TRS 25.72 PA 12/01/2026,RXRX,1718092,-0.08,400000,-16618.00
2026-08-21,ARKY,RKLB Autocall ELN LONG TRS 34.72 PA 07/26/2027,RKLB,1740013,-0.09,400000,-18940.00
2026-08-21,ARKY,SYM Autocall ELN LONG TRS 26.20 PA 12/28/2026  M,SYM,1718095,-0.09,400000,-17830.00
2026-08-21,ARKY,KLAR Autocall ELN LONG TRS 28.38 PA 05/14/2027,KLAR,1740019,-0.14,400000,-29641.00
2026-08-21,ARKY,SNAP Autocall ELN LONG TRS 25.24 PA 05/10/2027,SNAP,1740011,-0.20,400000,-42034.00
2026-08-24,ARKY,GOLDMAN FS TRSY OBLIG INST 468,,X9USDGSFT,80.43,,17780748.02
2026-08-24,ARKY,TREASURY BILL 0 8/5/2027,,912797VR5,16.55,,3659436.94
2026-08-24,ARKY,OPEN Autocall ELN LONG TRS 68.02 PA 03/04/2027,OPEN,1718093,0.38,,84628.00
2026-08-24,ARKY,FIG Autocall ELN LONG TRS 34.83 PA 09/14/2027  M,FIG,1740035,0.26,,58302.00
2026-08-24,ARKY,TEM Autocall ELN LONG TRS 31.74 PA 07/29/2027  M,TEM,1740058,0.25,,56037.00
2026-08-24,ARKY,BMNR Autocall ELN LONG TRS 31.22 PA 10/18/2027,BMNR,1740056,0.22,,49460.00
2026-08-24,ARKY,GTLB Autocall ELN LONG TRS 27.26 PA 06/04/2027,GTLB,1718152,0.19,,40932.00
2026-08-24,ARKY,KTOS Autocall ELN LONG TRS 30.21 PA 07/23/2027,KTOS,1740057,0.19,,42162.00
2026-08-24,ARKY,AMD Autocall ELN LONG TRS 26.46 PA 08/03/2027  M,AMD,1737390,0.17,,37176.00
2026-08-24,ARKY,AVAV Autocall ELN LONG TRS 27.70 PA 12/30/2027,AVAV,1740048,0.17,,38322.00
2026-08-24,ARKY,HIMS Autocall ELN LONG TRS 41.47 PA 04/21/2027,HIMS,1740022,0.17,,38409.00
2026-08-24,ARKY,GH Autocall ELN LONG TRS 23.94 PA 06/04/2027  MS,GH,1718149,0.16,,36272.00
2026-08-24,ARKY,BLSH Autocall ELN LONG TRS 25.15 PA 10/25/2027,BLSH,1718167,0.15,,32466.00
2026-08-24,ARKY,WDAY Autocall ELN LONG TRS 19.30 PA 11/12/2027,WDAY,1737388,0.15,,34212.00
2026-08-24,ARKY,GWRE Autocall ELN LONG TRS 18.06 PA 12/02/2027,GWRE,1737389,0.12,,26765.00
2026-08-24,ARKY,TSLA Autocall ELN LONG TRS 20.47 PA 07/30/2027,TSLA,1718170,0.10,,21817.00
2026-08-24,ARKY,TWLO Autocall ELN LONG TRS 21.99 PA 11/12/2027,TWLO,1737392,0.10,,22107.00
2026-08-24,ARKY,CAI Autocall ELN LONG TRS 29.78 PA 06/15/2027  M,CAI,1737384,0.09,,19617.00
2026-08-24,ARKY,MRNA Autocall ELN LONG TRS 22.43 PA 01/27/2027,MRNA,1737385,0.09,,20222.00
2026-08-24,ARKY,U Autocall ELN LONG TRS 26.09 PA 02/09/2027  MS,U,1740010,0.09,,19751.00
2026-08-24,ARKY,BEAM Autocall ELN LONG TRS 22.93 PA 06/11/2027,BEAM,1718108,0.08,,17362.00
2026-08-24,ARKY,FSLY Autocall ELN LONG TRS 40.75 PA 07/01/2027,FSLY,1740021,0.08,,18512.00
2026-08-24,ARKY,SRPT Autocall ELN LONG TRS 36.53 PA 04/09/2027,SRPT,1718102,0.08,,17511.00
2026-08-24,ARKY,DKNG Autocall ELN LONG TRS 23.31 PA 11/01/2027,DKNG,1718141,0.07,,16437.00
2026-08-24,ARKY,PINS Autocall ELN LONG TRS 19.96 PA 05/07/2027,PINS,1737387,0.07,,14730.00
2026-08-24,ARKY,RBRK Autocall ELN LONG TRS 17.76 PA 12/08/2026,RBRK,1737382,0.06,,13773.00
2026-08-24,ARKY,COIN Autocall ELN LONG TRS 26.92 PA 12/29/2026,COIN,1718129,0.05,,10902.00
2026-08-24,ARKY,MNDY Autocall ELN LONG TRS 24.16 PA 10/12/2027,MNDY,1740054,0.05,,11440.00
2026-08-24,ARKY,XYZ Autocall ELN LONG TRS 14.65 PA 05/04/2027  M,XYZ,1718107,0.04,,9789.00
2026-08-24,ARKY,AUR Autocall ELN LONG TRS 19.36 PA 04/09/2027  M,AUR,1718100,0.03,,7391.00
2026-08-24,ARKY,HUBS Autocall ELN LONG TRS 24.40 PA 10/25/2027,HUBS,1740023,0.03,,6963.00
2026-08-24,ARKY,PLTR Autocall ELN LONG TRS 20.71 PA 04/21/2027,PLTR,1737383,0.03,,7549.00
2026-08-24,ARKY,RDDT Autocall ELN LONG TRS 24.16 PA 08/10/2027,RDDT,1740018,0.03,,6618.00
2026-08-24,ARKY,TER Autocall ELN LONG TRS 34.51 PA 03/18/2027  M,TER,1740037,0.03,,7153.00
2026-08-24,ARKY,LUNR Autocall ELN LONG TRS 43.00 PA 08/09/2027,LUNR,1718113,0.02,,4688.00
2026-08-24,ARKY,CRCL Autocall ELN LONG TRS 24.82 PA 07/09/2027,CRCL,1718110,0.00,,378.00
2026-08-24,ARKY,CRWV Autocall ELN LONG TRS 35.82 PA 05/04/2027,CRWV,1740017,-0.01,,-2376.00
2026-08-24,ARKY,DDOG Autocall ELN LONG TRS 22.48 PA 08/06/2027,DDOG,1737391,-0.01,,-2478.00
2026-08-24,ARKY,JOBY Autocall ELN LONG TRS 30.94 PA 09/14/2027,JOBY,1718155,-0.01,,-2790.00
2026-08-24,ARKY,WGS Autocall ELN LONG TRS 26.04 PA 02/24/2027  M,WGS,1740020,-0.01,,-2962.00
2026-08-24,ARKY,CRSP Autocall ELN LONG TRS 20.36 PA 05/03/2027,CRSP,1718105,-0.02,,-4620.00
2026-08-24,ARKY,HOOD Autocall ELN LONG TRS 27.76 PA 05/25/2027,HOOD,1740012,-0.03,,-7099.00
2026-08-24,ARKY,OKLO Autocall ELN LONG TRS 38.39 PA 12/02/2026,OKLO,1718116,-0.03,,-7631.00
2026-08-24,ARKY,SOFI Autocall ELN LONG TRS 19.85 PA 01/14/2027,SOFI,1718103,-0.03,,-7154.00
2026-08-24,ARKY,NTLA Autocall ELN LONG TRS 23.06 PA 01/28/2027,NTLA,1737386,-0.04,,-8204.00
2026-08-24,ARKY,RBLX Autocall ELN LONG TRS 27.81 PA 11/18/2027,RBLX,1718144,-0.04,,-9431.00
2026-08-24,ARKY,RXRX Autocall ELN LONG TRS 25.72 PA 12/01/2026,RXRX,1718092,-0.04,,-9220.00
2026-08-24,ARKY,TTD Autocall ELN LONG TRS 27.27 PA 06/28/2027  M,TTD,1740042,-0.07,,-15935.00
2026-08-24,ARKY,SYM Autocall ELN LONG TRS 26.20 PA 12/28/2026  M,SYM,1718095,-0.08,,-17300.00
2026-08-24,ARKY,RKLB Autocall ELN LONG TRS 34.72 PA 07/26/2027,RKLB,1740013,-0.09,,-19296.00
2026-08-24,ARKY,KLAR Autocall ELN LONG TRS 28.38 PA 05/14/2027,KLAR,1740019,-0.11,,-25166.00
2026-08-24,ARKY,SNAP Autocall ELN LONG TRS 25.24 PA 05/10/2027,SNAP,1740011,-0.18,,-40304.00
2026-08-25,ARKY,GOLDMAN FS TRSY OBLIG INST 468,,X9USDGSFT,82.61,,20360239.79
2026-08-25,ARKY,TREASURY BILL 0 8/5/2027,,912797VR5,14.85,,3659431.65
2026-08-25,ARKY,OPEN Autocall ELN LONG TRS 68.02 PA 03/04/2027,OPEN,1718093,0.34,,82698.00
2026-08-25,ARKY,FIG Autocall ELN LONG TRS 34.83 PA 09/14/2027  M,FIG,1740035,0.32,,77945.00
2026-08-25,ARKY,TEM Autocall ELN LONG TRS 31.74 PA 07/29/2027  M,TEM,1740058,0.27,,67402.50
2026-08-25,ARKY,BMNR Autocall ELN LONG TRS 31.22 PA 10/18/2027,BMNR,1740056,0.26,,63551.25
2026-08-25,ARKY,GTLB Autocall ELN LONG TRS 27.26 PA 06/04/2027,GTLB,1718152,0.21,,52275.00
2026-08-25,ARKY,KTOS Autocall ELN LONG TRS 30.21 PA 07/23/2027,KTOS,1740057,0.19,,45631.25
2026-08-25,ARKY,AMD Autocall ELN LONG TRS 26.46 PA 08/03/2027  M,AMD,1737390,0.18,,44676.25
2026-08-25,ARKY,GH Autocall ELN LONG TRS 23.94 PA 06/04/2027  MS,GH,1718149,0.17,,43061.25
2026-08-25,ARKY,HIMS Autocall ELN LONG TRS 41.47 PA 04/21/2027,HIMS,1740022,0.16,,38340.00
2026-08-25,ARKY,AVAV Autocall ELN LONG TRS 27.70 PA 12/30/2027,AVAV,1740048,0.15,,37616.25
2026-08-25,ARKY,BLSH Autocall ELN LONG TRS 25.15 PA 10/25/2027,BLSH,1718167,0.15,,37606.25
2026-08-25,ARKY,WDAY Autocall ELN LONG TRS 19.30 PA 11/12/2027,WDAY,1737388,0.14,,34738.00
2026-08-25,ARKY,GWRE Autocall ELN LONG TRS 18.06 PA 12/02/2027,GWRE,1737389,0.11,,26547.00
2026-08-25,ARKY,MRNA Autocall ELN LONG TRS 22.43 PA 01/27/2027,MRNA,1737385,0.10,,25646.25
2026-08-25,ARKY,TSLA Autocall ELN LONG TRS 20.47 PA 07/30/2027,TSLA,1718170,0.10,,24786.25
2026-08-25,ARKY,U Autocall ELN LONG TRS 26.09 PA 02/09/2027  MS,U,1740010,0.10,,24626.25
2026-08-25,ARKY,TWLO Autocall ELN LONG TRS 21.99 PA 11/12/2027,TWLO,1737392,0.09,,21100.00
2026-08-25,ARKY,DKNG Autocall ELN LONG TRS 23.31 PA 11/01/2027,DKNG,1718141,0.08,,20475.00
2026-08-25,ARKY,PINS Autocall ELN LONG TRS 19.96 PA 05/07/2027,PINS,1737387,0.08,,18766.25
2026-08-25,ARKY,BEAM Autocall ELN LONG TRS 22.93 PA 06/11/2027,BEAM,1718108,0.07,,16357.50
2026-08-25,ARKY,RBRK Autocall ELN LONG TRS 17.76 PA 12/08/2026,RBRK,1737382,0.07,,17191.25
2026-08-25,ARKY,SRPT Autocall ELN LONG TRS 36.53 PA 04/09/2027,SRPT,1718102,0.07,,17141.00
2026-08-25,ARKY,CAI Autocall ELN LONG TRS 29.78 PA 06/15/2027  M,CAI,1737384,0.06,,13962.00
2026-08-25,ARKY,COIN Autocall ELN LONG TRS 26.92 PA 12/29/2026,COIN,1718129,0.05,,11363.75
2026-08-25,ARKY,XYZ Autocall ELN LONG TRS 14.65 PA 05/04/2027  M,XYZ,1718107,0.05,,11666.25
2026-08-25,ARKY,FSLY Autocall ELN LONG TRS 40.75 PA 07/01/2027,FSLY,1740021,0.04,,10239.00
2026-08-25,ARKY,PLTR Autocall ELN LONG TRS 20.71 PA 04/21/2027,PLTR,1737383,0.03,,8601.25
2026-08-25,ARKY,RDDT Autocall ELN LONG TRS 24.16 PA 08/10/2027,RDDT,1740018,0.03,,8156.25
2026-08-25,ARKY,TER Autocall ELN LONG TRS 34.51 PA 03/18/2027  M,TER,1740037,0.02,,5056.25
2026-08-25,ARKY,CRCL Autocall ELN LONG TRS 24.82 PA 07/09/2027,CRCL,1718110,0.01,,1816.25
2026-08-25,ARKY,WGS Autocall ELN LONG TRS 26.04 PA 02/24/2027  M,WGS,1740020,0.01,,2290.00
2026-08-25,ARKY,AUR Autocall ELN LONG TRS 19.36 PA 04/09/2027  M,AUR,1718100,-0.01,,-1297.50
2026-08-25,ARKY,CRWV Autocall ELN LONG TRS 35.82 PA 05/04/2027,CRWV,1740017,-0.02,,-5015.00
2026-08-25,ARKY,LUNR Autocall ELN LONG TRS 43.00 PA 08/09/2027,LUNR,1718113,-0.02,,-5686.25
2026-08-25,ARKY,DDOG Autocall ELN LONG TRS 22.48 PA 08/06/2027,DDOG,1737391,-0.03,,-8286.25
2026-08-25,ARKY,CRSP Autocall ELN LONG TRS 20.36 PA 05/03/2027,CRSP,1718105,-0.04,,-10335.00
2026-08-25,ARKY,JOBY Autocall ELN LONG TRS 30.94 PA 09/14/2027,JOBY,1718155,-0.04,,-10656.25
2026-08-25,ARKY,RBLX Autocall ELN LONG TRS 27.81 PA 11/18/2027,RBLX,1718144,-0.04,,-8690.00
2026-08-25,ARKY,HOOD Autocall ELN LONG TRS 27.76 PA 05/25/2027,HOOD,1740012,-0.05,,-12292.50
2026-08-25,ARKY,NTLA Autocall ELN LONG TRS 23.06 PA 01/28/2027,NTLA,1737386,-0.05,,-12907.50
2026-08-25,ARKY,TTD Autocall ELN LONG TRS 27.27 PA 06/28/2027  M,TTD,1740042,-0.06,,-14278.00
2026-08-25,ARKY,SOFI Autocall ELN LONG TRS 19.85 PA 01/14/2027,SOFI,1718103,-0.07,,-16523.75
2026-08-25,ARKY,RXRX Autocall ELN LONG TRS 25.72 PA 12/01/2026,RXRX,1718092,-0.09,,-21481.25
2026-08-25,ARKY,OKLO Autocall ELN LONG TRS 38.39 PA 12/02/2026,OKLO,1718116,-0.10,,-25281.25
2026-08-25,ARKY,SYM Autocall ELN LONG TRS 26.20 PA 12/28/2026  M,SYM,1718095,-0.12,,-30266.25
2026-08-25,ARKY,SNAP Autocall ELN LONG TRS 25.24 PA 05/10/2027,SNAP,1740011,-0.13,,-32026.00
2026-08-25,ARKY,KLAR Autocall ELN LONG TRS 28.38 PA 05/14/2027,KLAR,1740019,-0.14,,-33493.75
2026-08-25,ARKY,RKLB Autocall ELN LONG TRS 34.72 PA 07/26/2027,RKLB,1740013,-0.14,,-35132.50
2026-08-26,ARKY,GOLDMAN FS TRSY OBLIG INST 468,,X9USDGSFT,82.16,,20291639.79
2026-08-26,ARKY,TREASURY BILL 0 8/5/2027,,912797VR5,14.82,,3660583.47
2026-08-26,ARKY,OPEN Autocall ELN LONG TRS 68.02 PA 03/04/2027,OPEN,1718093,0.37,,90645.00
2026-08-26,ARKY,FIG Autocall ELN LONG TRS 34.83 PA 09/14/2027  M,FIG,1740035,0.31,,77762.00
2026-08-26,ARKY,BMNR Autocall ELN LONG TRS 31.22 PA 10/18/2027,BMNR,1740056,0.27,,66733.00
2026-08-26,ARKY,TEM Autocall ELN LONG TRS 31.74 PA 07/29/2027  M,TEM,1740058,0.27,,66769.00
2026-08-26,ARKY,AMD Autocall ELN LONG TRS 26.46 PA 08/03/2027  M,AMD,1737390,0.21,,50655.00
2026-08-26,ARKY,GTLB Autocall ELN LONG TRS 27.26 PA 06/04/2027,GTLB,1718152,0.21,,52139.00
2026-08-26,ARKY,GH Autocall ELN LONG TRS 23.94 PA 06/04/2027  MS,GH,1718149,0.18,,43806.00
2026-08-26,ARKY,KTOS Autocall ELN LONG TRS 30.21 PA 07/23/2027,KTOS,1740057,0.18,,43761.00
2026-08-26,ARKY,BLSH Autocall ELN LONG TRS 25.15 PA 10/25/2027,BLSH,1718167,0.17,,42600.00
2026-08-26,ARKY,AVAV Autocall ELN LONG TRS 27.70 PA 12/30/2027,AVAV,1740048,0.15,,37782.00
2026-08-26,ARKY,HIMS Autocall ELN LONG TRS 41.47 PA 04/21/2027,HIMS,1740022,0.15,,38011.00
2026-08-26,ARKY,CAI Autocall ELN LONG TRS 29.78 PA 06/15/2027  M,CAI,1737384,0.10,,25606.00
2026-08-26,ARKY,MRNA Autocall ELN LONG TRS 22.43 PA 01/27/2027,MRNA,1737385,0.10,,25811.00
2026-08-26,ARKY,TSLA Autocall ELN LONG TRS 20.47 PA 07/30/2027,TSLA,1718170,0.10,,25548.00
2026-08-26,ARKY,U Autocall ELN LONG TRS 26.09 PA 02/09/2027  MS,U,1740010,0.10,,23727.00
2026-08-26,ARKY,BEAM Autocall ELN LONG TRS 22.93 PA 06/11/2027,BEAM,1718108,0.09,,21850.00
2026-08-26,ARKY,SRPT Autocall ELN LONG TRS 36.53 PA 04/09/2027,SRPT,1718102,0.09,,22445.00
2026-08-26,ARKY,TWLO Autocall ELN LONG TRS 21.99 PA 11/12/2027,TWLO,1737392,0.09,,22435.00
2026-08-26,ARKY,DKNG Autocall ELN LONG TRS 23.31 PA 11/01/2027,DKNG,1718141,0.08,,20502.00
2026-08-26,ARKY,PINS Autocall ELN LONG TRS 19.96 PA 05/07/2027,PINS,1737387,0.08,,19341.00
2026-08-26,ARKY,COIN Autocall ELN LONG TRS 26.92 PA 12/29/2026,COIN,1718129,0.07,,17805.00
2026-08-26,ARKY,RBRK Autocall ELN LONG TRS 17.76 PA 12/08/2026,RBRK,1737382,0.06,,15105.00
2026-08-26,ARKY,RDDT Autocall ELN LONG TRS 24.16 PA 08/10/2027,RDDT,1740018,0.06,,13668.00
2026-08-26,ARKY,FSLY Autocall ELN LONG TRS 40.75 PA 07/01/2027,FSLY,1740021,0.05,,11197.00
2026-08-26,ARKY,XYZ Autocall ELN LONG TRS 14.65 PA 05/04/2027  M,XYZ,1718107,0.05,,12634.00
2026-08-26,ARKY,CRCL Autocall ELN LONG TRS 24.82 PA 07/09/2027,CRCL,1718110,0.03,,7453.00
2026-08-26,ARKY,PLTR Autocall ELN LONG TRS 20.71 PA 04/21/2027,PLTR,1737383,0.03,,7493.00
2026-08-26,ARKY,TER Autocall ELN LONG TRS 34.51 PA 03/18/2027  M,TER,1740037,0.03,,8027.00
2026-08-26,ARKY,OKLO Autocall ELN LONG TRS 38.39 PA 12/02/2026,OKLO,1718116,0.02,,3974.00
2026-08-26,ARKY,AUR Autocall ELN LONG TRS 19.36 PA 04/09/2027  M,AUR,1718100,0.01,,2520.00
2026-08-26,ARKY,WGS Autocall ELN LONG TRS 26.04 PA 02/24/2027  M,WGS,1740020,0.01,,2088.00
2026-08-26,ARKY,HOOD Autocall ELN LONG TRS 27.76 PA 05/25/2027,HOOD,1740012,0.00,,795.00
2026-08-26,ARKY,CRWV Autocall ELN LONG TRS 35.82 PA 05/04/2027,CRWV,1740017,-0.01,,-1236.00
2026-08-26,ARKY,LUNR Autocall ELN LONG TRS 43.00 PA 08/09/2027,LUNR,1718113,-0.01,,-2452.00
2026-08-26,ARKY,RXRX Autocall ELN LONG TRS 25.72 PA 12/01/2026,RXRX,1718092,-0.01,,-1980.00
2026-08-26,ARKY,CRSP Autocall ELN LONG TRS 20.36 PA 05/03/2027,CRSP,1718105,-0.02,,-5328.00
2026-08-26,ARKY,RBLX Autocall ELN LONG TRS 27.81 PA 11/18/2027,RBLX,1718144,-0.02,,-5943.00
2026-08-26,ARKY,NTLA Autocall ELN LONG TRS 23.06 PA 01/28/2027,NTLA,1737386,-0.03,,-6427.00
2026-08-26,ARKY,SOFI Autocall ELN LONG TRS 19.85 PA 01/14/2027,SOFI,1718103,-0.03,,-7765.00
2026-08-26,ARKY,DDOG Autocall ELN LONG TRS 22.48 PA 08/06/2027,DDOG,1737391,-0.04,,-8991.00
2026-08-26,ARKY,JOBY Autocall ELN LONG TRS 30.94 PA 09/14/2027,JOBY,1718155,-0.04,,-8695.00
2026-08-26,ARKY,TTD Autocall ELN LONG TRS 27.27 PA 06/28/2027  M,TTD,1740042,-0.05,,-13217.00
2026-08-26,ARKY,SNAP Autocall ELN LONG TRS 25.24 PA 05/10/2027,SNAP,1740011,-0.08,,-19894.00
2026-08-26,ARKY,SYM Autocall ELN LONG TRS 26.20 PA 12/28/2026  M,SYM,1718095,-0.10,,-24732.00
2026-08-26,ARKY,KLAR Autocall ELN LONG TRS 28.38 PA 05/14/2027,KLAR,1740019,-0.12,,-30642.00
2026-08-26,ARKY,RKLB Autocall ELN LONG TRS 34.72 PA 07/26/2027,RKLB,1740013,-0.15,,-38096.00
2026-08-27,ARKY,GOLDMAN FS TRSY OBLIG INST 468,,X9USDGSFT,84.08,,22903980.67
2026-08-27,ARKY,TREASURY BILL 0 8/5/2027,,912797VR5,13.44,,3660786.01
2026-08-27,ARKY,FIG Autocall ELN LONG TRS 34.83 PA 09/14/2027  M,FIG,1740035,0.34,,91454.90
2026-08-27,ARKY,OPEN Autocall ELN LONG TRS 68.02 PA 03/04/2027,OPEN,1718093,0.31,,84086.00
2026-08-27,ARKY,BMNR Autocall ELN LONG TRS 31.22 PA 10/18/2027,BMNR,1740056,0.30,,81524.65
2026-08-27,ARKY,TEM Autocall ELN LONG TRS 31.74 PA 07/29/2027  M,TEM,1740058,0.29,,79270.65
2026-08-27,ARKY,AMD Autocall ELN LONG TRS 26.46 PA 08/03/2027  M,AMD,1737390,0.22,,58627.00
2026-08-27,ARKY,GTLB Autocall ELN LONG TRS 27.26 PA 06/04/2027,GTLB,1718152,0.22,,60020.80
2026-08-27,ARKY,GH Autocall ELN LONG TRS 23.94 PA 06/04/2027  MS,GH,1718149,0.19,,52489.45
2026-08-27,ARKY,KTOS Autocall ELN LONG TRS 30.21 PA 07/23/2027,KTOS,1740057,0.19,,52388.25
2026-08-27,ARKY,BLSH Autocall ELN LONG TRS 25.15 PA 10/25/2027,BLSH,1718167,0.18,,47845.75
2026-08-27,ARKY,AVAV Autocall ELN LONG TRS 27.70 PA 12/30/2027,AVAV,1740048,0.16,,42769.65
2026-08-27,ARKY,MRNA Autocall ELN LONG TRS 22.43 PA 01/27/2027,MRNA,1737385,0.11,,29834.45
2026-08-27,ARKY,TSLA Autocall ELN LONG TRS 20.47 PA 07/30/2027,TSLA,1718170,0.11,,29005.30
2026-08-27,ARKY,U Autocall ELN LONG TRS 26.09 PA 02/09/2027  MS,U,1740010,0.10,,27424.05
2026-08-27,ARKY,BEAM Autocall ELN LONG TRS 22.93 PA 06/11/2027,BEAM,1718108,0.09,,24242.00
2026-08-27,ARKY,DKNG Autocall ELN LONG TRS 23.31 PA 11/01/2027,DKNG,1718141,0.08,,21229.00
2026-08-27,ARKY,PINS Autocall ELN LONG TRS 19.96 PA 05/07/2027,PINS,1737387,0.08,,22196.15
2026-08-27,ARKY,SRPT Autocall ELN LONG TRS 36.53 PA 04/09/2027,SRPT,1718102,0.08,,22865.00
2026-08-27,ARKY,COIN Autocall ELN LONG TRS 26.92 PA 12/29/2026,COIN,1718129,0.07,,18722.00
2026-08-27,ARKY,RBRK Autocall ELN LONG TRS 17.76 PA 12/08/2026,RBRK,1737382,0.07,,19031.35
2026-08-27,ARKY,CAI Autocall ELN LONG TRS 29.78 PA 06/15/2027  M,CAI,1737384,0.06,,16876.00
2026-08-27,ARKY,FSLY Autocall ELN LONG TRS 40.75 PA 07/01/2027,FSLY,1740021,0.05,,13430.00
2026-08-27,ARKY,XYZ Autocall ELN LONG TRS 14.65 PA 05/04/2027  M,XYZ,1718107,0.05,,14737.25
2026-08-27,ARKY,PLTR Autocall ELN LONG TRS 20.71 PA 04/21/2027,PLTR,1737383,0.04,,11117.05
2026-08-27,ARKY,RDDT Autocall ELN LONG TRS 24.16 PA 08/10/2027,RDDT,1740018,0.04,,12177.35
2026-08-27,ARKY,TER Autocall ELN LONG TRS 34.51 PA 03/18/2027  M,TER,1740037,0.04,,9716.35
2026-08-27,ARKY,CRCL Autocall ELN LONG TRS 24.82 PA 07/09/2027,CRCL,1718110,0.03,,7159.90
2026-08-27,ARKY,WGS Autocall ELN LONG TRS 26.04 PA 02/24/2027  M,WGS,1740020,0.02,,4658.65
2026-08-27,ARKY,AUR Autocall ELN LONG TRS 19.36 PA 04/09/2027  M,AUR,1718100,0.01,,3811.10
2026-08-27,ARKY,CRWV Autocall ELN LONG TRS 35.82 PA 05/04/2027,CRWV,1740017,0.00,,-246.10
2026-08-27,ARKY,HOOD Autocall ELN LONG TRS 27.76 PA 05/25/2027,HOOD,1740012,0.00,,165.60
2026-08-27,ARKY,LUNR Autocall ELN LONG TRS 43.00 PA 08/09/2027,LUNR,1718113,-0.02,,-5509.65
2026-08-27,ARKY,CRSP Autocall ELN LONG TRS 20.36 PA 05/03/2027,CRSP,1718105,-0.03,,-8132.80
2026-08-27,ARKY,DDOG Autocall ELN LONG TRS 22.48 PA 08/06/2027,DDOG,1737391,-0.03,,-6985.10
2026-08-27,ARKY,NTLA Autocall ELN LONG TRS 23.06 PA 01/28/2027,NTLA,1737386,-0.03,,-8759.55
2026-08-27,ARKY,JOBY Autocall ELN LONG TRS 30.94 PA 09/14/2027,JOBY,1718155,-0.04,,-12167.00
2026-08-27,ARKY,OKLO Autocall ELN LONG TRS 38.39 PA 12/02/2026,OKLO,1718116,-0.04,,-11189.50
2026-08-27,ARKY,RBLX Autocall ELN LONG TRS 27.81 PA 11/18/2027,RBLX,1718144,-0.04,,-10013.05
2026-08-27,ARKY,SOFI Autocall ELN LONG TRS 19.85 PA 01/14/2027,SOFI,1718103,-0.04,,-10421.30
2026-08-27,ARKY,TTD Autocall ELN LONG TRS 27.27 PA 06/28/2027  M,TTD,1740042,-0.06,,-16924.00
2026-08-27,ARKY,SYM Autocall ELN LONG TRS 26.20 PA 12/28/2026  M,SYM,1718095,-0.10,,-26459.20
2026-08-27,ARKY,KLAR Autocall ELN LONG TRS 28.38 PA 05/14/2027,KLAR,1740019,-0.12,,-33793.90
2026-08-27,ARKY,SNAP Autocall ELN LONG TRS 25.24 PA 05/10/2027,SNAP,1740011,-0.14,,-38185.00
2026-08-27,ARKY,RKLB Autocall ELN LONG TRS 34.72 PA 07/26/2027,RKLB,1740013,-0.16,,-42413.15
2026-08-27,ARKY,RXRX Autocall ELN LONG TRS 25.72 PA 12/01/2026,RXRX,1718092,-0.19,,-52420.45
2026-08-28,ARKY,GOLDMAN FS TRSY OBLIG INST 468,,X9USDGSFT,83.64,,22875915.67
2026-08-28,ARKY,TREASURY BILL 0 8/5/2027,,912797VR5,13.39,,3660994.71
2026-08-28,ARKY,FIG Autocall ELN LONG TRS 34.83 PA 09/14/2027  M,FIG,1740035,0.37,,101734.00
2026-08-28,ARKY,BMNR Autocall ELN LONG TRS 31.22 PA 10/18/2027,BMNR,1740056,0.31,,83864.00
2026-08-28,ARKY,OPEN Autocall ELN LONG TRS 68.02 PA 03/04/2027,OPEN,1718093,0.30,,83292.00
2026-08-28,ARKY,TEM Autocall ELN LONG TRS 31.74 PA 07/29/2027  M,TEM,1740058,0.30,,81892.00
2026-08-28,ARKY,GTLB Autocall ELN LONG TRS 27.26 PA 06/04/2027,GTLB,1718152,0.23,,62800.00
2026-08-28,ARKY,AMD Autocall ELN LONG TRS 26.46 PA 08/03/2027  M,AMD,1737390,0.22,,59876.00
2026-08-28,ARKY,KTOS Autocall ELN LONG TRS 30.21 PA 07/23/2027,KTOS,1740057,0.20,,54967.00
2026-08-28,ARKY,GH Autocall ELN LONG TRS 23.94 PA 06/04/2027  MS,GH,1718149,0.19,,51211.00
2026-08-28,ARKY,AVAV Autocall ELN LONG TRS 27.70 PA 12/30/2027,AVAV,1740048,0.18,,49585.00
2026-08-28,ARKY,BLSH Autocall ELN LONG TRS 25.15 PA 10/25/2027,BLSH,1718167,0.18,,48976.00
2026-08-28,ARKY,TSLA Autocall ELN LONG TRS 20.47 PA 07/30/2027,TSLA,1718170,0.12,,31721.00
2026-08-28,ARKY,MRNA Autocall ELN LONG TRS 22.43 PA 01/27/2027,MRNA,1737385,0.11,,29850.00
2026-08-28,ARKY,BEAM Autocall ELN LONG TRS 22.93 PA 06/11/2027,BEAM,1718108,0.10,,27764.00
2026-08-28,ARKY,SRPT Autocall ELN LONG TRS 36.53 PA 04/09/2027,SRPT,1718102,0.10,,28581.00
2026-08-28,ARKY,U Autocall ELN LONG TRS 26.09 PA 02/09/2027  MS,U,1740010,0.10,,27303.00
2026-08-28,ARKY,COIN Autocall ELN LONG TRS 26.92 PA 12/29/2026,COIN,1718129,0.09,,23932.00
2026-08-28,ARKY,FSLY Autocall ELN LONG TRS 40.75 PA 07/01/2027,FSLY,1740021,0.08,,21076.00
2026-08-28,ARKY,PINS Autocall ELN LONG TRS 19.96 PA 05/07/2027,PINS,1737387,0.08,,21849.00
2026-08-28,ARKY,RBRK Autocall ELN LONG TRS 17.76 PA 12/08/2026,RBRK,1737382,0.08,,21261.00
2026-08-28,ARKY,DKNG Autocall ELN LONG TRS 23.31 PA 11/01/2027,DKNG,1718141,0.07,,19653.00
2026-08-28,ARKY,TER Autocall ELN LONG TRS 34.51 PA 03/18/2027  M,TER,1740037,0.07,,19091.00
2026-08-28,ARKY,CAI Autocall ELN LONG TRS 29.78 PA 06/15/2027  M,CAI,1737384,0.06,,16448.00
2026-08-28,ARKY,PLTR Autocall ELN LONG TRS 20.71 PA 04/21/2027,PLTR,1737383,0.06,,15448.00
2026-08-28,ARKY,XYZ Autocall ELN LONG TRS 14.65 PA 05/04/2027  M,XYZ,1718107,0.06,,15426.00
2026-08-28,ARKY,CRCL Autocall ELN LONG TRS 24.82 PA 07/09/2027,CRCL,1718110,0.05,,14622.00
2026-08-28,ARKY,RDDT Autocall ELN LONG TRS 24.16 PA 08/10/2027,RDDT,1740018,0.04,,12014.00
2026-08-28,ARKY,WGS Autocall ELN LONG TRS 26.04 PA 02/24/2027  M,WGS,1740020,0.03,,8587.00
2026-08-28,ARKY,DDOG Autocall ELN LONG TRS 22.48 PA 08/06/2027,DDOG,1737391,0.02,,4147.00
2026-08-28,ARKY,AUR Autocall ELN LONG TRS 19.36 PA 04/09/2027  M,AUR,1718100,0.01,,2587.00
2026-08-28,ARKY,HOOD Autocall ELN LONG TRS 27.76 PA 05/25/2027,HOOD,1740012,0.01,,1528.00
2026-08-28,ARKY,,,1756187,0.00,,6197.00
2026-08-28,ARKY,,,1756217,0.00,,-10035.00
2026-08-28,ARKY,CRWV Autocall ELN LONG TRS 35.82 PA 05/04/2027,CRWV,1740017,0.00,,1327.00
2026-08-28,ARKY,LUNR Autocall ELN LONG TRS 43.00 PA 08/09/2027,LUNR,1718113,0.00,,-1066.00
2026-08-28,ARKY,CRSP Autocall ELN LONG TRS 20.36 PA 05/03/2027,CRSP,1718105,-0.01,,-3423.00
2026-08-28,ARKY,NTLA Autocall ELN LONG TRS 23.06 PA 01/28/2027,NTLA,1737386,-0.01,,-4019.00
2026-08-28,ARKY,OKLO Autocall ELN LONG TRS 38.39 PA 12/02/2026,OKLO,1718116,-0.02,,-4482.00
2026-08-28,ARKY,SOFI Autocall ELN LONG TRS 19.85 PA 01/14/2027,SOFI,1718103,-0.02,,-5223.00
2026-08-28,ARKY,JOBY Autocall ELN LONG TRS 30.94 PA 09/14/2027,JOBY,1718155,-0.03,,-9311.00
2026-08-28,ARKY,RBLX Autocall ELN LONG TRS 27.81 PA 11/18/2027,RBLX,1718144,-0.03,,-7883.00
2026-08-28,ARKY,TTD Autocall ELN LONG TRS 27.27 PA 06/28/2027  M,TTD,1740042,-0.04,,-10470.00
2026-08-28,ARKY,SYM Autocall ELN LONG TRS 26.20 PA 12/28/2026  M,SYM,1718095,-0.07,,-20333.00
2026-08-28,ARKY,KLAR Autocall ELN LONG TRS 28.38 PA 05/14/2027,KLAR,1740019,-0.12,,-33815.00
2026-08-28,ARKY,RKLB Autocall ELN LONG TRS 34.72 PA 07/26/2027,RKLB,1740013,-0.13,,-34631.00
2026-08-28,ARKY,SNAP Autocall ELN LONG TRS 25.24 PA 05/10/2027,SNAP,1740011,-0.14,,-38826.00
2026-08-28,ARKY,RXRX Autocall ELN LONG TRS 25.72 PA 12/01/2026,RXRX,1718092,-0.19,,-53175.00
2026-08-31,ARKY,GOLDMAN FS TRSY OBLIG INST 468,,X9USDGSFT,82.81,,23360952.85
2026-08-31,ARKY,TREASURY BILL 0 8/5/2027,,912797VR5,14.84,,4187667.66
2026-08-31,ARKY,FIG Autocall ELN LONG TRS 34.83 PA 09/14/2027  M,FIG,1740035,0.34,,96963.00
2026-08-31,ARKY,OPEN Autocall ELN LONG TRS 68.02 PA 03/04/2027,OPEN,1718093,0.29,,81544.00
2026-08-31,ARKY,BMNR Autocall ELN LONG TRS 31.22 PA 10/18/2027,BMNR,1740056,0.28,,77882.00
2026-08-31,ARKY,TEM Autocall ELN LONG TRS 31.74 PA 07/29/2027  M,TEM,1740058,0.27,,76188.00
2026-08-31,ARKY,GTLB Autocall ELN LONG TRS 27.26 PA 06/04/2027,GTLB,1718152,0.23,,64816.00
2026-08-31,ARKY,AMD Autocall ELN LONG TRS 26.46 PA 08/03/2027  M,AMD,1737390,0.21,,60187.00
2026-08-31,ARKY,KTOS Autocall ELN LONG TRS 30.21 PA 07/23/2027,KTOS,1740057,0.18,,51112.00
2026-08-31,ARKY,BLSH Autocall ELN LONG TRS 25.15 PA 10/25/2027,BLSH,1718167,0.17,,48716.00
2026-08-31,ARKY,GH Autocall ELN LONG TRS 23.94 PA 06/04/2027  MS,GH,1718149,0.17,,48172.00
2026-08-31,ARKY,AVAV Autocall ELN LONG TRS 27.70 PA 12/30/2027,AVAV,1740048,0.16,,43970.00
2026-08-31,ARKY,MRNA Autocall ELN LONG TRS 22.43 PA 01/27/2027,MRNA,1737385,0.11,,29820.00
2026-08-31,ARKY,TSLA Autocall ELN LONG TRS 20.47 PA 07/30/2027,TSLA,1718170,0.11,,30893.00
2026-08-31,ARKY,U Autocall ELN LONG TRS 26.09 PA 02/09/2027  MS,U,1740010,0.10,,28112.00
2026-08-31,ARKY,BEAM Autocall ELN LONG TRS 22.93 PA 06/11/2027,BEAM,1718108,0.09,,25719.00
2026-08-31,ARKY,RBRK Autocall ELN LONG TRS 17.76 PA 12/08/2026,RBRK,1737382,0.09,,24239.00
2026-08-31,ARKY,SRPT Autocall ELN LONG TRS 36.53 PA 04/09/2027,SRPT,1718102,0.09,,25557.00
2026-08-31,ARKY,PINS Autocall ELN LONG TRS 19.96 PA 05/07/2027,PINS,1737387,0.08,,22296.00
2026-08-31,ARKY,DKNG Autocall ELN LONG TRS 23.31 PA 11/01/2027,DKNG,1718141,0.07,,20579.00
2026-08-31,ARKY,CAI Autocall ELN LONG TRS 29.78 PA 06/15/2027  M,CAI,1737384,0.06,,17021.00
2026-08-31,ARKY,COIN Autocall ELN LONG TRS 26.92 PA 12/29/2026,COIN,1718129,0.06,,18184.00
2026-08-31,ARKY,PLTR Autocall ELN LONG TRS 20.71 PA 04/21/2027,PLTR,1737383,0.06,,16861.00
2026-08-31,ARKY,TER Autocall ELN LONG TRS 34.51 PA 03/18/2027  M,TER,1740037,0.05,,13836.00
2026-08-31,ARKY,XYZ Autocall ELN LONG TRS 14.65 PA 05/04/2027  M,XYZ,1718107,0.05,,15110.00
2026-08-31,ARKY,FSLY Autocall ELN LONG TRS 40.75 PA 07/01/2027,FSLY,1740021,0.04,,12319.00
2026-08-31,ARKY,RDDT Autocall ELN LONG TRS 24.16 PA 08/10/2027,RDDT,1740018,0.04,,12549.00
2026-08-31,ARKY,WGS Autocall ELN LONG TRS 26.04 PA 02/24/2027  M,WGS,1740020,0.04,,10926.00
2026-08-31,ARKY,AUR Autocall ELN LONG TRS 19.36 PA 04/09/2027  M,AUR,1718100,0.03,,8071.00
2026-08-31,ARKY,CRCL Autocall ELN LONG TRS 24.82 PA 07/09/2027,CRCL,1718110,0.03,,9177.00
2026-08-31,ARKY,DDOG Autocall ELN LONG TRS 22.48 PA 08/06/2027,DDOG,1737391,0.01,,2460.00
2026-08-31,ARKY,,,1756187,0.00,,4069.00
2026-08-31,ARKY,,,1756217,0.00,,-13082.00
2026-08-31,ARKY,CRWV Autocall ELN LONG TRS 35.82 PA 05/04/2027,CRWV,1740017,0.00,,304.00
2026-08-31,ARKY,HOOD Autocall ELN LONG TRS 27.76 PA 05/25/2027,HOOD,1740012,-0.01,,-1842.00
2026-08-31,ARKY,RBLX Autocall ELN LONG TRS 27.81 PA 11/18/2027,RBLX,1718144,-0.02,,-4919.00
2026-08-31,ARKY,CRSP Autocall ELN LONG TRS 20.36 PA 05/03/2027,CRSP,1718105,-0.03,,-7186.00
2026-08-31,ARKY,LUNR Autocall ELN LONG TRS 43.00 PA 08/09/2027,LUNR,1718113,-0.03,,-8463.00
2026-08-31,ARKY,NTLA Autocall ELN LONG TRS 23.06 PA 01/28/2027,NTLA,1737386,-0.03,,-7115.00
2026-08-31,ARKY,TTD Autocall ELN LONG TRS 27.27 PA 06/28/2027  M,TTD,1740042,-0.03,,-8150.00
2026-08-31,ARKY,JOBY Autocall ELN LONG TRS 30.94 PA 09/14/2027,JOBY,1718155,-0.05,,-13234.00
2026-08-31,ARKY,SOFI Autocall ELN LONG TRS 19.85 PA 01/14/2027,SOFI,1718103,-0.07,,-18428.00
2026-08-31,ARKY,KLAR Autocall ELN LONG TRS 28.38 PA 05/14/2027,KLAR,1740019,-0.10,,-28822.00
2026-08-31,ARKY,SYM Autocall ELN LONG TRS 26.20 PA 12/28/2026  M,SYM,1718095,-0.10,,-27879.00
2026-08-31,ARKY,SNAP Autocall ELN LONG TRS 25.24 PA 05/10/2027,SNAP,1740011,-0.12,,-34110.00
2026-08-31,ARKY,RKLB Autocall ELN LONG TRS 34.72 PA 07/26/2027,RKLB,1740013,-0.16,,-44477.00
2026-08-31,ARKY,RXRX Autocall ELN LONG TRS 25.72 PA 12/01/2026,RXRX,1718092,-0.16,,-46377.00
2026-08-31,ARKY,OKLO Autocall ELN LONG TRS 38.39 PA 12/02/2026,OKLO,1718116,-0.25,,-71518.00
2026-09-01,ARKY,GOLDMAN FS TRSY OBLIG INST 468,,X9USDGSFT,82.77,,23360952.85
2026-09-01,ARKY,TREASURY BILL 0 8/5/2027,,912797VR5,14.84,,4188062.81
2026-09-01,ARKY,FIG Autocall ELN LONG TRS 34.83 PA 09/14/2027  M,FIG,1740035,0.33,,93796.00
2026-09-01,ARKY,BMNR Autocall ELN LONG TRS 31.22 PA 10/18/2027,BMNR,1740056,0.30,,86056.00
2026-09-01,ARKY,TEM Autocall ELN LONG TRS 31.74 PA 07/29/2027  M,TEM,1740058,0.26,,74386.00
2026-09-01,ARKY,GTLB Autocall ELN LONG TRS 27.26 PA 06/04/2027,GTLB,1718152,0.24,,66672.00
2026-09-01,ARKY,AMD Autocall ELN LONG TRS 26.46 PA 08/03/2027  M,AMD,1737390,0.23,,63985.00
2026-09-01,ARKY,BLSH Autocall ELN LONG TRS 25.15 PA 10/25/2027,BLSH,1718167,0.19,,53222.00
2026-09-01,ARKY,KTOS Autocall ELN LONG TRS 30.21 PA 07/23/2027,KTOS,1740057,0.18,,49862.00
2026-09-01,ARKY,AVAV Autocall ELN LONG TRS 27.70 PA 12/30/2027,AVAV,1740048,0.17,,47915.00
2026-09-01,ARKY,GH Autocall ELN LONG TRS 23.94 PA 06/04/2027  MS,GH,1718149,0.17,,48923.00
2026-09-01,ARKY,TSLA Autocall ELN LONG TRS 20.47 PA 07/30/2027,TSLA,1718170,0.12,,35235.00
2026-09-01,ARKY,MRNA Autocall ELN LONG TRS 22.43 PA 01/27/2027,MRNA,1737385,0.11,,29796.00
2026-09-01,ARKY,SRPT Autocall ELN LONG TRS 36.53 PA 04/09/2027,SRPT,1718102,0.10,,28899.00
2026-09-01,ARKY,BEAM Autocall ELN LONG TRS 22.93 PA 06/11/2027,BEAM,1718108,0.09,,26132.00
2026-09-01,ARKY,COIN Autocall ELN LONG TRS 26.92 PA 12/29/2026,COIN,1718129,0.09,,26264.00
2026-09-01,ARKY,U Autocall ELN LONG TRS 26.09 PA 02/09/2027  MS,U,1740010,0.09,,26798.00
2026-09-01,ARKY,RBRK Autocall ELN LONG TRS 17.76 PA 12/08/2026,RBRK,1737382,0.08,,23690.00
2026-09-01,ARKY,CAI Autocall ELN LONG TRS 29.78 PA 06/15/2027  M,CAI,1737384,0.07,,19397.00
2026-09-01,ARKY,CRCL Autocall ELN LONG TRS 24.82 PA 07/09/2027,CRCL,1718110,0.07,,19454.00
2026-09-01,ARKY,DKNG Autocall ELN LONG TRS 23.31 PA 11/01/2027,DKNG,1718141,0.07,,18754.00
2026-09-01,ARKY,PINS Autocall ELN LONG TRS 19.96 PA 05/07/2027,PINS,1737387,0.07,,20507.00
2026-09-01,ARKY,PLTR Autocall ELN LONG TRS 20.71 PA 04/21/2027,PLTR,1737383,0.06,,17753.00
2026-09-01,ARKY,TER Autocall ELN LONG TRS 34.51 PA 03/18/2027  M,TER,1740037,0.06,,18220.00
2026-09-01,ARKY,XYZ Autocall ELN LONG TRS 14.65 PA 05/04/2027  M,XYZ,1718107,0.05,,14400.00
2026-09-01,ARKY,FSLY Autocall ELN LONG TRS 40.75 PA 07/01/2027,FSLY,1740021,0.04,,11216.00
2026-09-01,ARKY,OPEN Autocall ELN LONG TRS 68.02 PA 03/04/2027,OPEN,1718093,0.04,,10045.00
2026-09-01,ARKY,RDDT Autocall ELN LONG TRS 24.16 PA 08/10/2027,RDDT,1740018,0.04,,11310.00
2026-09-01,ARKY,CRWV Autocall ELN LONG TRS 35.82 PA 05/04/2027,CRWV,1740017,0.03,,8352.00
2026-09-01,ARKY,WGS Autocall ELN LONG TRS 26.04 PA 02/24/2027  M,WGS,1740020,0.03,,9557.00
2026-09-01,ARKY,NET Autocall ELN LONG TRS 21.12% PA 02/29/2028,NET,1756187,0.02,,5211.00
2026-09-01,ARKY,AUR Autocall ELN LONG TRS 19.36 PA 04/09/2027  M,AUR,1718100,0.01,,2336.00
2026-09-01,ARKY,DDOG Autocall ELN LONG TRS 22.48 PA 08/06/2027,DDOG,1737391,0.01,,1764.00
2026-09-01,ARKY,RBLX Autocall ELN LONG TRS 27.81 PA 11/18/2027,RBLX,1718144,0.01,,3675.00
2026-09-01,ARKY,HOOD Autocall ELN LONG TRS 27.76 PA 05/25/2027,HOOD,1740012,0.00,,-540.00
2026-09-01,ARKY,LUNR Autocall ELN LONG TRS 43.00 PA 08/09/2027,LUNR,1718113,-0.01,,-3334.00
2026-09-01,ARKY,CRSP Autocall ELN LONG TRS 20.36 PA 05/03/2027,CRSP,1718105,-0.02,,-6760.00
2026-09-01,ARKY,TTD Autocall ELN LONG TRS 27.27 PA 06/28/2027  M,TTD,1740042,-0.02,,-5611.00
2026-09-01,ARKY,NTLA Autocall ELN LONG TRS 23.06 PA 01/28/2027,NTLA,1737386,-0.03,,-7699.00
2026-09-01,ARKY,ACHR Autocall ELN LONG TRS 30.80% PA 11/29/2027,ACHR,1756217,-0.04,,-11400.00
2026-09-01,ARKY,JOBY Autocall ELN LONG TRS 30.94 PA 09/14/2027,JOBY,1718155,-0.05,,-14084.00
2026-09-01,ARKY,SOFI Autocall ELN LONG TRS 19.85 PA 01/14/2027,SOFI,1718103,-0.06,,-17130.00
2026-09-01,ARKY,KLAR Autocall ELN LONG TRS 28.38 PA 05/14/2027,KLAR,1740019,-0.08,,-22273.00
2026-09-01,ARKY,SYM Autocall ELN LONG TRS 26.20 PA 12/28/2026  M,SYM,1718095,-0.09,,-25230.00
2026-09-01,ARKY,SNAP Autocall ELN LONG TRS 25.24 PA 05/10/2027,SNAP,1740011,-0.11,,-31383.00
2026-09-01,ARKY,RXRX Autocall ELN LONG TRS 25.72 PA 12/01/2026,RXRX,1718092,-0.15,,-43740.00
2026-09-01,ARKY,RKLB Autocall ELN LONG TRS 34.72 PA 07/26/2027,RKLB,1740013,-0.16,,-44300.00
2026-09-01,ARKY,OKLO Autocall ELN LONG TRS 38.39 PA 12/02/2026,OKLO,1718116,-0.23,,-63805.00
2026-09-02,ARKY,GOLDMAN FS TRSY OBLIG INST 468,,X9USDGSFT,83.58,,23894885.96
2026-09-02,ARKY,TREASURY BILL 0 8/5/2027,,912797VR5,14.65,,4187931.09
2026-09-02,ARKY,FIG Autocall ELN LONG TRS 34.83 PA 09/14/2027  M,FIG,1740035,0.33,,94840.00
2026-09-02,ARKY,BMNR Autocall ELN LONG TRS 31.22 PA 10/18/2027,BMNR,1740056,0.29,,81636.00
2026-09-02,ARKY,TEM Autocall ELN LONG TRS 31.74 PA 07/29/2027  M,TEM,1740058,0.26,,75553.00
2026-09-02,ARKY,GTLB Autocall ELN LONG TRS 27.26 PA 06/04/2027,GTLB,1718152,0.23,,66231.00
2026-09-02,ARKY,AMD Autocall ELN LONG TRS 26.46 PA 08/03/2027  M,AMD,1737390,0.22,,61744.00
2026-09-02,ARKY,GH Autocall ELN LONG TRS 23.94 PA 06/04/2027  MS,GH,1718149,0.18,,51357.00
2026-09-02,ARKY,BLSH Autocall ELN LONG TRS 25.15 PA 10/25/2027,BLSH,1718167,0.17,,49429.00
2026-09-02,ARKY,KTOS Autocall ELN LONG TRS 30.21 PA 07/23/2027,KTOS,1740057,0.17,,48578.00
2026-09-02,ARKY,AVAV Autocall ELN LONG TRS 27.70 PA 12/30/2027,AVAV,1740048,0.15,,43260.00
2026-09-02,ARKY,TSLA Autocall ELN LONG TRS 20.47 PA 07/30/2027,TSLA,1718170,0.12,,33516.00
2026-09-02,ARKY,MRNA Autocall ELN LONG TRS 22.43 PA 01/27/2027,MRNA,1737385,0.10,,29835.00
2026-09-02,ARKY,SRPT Autocall ELN LONG TRS 36.53 PA 04/09/2027,SRPT,1718102,0.10,,28566.00
2026-09-02,ARKY,BEAM Autocall ELN LONG TRS 22.93 PA 06/11/2027,BEAM,1718108,0.09,,25734.00
2026-09-02,ARKY,RBRK Autocall ELN LONG TRS 17.76 PA 12/08/2026,RBRK,1737382,0.09,,25121.00
2026-09-02,ARKY,U Autocall ELN LONG TRS 26.09 PA 02/09/2027  MS,U,1740010,0.08,,24260.00
2026-09-02,ARKY,COIN Autocall ELN LONG TRS 26.92 PA 12/29/2026,COIN,1718129,0.07,,18888.00
2026-09-02,ARKY,PINS Autocall ELN LONG TRS 19.96 PA 05/07/2027,PINS,1737387,0.07,,19387.00
2026-09-02,ARKY,CAI Autocall ELN LONG TRS 29.78 PA 06/15/2027  M,CAI,1737384,0.05,,12930.00
2026-09-02,ARKY,CRCL Autocall ELN LONG TRS 24.82 PA 07/09/2027,CRCL,1718110,0.05,,13422.00
2026-09-02,ARKY,DKNG Autocall ELN LONG TRS 23.31 PA 11/01/2027,DKNG,1718141,0.05,,15019.00
2026-09-02,ARKY,PLTR Autocall ELN LONG TRS 20.71 PA 04/21/2027,PLTR,1737383,0.05,,15624.00
2026-09-02,ARKY,TER Autocall ELN LONG TRS 34.51 PA 03/18/2027  M,TER,1740037,0.04,,10091.00
2026-09-02,ARKY,XYZ Autocall ELN LONG TRS 14.65 PA 05/04/2027  M,XYZ,1718107,0.04,,10940.00
2026-09-02,ARKY,RDDT Autocall ELN LONG TRS 24.16 PA 08/10/2027,RDDT,1740018,0.03,,8786.00
2026-09-02,ARKY,WGS Autocall ELN LONG TRS 26.04 PA 02/24/2027  M,WGS,1740020,0.03,,8610.00
2026-09-02,ARKY,CRWV Autocall ELN LONG TRS 35.82 PA 05/04/2027,CRWV,1740017,0.01,,1713.00
2026-09-02,ARKY,RBLX Autocall ELN LONG TRS 27.81 PA 11/18/2027,RBLX,1718144,0.01,,2428.00
2026-09-02,ARKY,AUR Autocall ELN LONG TRS 19.36 PA 04/09/2027  M,AUR,1718100,0.00,,-1057.00
2026-09-02,ARKY,FSLY Autocall ELN LONG TRS 40.75 PA 07/01/2027,FSLY,1740021,0.00,,-1193.00
2026-09-02,ARKY,NET Autocall ELN LONG TRS 21.12% PA 02/29/2028,NET,1756187,0.00,,-1079.00
2026-09-02,ARKY,HOOD Autocall ELN LONG TRS 27.76 PA 05/25/2027,HOOD,1740012,-0.01,,-2080.00
2026-09-02,ARKY,OPEN Autocall ELN LONG TRS 68.02 PA 03/04/2027,OPEN,1718093,-0.01,,-1550.00
2026-09-02,ARKY,CRSP Autocall ELN LONG TRS 20.36 PA 05/03/2027,CRSP,1718105,-0.02,,-5744.00
2026-09-02,ARKY,DDOG Autocall ELN LONG TRS 22.48 PA 08/06/2027,DDOG,1737391,-0.02,,-6154.00
2026-09-02,ARKY,LUNR Autocall ELN LONG TRS 43.00 PA 08/09/2027,LUNR,1718113,-0.02,,-6887.00
2026-09-02,ARKY,TTD Autocall ELN LONG TRS 27.27 PA 06/28/2027  M,TTD,1740042,-0.02,,-5308.00
2026-09-02,ARKY,NTLA Autocall ELN LONG TRS 23.06 PA 01/28/2027,NTLA,1737386,-0.03,,-9598.00
2026-09-02,ARKY,ACHR Autocall ELN LONG TRS 30.80% PA 11/29/2027,ACHR,1756217,-0.05,,-15269.00
2026-09-02,ARKY,JOBY Autocall ELN LONG TRS 30.94 PA 09/14/2027,JOBY,1718155,-0.07,,-19313.00
2026-09-02,ARKY,KLAR Autocall ELN LONG TRS 28.38 PA 05/14/2027,KLAR,1740019,-0.10,,-27808.00
2026-09-02,ARKY,SOFI Autocall ELN LONG TRS 19.85 PA 01/14/2027,SOFI,1718103,-0.11,,-30158.00
2026-09-02,ARKY,RXRX Autocall ELN LONG TRS 25.72 PA 12/01/2026,RXRX,1718092,-0.12,,-34333.00
2026-09-02,ARKY,SNAP Autocall ELN LONG TRS 25.24 PA 05/10/2027,SNAP,1740011,-0.13,,-36991.00
2026-09-02,ARKY,SYM Autocall ELN LONG TRS 26.20 PA 12/28/2026  M,SYM,1718095,-0.13,,-36275.00
2026-09-02,ARKY,RKLB Autocall ELN LONG TRS 34.72 PA 07/26/2027,RKLB,1740013,-0.16,,-46324.00
2026-09-02,ARKY,OKLO Autocall ELN LONG TRS 38.39 PA 12/02/2026,OKLO,1718116,-0.29,,-82853.00
2026-09-03,ARKY,GOLDMAN FS TRSY OBLIG INST 468,,X9USDGSFT,83.62,,23970652.27
2026-09-03,ARKY,TREASURY BILL 0 8/5/2027,,912797VR5,14.61,,4188927.63
2026-09-03,ARKY,FIG Autocall ELN LONG TRS 34.83 PA 09/14/2027  M,FIG,1740035,0.31,,89425.00
2026-09-03,ARKY,BMNR Autocall ELN LONG TRS 31.22 PA 10/18/2027,BMNR,1740056,0.28,,80224.00
2026-09-03,ARKY,TEM Autocall ELN LONG TRS 31.74 PA 07/29/2027  M,TEM,1740058,0.27,,76636.00
2026-09-03,ARKY,AMD Autocall ELN LONG TRS 26.46 PA 08/03/2027  M,AMD,1737390,0.22,,63196.00
2026-09-03,ARKY,BLSH Autocall ELN LONG TRS 25.15 PA 10/25/2027,BLSH,1718167,0.18,,50311.00
2026-09-03,ARKY,AVAV Autocall ELN LONG TRS 27.70 PA 12/30/2027,AVAV,1740048,0.17,,47371.00
2026-09-03,ARKY,KTOS Autocall ELN LONG TRS 30.21 PA 07/23/2027,KTOS,1740057,0.16,,45332.00
2026-09-03,ARKY,TSLA Autocall ELN LONG TRS 20.47 PA 07/30/2027,TSLA,1718170,0.12,,33755.00
2026-09-03,ARKY,GTLB Autocall ELN LONG TRS 27.26 PA 06/04/2027,GTLB,1718152,0.11,,32132.00
2026-09-03,ARKY,MRNA Autocall ELN LONG TRS 22.43 PA 01/27/2027,MRNA,1737385,0.10,,29798.00
2026-09-03,ARKY,RBRK Autocall ELN LONG TRS 17.76 PA 12/08/2026,RBRK,1737382,0.10,,27260.00
2026-09-03,ARKY,BEAM Autocall ELN LONG TRS 22.93 PA 06/11/2027,BEAM,1718108,0.09,,26019.00
2026-09-03,ARKY,U Autocall ELN LONG TRS 26.09 PA 02/09/2027  MS,U,1740010,0.08,,24241.00
2026-09-03,ARKY,COIN Autocall ELN LONG TRS 26.92 PA 12/29/2026,COIN,1718129,0.07,,18806.00
2026-09-03,ARKY,PINS Autocall ELN LONG TRS 19.96 PA 05/07/2027,PINS,1737387,0.07,,18872.00
2026-09-03,ARKY,CAI Autocall ELN LONG TRS 29.78 PA 06/15/2027  M,CAI,1737384,0.06,,17748.00
2026-09-03,ARKY,DKNG Autocall ELN LONG TRS 23.31 PA 11/01/2027,DKNG,1718141,0.06,,17987.00
2026-09-03,ARKY,GH Autocall ELN LONG TRS 23.94 PA 06/04/2027  MS,GH,1718149,0.06,,16704.00
2026-09-03,ARKY,RDDT Autocall ELN LONG TRS 24.16 PA 08/10/2027,RDDT,1740018,0.06,,17609.00
2026-09-03,ARKY,CRCL Autocall ELN LONG TRS 24.82 PA 07/09/2027,CRCL,1718110,0.05,,13930.00
2026-09-03,ARKY,XYZ Autocall ELN LONG TRS 14.65 PA 05/04/2027  M,XYZ,1718107,0.05,,13988.00
2026-09-03,ARKY,TER Autocall ELN LONG TRS 34.51 PA 03/18/2027  M,TER,1740037,0.04,,12825.00
2026-09-03,ARKY,WGS Autocall ELN LONG TRS 26.04 PA 02/24/2027  M,WGS,1740020,0.04,,10326.00
2026-09-03,ARKY,AUR Autocall ELN LONG TRS 19.36 PA 04/09/2027  M,AUR,1718100,0.03,,9095.00
2026-09-03,ARKY,PLTR Autocall ELN LONG TRS 20.71 PA 04/21/2027,PLTR,1737383,0.03,,9466.00
2026-09-03,ARKY,RBLX Autocall ELN LONG TRS 27.81 PA 11/18/2027,RBLX,1718144,0.02,,5544.00
2026-09-03,ARKY,CRWV Autocall ELN LONG TRS 35.82 PA 05/04/2027,CRWV,1740017,0.01,,2059.00
2026-09-03,ARKY,TTD Autocall ELN LONG TRS 27.27 PA 06/28/2027  M,TTD,1740042,0.01,,3489.00
2026-09-03,ARKY,HOOD Autocall ELN LONG TRS 27.76 PA 05/25/2027,HOOD,1740012,0.00,,1066.00
2026-09-03,ARKY,CRSP Autocall ELN LONG TRS 20.36 PA 05/03/2027,CRSP,1718105,-0.01,,-3767.00
2026-09-03,ARKY,FSLY Autocall ELN LONG TRS 40.75 PA 07/01/2027,FSLY,1740021,-0.01,,-4163.00
2026-09-03,ARKY,LUNR Autocall ELN LONG TRS 43.00 PA 08/09/2027,LUNR,1718113,-0.01,,-1885.00
2026-09-03,ARKY,NTLA Autocall ELN LONG TRS 23.06 PA 01/28/2027,NTLA,1737386,-0.02,,-6922.00
2026-09-03,ARKY,NET Autocall ELN LONG TRS 21.12% PA 02/29/2028,NET,1756187,-0.03,,-8129.00
2026-09-03,ARKY,ACHR Autocall ELN LONG TRS 30.80% PA 11/29/2027,ACHR,1756217,-0.04,,-12365.00
2026-09-03,ARKY,JOBY Autocall ELN LONG TRS 30.94 PA 09/14/2027,JOBY,1718155,-0.04,,-11529.00
2026-09-03,ARKY,DDOG Autocall ELN LONG TRS 22.48 PA 08/06/2027,DDOG,1737391,-0.06,,-18080.00
2026-09-03,ARKY,SOFI Autocall ELN LONG TRS 19.85 PA 01/14/2027,SOFI,1718103,-0.06,,-16717.00
2026-09-03,ARKY,SYM Autocall ELN LONG TRS 26.20 PA 12/28/2026  M,SYM,1718095,-0.07,,-21423.00
2026-09-03,ARKY,KLAR Autocall ELN LONG TRS 28.38 PA 05/14/2027,KLAR,1740019,-0.09,,-25022.00
2026-09-03,ARKY,SNAP Autocall ELN LONG TRS 25.24 PA 05/10/2027,SNAP,1740011,-0.10,,-29107.00
2026-09-03,ARKY,RXRX Autocall ELN LONG TRS 25.72 PA 12/01/2026,RXRX,1718092,-0.13,,-37720.00
2026-09-03,ARKY,RKLB Autocall ELN LONG TRS 34.72 PA 07/26/2027,RKLB,1740013,-0.15,,-44083.00
2026-09-03,ARKY,OKLO Autocall ELN LONG TRS 38.39 PA 12/02/2026,OKLO,1718116,-0.24,,-69131.00
2026-09-04,ARKY,GOLDMAN FS TRSY OBLIG INST 468,,X9USDGSFT,83.52,,25045701.97
2026-09-04,ARKY,TREASURY BILL 0 8/5/2027,,912797VR5,13.98,,4191564.56
2026-09-04,ARKY,BMNR Autocall ELN LONG TRS 31.22 PA 10/18/2027,BMNR,1740056,0.35,,104258.74
2026-09-04,ARKY,FIG Autocall ELN LONG TRS 34.83 PA 09/14/2027  M,FIG,1740035,0.34,,102588.26
2026-09-04,ARKY,TEM Autocall ELN LONG TRS 31.74 PA 07/29/2027  M,TEM,1740058,0.31,,93592.56
2026-09-04,ARKY,AMD Autocall ELN LONG TRS 26.46 PA 08/03/2027  M,AMD,1737390,0.26,,77286.91
2026-09-04,ARKY,BLSH Autocall ELN LONG TRS 25.15 PA 10/25/2027,BLSH,1718167,0.22,,65236.70
2026-09-04,ARKY,AVAV Autocall ELN LONG TRS 27.70 PA 12/30/2027,AVAV,1740048,0.19,,56067.26
2026-09-04,ARKY,KTOS Autocall ELN LONG TRS 30.21 PA 07/23/2027,KTOS,1740057,0.18,,55441.56
2026-09-04,ARKY,TSLA Autocall ELN LONG TRS 20.47 PA 07/30/2027,TSLA,1718170,0.15,,44810.61
2026-09-04,ARKY,GTLB Autocall ELN LONG TRS 27.26 PA 06/04/2027,GTLB,1718152,0.13,,39910.70
2026-09-04,ARKY,BEAM Autocall ELN LONG TRS 22.93 PA 06/11/2027,BEAM,1718108,0.12,,34768.96
2026-09-04,ARKY,MRNA Autocall ELN LONG TRS 22.43 PA 01/27/2027,MRNA,1737385,0.12,,35074.17
2026-09-04,ARKY,COIN Autocall ELN LONG TRS 26.92 PA 12/29/2026,COIN,1718129,0.11,,34359.26
2026-09-04,ARKY,CRCL Autocall ELN LONG TRS 24.82 PA 07/09/2027,CRCL,1718110,0.10,,31041.79
2026-09-04,ARKY,U Autocall ELN LONG TRS 26.09 PA 02/09/2027  MS,U,1740010,0.10,,29326.70
2026-09-04,ARKY,DKNG Autocall ELN LONG TRS 23.31 PA 11/01/2027,DKNG,1718141,0.07,,20107.96
2026-09-04,ARKY,HOOD Autocall ELN LONG TRS 27.76 PA 05/25/2027,HOOD,1740012,0.07,,20010.52
2026-09-04,ARKY,PINS Autocall ELN LONG TRS 19.96 PA 05/07/2027,PINS,1737387,0.07,,22236.26
2026-09-04,ARKY,WGS Autocall ELN LONG TRS 26.04 PA 02/24/2027  M,WGS,1740020,0.07,,19688.87
2026-09-04,ARKY,AUR Autocall ELN LONG TRS 19.36 PA 04/09/2027  M,AUR,1718100,0.06,,17757.79
2026-09-04,ARKY,GH Autocall ELN LONG TRS 23.94 PA 06/04/2027  MS,GH,1718149,0.06,,18435.13
2026-09-04,ARKY,PLTR Autocall ELN LONG TRS 20.71 PA 04/21/2027,PLTR,1737383,0.06,,18932.87
2026-09-04,ARKY,RDDT Autocall ELN LONG TRS 24.16 PA 08/10/2027,RDDT,1740018,0.06,,19180.56
2026-09-04,ARKY,XYZ Autocall ELN LONG TRS 14.65 PA 05/04/2027  M,XYZ,1718107,0.06,,17324.61
2026-09-04,ARKY,CAI Autocall ELN LONG TRS 29.78 PA 06/15/2027  M,CAI,1737384,0.05,,14335.00
2026-09-04,ARKY,TER Autocall ELN LONG TRS 34.51 PA 03/18/2027  M,TER,1740037,0.05,,13833.39
2026-09-04,ARKY,CRWV Autocall ELN LONG TRS 35.82 PA 05/04/2027,CRWV,1740017,0.04,,10978.44
2026-09-04,ARKY,TTD Autocall ELN LONG TRS 27.27 PA 06/28/2027  M,TTD,1740042,0.03,,7607.00
2026-09-04,ARKY,RBLX Autocall ELN LONG TRS 27.81 PA 11/18/2027,RBLX,1718144,0.02,,7441.44
2026-09-04,ARKY,FSLY Autocall ELN LONG TRS 40.75 PA 07/01/2027,FSLY,1740021,0.01,,2513.00
2026-09-04,ARKY,LUNR Autocall ELN LONG TRS 43.00 PA 08/09/2027,LUNR,1718113,0.00,,-1075.30
2026-09-04,ARKY,JOBY Autocall ELN LONG TRS 30.94 PA 09/14/2027,JOBY,1718155,-0.01,,-3963.13
2026-09-04,ARKY,NET Autocall ELN LONG TRS 21.12% PA 02/29/2028,NET,1756187,-0.01,,-3648.52
2026-09-04,ARKY,CRSP Autocall ELN LONG TRS 20.36 PA 05/03/2027,CRSP,1718105,-0.02,,-4618.17
2026-09-04,ARKY,NTLA Autocall ELN LONG TRS 23.06 PA 01/28/2027,NTLA,1737386,-0.02,,-5253.26
2026-09-04,ARKY,ACHR Autocall ELN LONG TRS 30.80% PA 11/29/2027,ACHR,1756217,-0.03,,-10109.74
2026-09-04,ARKY,SOFI Autocall ELN LONG TRS 19.85 PA 01/14/2027,SOFI,1718103,-0.03,,-9255.13
2026-09-04,ARKY,SYM Autocall ELN LONG TRS 26.20 PA 12/28/2026  M,SYM,1718095,-0.03,,-9157.70
2026-09-04,ARKY,DDOG Autocall ELN LONG TRS 22.48 PA 08/06/2027,DDOG,1737391,-0.05,,-13516.44
2026-09-04,ARKY,SNAP Autocall ELN LONG TRS 25.24 PA 05/10/2027,SNAP,1740011,-0.09,,-26051.00
2026-09-04,ARKY,KLAR Autocall ELN LONG TRS 28.38 PA 05/14/2027,KLAR,1740019,-0.10,,-31079.35
2026-09-04,ARKY,RXRX Autocall ELN LONG TRS 25.72 PA 12/01/2026,RXRX,1718092,-0.13,,-37949.09
2026-09-04,ARKY,RKLB Autocall ELN LONG TRS 34.72 PA 07/26/2027,RKLB,1740013,-0.16,,-47898.00
2026-09-04,ARKY,OKLO Autocall ELN LONG TRS 38.39 PA 12/02/2026,OKLO,1718116,-0.26,,-78571.17
2026-09-08,ARKY,GOLDMAN FS TRSY OBLIG INST 468,,X9USDGSFT,84.00,,26061940.04
2026-09-08,ARKY,TREASURY BILL 0 8/5/2027,,912797VR5,13.51,,4192349.74
2026-09-08,ARKY,BMNR Autocall ELN LONG TRS 31.22 PA 10/18/2027,BMNR,1740056,0.33,,101150.00
2026-09-08,ARKY,FIG Autocall ELN LONG TRS 34.83 PA 09/14/2027  M,FIG,1740035,0.31,,96380.00
2026-09-08,ARKY,TEM Autocall ELN LONG TRS 31.74 PA 07/29/2027  M,TEM,1740058,0.30,,93453.00
2026-09-08,ARKY,AMD Autocall ELN LONG TRS 26.46 PA 08/03/2027  M,AMD,1737390,0.26,,80456.00
2026-09-08,ARKY,BLSH Autocall ELN LONG TRS 25.15 PA 10/25/2027,BLSH,1718167,0.22,,66718.00
2026-09-08,ARKY,KTOS Autocall ELN LONG TRS 30.21 PA 07/23/2027,KTOS,1740057,0.18,,56004.00
2026-09-08,ARKY,AVAV Autocall ELN LONG TRS 27.70 PA 12/30/2027,AVAV,1740048,0.17,,52691.00
2026-09-08,ARKY,GTLB Autocall ELN LONG TRS 27.26 PA 06/04/2027,GTLB,1718152,0.15,,44997.00
2026-09-08,ARKY,TSLA Autocall ELN LONG TRS 20.47 PA 07/30/2027,TSLA,1718170,0.13,,41372.00
2026-09-08,ARKY,BEAM Autocall ELN LONG TRS 22.93 PA 06/11/2027,BEAM,1718108,0.12,,37034.00
2026-09-08,ARKY,MRNA Autocall ELN LONG TRS 22.43 PA 01/27/2027,MRNA,1737385,0.11,,34989.00
2026-09-08,ARKY,COIN Autocall ELN LONG TRS 26.92 PA 12/29/2026,COIN,1718129,0.10,,31603.00
2026-09-08,ARKY,CRCL Autocall ELN LONG TRS 24.82 PA 07/09/2027,CRCL,1718110,0.10,,31529.00
2026-09-08,ARKY,TER Autocall ELN LONG TRS 34.51 PA 03/18/2027  M,TER,1740037,0.10,,29553.00
2026-09-08,ARKY,U Autocall ELN LONG TRS 26.09 PA 02/09/2027  MS,U,1740010,0.10,,30391.00
2026-09-08,ARKY,GH Autocall ELN LONG TRS 23.94 PA 06/04/2027  MS,GH,1718149,0.08,,26084.00
2026-09-08,ARKY,PINS Autocall ELN LONG TRS 19.96 PA 05/07/2027,PINS,1737387,0.07,,20719.00
2026-09-08,ARKY,AUR Autocall ELN LONG TRS 19.36 PA 04/09/2027  M,AUR,1718100,0.06,,19066.00
2026-09-08,ARKY,DKNG Autocall ELN LONG TRS 23.31 PA 11/01/2027,DKNG,1718141,0.06,,19426.00
2026-09-08,ARKY,HOOD Autocall ELN LONG TRS 27.76 PA 05/25/2027,HOOD,1740012,0.06,,18907.00
2026-09-08,ARKY,RDDT Autocall ELN LONG TRS 24.16 PA 08/10/2027,RDDT,1740018,0.06,,17808.00
2026-09-08,ARKY,CAI Autocall ELN LONG TRS 29.78 PA 06/15/2027  M,CAI,1737384,0.05,,16474.00
2026-09-08,ARKY,PLTR Autocall ELN LONG TRS 20.71 PA 04/21/2027,PLTR,1737383,0.05,,14708.00
2026-09-08,ARKY,WGS Autocall ELN LONG TRS 26.04 PA 02/24/2027  M,WGS,1740020,0.05,,16601.00
2026-09-08,ARKY,XYZ Autocall ELN LONG TRS 14.65 PA 05/04/2027  M,XYZ,1718107,0.05,,16746.00
2026-09-08,ARKY,CRWV Autocall ELN LONG TRS 35.82 PA 05/04/2027,CRWV,1740017,0.04,,12072.00
2026-09-08,ARKY,RBLX Autocall ELN LONG TRS 27.81 PA 11/18/2027,RBLX,1718144,0.04,,13496.00
2026-09-08,ARKY,LUNR Autocall ELN LONG TRS 43.00 PA 08/09/2027,LUNR,1718113,0.01,,1812.00
2026-09-08,ARKY,TTD Autocall ELN LONG TRS 27.27 PA 06/28/2027  M,TTD,1740042,0.01,,2001.00
2026-09-08,ARKY,FSLY Autocall ELN LONG TRS 40.75 PA 07/01/2027,FSLY,1740021,0.00,,-1100.00
2026-09-08,ARKY,SYM Autocall ELN LONG TRS 26.20 PA 12/28/2026  M,SYM,1718095,0.00,,1372.00
2026-09-08,ARKY,CRSP Autocall ELN LONG TRS 20.36 PA 05/03/2027,CRSP,1718105,-0.02,,-7070.00
2026-09-08,ARKY,NET Autocall ELN LONG TRS 21.12% PA 02/29/2028,NET,1756187,-0.02,,-5071.00
2026-09-08,ARKY,NTLA Autocall ELN LONG TRS 23.06 PA 01/28/2027,NTLA,1737386,-0.02,,-6281.00
2026-09-08,ARKY,JOBY Autocall ELN LONG TRS 30.94 PA 09/14/2027,JOBY,1718155,-0.03,,-10781.00
2026-09-08,ARKY,ACHR Autocall ELN LONG TRS 30.80% PA 11/29/2027,ACHR,1756217,-0.04,,-11496.00
2026-09-08,ARKY,DDOG Autocall ELN LONG TRS 22.48 PA 08/06/2027,DDOG,1737391,-0.05,,-16690.00
2026-09-08,ARKY,SOFI Autocall ELN LONG TRS 19.85 PA 01/14/2027,SOFI,1718103,-0.05,,-14167.00
2026-09-08,ARKY,KLAR Autocall ELN LONG TRS 28.38 PA 05/14/2027,KLAR,1740019,-0.10,,-30429.00
2026-09-08,ARKY,RXRX Autocall ELN LONG TRS 25.72 PA 12/01/2026,RXRX,1718092,-0.10,,-31104.00
2026-09-08,ARKY,SNAP Autocall ELN LONG TRS 25.24 PA 05/10/2027,SNAP,1740011,-0.11,,-35047.00
2026-09-08,ARKY,RKLB Autocall ELN LONG TRS 34.72 PA 07/26/2027,RKLB,1740013,-0.15,,-45554.00
2026-09-08,ARKY,OKLO Autocall ELN LONG TRS 38.39 PA 12/02/2026,OKLO,1718116,-0.19,,-59304.00
2026-09-09,ARKY,GOLDMAN FS TRSY OBLIG INST 468,,X9USDGSFT,82.23,,25472162.59
2026-09-09,ARKY,TREASURY BILL 0 8/5/2027,,912797VR5,15.24,,4722448.01
2026-09-09,ARKY,BMNR Autocall ELN LONG TRS 31.22 PA 10/18/2027,BMNR,1740056,0.33,,101038.00
2026-09-09,ARKY,TEM Autocall ELN LONG TRS 31.74 PA 07/29/2027  M,TEM,1740058,0.30,,92648.00
2026-09-09,ARKY,FIG Autocall ELN LONG TRS 34.83 PA 09/14/2027  M,FIG,1740035,0.28,,86228.00
2026-09-09,ARKY,AMD Autocall ELN LONG TRS 26.46 PA 08/03/2027  M,AMD,1737390,0.27,,84940.00
2026-09-09,ARKY,BLSH Autocall ELN LONG TRS 25.15 PA 10/25/2027,BLSH,1718167,0.21,,64843.00
2026-09-09,ARKY,KTOS Autocall ELN LONG TRS 30.21 PA 07/23/2027,KTOS,1740057,0.19,,58660.00
2026-09-09,ARKY,AVAV Autocall ELN LONG TRS 27.70 PA 12/30/2027,AVAV,1740048,0.18,,57077.00
2026-09-09,ARKY,GTLB Autocall ELN LONG TRS 27.26 PA 06/04/2027,GTLB,1718152,0.14,,44038.00
2026-09-09,ARKY,TSLA Autocall ELN LONG TRS 20.47 PA 07/30/2027,TSLA,1718170,0.14,,43789.00
2026-09-09,ARKY,TER Autocall ELN LONG TRS 34.51 PA 03/18/2027  M,TER,1740037,0.12,,35810.00
2026-09-09,ARKY,MRNA Autocall ELN LONG TRS 22.43 PA 01/27/2027,MRNA,1737385,0.11,,34940.00
2026-09-09,ARKY,U Autocall ELN LONG TRS 26.09 PA 02/09/2027  MS,U,1740010,0.11,,32966.00
2026-09-09,ARKY,BEAM Autocall ELN LONG TRS 22.93 PA 06/11/2027,BEAM,1718108,0.09,,28324.00
2026-09-09,ARKY,CRCL Autocall ELN LONG TRS 24.82 PA 07/09/2027,CRCL,1718110,0.09,,27322.00
2026-09-09,ARKY,COIN Autocall ELN LONG TRS 26.92 PA 12/29/2026,COIN,1718129,0.08,,25647.00
2026-09-09,ARKY,CRWV Autocall ELN LONG TRS 35.82 PA 05/04/2027,CRWV,1740017,0.08,,24967.00
2026-09-09,ARKY,GH Autocall ELN LONG TRS 23.94 PA 06/04/2027  MS,GH,1718149,0.08,,25180.00
2026-09-09,ARKY,AUR Autocall ELN LONG TRS 19.36 PA 04/09/2027  M,AUR,1718100,0.07,,21033.00
2026-09-09,ARKY,DKNG Autocall ELN LONG TRS 23.31 PA 11/01/2027,DKNG,1718141,0.06,,18698.00
2026-09-09,ARKY,PINS Autocall ELN LONG TRS 19.96 PA 05/07/2027,PINS,1737387,0.06,,20108.00
2026-09-09,ARKY,CAI Autocall ELN LONG TRS 29.78 PA 06/15/2027  M,CAI,1737384,0.05,,14685.00
2026-09-09,ARKY,LUNR Autocall ELN LONG TRS 43.00 PA 08/09/2027,LUNR,1718113,0.05,,14786.00
2026-09-09,ARKY,RBLX Autocall ELN LONG TRS 27.81 PA 11/18/2027,RBLX,1718144,0.05,,16823.00
2026-09-09,ARKY,RDDT Autocall ELN LONG TRS 24.16 PA 08/10/2027,RDDT,1740018,0.05,,14018.00
2026-09-09,ARKY,XYZ Autocall ELN LONG TRS 14.65 PA 05/04/2027  M,XYZ,1718107,0.05,,14706.00
2026-09-09,ARKY,HOOD Autocall ELN LONG TRS 27.76 PA 05/25/2027,HOOD,1740012,0.04,,13701.00
2026-09-09,ARKY,PLTR Autocall ELN LONG TRS 20.71 PA 04/21/2027,PLTR,1737383,0.04,,11779.00
2026-09-09,ARKY,WGS Autocall ELN LONG TRS 26.04 PA 02/24/2027  M,WGS,1740020,0.04,,11033.00
2026-09-09,ARKY,SYM Autocall ELN LONG TRS 26.20 PA 12/28/2026  M,SYM,1718095,0.02,,5708.00
2026-09-09,ARKY,FSLY Autocall ELN LONG TRS 40.75 PA 07/01/2027,FSLY,1740021,0.00,,290.00
2026-09-09,ARKY,TTD Autocall ELN LONG TRS 27.27 PA 06/28/2027  M,TTD,1740042,0.00,,-1237.00
2026-09-09,ARKY,NET Autocall ELN LONG TRS 21.12% PA 02/29/2028,NET,1756187,-0.01,,-4275.00
2026-09-09,ARKY,ACHR Autocall ELN LONG TRS 30.80% PA 11/29/2027,ACHR,1756217,-0.02,,-6161.00
2026-09-09,ARKY,NTLA Autocall ELN LONG TRS 23.06 PA 01/28/2027,NTLA,1737386,-0.02,,-5930.00
2026-09-09,ARKY,JOBY Autocall ELN LONG TRS 30.94 PA 09/14/2027,JOBY,1718155,-0.03,,-7776.00
2026-09-09,ARKY,CRSP Autocall ELN LONG TRS 20.36 PA 05/03/2027,CRSP,1718105,-0.04,,-11922.00
2026-09-09,ARKY,SOFI Autocall ELN LONG TRS 19.85 PA 01/14/2027,SOFI,1718103,-0.05,,-15267.00
2026-09-09,ARKY,DDOG Autocall ELN LONG TRS 22.48 PA 08/06/2027,DDOG,1737391,-0.07,,-20862.00
2026-09-09,ARKY,KLAR Autocall ELN LONG TRS 28.38 PA 05/14/2027,KLAR,1740019,-0.10,,-31245.00
2026-09-09,ARKY,SNAP Autocall ELN LONG TRS 25.24 PA 05/10/2027,SNAP,1740011,-0.11,,-33657.00
2026-09-09,ARKY,RXRX Autocall ELN LONG TRS 25.72 PA 12/01/2026,RXRX,1718092,-0.12,,-36355.00
2026-09-09,ARKY,RKLB Autocall ELN LONG TRS 34.72 PA 07/26/2027,RKLB,1740013,-0.14,,-42209.00
2026-09-09,ARKY,OKLO Autocall ELN LONG TRS 38.39 PA 12/02/2026,OKLO,1718116,-0.15,,-45496.00
2026-09-10,ARKY,GOLDMAN FS TRSY OBLIG INST 468,,X9USDGSFT,83.33,,26510538.55
2026-09-10,ARKY,TREASURY BILL 0 8/5/2027,,912797VR5,14.84,,4722340.41
2026-09-10,ARKY,BMNR Autocall ELN LONG TRS 31.22 PA 10/18/2027,BMNR,1740056,0.31,,98042.00
2026-09-10,ARKY,AMD Autocall ELN LONG TRS 26.46 PA 08/03/2027  M,AMD,1737390,0.28,,89096.00
2026-09-10,ARKY,TEM Autocall ELN LONG TRS 31.74 PA 07/29/2027  M,TEM,1740058,0.28,,87874.00
2026-09-10,ARKY,FIG Autocall ELN LONG TRS 34.83 PA 09/14/2027  M,FIG,1740035,0.25,,78697.00
2026-09-10,ARKY,BLSH Autocall ELN LONG TRS 25.15 PA 10/25/2027,BLSH,1718167,0.20,,62311.00
2026-09-10,ARKY,KTOS Autocall ELN LONG TRS 30.21 PA 07/23/2027,KTOS,1740057,0.16,,51221.00
2026-09-10,ARKY,AVAV Autocall ELN LONG TRS 27.70 PA 12/30/2027,AVAV,1740048,0.15,,47733.00
2026-09-10,ARKY,GTLB Autocall ELN LONG TRS 27.26 PA 06/04/2027,GTLB,1718152,0.14,,43595.00
2026-09-10,ARKY,TER Autocall ELN LONG TRS 34.51 PA 03/18/2027  M,TER,1740037,0.14,,46072.00
2026-09-10,ARKY,TSLA Autocall ELN LONG TRS 20.47 PA 07/30/2027,TSLA,1718170,0.14,,43078.00
2026-09-10,ARKY,MRNA Autocall ELN LONG TRS 22.43 PA 01/27/2027,MRNA,1737385,0.11,,34909.00
2026-09-10,ARKY,U Autocall ELN LONG TRS 26.09 PA 02/09/2027  MS,U,1740010,0.10,,32346.00
2026-09-10,ARKY,CRCL Autocall ELN LONG TRS 24.82 PA 07/09/2027,CRCL,1718110,0.08,,24816.00
2026-09-10,ARKY,GH Autocall ELN LONG TRS 23.94 PA 06/04/2027  MS,GH,1718149,0.08,,26200.00
2026-09-10,ARKY,AUR Autocall ELN LONG TRS 19.36 PA 04/09/2027  M,AUR,1718100,0.07,,21369.00
2026-09-10,ARKY,COIN Autocall ELN LONG TRS 26.92 PA 12/29/2026,COIN,1718129,0.07,,22077.00
2026-09-10,ARKY,CRWV Autocall ELN LONG TRS 35.82 PA 05/04/2027,CRWV,1740017,0.07,,22841.00
2026-09-10,ARKY,CAI Autocall ELN LONG TRS 29.78 PA 06/15/2027  M,CAI,1737384,0.05,,16609.00
2026-09-10,ARKY,DKNG Autocall ELN LONG TRS 23.31 PA 11/01/2027,DKNG,1718141,0.05,,17456.00
2026-09-10,ARKY,RBLX Autocall ELN LONG TRS 27.81 PA 11/18/2027,RBLX,1718144,0.05,,15496.00
2026-09-10,ARKY,HOOD Autocall ELN LONG TRS 27.76 PA 05/25/2027,HOOD,1740012,0.04,,12668.00
2026-09-10,ARKY,XYZ Autocall ELN LONG TRS 14.65 PA 05/04/2027  M,XYZ,1718107,0.04,,14013.00
2026-09-10,ARKY,FSLY Autocall ELN LONG TRS 40.75 PA 07/01/2027,FSLY,1740021,0.03,,10080.00
2026-09-10,ARKY,NET Autocall ELN LONG TRS 21.12% PA 02/29/2028,NET,1756187,0.03,,10792.00
2026-09-10,ARKY,PLTR Autocall ELN LONG TRS 20.71 PA 04/21/2027,PLTR,1737383,0.03,,11105.00
2026-09-10,ARKY,RDDT Autocall ELN LONG TRS 24.16 PA 08/10/2027,RDDT,1740018,0.03,,10628.00
2026-09-10,ARKY,WGS Autocall ELN LONG TRS 26.04 PA 02/24/2027  M,WGS,1740020,0.03,,9931.00
2026-09-10,ARKY,LUNR Autocall ELN LONG TRS 43.00 PA 08/09/2027,LUNR,1718113,0.01,,2517.00
2026-09-10,ARKY,PINS Autocall ELN LONG TRS 19.96 PA 05/07/2027,PINS,1737387,0.00,,-1084.00
2026-09-10,ARKY,SYM Autocall ELN LONG TRS 26.20 PA 12/28/2026  M,SYM,1718095,0.00,,567.00
2026-09-10,ARKY,TTD Autocall ELN LONG TRS 27.27 PA 06/28/2027  M,TTD,1740042,-0.01,,-4315.00
2026-09-10,ARKY,DDOG Autocall ELN LONG TRS 22.48 PA 08/06/2027,DDOG,1737391,-0.03,,-8039.00
2026-09-10,ARKY,NTLA Autocall ELN LONG TRS 23.06 PA 01/28/2027,NTLA,1737386,-0.04,,-14138.00
2026-09-10,ARKY,CRSP Autocall ELN LONG TRS 20.36 PA 05/03/2027,CRSP,1718105,-0.05,,-16897.00
2026-09-10,ARKY,ACHR Autocall ELN LONG TRS 30.80% PA 11/29/2027,ACHR,1756217,-0.06,,-18759.00
2026-09-10,ARKY,BEAM Autocall ELN LONG TRS 22.93 PA 06/11/2027,BEAM,1718108,-0.07,,-22310.00
2026-09-10,ARKY,JOBY Autocall ELN LONG TRS 30.94 PA 09/14/2027,JOBY,1718155,-0.08,,-25175.00
2026-09-10,ARKY,SOFI Autocall ELN LONG TRS 19.85 PA 01/14/2027,SOFI,1718103,-0.08,,-26375.00
2026-09-10,ARKY,SNAP Autocall ELN LONG TRS 25.24 PA 05/10/2027,SNAP,1740011,-0.12,,-36765.00
2026-09-10,ARKY,KLAR Autocall ELN LONG TRS 28.38 PA 05/14/2027,KLAR,1740019,-0.14,,-43097.00
2026-09-10,ARKY,OKLO Autocall ELN LONG TRS 38.39 PA 12/02/2026,OKLO,1718116,-0.15,,-46347.00
2026-09-10,ARKY,RKLB Autocall ELN LONG TRS 34.72 PA 07/26/2027,RKLB,1740013,-0.18,,-57964.00
2026-09-10,ARKY,RXRX Autocall ELN LONG TRS 25.72 PA 12/01/2026,RXRX,1718092,-0.20,,-62542.00
2026-09-11,ARKY,GOLDMAN FS TRSY OBLIG INST 468,,X9USDGSFT,84.00,,27009721.38
2026-09-11,ARKY,TREASURY BILL 0 8/5/2027,,912797VR5,14.68,,4718864.10
2026-09-11,ARKY,BMNR Autocall ELN LONG TRS 31.22 PA 10/18/2027,BMNR,1740056,0.33,,105822.07
2026-09-11,ARKY,AMD Autocall ELN LONG TRS 26.46 PA 08/03/2027  M,AMD,1737390,0.29,,91984.78
2026-09-11,ARKY,TEM Autocall ELN LONG TRS 31.74 PA 07/29/2027  M,TEM,1740058,0.28,,88790.48
2026-09-11,ARKY,BLSH Autocall ELN LONG TRS 25.15 PA 10/25/2027,BLSH,1718167,0.21,,66775.18
2026-09-11,ARKY,AVAV Autocall ELN LONG TRS 27.70 PA 12/30/2027,AVAV,1740048,0.20,,63720.52
2026-09-11,ARKY,KTOS Autocall ELN LONG TRS 30.21 PA 07/23/2027,KTOS,1740057,0.18,,58083.78
2026-09-11,ARKY,GTLB Autocall ELN LONG TRS 27.26 PA 06/04/2027,GTLB,1718152,0.15,,47213.07
2026-09-11,ARKY,TSLA Autocall ELN LONG TRS 20.47 PA 07/30/2027,TSLA,1718170,0.14,,44844.74
2026-09-11,ARKY,TER Autocall ELN LONG TRS 34.51 PA 03/18/2027  M,TER,1740037,0.13,,41259.48
2026-09-11,ARKY,MRNA Autocall ELN LONG TRS 22.43 PA 01/27/2027,MRNA,1737385,0.12,,37436.85
2026-09-11,ARKY,U Autocall ELN LONG TRS 26.09 PA 02/09/2027  MS,U,1740010,0.11,,34005.18
2026-09-11,ARKY,GH Autocall ELN LONG TRS 23.94 PA 06/04/2027  MS,GH,1718149,0.08,,26161.22
2026-09-11,ARKY,COIN Autocall ELN LONG TRS 26.92 PA 12/29/2026,COIN,1718129,0.07,,22919.66
2026-09-11,ARKY,CRCL Autocall ELN LONG TRS 24.82 PA 07/09/2027,CRCL,1718110,0.07,,23471.74
2026-09-11,ARKY,FIG Autocall ELN LONG TRS 34.83 PA 09/14/2027  M,FIG,1740035,0.07,,21573.85
2026-09-11,ARKY,AUR Autocall ELN LONG TRS 19.36 PA 04/09/2027  M,AUR,1718100,0.06,,19225.93
2026-09-11,ARKY,DKNG Autocall ELN LONG TRS 23.31 PA 11/01/2027,DKNG,1718141,0.06,,19677.04
2026-09-11,ARKY,RBLX Autocall ELN LONG TRS 27.81 PA 11/18/2027,RBLX,1718144,0.06,,18694.26
2026-09-11,ARKY,RDDT Autocall ELN LONG TRS 24.16 PA 08/10/2027,RDDT,1740018,0.06,,19578.22
2026-09-11,ARKY,CRWV Autocall ELN LONG TRS 35.82 PA 05/04/2027,CRWV,1740017,0.04,,14103.66
2026-09-11,ARKY,HOOD Autocall ELN LONG TRS 27.76 PA 05/25/2027,HOOD,1740012,0.04,,11810.52
2026-09-11,ARKY,WGS Autocall ELN LONG TRS 26.04 PA 02/24/2027  M,WGS,1740020,0.04,,11356.18
2026-09-11,ARKY,XYZ Autocall ELN LONG TRS 14.65 PA 05/04/2027  M,XYZ,1718107,0.04,,14457.04
2026-09-11,ARKY,FSLY Autocall ELN LONG TRS 40.75 PA 07/01/2027,FSLY,1740021,0.03,,9154.00
2026-09-11,ARKY,NET Autocall ELN LONG TRS 21.12% PA 02/29/2028,NET,1756187,0.03,,10490.48
2026-09-11,ARKY,CAI Autocall ELN LONG TRS 29.78 PA 06/15/2027  M,CAI,1737384,0.02,,7330.00
2026-09-11,ARKY,PINS Autocall ELN LONG TRS 19.96 PA 05/07/2027,PINS,1737387,0.02,,5653.93
2026-09-11,ARKY,PLTR Autocall ELN LONG TRS 20.71 PA 04/21/2027,PLTR,1737383,0.02,,7768.78
2026-09-11,ARKY,LUNR Autocall ELN LONG TRS 43.00 PA 08/09/2027,LUNR,1718113,0.00,,-392.04
2026-09-11,ARKY,TTD Autocall ELN LONG TRS 27.27 PA 06/28/2027  M,TTD,1740042,-0.01,,-3286.00
2026-09-11,ARKY,DDOG Autocall ELN LONG TRS 22.48 PA 08/06/2027,DDOG,1737391,-0.04,,-11990.96
2026-09-11,ARKY,NTLA Autocall ELN LONG TRS 23.06 PA 01/28/2027,NTLA,1737386,-0.05,,-15719.07
2026-09-11,ARKY,SYM Autocall ELN LONG TRS 26.20 PA 12/28/2026  M,SYM,1718095,-0.05,,-15247.55
2026-09-11,ARKY,ACHR Autocall ELN LONG TRS 30.80% PA 11/29/2027,ACHR,1756217,-0.06,,-17910.18
2026-09-11,ARKY,CRSP Autocall ELN LONG TRS 20.36 PA 05/03/2027,CRSP,1718105,-0.07,,-21449.26
2026-09-11,ARKY,SNAP Autocall ELN LONG TRS 25.24 PA 05/10/2027,SNAP,1740011,-0.09,,-29261.00
2026-09-11,ARKY,SOFI Autocall ELN LONG TRS 19.85 PA 01/14/2027,SOFI,1718103,-0.09,,-29939.82
2026-09-11,ARKY,BEAM Autocall ELN LONG TRS 22.93 PA 06/11/2027,BEAM,1718108,-0.11,,-35754.85
2026-09-11,ARKY,KLAR Autocall ELN LONG TRS 28.38 PA 05/14/2027,KLAR,1740019,-0.15,,-48253.85
2026-09-11,ARKY,RKLB Autocall ELN LONG TRS 34.72 PA 07/26/2027,RKLB,1740013,-0.20,,-64364.96
2026-09-11,ARKY,RXRX Autocall ELN LONG TRS 25.72 PA 12/01/2026,RXRX,1718092,-0.20,,-64866.55
2026-09-11,ARKY,OKLO Autocall ELN LONG TRS 38.39 PA 12/02/2026,OKLO,1718116,-0.23,,-72806.11
2026-09-11,ARKY,JOBY Autocall ELN LONG TRS 30.94 PA 09/14/2027,JOBY,1718155,-0.27,,-87650.89
2026-09-14,ARKY,GOLDMAN FS TRSY OBLIG INST 468,,X9USDGSFT,83.91,,27009721.38
2026-09-14,ARKY,TREASURY BILL 0 8/5/2027,,912797VR5,14.66,,4717872.54
2026-09-14,ARKY,BMNR Autocall ELN LONG TRS 31.22 PA 10/18/2027,BMNR,1740056,0.34,,109474.00
2026-09-14,ARKY,AMD Autocall ELN LONG TRS 26.46 PA 08/03/2027  M,AMD,1737390,0.30,,95271.00
2026-09-14,ARKY,TEM Autocall ELN LONG TRS 31.74 PA 07/29/2027  M,TEM,1740058,0.28,,88631.00
2026-09-14,ARKY,AVAV Autocall ELN LONG TRS 27.70 PA 12/30/2027,AVAV,1740048,0.21,,68771.00
2026-09-14,ARKY,BLSH Autocall ELN LONG TRS 25.15 PA 10/25/2027,BLSH,1718167,0.21,,69107.00
2026-09-14,ARKY,TER Autocall ELN LONG TRS 34.51 PA 03/18/2027  M,TER,1740037,0.17,,53532.00
2026-09-14,ARKY,KTOS Autocall ELN LONG TRS 30.21 PA 07/23/2027,KTOS,1740057,0.16,,51972.00
2026-09-14,ARKY,GTLB Autocall ELN LONG TRS 27.26 PA 06/04/2027,GTLB,1718152,0.15,,47174.00
2026-09-14,ARKY,TSLA Autocall ELN LONG TRS 20.47 PA 07/30/2027,TSLA,1718170,0.14,,46179.00
2026-09-14,ARKY,MRNA Autocall ELN LONG TRS 22.43 PA 01/27/2027,MRNA,1737385,0.12,,37419.00
2026-09-14,ARKY,U Autocall ELN LONG TRS 26.09 PA 02/09/2027  MS,U,1740010,0.12,,37851.00
2026-09-14,ARKY,COIN Autocall ELN LONG TRS 26.92 PA 12/29/2026,COIN,1718129,0.09,,27724.00
2026-09-14,ARKY,FIG Autocall ELN LONG TRS 34.83 PA 09/14/2027  M,FIG,1740035,0.09,,29445.00
2026-09-14,ARKY,CRCL Autocall ELN LONG TRS 24.82 PA 07/09/2027,CRCL,1718110,0.08,,25947.00
2026-09-14,ARKY,DKNG Autocall ELN LONG TRS 23.31 PA 11/01/2027,DKNG,1718141,0.08,,26025.00
2026-09-14,ARKY,GH Autocall ELN LONG TRS 23.94 PA 06/04/2027  MS,GH,1718149,0.08,,25742.00
2026-09-14,ARKY,RBLX Autocall ELN LONG TRS 27.81 PA 11/18/2027,RBLX,1718144,0.08,,24764.00
2026-09-14,ARKY,AUR Autocall ELN LONG TRS 19.36 PA 04/09/2027  M,AUR,1718100,0.07,,21333.00
2026-09-14,ARKY,RDDT Autocall ELN LONG TRS 24.16 PA 08/10/2027,RDDT,1740018,0.07,,22673.00
2026-09-14,ARKY,CRWV Autocall ELN LONG TRS 35.82 PA 05/04/2027,CRWV,1740017,0.06,,19201.00
2026-09-14,ARKY,FSLY Autocall ELN LONG TRS 40.75 PA 07/01/2027,FSLY,1740021,0.05,,15900.00
2026-09-14,ARKY,XYZ Autocall ELN LONG TRS 14.65 PA 05/04/2027  M,XYZ,1718107,0.05,,15056.00
2026-09-14,ARKY,HOOD Autocall ELN LONG TRS 27.76 PA 05/25/2027,HOOD,1740012,0.04,,12617.00
2026-09-14,ARKY,WGS Autocall ELN LONG TRS 26.04 PA 02/24/2027  M,WGS,1740020,0.04,,11922.00
2026-09-14,ARKY,NET Autocall ELN LONG TRS 21.12% PA 02/29/2028,NET,1756187,0.03,,11259.00
2026-09-14,ARKY,PLTR Autocall ELN LONG TRS 20.71 PA 04/21/2027,PLTR,1737383,0.03,,11222.00
2026-09-14,ARKY,PINS Autocall ELN LONG TRS 19.96 PA 05/07/2027,PINS,1737387,0.02,,6895.00
2026-09-14,ARKY,TTD Autocall ELN LONG TRS 27.27 PA 06/28/2027  M,TTD,1740042,0.00,,292.00
2026-09-14,ARKY,SYM Autocall ELN LONG TRS 26.20 PA 12/28/2026  M,SYM,1718095,-0.01,,-2495.00
2026-09-14,ARKY,LUNR Autocall ELN LONG TRS 43.00 PA 08/09/2027,LUNR,1718113,-0.02,,-7869.00
2026-09-14,ARKY,DDOG Autocall ELN LONG TRS 22.48 PA 08/06/2027,DDOG,1737391,-0.03,,-10224.00
2026-09-14,ARKY,ACHR Autocall ELN LONG TRS 30.80% PA 11/29/2027,ACHR,1756217,-0.05,,-15010.00
2026-09-14,ARKY,NTLA Autocall ELN LONG TRS 23.06 PA 01/28/2027,NTLA,1737386,-0.06,,-18243.00
2026-09-14,ARKY,CAI Autocall ELN LONG TRS 29.78 PA 06/15/2027  M,CAI,1737384,-0.07,,-23668.00
2026-09-14,ARKY,CRSP Autocall ELN LONG TRS 20.36 PA 05/03/2027,CRSP,1718105,-0.07,,-22407.00
2026-09-14,ARKY,SNAP Autocall ELN LONG TRS 25.24 PA 05/10/2027,SNAP,1740011,-0.07,,-23718.00
2026-09-14,ARKY,BEAM Autocall ELN LONG TRS 22.93 PA 06/11/2027,BEAM,1718108,-0.08,,-25705.00
2026-09-14,ARKY,SOFI Autocall ELN LONG TRS 19.85 PA 01/14/2027,SOFI,1718103,-0.08,,-24270.00
2026-09-14,ARKY,KLAR Autocall ELN LONG TRS 28.38 PA 05/14/2027,KLAR,1740019,-0.15,,-47391.00
2026-09-14,ARKY,RKLB Autocall ELN LONG TRS 34.72 PA 07/26/2027,RKLB,1740013,-0.17,,-55261.00
2026-09-14,ARKY,RXRX Autocall ELN LONG TRS 25.72 PA 12/01/2026,RXRX,1718092,-0.21,,-68394.00
2026-09-14,ARKY,JOBY Autocall ELN LONG TRS 30.94 PA 09/14/2027,JOBY,1718155,-0.26,,-85297.00
2026-09-14,ARKY,OKLO Autocall ELN LONG TRS 38.39 PA 12/02/2026,OKLO,1718116,-0.38,,-120771.00
2026-09-15,ARKY,GOLDMAN FS TRSY OBLIG INST 468,,X9USDGSFT,83.43,,27003336.93
2026-09-15,ARKY,TREASURY BILL 0 8/5/2027,,912797VR5,14.58,,4717487.74
2026-09-15,ARKY,BMNR Autocall ELN LONG TRS 31.22 PA 10/18/2027,BMNR,1740056,0.36,,115890.00
2026-09-15,ARKY,TEM Autocall ELN LONG TRS 31.74 PA 07/29/2027  M,TEM,1740058,0.31,,98917.00
2026-09-15,ARKY,AMD Autocall ELN LONG TRS 26.46 PA 08/03/2027  M,AMD,1737390,0.28,,91614.00
2026-09-15,ARKY,AVAV Autocall ELN LONG TRS 27.70 PA 12/30/2027,AVAV,1740048,0.24,,77557.00
2026-09-15,ARKY,BLSH Autocall ELN LONG TRS 25.15 PA 10/25/2027,BLSH,1718167,0.22,,70909.00
2026-09-15,ARKY,KTOS Autocall ELN LONG TRS 30.21 PA 07/23/2027,KTOS,1740057,0.19,,60056.00
2026-09-15,ARKY,GTLB Autocall ELN LONG TRS 27.26 PA 06/04/2027,GTLB,1718152,0.15,,47794.00
2026-09-15,ARKY,TSLA Autocall ELN LONG TRS 20.47 PA 07/30/2027,TSLA,1718170,0.14,,45074.00
2026-09-15,ARKY,COIN Autocall ELN LONG TRS 26.92 PA 12/29/2026,COIN,1718129,0.12,,40116.00
2026-09-15,ARKY,FIG Autocall ELN LONG TRS 34.83 PA 09/14/2027  M,FIG,1740035,0.12,,40285.00
2026-09-15,ARKY,MRNA Autocall ELN LONG TRS 22.43 PA 01/27/2027,MRNA,1737385,0.12,,37344.00
2026-09-15,ARKY,RBLX Autocall ELN LONG TRS 27.81 PA 11/18/2027,RBLX,1718144,0.12,,38287.00
2026-09-15,ARKY,U Autocall ELN LONG TRS 26.09 PA 02/09/2027  MS,U,1740010,0.11,,36099.00
2026-09-15,ARKY,CRCL Autocall ELN LONG TRS 24.82 PA 07/09/2027,CRCL,1718110,0.10,,32132.00
2026-09-15,ARKY,GH Autocall ELN LONG TRS 23.94 PA 06/04/2027  MS,GH,1718149,0.09,,30547.00
2026-09-15,ARKY,DKNG Autocall ELN LONG TRS 23.31 PA 11/01/2027,DKNG,1718141,0.08,,26906.00
2026-09-15,ARKY,RDDT Autocall ELN LONG TRS 24.16 PA 08/10/2027,RDDT,1740018,0.08,,25269.00
2026-09-15,ARKY,AUR Autocall ELN LONG TRS 19.36 PA 04/09/2027  M,AUR,1718100,0.07,,23682.00
2026-09-15,ARKY,FSLY Autocall ELN LONG TRS 40.75 PA 07/01/2027,FSLY,1740021,0.07,,23964.00
2026-09-15,ARKY,RBRK Autocall ELN LONG TRS 25.76% PA 03/13/2028,RBRK,1767342,0.07,,21600.00
2026-09-15,ARKY,NET Autocall ELN LONG TRS 21.12% PA 02/29/2028,NET,1756187,0.06,,19362.00
2026-09-15,ARKY,PLTR Autocall ELN LONG TRS 20.71 PA 04/21/2027,PLTR,1737383,0.05,,15728.00
2026-09-15,ARKY,XYZ Autocall ELN LONG TRS 14.65 PA 05/04/2027  M,XYZ,1718107,0.05,,16234.00
2026-09-15,ARKY,HOOD Autocall ELN LONG TRS 27.76 PA 05/25/2027,HOOD,1740012,0.04,,13729.00
2026-09-15,ARKY,TER Autocall ELN LONG TRS 34.51 PA 03/18/2027  M,TER,1740037,0.04,,14151.00
2026-09-15,ARKY,WGS Autocall ELN LONG TRS 26.04 PA 02/24/2027  M,WGS,1740020,0.04,,13606.00
2026-09-15,ARKY,PINS Autocall ELN LONG TRS 19.96 PA 05/07/2027,PINS,1737387,0.03,,10344.00
2026-09-15,ARKY,TTD Autocall ELN LONG TRS 27.27 PA 06/28/2027  M,TTD,1740042,0.03,,9176.00
2026-09-15,ARKY,CRWV Autocall ELN LONG TRS 35.82 PA 05/04/2027,CRWV,1740017,0.01,,3812.00
2026-09-15,ARKY,DDOG Autocall ELN LONG TRS 22.48 PA 08/06/2027,DDOG,1737391,0.00,,-82.00
2026-09-15,ARKY,CAI Autocall ELN LONG TRS 29.78 PA 06/15/2027  M,CAI,1737384,-0.02,,-6210.00
2026-09-15,ARKY,SYM Autocall ELN LONG TRS 26.20 PA 12/28/2026  M,SYM,1718095,-0.02,,-7774.00
2026-09-15,ARKY,NTLA Autocall ELN LONG TRS 23.06 PA 01/28/2027,NTLA,1737386,-0.03,,-10693.00
2026-09-15,ARKY,ACHR Autocall ELN LONG TRS 30.80% PA 11/29/2027,ACHR,1756217,-0.04,,-14098.00
2026-09-15,ARKY,LUNR Autocall ELN LONG TRS 43.00 PA 08/09/2027,LUNR,1718113,-0.04,,-12970.00
2026-09-15,ARKY,CRSP Autocall ELN LONG TRS 20.36 PA 05/03/2027,CRSP,1718105,-0.05,,-14669.00
2026-09-15,ARKY,SNAP Autocall ELN LONG TRS 25.24 PA 05/10/2027,SNAP,1740011,-0.05,,-17488.00
2026-09-15,ARKY,SOFI Autocall ELN LONG TRS 19.85 PA 01/14/2027,SOFI,1718103,-0.05,,-15661.00
2026-09-15,ARKY,BEAM Autocall ELN LONG TRS 22.93 PA 06/11/2027,BEAM,1718108,-0.08,,-26074.00
2026-09-15,ARKY,KLAR Autocall ELN LONG TRS 28.38 PA 05/14/2027,KLAR,1740019,-0.10,,-33511.00
2026-09-15,ARKY,RXRX Autocall ELN LONG TRS 25.72 PA 12/01/2026,RXRX,1718092,-0.12,,-38458.00
2026-09-15,ARKY,RKLB Autocall ELN LONG TRS 34.72 PA 07/26/2027,RKLB,1740013,-0.17,,-55626.00
2026-09-15,ARKY,JOBY Autocall ELN LONG TRS 30.94 PA 09/14/2027,JOBY,1718155,-0.24,,-79188.00
2026-09-15,ARKY,OKLO Autocall ELN LONG TRS 38.39 PA 12/02/2026,OKLO,1718116,-0.38,,-123011.00
2026-09-16,ARKY,GOLDMAN FS TRSY OBLIG INST 468,,X9USDGSFT,83.62,,27100507.95
2026-09-16,ARKY,TREASURY BILL 0 8/5/2027,,912797VR5,14.56,,4717395.96
2026-09-16,ARKY,TEM Autocall ELN LONG TRS 31.74 PA 07/29/2027  M,TEM,1740058,0.33,,106861.00
2026-09-16,ARKY,BMNR Autocall ELN LONG TRS 31.22 PA 10/18/2027,BMNR,1740056,0.32,,104412.00
2026-09-16,ARKY,AMD Autocall ELN LONG TRS 26.46 PA 08/03/2027  M,AMD,1737390,0.29,,94900.00
2026-09-16,ARKY,AVAV Autocall ELN LONG TRS 27.70 PA 12/30/2027,AVAV,1740048,0.25,,80245.00
2026-09-16,ARKY,BLSH Autocall ELN LONG TRS 25.15 PA 10/25/2027,BLSH,1718167,0.21,,68614.00
2026-09-16,ARKY,KTOS Autocall ELN LONG TRS 30.21 PA 07/23/2027,KTOS,1740057,0.18,,59354.00
2026-09-16,ARKY,GTLB Autocall ELN LONG TRS 27.26 PA 06/04/2027,GTLB,1718152,0.15,,47472.00
2026-09-16,ARKY,TSLA Autocall ELN LONG TRS 20.47 PA 07/30/2027,TSLA,1718170,0.14,,43966.00
2026-09-16,ARKY,FIG Autocall ELN LONG TRS 34.83 PA 09/14/2027  M,FIG,1740035,0.13,,42151.00
2026-09-16,ARKY,MRNA Autocall ELN LONG TRS 22.43 PA 01/27/2027,MRNA,1737385,0.12,,37305.00
2026-09-16,ARKY,RBLX Autocall ELN LONG TRS 27.81 PA 11/18/2027,RBLX,1718144,0.12,,37581.00
2026-09-16,ARKY,U Autocall ELN LONG TRS 26.09 PA 02/09/2027  MS,U,1740010,0.11,,35631.00
2026-09-16,ARKY,GH Autocall ELN LONG TRS 23.94 PA 06/04/2027  MS,GH,1718149,0.10,,32945.00
2026-09-16,ARKY,RBRK Autocall ELN LONG TRS 25.76% PA 03/13/2028,RBRK,1767342,0.09,,28554.00
2026-09-16,ARKY,COIN Autocall ELN LONG TRS 26.92 PA 12/29/2026,COIN,1718129,0.08,,25914.00
2026-09-16,ARKY,DKNG Autocall ELN LONG TRS 23.31 PA 11/01/2027,DKNG,1718141,0.08,,24872.00
2026-09-16,ARKY,AUR Autocall ELN LONG TRS 19.36 PA 04/09/2027  M,AUR,1718100,0.07,,21399.00
2026-09-16,ARKY,FSLY Autocall ELN LONG TRS 40.75 PA 07/01/2027,FSLY,1740021,0.07,,21457.00
2026-09-16,ARKY,RDDT Autocall ELN LONG TRS 24.16 PA 08/10/2027,RDDT,1740018,0.07,,23737.00
2026-09-16,ARKY,WGS Autocall ELN LONG TRS 26.04 PA 02/24/2027  M,WGS,1740020,0.07,,21529.00
2026-09-16,ARKY,CRCL Autocall ELN LONG TRS 24.82 PA 07/09/2027,CRCL,1718110,0.06,,18797.00
2026-09-16,ARKY,NET Autocall ELN LONG TRS 21.12% PA 02/29/2028,NET,1756187,0.06,,19708.00
2026-09-16,ARKY,TER Autocall ELN LONG TRS 34.51 PA 03/18/2027  M,TER,1740037,0.06,,20777.00
2026-09-16,ARKY,XYZ Autocall ELN LONG TRS 14.65 PA 05/04/2027  M,XYZ,1718107,0.05,,14780.00
2026-09-16,ARKY,PLTR Autocall ELN LONG TRS 20.71 PA 04/21/2027,PLTR,1737383,0.04,,14410.00
2026-09-16,ARKY,HOOD Autocall ELN LONG TRS 27.76 PA 05/25/2027,HOOD,1740012,0.03,,9171.00
2026-09-16,ARKY,TTD Autocall ELN LONG TRS 27.27 PA 06/28/2027  M,TTD,1740042,0.03,,10028.00
2026-09-16,ARKY,PINS Autocall ELN LONG TRS 19.96 PA 05/07/2027,PINS,1737387,0.01,,3408.00
2026-09-16,ARKY,SYM Autocall ELN LONG TRS 26.20 PA 12/28/2026  M,SYM,1718095,0.01,,4524.00
2026-09-16,ARKY,DDOG Autocall ELN LONG TRS 22.48 PA 08/06/2027,DDOG,1737391,0.00,,-400.00
2026-09-16,ARKY,CRWV Autocall ELN LONG TRS 35.82 PA 05/04/2027,CRWV,1740017,-0.01,,-3703.00
2026-09-16,ARKY,CAI Autocall ELN LONG TRS 29.78 PA 06/15/2027  M,CAI,1737384,-0.02,,-5185.00
2026-09-16,ARKY,ACHR Autocall ELN LONG TRS 30.80% PA 11/29/2027,ACHR,1756217,-0.04,,-11710.00
2026-09-16,ARKY,LUNR Autocall ELN LONG TRS 43.00 PA 08/09/2027,LUNR,1718113,-0.04,,-13645.00
2026-09-16,ARKY,CRSP Autocall ELN LONG TRS 20.36 PA 05/03/2027,CRSP,1718105,-0.06,,-18846.00
2026-09-16,ARKY,NTLA Autocall ELN LONG TRS 23.06 PA 01/28/2027,NTLA,1737386,-0.06,,-18558.00
2026-09-16,ARKY,SNAP Autocall ELN LONG TRS 25.24 PA 05/10/2027,SNAP,1740011,-0.06,,-20367.00
2026-09-16,ARKY,RXRX Autocall ELN LONG TRS 25.72 PA 12/01/2026,RXRX,1718092,-0.09,,-28636.00
2026-09-16,ARKY,SOFI Autocall ELN LONG TRS 19.85 PA 01/14/2027,SOFI,1718103,-0.09,,-27893.00
2026-09-16,ARKY,BEAM Autocall ELN LONG TRS 22.93 PA 06/11/2027,BEAM,1718108,-0.10,,-31827.00
2026-09-16,ARKY,KLAR Autocall ELN LONG TRS 28.38 PA 05/14/2027,KLAR,1740019,-0.11,,-34994.00
2026-09-16,ARKY,RKLB Autocall ELN LONG TRS 34.72 PA 07/26/2027,RKLB,1740013,-0.16,,-50423.00
2026-09-16,ARKY,JOBY Autocall ELN LONG TRS 30.94 PA 09/14/2027,JOBY,1718155,-0.28,,-90862.00
2026-09-16,ARKY,OKLO Autocall ELN LONG TRS 38.39 PA 12/02/2026,OKLO,1718116,-0.38,,-124590.00
2026-09-17,ARKY,GOLDMAN FS TRSY OBLIG INST 468,,X9USDGSFT,83.91,,27160315.44
2026-09-17,ARKY,TREASURY BILL 0 8/5/2027,,912797VR5,14.57,,4716040.23
2026-09-17,ARKY,TEM Autocall ELN LONG TRS 31.74 PA 07/29/2027  M,TEM,1740058,0.33,,105990.00
2026-09-17,ARKY,BMNR Autocall ELN LONG TRS 31.22 PA 10/18/2027,BMNR,1740056,0.31,,101332.00
2026-09-17,ARKY,AMD Autocall ELN LONG TRS 26.46 PA 08/03/2027  M,AMD,1737390,0.30,,96217.00
2026-09-17,ARKY,AVAV Autocall ELN LONG TRS 27.70 PA 12/30/2027,AVAV,1740048,0.26,,83039.00
2026-09-17,ARKY,BLSH Autocall ELN LONG TRS 25.15 PA 10/25/2027,BLSH,1718167,0.19,,62384.00
2026-09-17,ARKY,KTOS Autocall ELN LONG TRS 30.21 PA 07/23/2027,KTOS,1740057,0.18,,59260.00
2026-09-17,ARKY,GTLB Autocall ELN LONG TRS 27.26 PA 06/04/2027,GTLB,1718152,0.15,,47378.00
2026-09-17,ARKY,FIG Autocall ELN LONG TRS 34.83 PA 09/14/2027  M,FIG,1740035,0.14,,43732.00
2026-09-17,ARKY,TSLA Autocall ELN LONG TRS 20.47 PA 07/30/2027,TSLA,1718170,0.14,,43957.00
2026-09-17,ARKY,MRNA Autocall ELN LONG TRS 22.43 PA 01/27/2027,MRNA,1737385,0.12,,37299.00
2026-09-17,ARKY,RBRK Autocall ELN LONG TRS 25.76% PA 03/13/2028,RBRK,1767342,0.11,,34356.00
2026-09-17,ARKY,U Autocall ELN LONG TRS 26.09 PA 02/09/2027  MS,U,1740010,0.11,,34430.00
2026-09-17,ARKY,GH Autocall ELN LONG TRS 23.94 PA 06/04/2027  MS,GH,1718149,0.10,,32381.00
2026-09-17,ARKY,RBLX Autocall ELN LONG TRS 27.81 PA 11/18/2027,RBLX,1718144,0.10,,32397.00
2026-09-17,ARKY,AUR Autocall ELN LONG TRS 19.36 PA 04/09/2027  M,AUR,1718100,0.07,,21990.00
2026-09-17,ARKY,DKNG Autocall ELN LONG TRS 23.31 PA 11/01/2027,DKNG,1718141,0.07,,23991.00
2026-09-17,ARKY,RDDT Autocall ELN LONG TRS 24.16 PA 08/10/2027,RDDT,1740018,0.07,,22565.00
2026-09-17,ARKY,WGS Autocall ELN LONG TRS 26.04 PA 02/24/2027  M,WGS,1740020,0.07,,23738.00
2026-09-17,ARKY,NET Autocall ELN LONG TRS 21.12% PA 02/29/2028,NET,1756187,0.06,,18035.00
2026-09-17,ARKY,COIN Autocall ELN LONG TRS 26.92 PA 12/29/2026,COIN,1718129,0.05,,17641.00
2026-09-17,ARKY,FSLY Autocall ELN LONG TRS 40.75 PA 07/01/2027,FSLY,1740021,0.05,,17135.00
2026-09-17,ARKY,PLTR Autocall ELN LONG TRS 20.71 PA 04/21/2027,PLTR,1737383,0.05,,15964.00
2026-09-17,ARKY,XYZ Autocall ELN LONG TRS 14.65 PA 05/04/2027  M,XYZ,1718107,0.04,,12608.00
2026-09-17,ARKY,CRCL Autocall ELN LONG TRS 24.82 PA 07/09/2027,CRCL,1718110,0.03,,10699.00
2026-09-17,ARKY,SYM Autocall ELN LONG TRS 26.20 PA 12/28/2026  M,SYM,1718095,0.02,,7714.00
2026-09-17,ARKY,TTD Autocall ELN LONG TRS 27.27 PA 06/28/2027  M,TTD,1740042,0.02,,6794.00
2026-09-17,ARKY,CAI Autocall ELN LONG TRS 29.78 PA 06/15/2027  M,CAI,1737384,0.01,,4347.00
2026-09-17,ARKY,CRWV Autocall ELN LONG TRS 35.82 PA 05/04/2027,CRWV,1740017,0.01,,4816.00
2026-09-17,ARKY,DDOG Autocall ELN LONG TRS 22.48 PA 08/06/2027,DDOG,1737391,0.01,,2032.00
2026-09-17,ARKY,PINS Autocall ELN LONG TRS 19.96 PA 05/07/2027,PINS,1737387,0.01,,2191.00
2026-09-17,ARKY,HOOD Autocall ELN LONG TRS 27.76 PA 05/25/2027,HOOD,1740012,0.00,,760.00
2026-09-17,ARKY,LUNR Autocall ELN LONG TRS 43.00 PA 08/09/2027,LUNR,1718113,-0.03,,-10346.00
2026-09-17,ARKY,CRSP Autocall ELN LONG TRS 20.36 PA 05/03/2027,CRSP,1718105,-0.05,,-15669.00
2026-09-17,ARKY,NTLA Autocall ELN LONG TRS 23.06 PA 01/28/2027,NTLA,1737386,-0.05,,-15487.00
2026-09-17,ARKY,ACHR Autocall ELN LONG TRS 30.80% PA 11/29/2027,ACHR,1756217,-0.07,,-21394.00
2026-09-17,ARKY,SNAP Autocall ELN LONG TRS 25.24 PA 05/10/2027,SNAP,1740011,-0.07,,-21474.00
2026-09-17,ARKY,BEAM Autocall ELN LONG TRS 22.93 PA 06/11/2027,BEAM,1718108,-0.08,,-25614.00
2026-09-17,ARKY,SOFI Autocall ELN LONG TRS 19.85 PA 01/14/2027,SOFI,1718103,-0.10,,-32185.00
2026-09-17,ARKY,KLAR Autocall ELN LONG TRS 28.38 PA 05/14/2027,KLAR,1740019,-0.11,,-34711.00
2026-09-17,ARKY,TER Autocall ELN LONG TRS 34.51 PA 03/18/2027  M,TER,1740037,-0.11,,-34525.00
2026-09-17,ARKY,RKLB Autocall ELN LONG TRS 34.72 PA 07/26/2027,RKLB,1740013,-0.14,,-46591.00
2026-09-17,ARKY,RXRX Autocall ELN LONG TRS 25.72 PA 12/01/2026,RXRX,1718092,-0.19,,-60738.00
2026-09-17,ARKY,JOBY Autocall ELN LONG TRS 30.94 PA 09/14/2027,JOBY,1718155,-0.29,,-92529.00
2026-09-17,ARKY,OKLO Autocall ELN LONG TRS 38.39 PA 12/02/2026,OKLO,1718116,-0.38,,-122986.00
2026-09-18,ARKY,GOLDMAN FS TRSY OBLIG INST 468,,X9USDGSFT,83.13,,27160315.44
2026-09-18,ARKY,TREASURY BILL 0 8/5/2027,,912797VR5,14.44,,4717191.88
2026-09-18,ARKY,TEM Autocall ELN LONG TRS 31.74 PA 07/29/2027  M,TEM,1740058,0.36,,116723.00
2026-09-18,ARKY,AMD Autocall ELN LONG TRS 26.46 PA 08/03/2027  M,AMD,1737390,0.32,,103535.00
2026-09-18,ARKY,BMNR Autocall ELN LONG TRS 31.22 PA 10/18/2027,BMNR,1740056,0.32,,104157.00
2026-09-18,ARKY,AVAV Autocall ELN LONG TRS 27.70 PA 12/30/2027,AVAV,1740048,0.26,,85820.00
2026-09-18,ARKY,BLSH Autocall ELN LONG TRS 25.15 PA 10/25/2027,BLSH,1718167,0.21,,68031.00
2026-09-18,ARKY,KTOS Autocall ELN LONG TRS 30.21 PA 07/23/2027,KTOS,1740057,0.19,,61247.00
2026-09-18,ARKY,GTLB Autocall ELN LONG TRS 27.26 PA 06/04/2027,GTLB,1718152,0.15,,47907.00
2026-09-18,ARKY,FIG Autocall ELN LONG TRS 34.83 PA 09/14/2027  M,FIG,1740035,0.14,,44642.00
2026-09-18,ARKY,TSLA Autocall ELN LONG TRS 20.47 PA 07/30/2027,TSLA,1718170,0.14,,46663.00
2026-09-18,ARKY,COIN Autocall ELN LONG TRS 26.92 PA 12/29/2026,COIN,1718129,0.11,,35501.00
2026-09-18,ARKY,GH Autocall ELN LONG TRS 23.94 PA 06/04/2027  MS,GH,1718149,0.11,,36149.00
2026-09-18,ARKY,MRNA Autocall ELN LONG TRS 22.43 PA 01/27/2027,MRNA,1737385,0.11,,37042.00
2026-09-18,ARKY,RBRK Autocall ELN LONG TRS 25.76% PA 03/13/2028,RBRK,1767342,0.11,,36158.00
2026-09-18,ARKY,U Autocall ELN LONG TRS 26.09 PA 02/09/2027  MS,U,1740010,0.11,,34611.00
2026-09-18,ARKY,RBLX Autocall ELN LONG TRS 27.81 PA 11/18/2027,RBLX,1718144,0.10,,33482.00
2026-09-18,ARKY,WGS Autocall ELN LONG TRS 26.04 PA 02/24/2027  M,WGS,1740020,0.08,,27049.00
2026-09-18,ARKY,AUR Autocall ELN LONG TRS 19.36 PA 04/09/2027  M,AUR,1718100,0.07,,22542.00
2026-09-18,ARKY,CRCL Autocall ELN LONG TRS 24.82 PA 07/09/2027,CRCL,1718110,0.07,,23979.00
2026-09-18,ARKY,FSLY Autocall ELN LONG TRS 40.75 PA 07/01/2027,FSLY,1740021,0.07,,22157.00
2026-09-18,ARKY,NET Autocall ELN LONG TRS 21.12% PA 02/29/2028,NET,1756187,0.07,,22425.00
2026-09-18,ARKY,RDDT Autocall ELN LONG TRS 24.16 PA 08/10/2027,RDDT,1740018,0.07,,22299.00
2026-09-18,ARKY,PLTR Autocall ELN LONG TRS 20.71 PA 04/21/2027,PLTR,1737383,0.06,,18803.00
2026-09-18,ARKY,SYM Autocall ELN LONG TRS 26.20 PA 12/28/2026  M,SYM,1718095,0.05,,17611.00
2026-09-18,ARKY,DKNG Autocall ELN LONG TRS 23.31 PA 11/01/2027,DKNG,1718141,0.04,,11481.00
2026-09-18,ARKY,HOOD Autocall ELN LONG TRS 27.76 PA 05/25/2027,HOOD,1740012,0.04,,12112.00
2026-09-18,ARKY,XYZ Autocall ELN LONG TRS 14.65 PA 05/04/2027  M,XYZ,1718107,0.04,,13719.00
2026-09-18,ARKY,CAI Autocall ELN LONG TRS 29.78 PA 06/15/2027  M,CAI,1737384,0.03,,8369.00
2026-09-18,ARKY,DDOG Autocall ELN LONG TRS 22.48 PA 08/06/2027,DDOG,1737391,0.02,,5769.00
2026-09-18,ARKY,LUNR Autocall ELN LONG TRS 43.00 PA 08/09/2027,LUNR,1718113,0.02,,6921.00
2026-09-18,ARKY,TTD Autocall ELN LONG TRS 27.27 PA 06/28/2027  M,TTD,1740042,0.02,,5385.00
2026-09-18,ARKY,CRSP Autocall ELN LONG TRS 20.36 PA 05/03/2027,CRSP,1718105,0.01,,2063.00
2026-09-18,ARKY,NTLA Autocall ELN LONG TRS 23.06 PA 01/28/2027,NTLA,1737386,0.00,,-1017.00
2026-09-18,ARKY,PINS Autocall ELN LONG TRS 19.96 PA 05/07/2027,PINS,1737387,0.00,,273.00
2026-09-18,ARKY,CRWV Autocall ELN LONG TRS 35.82 PA 05/04/2027,CRWV,1740017,-0.01,,-2842.00
2026-09-18,ARKY,ACHR Autocall ELN LONG TRS 30.80% PA 11/29/2027,ACHR,1756217,-0.04,,-14265.00
2026-09-18,ARKY,BEAM Autocall ELN LONG TRS 22.93 PA 06/11/2027,BEAM,1718108,-0.04,,-13970.00
2026-09-18,ARKY,RXRX Autocall ELN LONG TRS 25.72 PA 12/01/2026,RXRX,1718092,-0.05,,-16866.00
2026-09-18,ARKY,RKLB Autocall ELN LONG TRS 34.72 PA 07/26/2027,RKLB,1740013,-0.07,,-24073.00
2026-09-18,ARKY,SNAP Autocall ELN LONG TRS 25.24 PA 05/10/2027,SNAP,1740011,-0.07,,-23758.00
2026-09-18,ARKY,TER Autocall ELN LONG TRS 34.51 PA 03/18/2027  M,TER,1740037,-0.07,,-22549.00
2026-09-18,ARKY,SOFI Autocall ELN LONG TRS 19.85 PA 01/14/2027,SOFI,1718103,-0.10,,-31390.00
2026-09-18,ARKY,KLAR Autocall ELN LONG TRS 28.38 PA 05/14/2027,KLAR,1740019,-0.11,,-35721.00
2026-09-18,ARKY,OKLO Autocall ELN LONG TRS 38.39 PA 12/02/2026,OKLO,1718116,-0.21,,-70057.00
2026-09-18,ARKY,JOBY Autocall ELN LONG TRS 30.94 PA 09/14/2027,JOBY,1718155,-0.26,,-84774.00
2026-09-21,ARKY,GOLDMAN FS TRSY OBLIG INST 468,,X9USDGSFT,83.01,,27216108.64
2026-09-21,ARKY,TREASURY BILL 0 8/5/2027,,912797VR5,14.39,,4717733.87
2026-09-21,ARKY,BMNR Autocall ELN LONG TRS 31.22 PA 10/18/2027,BMNR,1740056,0.36,,118115.00
2026-09-21,ARKY,TEM Autocall ELN LONG TRS 31.74 PA 07/29/2027  M,TEM,1740058,0.36,,119271.00
2026-09-21,ARKY,AMD Autocall ELN LONG TRS 26.46 PA 08/03/2027  M,AMD,1737390,0.32,,106417.00
2026-09-21,ARKY,AVAV Autocall ELN LONG TRS 27.70 PA 12/30/2027,AVAV,1740048,0.26,,86835.00
2026-09-21,ARKY,BLSH Autocall ELN LONG TRS 25.15 PA 10/25/2027,BLSH,1718167,0.23,,74118.00
2026-09-21,ARKY,KTOS Autocall ELN LONG TRS 30.21 PA 07/23/2027,KTOS,1740057,0.19,,62086.00
2026-09-21,ARKY,COIN Autocall ELN LONG TRS 26.92 PA 12/29/2026,COIN,1718129,0.15,,49223.00
2026-09-21,ARKY,GTLB Autocall ELN LONG TRS 27.26 PA 06/04/2027,GTLB,1718152,0.15,,47899.00
2026-09-21,ARKY,TSLA Autocall ELN LONG TRS 20.47 PA 07/30/2027,TSLA,1718170,0.14,,46737.00
2026-09-21,ARKY,FIG Autocall ELN LONG TRS 34.83 PA 09/14/2027  M,FIG,1740035,0.13,,42029.00
2026-09-21,ARKY,RBRK Autocall ELN LONG TRS 25.76% PA 03/13/2028,RBRK,1767342,0.12,,39237.00
2026-09-21,ARKY,GH Autocall ELN LONG TRS 23.94 PA 06/04/2027  MS,GH,1718149,0.11,,34988.00
2026-09-21,ARKY,MRNA Autocall ELN LONG TRS 22.43 PA 01/27/2027,MRNA,1737385,0.11,,37022.00
2026-09-21,ARKY,RBLX Autocall ELN LONG TRS 27.81 PA 11/18/2027,RBLX,1718144,0.11,,36090.00
2026-09-21,ARKY,U Autocall ELN LONG TRS 26.09 PA 02/09/2027  MS,U,1740010,0.11,,36201.00
2026-09-21,ARKY,CRCL Autocall ELN LONG TRS 24.82 PA 07/09/2027,CRCL,1718110,0.10,,33247.00
2026-09-21,ARKY,WGS Autocall ELN LONG TRS 26.04 PA 02/24/2027  M,WGS,1740020,0.08,,26869.00
2026-09-21,ARKY,AUR Autocall ELN LONG TRS 19.36 PA 04/09/2027  M,AUR,1718100,0.07,,21933.00
2026-09-21,ARKY,HOOD Autocall ELN LONG TRS 27.76 PA 05/25/2027,HOOD,1740012,0.07,,22576.00
2026-09-21,ARKY,FSLY Autocall ELN LONG TRS 40.75 PA 07/01/2027,FSLY,1740021,0.06,,21045.00
2026-09-21,ARKY,NET Autocall ELN LONG TRS 21.12% PA 02/29/2028,NET,1756187,0.06,,19690.00
2026-09-21,ARKY,PLTR Autocall ELN LONG TRS 20.71 PA 04/21/2027,PLTR,1737383,0.06,,21094.00
2026-09-21,ARKY,RDDT Autocall ELN LONG TRS 24.16 PA 08/10/2027,RDDT,1740018,0.06,,20363.00
2026-09-21,ARKY,XYZ Autocall ELN LONG TRS 14.65 PA 05/04/2027  M,XYZ,1718107,0.05,,14884.00
2026-09-21,ARKY,CAI Autocall ELN LONG TRS 29.78 PA 06/15/2027  M,CAI,1737384,0.02,,6373.00
2026-09-21,ARKY,CRWV Autocall ELN LONG TRS 35.82 PA 05/04/2027,CRWV,1740017,0.02,,7220.00
2026-09-21,ARKY,DKNG Autocall ELN LONG TRS 23.31 PA 11/01/2027,DKNG,1718141,0.02,,6902.00
2026-09-21,ARKY,RXRX Autocall ELN LONG TRS 25.72 PA 12/01/2026,RXRX,1718092,0.02,,5112.00
2026-09-21,ARKY,DDOG Autocall ELN LONG TRS 22.48 PA 08/06/2027,DDOG,1737391,0.01,,4856.00
2026-09-21,ARKY,PINS Autocall ELN LONG TRS 19.96 PA 05/07/2027,PINS,1737387,0.01,,4903.00
2026-09-21,ARKY,TTD Autocall ELN LONG TRS 27.27 PA 06/28/2027  M,TTD,1740042,0.01,,2127.00
2026-09-21,ARKY,CRSP Autocall ELN LONG TRS 20.36 PA 05/03/2027,CRSP,1718105,0.00,,778.00
2026-09-21,ARKY,NTLA Autocall ELN LONG TRS 23.06 PA 01/28/2027,NTLA,1737386,0.00,,529.00
2026-09-21,ARKY,SYM Autocall ELN LONG TRS 26.20 PA 12/28/2026  M,SYM,1718095,0.00,,-698.00
2026-09-21,ARKY,TER Autocall ELN LONG TRS 34.51 PA 03/18/2027  M,TER,1740037,0.00,,616.00
2026-09-21,ARKY,LUNR Autocall ELN LONG TRS 43.00 PA 08/09/2027,LUNR,1718113,-0.01,,-4762.00
2026-09-21,ARKY,BEAM Autocall ELN LONG TRS 22.93 PA 06/11/2027,BEAM,1718108,-0.04,,-11864.00
2026-09-21,ARKY,ACHR Autocall ELN LONG TRS 30.80% PA 11/29/2027,ACHR,1756217,-0.05,,-17359.00
2026-09-21,ARKY,SOFI Autocall ELN LONG TRS 19.85 PA 01/14/2027,SOFI,1718103,-0.07,,-22099.00
2026-09-21,ARKY,SNAP Autocall ELN LONG TRS 25.24 PA 05/10/2027,SNAP,1740011,-0.09,,-27902.00
2026-09-21,ARKY,KLAR Autocall ELN LONG TRS 28.38 PA 05/14/2027,KLAR,1740019,-0.11,,-36773.00
2026-09-21,ARKY,RKLB Autocall ELN LONG TRS 34.72 PA 07/26/2027,RKLB,1740013,-0.12,,-37799.00
2026-09-21,ARKY,OKLO Autocall ELN LONG TRS 38.39 PA 12/02/2026,OKLO,1718116,-0.24,,-79308.00
2026-09-21,ARKY,JOBY Autocall ELN LONG TRS 30.94 PA 09/14/2027,JOBY,1718155,-0.26,,-86562.00
2026-09-22,ARKY,GOLDMAN FS TRSY OBLIG INST 468,,X9USDGSFT,84.08,,30808034.55
2026-09-22,ARKY,TREASURY BILL 0 8/5/2027,,912797VR5,12.88,,4718108.57
2026-09-22,ARKY,BMNR Autocall ELN LONG TRS 31.22 PA 10/18/2027,BMNR,1740056,0.34,,123163.00
2026-09-22,ARKY,TEM Autocall ELN LONG TRS 31.74 PA 07/29/2027  M,TEM,1740058,0.33,,121747.00
2026-09-22,ARKY,AMD Autocall ELN LONG TRS 26.46 PA 08/03/2027  M,AMD,1737390,0.30,,111474.00
2026-09-22,ARKY,AVAV Autocall ELN LONG TRS 27.70 PA 12/30/2027,AVAV,1740048,0.24,,88608.00
2026-09-22,ARKY,BLSH Autocall ELN LONG TRS 25.15 PA 10/25/2027,BLSH,1718167,0.21,,75436.00
2026-09-22,ARKY,KTOS Autocall ELN LONG TRS 30.21 PA 07/23/2027,KTOS,1740057,0.19,,69141.00
2026-09-22,ARKY,RBRK Autocall ELN LONG TRS 25.76% PA 03/13/2028,RBRK,1767342,0.14,,49668.00
2026-09-22,ARKY,TSLA Autocall ELN LONG TRS 20.47 PA 07/30/2027,TSLA,1718170,0.14,,49599.00
2026-09-22,ARKY,COIN Autocall ELN LONG TRS 26.92 PA 12/29/2026,COIN,1718129,0.13,,49126.00
2026-09-22,ARKY,GTLB Autocall ELN LONG TRS 27.26 PA 06/04/2027,GTLB,1718152,0.13,,48807.00
2026-09-22,ARKY,FIG Autocall ELN LONG TRS 34.83 PA 09/14/2027  M,FIG,1740035,0.11,,41470.00
2026-09-22,ARKY,RBLX Autocall ELN LONG TRS 27.81 PA 11/18/2027,RBLX,1718144,0.11,,41107.00
2026-09-22,ARKY,U Autocall ELN LONG TRS 26.09 PA 02/09/2027  MS,U,1740010,0.11,,38726.00
2026-09-22,ARKY,CRCL Autocall ELN LONG TRS 24.82 PA 07/09/2027,CRCL,1718110,0.10,,37139.00
2026-09-22,ARKY,MRNA Autocall ELN LONG TRS 22.43 PA 01/27/2027,MRNA,1737385,0.10,,36972.00
2026-09-22,ARKY,FSLY Autocall ELN LONG TRS 40.75 PA 07/01/2027,FSLY,1740021,0.09,,33473.00
2026-09-22,ARKY,GH Autocall ELN LONG TRS 23.94 PA 06/04/2027  MS,GH,1718149,0.09,,34518.00
2026-09-22,ARKY,NET Autocall ELN LONG TRS 21.12% PA 02/29/2028,NET,1756187,0.08,,29250.00
2026-09-22,ARKY,AUR Autocall ELN LONG TRS 19.36 PA 04/09/2027  M,AUR,1718100,0.07,,25463.00
2026-09-22,ARKY,HOOD Autocall ELN LONG TRS 27.76 PA 05/25/2027,HOOD,1740012,0.07,,26221.00
2026-09-22,ARKY,LUNR Autocall ELN LONG TRS 43.00 PA 08/09/2027,LUNR,1718113,0.07,,27259.00
2026-09-22,ARKY,PLTR Autocall ELN LONG TRS 20.71 PA 04/21/2027,PLTR,1737383,0.07,,25538.00
2026-09-22,ARKY,RDDT Autocall ELN LONG TRS 24.16 PA 08/10/2027,RDDT,1740018,0.07,,26357.00
2026-09-22,ARKY,WGS Autocall ELN LONG TRS 26.04 PA 02/24/2027  M,WGS,1740020,0.07,,26854.00
2026-09-22,ARKY,CRWV Autocall ELN LONG TRS 35.82 PA 05/04/2027,CRWV,1740017,0.06,,21843.00
2026-09-22,ARKY,XYZ Autocall ELN LONG TRS 14.65 PA 05/04/2027  M,XYZ,1718107,0.05,,17102.00
2026-09-22,ARKY,DDOG Autocall ELN LONG TRS 22.48 PA 08/06/2027,DDOG,1737391,0.04,,16182.00
2026-09-22,ARKY,SYM Autocall ELN LONG TRS 26.20 PA 12/28/2026  M,SYM,1718095,0.04,,13639.00
2026-09-22,ARKY,DKNG Autocall ELN LONG TRS 23.31 PA 11/01/2027,DKNG,1718141,0.03,,9182.00
2026-09-22,ARKY,NTLA Autocall ELN LONG TRS 23.06 PA 01/28/2027,NTLA,1737386,0.03,,9222.00
2026-09-22,ARKY,PINS Autocall ELN LONG TRS 19.96 PA 05/07/2027,PINS,1737387,0.03,,11879.00
2026-09-22,ARKY,CAI Autocall ELN LONG TRS 29.78 PA 06/15/2027  M,CAI,1737384,0.02,,7765.00
2026-09-22,ARKY,CRSP Autocall ELN LONG TRS 20.36 PA 05/03/2027,CRSP,1718105,0.02,,7465.00
2026-09-22,ARKY,TER Autocall ELN LONG TRS 34.51 PA 03/18/2027  M,TER,1740037,0.01,,5357.00
2026-09-22,ARKY,RXRX Autocall ELN LONG TRS 25.72 PA 12/01/2026,RXRX,1718092,0.00,,-993.00
2026-09-22,ARKY,TTD Autocall ELN LONG TRS 27.27 PA 06/28/2027  M,TTD,1740042,0.00,,603.00
2026-09-22,ARKY,ACHR Autocall ELN LONG TRS 30.80% PA 11/29/2027,ACHR,1756217,-0.03,,-11317.00
2026-09-22,ARKY,RKLB Autocall ELN LONG TRS 34.72 PA 07/26/2027,RKLB,1740013,-0.03,,-11967.00
2026-09-22,ARKY,BEAM Autocall ELN LONG TRS 22.93 PA 06/11/2027,BEAM,1718108,-0.05,,-16902.00
2026-09-22,ARKY,SOFI Autocall ELN LONG TRS 19.85 PA 01/14/2027,SOFI,1718103,-0.05,,-19691.00
2026-09-22,ARKY,SNAP Autocall ELN LONG TRS 25.24 PA 05/10/2027,SNAP,1740011,-0.07,,-24104.00
2026-09-22,ARKY,KLAR Autocall ELN LONG TRS 28.38 PA 05/14/2027,KLAR,1740019,-0.10,,-36839.00
2026-09-22,ARKY,OKLO Autocall ELN LONG TRS 38.39 PA 12/02/2026,OKLO,1718116,-0.14,,-52689.00
2026-09-22,ARKY,JOBY Autocall ELN LONG TRS 30.94 PA 09/14/2027,JOBY,1718155,-0.19,,-69772.00
2026-09-23,ARKY,GOLDMAN FS TRSY OBLIG INST 468,,X9USDGSFT,84.17,,31841784.02
2026-09-23,ARKY,TREASURY BILL 0 8/5/2027,,912797VR5,12.47,,4718544.72
2026-09-23,ARKY,BMNR Autocall ELN LONG TRS 31.22 PA 10/18/2027,BMNR,1740056,0.36,,137330.76
2026-09-23,ARKY,TEM Autocall ELN LONG TRS 31.74 PA 07/29/2027  M,TEM,1740058,0.36,,134460.69
2026-09-23,ARKY,AMD Autocall ELN LONG TRS 26.46 PA 08/03/2027  M,AMD,1737390,0.33,,123819.03
2026-09-23,ARKY,AVAV Autocall ELN LONG TRS 27.70 PA 12/30/2027,AVAV,1740048,0.23,,87266.00
2026-09-23,ARKY,BLSH Autocall ELN LONG TRS 25.15 PA 10/25/2027,BLSH,1718167,0.22,,84349.79
2026-09-23,ARKY,KTOS Autocall ELN LONG TRS 30.21 PA 07/23/2027,KTOS,1740057,0.18,,69811.86
2026-09-23,ARKY,TSLA Autocall ELN LONG TRS 20.47 PA 07/30/2027,TSLA,1718170,0.15,,56269.24
2026-09-23,ARKY,COIN Autocall ELN LONG TRS 26.92 PA 12/29/2026,COIN,1718129,0.14,,51610.00
2026-09-23,ARKY,GTLB Autocall ELN LONG TRS 27.26 PA 06/04/2027,GTLB,1718152,0.14,,53611.03
2026-09-23,ARKY,RBRK Autocall ELN LONG TRS 25.76% PA 03/13/2028,RBRK,1767342,0.14,,53498.48
2026-09-23,ARKY,CRCL Autocall ELN LONG TRS 24.82 PA 07/09/2027,CRCL,1718110,0.11,,42318.34
2026-09-23,ARKY,FIG Autocall ELN LONG TRS 34.83 PA 09/14/2027  M,FIG,1740035,0.11,,42757.52
2026-09-23,ARKY,LUNR Autocall ELN LONG TRS 43.00 PA 08/09/2027,LUNR,1718113,0.11,,41733.52
2026-09-23,ARKY,MRNA Autocall ELN LONG TRS 22.43 PA 01/27/2027,MRNA,1737385,0.11,,40730.48
2026-09-23,ARKY,RBLX Autocall ELN LONG TRS 27.81 PA 11/18/2027,RBLX,1718144,0.11,,43443.86
2026-09-23,ARKY,U Autocall ELN LONG TRS 26.09 PA 02/09/2027  MS,U,1740010,0.11,,42899.86
2026-09-23,ARKY,GH Autocall ELN LONG TRS 23.94 PA 06/04/2027  MS,GH,1718149,0.10,,39191.18
2026-09-23,ARKY,NET Autocall ELN LONG TRS 21.12% PA 02/29/2028,NET,1756187,0.09,,34036.97
2026-09-23,ARKY,FSLY Autocall ELN LONG TRS 40.75 PA 07/01/2027,FSLY,1740021,0.08,,28672.00
2026-09-23,ARKY,HOOD Autocall ELN LONG TRS 27.76 PA 05/25/2027,HOOD,1740012,0.08,,31516.69
2026-09-23,ARKY,PLTR Autocall ELN LONG TRS 20.71 PA 04/21/2027,PLTR,1737383,0.08,,29993.93
2026-09-23,ARKY,AUR Autocall ELN LONG TRS 19.36 PA 04/09/2027  M,AUR,1718100,0.07,,27906.21
2026-09-23,ARKY,CRWV Autocall ELN LONG TRS 35.82 PA 05/04/2027,CRWV,1740017,0.07,,27586.21
2026-09-23,ARKY,RDDT Autocall ELN LONG TRS 24.16 PA 08/10/2027,RDDT,1740018,0.07,,27721.93
2026-09-23,ARKY,SYM Autocall ELN LONG TRS 26.20 PA 12/28/2026  M,SYM,1718095,0.06,,22196.00
2026-09-23,ARKY,DDOG Autocall ELN LONG TRS 22.48 PA 08/06/2027,DDOG,1737391,0.05,,20003.31
2026-09-23,ARKY,NTLA Autocall ELN LONG TRS 23.06 PA 01/28/2027,NTLA,1737386,0.05,,19716.42
2026-09-23,ARKY,TER Autocall ELN LONG TRS 34.51 PA 03/18/2027  M,TER,1740037,0.05,,17031.73
2026-09-23,ARKY,WGS Autocall ELN LONG TRS 26.04 PA 02/24/2027  M,WGS,1740020,0.05,,19909.52
2026-09-23,ARKY,XYZ Autocall ELN LONG TRS 14.65 PA 05/04/2027  M,XYZ,1718107,0.05,,19489.10
2026-09-23,ARKY,CAI Autocall ELN LONG TRS 29.78 PA 06/15/2027  M,CAI,1737384,0.04,,16696.00
2026-09-23,ARKY,CRSP Autocall ELN LONG TRS 20.36 PA 05/03/2027,CRSP,1718105,0.03,,9852.69
2026-09-23,ARKY,DKNG Autocall ELN LONG TRS 23.31 PA 11/01/2027,DKNG,1718141,0.02,,6340.42
2026-09-23,ARKY,PINS Autocall ELN LONG TRS 19.96 PA 05/07/2027,PINS,1737387,0.01,,5458.76
2026-09-23,ARKY,ACHR Autocall ELN LONG TRS 30.80% PA 11/29/2027,ACHR,1756217,0.00,,-1740.14
2026-09-23,ARKY,RKLB Autocall ELN LONG TRS 34.72 PA 07/26/2027,RKLB,1740013,-0.01,,-3470.34
2026-09-23,ARKY,RXRX Autocall ELN LONG TRS 25.72 PA 12/01/2026,RXRX,1718092,-0.01,,-4519.73
2026-09-23,ARKY,TTD Autocall ELN LONG TRS 27.27 PA 06/28/2027  M,TTD,1740042,-0.02,,-7028.00
2026-09-23,ARKY,BEAM Autocall ELN LONG TRS 22.93 PA 06/11/2027,BEAM,1718108,-0.04,,-14313.93
2026-09-23,ARKY,SOFI Autocall ELN LONG TRS 19.85 PA 01/14/2027,SOFI,1718103,-0.05,,-19280.55
2026-09-23,ARKY,SNAP Autocall ELN LONG TRS 25.24 PA 05/10/2027,SNAP,1740011,-0.06,,-23625.00
2026-09-23,ARKY,KLAR Autocall ELN LONG TRS 28.38 PA 05/14/2027,KLAR,1740019,-0.10,,-38472.82
2026-09-23,ARKY,OKLO Autocall ELN LONG TRS 38.39 PA 12/02/2026,OKLO,1718116,-0.14,,-52377.38
2026-09-23,ARKY,JOBY Autocall ELN LONG TRS 30.94 PA 09/14/2027,JOBY,1718155,-0.19,,-72745.93
2026-09-24,ARKY,GOLDMAN FS TRSY OBLIG INST 468,,X9USDGSFT,84.63,,31841784.02
2026-09-24,ARKY,TREASURY BILL 0 8/5/2027,,912797VR5,12.54,,4716829.43
2026-09-24,ARKY,BMNR Autocall ELN LONG TRS 31.22 PA 10/18/2027,BMNR,1740056,0.37,,137343.00
2026-09-24,ARKY,TEM Autocall ELN LONG TRS 31.74 PA 07/29/2027  M,TEM,1740058,0.36,,135398.00
2026-09-24,ARKY,AMD Autocall ELN LONG TRS 26.46 PA 08/03/2027  M,AMD,1737390,0.33,,122360.00
2026-09-24,ARKY,AVAV Autocall ELN LONG TRS 27.70 PA 12/30/2027,AVAV,1740048,0.22,,84041.00
2026-09-24,ARKY,BLSH Autocall ELN LONG TRS 25.15 PA 10/25/2027,BLSH,1718167,0.22,,83727.00
2026-09-24,ARKY,KTOS Autocall ELN LONG TRS 30.21 PA 07/23/2027,KTOS,1740057,0.17,,65769.00
2026-09-24,ARKY,COIN Autocall ELN LONG TRS 26.92 PA 12/29/2026,COIN,1718129,0.16,,62073.00
2026-09-24,ARKY,RBRK Autocall ELN LONG TRS 25.76% PA 03/13/2028,RBRK,1767342,0.16,,61295.00
2026-09-24,ARKY,TSLA Autocall ELN LONG TRS 20.47 PA 07/30/2027,TSLA,1718170,0.15,,57252.00
2026-09-24,ARKY,GTLB Autocall ELN LONG TRS 27.26 PA 06/04/2027,GTLB,1718152,0.14,,53387.00
2026-09-24,ARKY,CRCL Autocall ELN LONG TRS 24.82 PA 07/09/2027,CRCL,1718110,0.11,,40758.00
2026-09-24,ARKY,FIG Autocall ELN LONG TRS 34.83 PA 09/14/2027  M,FIG,1740035,0.11,,40745.00
2026-09-24,ARKY,MRNA Autocall ELN LONG TRS 22.43 PA 01/27/2027,MRNA,1737385,0.11,,40709.00
2026-09-24,ARKY,RBLX Autocall ELN LONG TRS 27.81 PA 11/18/2027,RBLX,1718144,0.11,,41821.00
2026-09-24,ARKY,U Autocall ELN LONG TRS 26.09 PA 02/09/2027  MS,U,1740010,0.11,,42121.93
2026-09-24,ARKY,GH Autocall ELN LONG TRS 23.94 PA 06/04/2027  MS,GH,1718149,0.10,,38951.00
2026-09-24,ARKY,FSLY Autocall ELN LONG TRS 40.75 PA 07/01/2027,FSLY,1740021,0.09,,35566.00
2026-09-24,ARKY,NET Autocall ELN LONG TRS 21.12% PA 02/29/2028,NET,1756187,0.09,,35156.00
2026-09-24,ARKY,PLTR Autocall ELN LONG TRS 20.71 PA 04/21/2027,PLTR,1737383,0.09,,32303.45
2026-09-24,ARKY,CRWV Autocall ELN LONG TRS 35.82 PA 05/04/2027,CRWV,1740017,0.08,,28488.00
2026-09-24,ARKY,HOOD Autocall ELN LONG TRS 27.76 PA 05/25/2027,HOOD,1740012,0.08,,30305.10
2026-09-24,ARKY,LUNR Autocall ELN LONG TRS 43.00 PA 08/09/2027,LUNR,1718113,0.08,,28359.00
2026-09-24,ARKY,AUR Autocall ELN LONG TRS 19.36 PA 04/09/2027  M,AUR,1718100,0.07,,27490.21
2026-09-24,ARKY,DDOG Autocall ELN LONG TRS 22.48 PA 08/06/2027,DDOG,1737391,0.07,,24718.00
2026-09-24,ARKY,RDDT Autocall ELN LONG TRS 24.16 PA 08/10/2027,RDDT,1740018,0.07,,25966.00
2026-09-24,ARKY,WGS Autocall ELN LONG TRS 26.04 PA 02/24/2027  M,WGS,1740020,0.04,,13663.00
2026-09-24,ARKY,XYZ Autocall ELN LONG TRS 14.65 PA 05/04/2027  M,XYZ,1718107,0.04,,15552.00
2026-09-24,ARKY,CAI Autocall ELN LONG TRS 29.78 PA 06/15/2027  M,CAI,1737384,0.03,,10831.00
2026-09-24,ARKY,NTLA Autocall ELN LONG TRS 23.06 PA 01/28/2027,NTLA,1737386,0.03,,10541.00
2026-09-24,ARKY,TER Autocall ELN LONG TRS 34.51 PA 03/18/2027  M,TER,1740037,0.03,,11925.00
2026-09-24,ARKY,PINS Autocall ELN LONG TRS 19.96 PA 05/07/2027,PINS,1737387,0.02,,6300.00
2026-09-24,ARKY,ACHR Autocall ELN LONG TRS 30.80% PA 11/29/2027,ACHR,1756217,0.00,,1207.00
2026-09-24,ARKY,DKNG Autocall ELN LONG TRS 23.31 PA 11/01/2027,DKNG,1718141,0.00,,-163.00
2026-09-24,ARKY,CRSP Autocall ELN LONG TRS 20.36 PA 05/03/2027,CRSP,1718105,-0.01,,-3476.97
2026-09-24,ARKY,RKLB Autocall ELN LONG TRS 34.72 PA 07/26/2027,RKLB,1740013,-0.02,,-7008.00
2026-09-24,ARKY,RXRX Autocall ELN LONG TRS 25.72 PA 12/01/2026,RXRX,1718092,-0.04,,-16180.97
2026-09-24,ARKY,TTD Autocall ELN LONG TRS 27.27 PA 06/28/2027  M,TTD,1740042,-0.04,,-16892.00
2026-09-24,ARKY,BEAM Autocall ELN LONG TRS 22.93 PA 06/11/2027,BEAM,1718108,-0.06,,-20947.86
2026-09-24,ARKY,SOFI Autocall ELN LONG TRS 19.85 PA 01/14/2027,SOFI,1718103,-0.08,,-31392.00
2026-09-24,ARKY,SYM Autocall ELN LONG TRS 26.20 PA 12/28/2026  M,SYM,1718095,-0.08,,-31825.00
2026-09-24,ARKY,SNAP Autocall ELN LONG TRS 25.24 PA 05/10/2027,SNAP,1740011,-0.10,,-38226.00
2026-09-24,ARKY,KLAR Autocall ELN LONG TRS 28.38 PA 05/14/2027,KLAR,1740019,-0.17,,-62251.00
2026-09-24,ARKY,OKLO Autocall ELN LONG TRS 38.39 PA 12/02/2026,OKLO,1718116,-0.18,,-69103.00
2026-09-24,ARKY,JOBY Autocall ELN LONG TRS 30.94 PA 09/14/2027,JOBY,1718155,-0.22,,-83750.00
2026-09-25,ARKY,GOLDMAN FS TRSY OBLIG INST 468,,X9USDGSFT,84.82,,32356894.10
2026-09-25,ARKY,TREASURY BILL 0 8/5/2027,,912797VR5,12.36,,4716940.80
2026-09-25,ARKY,BMNR Autocall ELN LONG TRS 31.22 PA 10/18/2027,BMNR,1740056,0.36,,138495.00
2026-09-25,ARKY,TEM Autocall ELN LONG TRS 31.74 PA 07/29/2027  M,TEM,1740058,0.36,,136764.00
2026-09-25,ARKY,AMD Autocall ELN LONG TRS 26.46 PA 08/03/2027  M,AMD,1737390,0.32,,123686.00
2026-09-25,ARKY,AVAV Autocall ELN LONG TRS 27.70 PA 12/30/2027,AVAV,1740048,0.24,,89770.00
2026-09-25,ARKY,BLSH Autocall ELN LONG TRS 25.15 PA 10/25/2027,BLSH,1718167,0.22,,83242.00
2026-09-25,ARKY,KTOS Autocall ELN LONG TRS 30.21 PA 07/23/2027,KTOS,1740057,0.19,,73071.00
2026-09-25,ARKY,RBRK Autocall ELN LONG TRS 25.76% PA 03/13/2028,RBRK,1767342,0.15,,57587.00
2026-09-25,ARKY,TSLA Autocall ELN LONG TRS 20.47 PA 07/30/2027,TSLA,1718170,0.15,,57595.00
2026-09-25,ARKY,GTLB Autocall ELN LONG TRS 27.26 PA 06/04/2027,GTLB,1718152,0.14,,53454.00
2026-09-25,ARKY,CRCL Autocall ELN LONG TRS 24.82 PA 07/09/2027,CRCL,1718110,0.11,,42478.00
2026-09-25,ARKY,FIG Autocall ELN LONG TRS 34.83 PA 09/14/2027  M,FIG,1740035,0.11,,43728.00
2026-09-25,ARKY,MRNA Autocall ELN LONG TRS 22.43 PA 01/27/2027,MRNA,1737385,0.11,,40683.00
2026-09-25,ARKY,RBLX Autocall ELN LONG TRS 27.81 PA 11/18/2027,RBLX,1718144,0.11,,40963.00
2026-09-25,ARKY,U Autocall ELN LONG TRS 26.09 PA 02/09/2027  MS,U,1740010,0.11,,40840.00
2026-09-25,ARKY,CRWV Autocall ELN LONG TRS 35.82 PA 05/04/2027,CRWV,1740017,0.10,,37798.00
2026-09-25,ARKY,GH Autocall ELN LONG TRS 23.94 PA 06/04/2027  MS,GH,1718149,0.10,,38835.00
2026-09-25,ARKY,LUNR Autocall ELN LONG TRS 43.00 PA 08/09/2027,LUNR,1718113,0.09,,35123.00
2026-09-25,ARKY,NET Autocall ELN LONG TRS 21.12% PA 02/29/2028,NET,1756187,0.09,,36004.00
2026-09-25,ARKY,FSLY Autocall ELN LONG TRS 40.75 PA 07/01/2027,FSLY,1740021,0.08,,30066.00
2026-09-25,ARKY,HOOD Autocall ELN LONG TRS 27.76 PA 05/25/2027,HOOD,1740012,0.08,,30082.00
2026-09-25,ARKY,PLTR Autocall ELN LONG TRS 20.71 PA 04/21/2027,PLTR,1737383,0.08,,32345.00
2026-09-25,ARKY,DDOG Autocall ELN LONG TRS 22.48 PA 08/06/2027,DDOG,1737391,0.07,,27875.00
2026-09-25,ARKY,RDDT Autocall ELN LONG TRS 24.16 PA 08/10/2027,RDDT,1740018,0.07,,26881.00
2026-09-25,ARKY,AUR Autocall ELN LONG TRS 19.36 PA 04/09/2027  M,AUR,1718100,0.06,,22892.00
2026-09-25,ARKY,XYZ Autocall ELN LONG TRS 14.65 PA 05/04/2027  M,XYZ,1718107,0.05,,19792.00
2026-09-25,ARKY,COIN Autocall ELN LONG TRS 26.92 PA 12/29/2026,COIN,1718129,0.04,,16230.00
2026-09-25,ARKY,WGS Autocall ELN LONG TRS 26.04 PA 02/24/2027  M,WGS,1740020,0.04,,14603.00
2026-09-25,ARKY,CAI Autocall ELN LONG TRS 29.78 PA 06/15/2027  M,CAI,1737384,0.03,,12479.00
2026-09-25,ARKY,TER Autocall ELN LONG TRS 34.51 PA 03/18/2027  M,TER,1740037,0.03,,12754.00
2026-09-25,ARKY,NTLA Autocall ELN LONG TRS 23.06 PA 01/28/2027,NTLA,1737386,0.02,,8773.00
2026-09-25,ARKY,PINS Autocall ELN LONG TRS 19.96 PA 05/07/2027,PINS,1737387,0.02,,8000.00
2026-09-25,ARKY,RKLB Autocall ELN LONG TRS 34.72 PA 07/26/2027,RKLB,1740013,0.02,,6553.00
2026-09-25,ARKY,RXRX Autocall ELN LONG TRS 25.72 PA 12/01/2026,RXRX,1718092,0.02,,7346.00
2026-09-25,ARKY,ACHR Autocall ELN LONG TRS 30.80% PA 11/29/2027,ACHR,1756217,0.00,,-447.00
2026-09-25,ARKY,DKNG Autocall ELN LONG TRS 23.31 PA 11/01/2027,DKNG,1718141,0.00,,-1340.00
2026-09-25,ARKY,CRSP Autocall ELN LONG TRS 20.36 PA 05/03/2027,CRSP,1718105,-0.01,,-3576.00
2026-09-25,ARKY,BEAM Autocall ELN LONG TRS 22.93 PA 06/11/2027,BEAM,1718108,-0.05,,-18350.00
2026-09-25,ARKY,SOFI Autocall ELN LONG TRS 19.85 PA 01/14/2027,SOFI,1718103,-0.06,,-24552.00
2026-09-25,ARKY,SYM Autocall ELN LONG TRS 26.20 PA 12/28/2026  M,SYM,1718095,-0.07,,-25721.00
2026-09-25,ARKY,SNAP Autocall ELN LONG TRS 25.24 PA 05/10/2027,SNAP,1740011,-0.08,,-30885.00
2026-09-25,ARKY,TTD Autocall ELN LONG TRS 27.27 PA 06/28/2027  M,TTD,1740042,-0.11,,-43842.00
2026-09-25,ARKY,KLAR Autocall ELN LONG TRS 28.38 PA 05/14/2027,KLAR,1740019,-0.17,,-66452.00
2026-09-25,ARKY,OKLO Autocall ELN LONG TRS 38.39 PA 12/02/2026,OKLO,1718116,-0.20,,-76094.00
2026-09-25,ARKY,JOBY Autocall ELN LONG TRS 30.94 PA 09/14/2027,JOBY,1718155,-0.21,,-80869.00
2026-09-28,ARKY,GOLDMAN FS TRSY OBLIG INST 468,,X9USDGSFT,86.13,,35922745.78
2026-09-28,ARKY,TREASURY BILL 0 8/5/2027,,912797VR5,11.31,,4718634.73
2026-09-28,ARKY,BMNR Autocall ELN LONG TRS 31.22 PA 10/18/2027,BMNR,1740056,0.33,,136407.00
2026-09-28,ARKY,TEM Autocall ELN LONG TRS 31.74 PA 07/29/2027  M,TEM,1740058,0.33,,139250.00
2026-09-28,ARKY,AMD Autocall ELN LONG TRS 26.46 PA 08/03/2027  M,AMD,1737390,0.29,,122860.00
2026-09-28,ARKY,AVAV Autocall ELN LONG TRS 27.70 PA 12/30/2027,AVAV,1740048,0.20,,83773.00
2026-09-28,ARKY,BLSH Autocall ELN LONG TRS 25.15 PA 10/25/2027,BLSH,1718167,0.20,,81979.00
2026-09-28,ARKY,KTOS Autocall ELN LONG TRS 30.21 PA 07/23/2027,KTOS,1740057,0.18,,77100.19
2026-09-28,ARKY,RBRK Autocall ELN LONG TRS 25.76% PA 03/13/2028,RBRK,1767342,0.14,,59692.31
2026-09-28,ARKY,TSLA Autocall ELN LONG TRS 20.47 PA 07/30/2027,TSLA,1718170,0.14,,56712.00
2026-09-28,ARKY,GTLB Autocall ELN LONG TRS 27.26 PA 06/04/2027,GTLB,1718152,0.13,,53012.00
2026-09-28,ARKY,U Autocall ELN LONG TRS 26.09 PA 02/09/2027  MS,U,1740010,0.12,,48281.12
2026-09-28,ARKY,CRCL Autocall ELN LONG TRS 24.82 PA 07/09/2027,CRCL,1718110,0.11,,47464.48
2026-09-28,ARKY,GH Autocall ELN LONG TRS 23.94 PA 06/04/2027  MS,GH,1718149,0.11,,44971.11
2026-09-28,ARKY,MRNA Autocall ELN LONG TRS 22.43 PA 01/27/2027,MRNA,1737385,0.11,,46454.55
2026-09-28,ARKY,CRWV Autocall ELN LONG TRS 35.82 PA 05/04/2027,CRWV,1740017,0.10,,42911.21
2026-09-28,ARKY,DDOG Autocall ELN LONG TRS 22.48 PA 08/06/2027,DDOG,1737391,0.10,,41773.18
2026-09-28,ARKY,FIG Autocall ELN LONG TRS 34.83 PA 09/14/2027  M,FIG,1740035,0.10,,41591.33
2026-09-28,ARKY,LUNR Autocall ELN LONG TRS 43.00 PA 08/09/2027,LUNR,1718113,0.10,,40907.36
2026-09-28,ARKY,RBLX Autocall ELN LONG TRS 27.81 PA 11/18/2027,RBLX,1718144,0.10,,40766.68
2026-09-28,ARKY,HOOD Autocall ELN LONG TRS 27.76 PA 05/25/2027,HOOD,1740012,0.09,,36276.32
2026-09-28,ARKY,NET Autocall ELN LONG TRS 21.12% PA 02/29/2028,NET,1756187,0.09,,38483.76
2026-09-28,ARKY,PLTR Autocall ELN LONG TRS 20.71 PA 04/21/2027,PLTR,1737383,0.09,,36662.91
2026-09-28,ARKY,AUR Autocall ELN LONG TRS 19.36 PA 04/09/2027  M,AUR,1718100,0.07,,28096.22
2026-09-28,ARKY,RDDT Autocall ELN LONG TRS 24.16 PA 08/10/2027,RDDT,1740018,0.07,,28416.47
2026-09-28,ARKY,FSLY Autocall ELN LONG TRS 40.75 PA 07/01/2027,FSLY,1740021,0.06,,23062.00
2026-09-28,ARKY,TER Autocall ELN LONG TRS 34.51 PA 03/18/2027  M,TER,1740037,0.05,,21842.19
2026-09-28,ARKY,XYZ Autocall ELN LONG TRS 14.65 PA 05/04/2027  M,XYZ,1718107,0.05,,21819.32
2026-09-28,ARKY,COIN Autocall ELN LONG TRS 26.92 PA 12/29/2026,COIN,1718129,0.04,,14616.00
2026-09-28,ARKY,CAI Autocall ELN LONG TRS 29.78 PA 06/15/2027  M,CAI,1737384,0.03,,11028.00
2026-09-28,ARKY,DKNG Autocall ELN LONG TRS 23.31 PA 11/01/2027,DKNG,1718141,0.03,,13821.08
2026-09-28,ARKY,PINS Autocall ELN LONG TRS 19.96 PA 05/07/2027,PINS,1737387,0.03,,10674.62
2026-09-28,ARKY,RKLB Autocall ELN LONG TRS 34.72 PA 07/26/2027,RKLB,1740013,0.03,,13588.89
2026-09-28,ARKY,WGS Autocall ELN LONG TRS 26.04 PA 02/24/2027  M,WGS,1740020,0.02,,10163.36
2026-09-28,ARKY,NTLA Autocall ELN LONG TRS 23.06 PA 01/28/2027,NTLA,1737386,0.00,,1195.22
2026-09-28,ARKY,ACHR Autocall ELN LONG TRS 30.80% PA 11/29/2027,ACHR,1756217,-0.01,,-4548.69
2026-09-28,ARKY,CRSP Autocall ELN LONG TRS 20.36 PA 05/03/2027,CRSP,1718105,-0.02,,-9663.54
2026-09-28,ARKY,RXRX Autocall ELN LONG TRS 25.72 PA 12/01/2026,RXRX,1718092,-0.03,,-13294.95
2026-09-28,ARKY,SYM Autocall ELN LONG TRS 26.20 PA 12/28/2026  M,SYM,1718095,-0.06,,-25565.73
2026-09-28,ARKY,SOFI Autocall ELN LONG TRS 19.85 PA 01/14/2027,SOFI,1718103,-0.07,,-29684.89
2026-09-28,ARKY,BEAM Autocall ELN LONG TRS 22.93 PA 06/11/2027,BEAM,1718108,-0.08,,-33658.28
2026-09-28,ARKY,SNAP Autocall ELN LONG TRS 25.24 PA 05/10/2027,SNAP,1740011,-0.08,,-32650.00
2026-09-28,ARKY,TTD Autocall ELN LONG TRS 27.27 PA 06/28/2027  M,TTD,1740042,-0.11,,-44189.00
2026-09-28,ARKY,KLAR Autocall ELN LONG TRS 28.38 PA 05/14/2027,KLAR,1740019,-0.19,,-78836.40
2026-09-28,ARKY,JOBY Autocall ELN LONG TRS 30.94 PA 09/14/2027,JOBY,1718155,-0.21,,-87685.59
2026-09-28,ARKY,OKLO Autocall ELN LONG TRS 38.39 PA 12/02/2026,OKLO,1718116,-0.21,,-89501.87
2026-09-29,ARKY,GOLDMAN FS TRSY OBLIG INST 468,,X9USDGSFT,86.53,,35463717.13
2026-09-29,ARKY,TREASURY BILL 0 8/5/2027,,912797VR5,11.51,,4716777.68
2026-09-29,ARKY,TEM Autocall ELN LONG TRS 31.74 PA 07/29/2027  M,TEM,1740058,0.34,,140732.00
2026-09-29,ARKY,BMNR Autocall ELN LONG TRS 31.22 PA 10/18/2027,BMNR,1740056,0.33,,136323.00
2026-09-29,ARKY,AMD Autocall ELN LONG TRS 26.46 PA 08/03/2027  M,AMD,1737390,0.30,,122606.00
2026-09-29,ARKY,BLSH Autocall ELN LONG TRS 25.15 PA 10/25/2027,BLSH,1718167,0.20,,81229.00
2026-09-29,ARKY,KTOS Autocall ELN LONG TRS 30.21 PA 07/23/2027,KTOS,1740057,0.16,,66535.00
2026-09-29,ARKY,RBRK Autocall ELN LONG TRS 25.76% PA 03/13/2028,RBRK,1767342,0.16,,65883.00
2026-09-29,ARKY,GTLB Autocall ELN LONG TRS 27.26 PA 06/04/2027,GTLB,1718152,0.13,,52839.00
2026-09-29,ARKY,TSLA Autocall ELN LONG TRS 20.47 PA 07/30/2027,TSLA,1718170,0.13,,53543.00
2026-09-29,ARKY,CRCL Autocall ELN LONG TRS 24.82 PA 07/09/2027,CRCL,1718110,0.11,,45521.00
2026-09-29,ARKY,GH Autocall ELN LONG TRS 23.94 PA 06/04/2027  MS,GH,1718149,0.11,,45455.00
2026-09-29,ARKY,MRNA Autocall ELN LONG TRS 22.43 PA 01/27/2027,MRNA,1737385,0.11,,46375.00
2026-09-29,ARKY,U Autocall ELN LONG TRS 26.09 PA 02/09/2027  MS,U,1740010,0.11,,45535.00
2026-09-29,ARKY,CRWV Autocall ELN LONG TRS 35.82 PA 05/04/2027,CRWV,1740017,0.09,,38047.00
2026-09-29,ARKY,DDOG Autocall ELN LONG TRS 22.48 PA 08/06/2027,DDOG,1737391,0.09,,38793.00
2026-09-29,ARKY,FIG Autocall ELN LONG TRS 34.83 PA 09/14/2027  M,FIG,1740035,0.09,,36661.00
2026-09-29,ARKY,LUNR Autocall ELN LONG TRS 43.00 PA 08/09/2027,LUNR,1718113,0.09,,34917.00
2026-09-29,ARKY,NET Autocall ELN LONG TRS 21.12% PA 02/29/2028,NET,1756187,0.09,,38466.00
2026-09-29,ARKY,PLTR Autocall ELN LONG TRS 20.71 PA 04/21/2027,PLTR,1737383,0.09,,36820.00
2026-09-29,ARKY,HOOD Autocall ELN LONG TRS 27.76 PA 05/25/2027,HOOD,1740012,0.08,,34419.00
2026-09-29,ARKY,AVAV Autocall ELN LONG TRS 27.70 PA 12/30/2027,AVAV,1740048,0.07,,29469.00
2026-09-29,ARKY,COIN Autocall ELN LONG TRS 26.92 PA 12/29/2026,COIN,1718129,0.06,,26538.79
2026-09-29,ARKY,FSLY Autocall ELN LONG TRS 40.75 PA 07/01/2027,FSLY,1740021,0.06,,23739.00
2026-09-29,ARKY,RBLX Autocall ELN LONG TRS 27.81 PA 11/18/2027,RBLX,1718144,0.06,,23035.00
2026-09-29,ARKY,TER Autocall ELN LONG TRS 34.51 PA 03/18/2027  M,TER,1740037,0.06,,25901.00
2026-09-29,ARKY,RDDT Autocall ELN LONG TRS 24.16 PA 08/10/2027,RDDT,1740018,0.05,,21141.00
2026-09-29,ARKY,XYZ Autocall ELN LONG TRS 14.65 PA 05/04/2027  M,XYZ,1718107,0.04,,16403.00
2026-09-29,ARKY,WGS Autocall ELN LONG TRS 26.04 PA 02/24/2027  M,WGS,1740020,0.03,,12702.00
2026-09-29,ARKY,CAI Autocall ELN LONG TRS 29.78 PA 06/15/2027  M,CAI,1737384,0.02,,8615.00
2026-09-29,ARKY,PINS Autocall ELN LONG TRS 19.96 PA 05/07/2027,PINS,1737387,0.02,,6987.00
2026-09-29,ARKY,RKLB Autocall ELN LONG TRS 34.72 PA 07/26/2027,RKLB,1740013,0.02,,6400.00
2026-09-29,ARKY,RXRX Autocall ELN LONG TRS 25.72 PA 12/01/2026,RXRX,1718092,0.00,,-1762.00
2026-09-29,ARKY,AUR Autocall ELN LONG TRS 19.36 PA 04/09/2027  M,AUR,1718100,-0.01,,-2828.00
2026-09-29,ARKY,DKNG Autocall ELN LONG TRS 23.31 PA 11/01/2027,DKNG,1718141,-0.01,,-4164.00
2026-09-29,ARKY,CRSP Autocall ELN LONG TRS 20.36 PA 05/03/2027,CRSP,1718105,-0.02,,-9681.00
2026-09-29,ARKY,NTLA Autocall ELN LONG TRS 23.06 PA 01/28/2027,NTLA,1737386,-0.02,,-9343.00
2026-09-29,ARKY,SHOP Autocall ELN LONG TRS 22.64% PA 12/28/2027,SHOP,1780349,-0.02,,-7511.00
2026-09-29,ARKY,ACHR Autocall ELN LONG TRS 30.80% PA 11/29/2027,ACHR,1756217,-0.04,,-16167.00
2026-09-29,ARKY,BEAM Autocall ELN LONG TRS 22.93 PA 06/11/2027,BEAM,1718108,-0.06,,-25376.00
2026-09-29,ARKY,SYM Autocall ELN LONG TRS 26.20 PA 12/28/2026  M,SYM,1718095,-0.09,,-38520.00
2026-09-29,ARKY,SNAP Autocall ELN LONG TRS 25.24 PA 05/10/2027,SNAP,1740011,-0.10,,-40427.00
2026-09-29,ARKY,TTD Autocall ELN LONG TRS 27.27 PA 06/28/2027  M,TTD,1740042,-0.11,,-45221.00
2026-09-29,ARKY,SOFI Autocall ELN LONG TRS 19.85 PA 01/14/2027,SOFI,1718103,-0.13,,-54348.00
2026-09-29,ARKY,KLAR Autocall ELN LONG TRS 28.38 PA 05/14/2027,KLAR,1740019,-0.23,,-96171.00
2026-09-29,ARKY,JOBY Autocall ELN LONG TRS 30.94 PA 09/14/2027,JOBY,1718155,-0.24,,-99347.00
2026-09-29,ARKY,OKLO Autocall ELN LONG TRS 38.39 PA 12/02/2026,OKLO,1718116,-0.26,,-106714.00
2026-09-30,ARKY,GOLDMAN FS TRSY OBLIG INST 468,,X9USDGSFT,86.58,,35463717.13
2026-09-30,ARKY,TREASURY BILL 0 8/5/2027,,912797VR5,11.52,,4719208.03
2026-09-30,ARKY,TEM Autocall ELN LONG TRS 31.74 PA 07/29/2027  M,TEM,1740058,0.35,,142448.00
2026-09-30,ARKY,BMNR Autocall ELN LONG TRS 31.22 PA 10/18/2027,BMNR,1740056,0.34,,137528.00
2026-09-30,ARKY,AMD Autocall ELN LONG TRS 26.46 PA 08/03/2027  M,AMD,1737390,0.30,,124315.00
2026-09-30,ARKY,BLSH Autocall ELN LONG TRS 25.15 PA 10/25/2027,BLSH,1718167,0.19,,79857.00
2026-09-30,ARKY,RBRK Autocall ELN LONG TRS 25.76% PA 03/13/2028,RBRK,1767342,0.17,,70074.00
2026-09-30,ARKY,KTOS Autocall ELN LONG TRS 30.21 PA 07/23/2027,KTOS,1740057,0.14,,59070.00
2026-09-30,ARKY,GTLB Autocall ELN LONG TRS 27.26 PA 06/04/2027,GTLB,1718152,0.13,,52973.00
2026-09-30,ARKY,TSLA Autocall ELN LONG TRS 20.47 PA 07/30/2027,TSLA,1718170,0.13,,54011.00
2026-09-30,ARKY,FIG Autocall ELN LONG TRS 34.83 PA 09/14/2027  M,FIG,1740035,0.11,,44545.00
2026-09-30,ARKY,GH Autocall ELN LONG TRS 23.94 PA 06/04/2027  MS,GH,1718149,0.11,,45794.00
2026-09-30,ARKY,MRNA Autocall ELN LONG TRS 22.43 PA 01/27/2027,MRNA,1737385,0.11,,46376.00
2026-09-30,ARKY,U Autocall ELN LONG TRS 26.09 PA 02/09/2027  MS,U,1740010,0.11,,46385.00
2026-09-30,ARKY,CRCL Autocall ELN LONG TRS 24.82 PA 07/09/2027,CRCL,1718110,0.10,,42354.00
2026-09-30,ARKY,CRWV Autocall ELN LONG TRS 35.82 PA 05/04/2027,CRWV,1740017,0.10,,40763.00
2026-09-30,ARKY,DDOG Autocall ELN LONG TRS 22.48 PA 08/06/2027,DDOG,1737391,0.10,,40547.00
2026-09-30,ARKY,NET Autocall ELN LONG TRS 21.12% PA 02/29/2028,NET,1756187,0.10,,40883.00
2026-09-30,ARKY,HOOD Autocall ELN LONG TRS 27.76 PA 05/25/2027,HOOD,1740012,0.09,,36159.00
2026-09-30,ARKY,PLTR Autocall ELN LONG TRS 20.71 PA 04/21/2027,PLTR,1737383,0.09,,37808.00
2026-09-30,ARKY,LUNR Autocall ELN LONG TRS 43.00 PA 08/09/2027,LUNR,1718113,0.07,,28631.00
2026-09-30,ARKY,TER Autocall ELN LONG TRS 34.51 PA 03/18/2027  M,TER,1740037,0.07,,26963.00
2026-09-30,ARKY,AVAV Autocall ELN LONG TRS 27.70 PA 12/30/2027,AVAV,1740048,0.06,,24365.00
2026-09-30,ARKY,COIN Autocall ELN LONG TRS 26.92 PA 12/29/2026,COIN,1718129,0.06,,26440.00
2026-09-30,ARKY,RDDT Autocall ELN LONG TRS 24.16 PA 08/10/2027,RDDT,1740018,0.06,,23435.00
2026-09-30,ARKY,CAI Autocall ELN LONG TRS 29.78 PA 06/15/2027  M,CAI,1737384,0.05,,18823.00
2026-09-30,ARKY,RBLX Autocall ELN LONG TRS 27.81 PA 11/18/2027,RBLX,1718144,0.05,,21238.00
2026-09-30,ARKY,XYZ Autocall ELN LONG TRS 14.65 PA 05/04/2027  M,XYZ,1718107,0.04,,18119.00
2026-09-30,ARKY,NTLA Autocall ELN LONG TRS 23.06 PA 01/28/2027,NTLA,1737386,0.02,,6417.00
2026-09-30,ARKY,PINS Autocall ELN LONG TRS 19.96 PA 05/07/2027,PINS,1737387,0.02,,8617.00
2026-09-30,ARKY,AUR Autocall ELN LONG TRS 19.36 PA 04/09/2027  M,AUR,1718100,0.01,,2451.00
2026-09-30,ARKY,CRSP Autocall ELN LONG TRS 20.36 PA 05/03/2027,CRSP,1718105,0.01,,4223.00
2026-09-30,ARKY,RXRX Autocall ELN LONG TRS 25.72 PA 12/01/2026,RXRX,1718092,0.00,,580.00
2026-09-30,ARKY,SHOP Autocall ELN LONG TRS 22.64% PA 12/28/2027,SHOP,1780349,0.00,,-130.00
2026-09-30,ARKY,RKLB Autocall ELN LONG TRS 34.72 PA 07/26/2027,RKLB,1740013,-0.01,,-4092.00
2026-09-30,ARKY,WGS Autocall ELN LONG TRS 26.04 PA 02/24/2027  M,WGS,1740020,-0.02,,-7671.00
2026-09-30,ARKY,FSLY Autocall ELN LONG TRS 40.75 PA 07/01/2027,FSLY,1740021,-0.03,,-11330.00
2026-09-30,ARKY,ACHR Autocall ELN LONG TRS 30.80% PA 11/29/2027,ACHR,1756217,-0.04,,-17369.00
2026-09-30,ARKY,BEAM Autocall ELN LONG TRS 22.93 PA 06/11/2027,BEAM,1718108,-0.05,,-19519.00
2026-09-30,ARKY,DKNG Autocall ELN LONG TRS 23.31 PA 11/01/2027,DKNG,1718141,-0.08,,-33414.00
2026-09-30,ARKY,SNAP Autocall ELN LONG TRS 25.24 PA 05/10/2027,SNAP,1740011,-0.08,,-34631.00
2026-09-30,ARKY,SYM Autocall ELN LONG TRS 26.20 PA 12/28/2026  M,SYM,1718095,-0.11,,-46777.00
2026-09-30,ARKY,SOFI Autocall ELN LONG TRS 19.85 PA 01/14/2027,SOFI,1718103,-0.12,,-48638.00
2026-09-30,ARKY,TTD Autocall ELN LONG TRS 27.27 PA 06/28/2027  M,TTD,1740042,-0.12,,-48222.00
2026-09-30,ARKY,KLAR Autocall ELN LONG TRS 28.38 PA 05/14/2027,KLAR,1740019,-0.23,,-95293.00
2026-09-30,ARKY,JOBY Autocall ELN LONG TRS 30.94 PA 09/14/2027,JOBY,1718155,-0.25,,-103299.00
2026-09-30,ARKY,OKLO Autocall ELN LONG TRS 38.39 PA 12/02/2026,OKLO,1718116,-0.25,,-104430.00
2026-10-01,ARKY,GOLDMAN FS TRSY OBLIG INST 468,,X9USDGSFT,85.05,,35644052.24
2026-10-01,ARKY,TREASURY BILL 0 8/5/2027,,912797VR5,12.99,,5444151.23
2026-10-01,ARKY,TEM Autocall ELN LONG TRS 31.74 PA 07/29/2027  M,TEM,1740058,0.34,,141190.00
2026-10-01,ARKY,BMNR Autocall ELN LONG TRS 31.22 PA 10/18/2027,BMNR,1740056,0.32,,134518.00
2026-10-01,ARKY,AMD Autocall ELN LONG TRS 26.46 PA 08/03/2027  M,AMD,1737390,0.30,,125402.00
2026-10-01,ARKY,BLSH Autocall ELN LONG TRS 25.15 PA 10/25/2027,BLSH,1718167,0.19,,81208.00
2026-10-01,ARKY,RBRK Autocall ELN LONG TRS 25.76% PA 03/13/2028,RBRK,1767342,0.17,,71093.00
2026-10-01,ARKY,GTLB Autocall ELN LONG TRS 27.26 PA 06/04/2027,GTLB,1718152,0.13,,53253.00
2026-10-01,ARKY,KTOS Autocall ELN LONG TRS 30.21 PA 07/23/2027,KTOS,1740057,0.13,,55643.00
2026-10-01,ARKY,TSLA Autocall ELN LONG TRS 20.47 PA 07/30/2027,TSLA,1718170,0.13,,54373.00
2026-10-01,ARKY,CRWV Autocall ELN LONG TRS 35.82 PA 05/04/2027,CRWV,1740017,0.11,,45796.00
2026-10-01,ARKY,FIG Autocall ELN LONG TRS 34.83 PA 09/14/2027  M,FIG,1740035,0.11,,48113.00
2026-10-01,ARKY,GH Autocall ELN LONG TRS 23.94 PA 06/04/2027  MS,GH,1718149,0.11,,46076.00
2026-10-01,ARKY,MRNA Autocall ELN LONG TRS 22.43 PA 01/27/2027,MRNA,1737385,0.11,,46295.00
2026-10-01,ARKY,U Autocall ELN LONG TRS 26.09 PA 02/09/2027  MS,U,1740010,0.11,,46950.00
2026-10-01,ARKY,CRCL Autocall ELN LONG TRS 24.82 PA 07/09/2027,CRCL,1718110,0.10,,42137.00
2026-10-01,ARKY,DDOG Autocall ELN LONG TRS 22.48 PA 08/06/2027,DDOG,1737391,0.10,,43544.00
2026-10-01,ARKY,AVAV Autocall ELN LONG TRS 27.70 PA 12/30/2027,AVAV,1740048,0.09,,39356.36
2026-10-01,ARKY,NET Autocall ELN LONG TRS 21.12% PA 02/29/2028,NET,1756187,0.09,,38888.00
2026-10-01,ARKY,PLTR Autocall ELN LONG TRS 20.71 PA 04/21/2027,PLTR,1737383,0.09,,38660.00
2026-10-01,ARKY,HOOD Autocall ELN LONG TRS 27.76 PA 05/25/2027,HOOD,1740012,0.08,,34120.00
2026-10-01,ARKY,COIN Autocall ELN LONG TRS 26.92 PA 12/29/2026,COIN,1718129,0.06,,27026.00
2026-10-01,ARKY,LUNR Autocall ELN LONG TRS 43.00 PA 08/09/2027,LUNR,1718113,0.06,,25256.00
2026-10-01,ARKY,RBLX Autocall ELN LONG TRS 27.81 PA 11/18/2027,RBLX,1718144,0.06,,25534.00
2026-10-01,ARKY,TER Autocall ELN LONG TRS 34.51 PA 03/18/2027  M,TER,1740037,0.06,,26392.00
2026-10-01,ARKY,RDDT Autocall ELN LONG TRS 24.16 PA 08/10/2027,RDDT,1740018,0.05,,19663.00
2026-10-01,ARKY,RXRX Autocall ELN LONG TRS 25.72 PA 12/01/2026,RXRX,1718092,0.05,,20104.00
2026-10-01,ARKY,CAI Autocall ELN LONG TRS 29.78 PA 06/15/2027  M,CAI,1737384,0.04,,17919.00
2026-10-01,ARKY,XYZ Autocall ELN LONG TRS 14.65 PA 05/04/2027  M,XYZ,1718107,0.04,,15755.00
2026-10-01,ARKY,AUR Autocall ELN LONG TRS 19.36 PA 04/09/2027  M,AUR,1718100,0.03,,14142.00
2026-10-01,ARKY,PINS Autocall ELN LONG TRS 19.96 PA 05/07/2027,PINS,1737387,0.03,,12496.00
2026-10-01,ARKY,NTLA Autocall ELN LONG TRS 23.06 PA 01/28/2027,NTLA,1737386,0.02,,10061.00
2026-10-01,ARKY,CRSP Autocall ELN LONG TRS 20.36 PA 05/03/2027,CRSP,1718105,0.00,,-234.00
2026-10-01,ARKY,SHOP Autocall ELN LONG TRS 22.64% PA 12/28/2027,SHOP,1780349,0.00,,1933.00
2026-10-01,ARKY,RKLB Autocall ELN LONG TRS 34.72 PA 07/26/2027,RKLB,1740013,-0.01,,-3691.00
2026-10-01,ARKY,BEAM Autocall ELN LONG TRS 22.93 PA 06/11/2027,BEAM,1718108,-0.03,,-11994.00
2026-10-01,ARKY,FSLY Autocall ELN LONG TRS 40.75 PA 07/01/2027,FSLY,1740021,-0.03,,-10710.00
2026-10-01,ARKY,ACHR Autocall ELN LONG TRS 30.80% PA 11/29/2027,ACHR,1756217,-0.05,,-20332.00
2026-10-01,ARKY,WGS Autocall ELN LONG TRS 26.04 PA 02/24/2027  M,WGS,1740020,-0.05,,-20202.00
2026-10-01,ARKY,SNAP Autocall ELN LONG TRS 25.24 PA 05/10/2027,SNAP,1740011,-0.08,,-32546.00
2026-10-01,ARKY,DKNG Autocall ELN LONG TRS 23.31 PA 11/01/2027,DKNG,1718141,-0.10,,-43843.00
2026-10-01,ARKY,SYM Autocall ELN LONG TRS 26.20 PA 12/28/2026  M,SYM,1718095,-0.10,,-40534.00
2026-10-01,ARKY,TTD Autocall ELN LONG TRS 27.27 PA 06/28/2027  M,TTD,1740042,-0.11,,-47459.00
2026-10-01,ARKY,SOFI Autocall ELN LONG TRS 19.85 PA 01/14/2027,SOFI,1718103,-0.14,,-58148.00
2026-10-01,ARKY,KLAR Autocall ELN LONG TRS 28.38 PA 05/14/2027,KLAR,1740019,-0.22,,-90860.00
2026-10-01,ARKY,JOBY Autocall ELN LONG TRS 30.94 PA 09/14/2027,JOBY,1718155,-0.24,,-100913.00
2026-10-01,ARKY,OKLO Autocall ELN LONG TRS 38.39 PA 12/02/2026,OKLO,1718116,-0.24,,-100399.00
2026-10-02,ARKY,GOLDMAN FS TRSY OBLIG INST 468,,X9USDGSFT,85.12,,36150650.61
2026-10-02,ARKY,TREASURY BILL 0 8/5/2027,,912797VR5,12.83,,5449486.02
2026-10-02,ARKY,BMNR Autocall ELN LONG TRS 31.22 PA 10/18/2027,BMNR,1740056,0.33,,139535.00
2026-10-02,ARKY,TEM Autocall ELN LONG TRS 31.74 PA 07/29/2027  M,TEM,1740058,0.33,,139257.00
2026-10-02,ARKY,AMD Autocall ELN LONG TRS 26.46 PA 08/03/2027  M,AMD,1737390,0.30,,126792.00
2026-10-02,ARKY,RBRK Autocall ELN LONG TRS 25.76% PA 03/13/2028,RBRK,1767342,0.20,,83629.63
2026-10-02,ARKY,BLSH Autocall ELN LONG TRS 25.15 PA 10/25/2027,BLSH,1718167,0.19,,79810.00
2026-10-02,ARKY,KTOS Autocall ELN LONG TRS 30.21 PA 07/23/2027,KTOS,1740057,0.16,,66383.82
2026-10-02,ARKY,CRWV Autocall ELN LONG TRS 35.82 PA 05/04/2027,CRWV,1740017,0.14,,57934.25
2026-10-02,ARKY,FIG Autocall ELN LONG TRS 34.83 PA 09/14/2027  M,FIG,1740035,0.14,,60961.05
2026-10-02,ARKY,GTLB Autocall ELN LONG TRS 27.26 PA 06/04/2027,GTLB,1718152,0.13,,53539.00
2026-10-02,ARKY,TSLA Autocall ELN LONG TRS 20.47 PA 07/30/2027,TSLA,1718170,0.13,,54222.00
2026-10-02,ARKY,DDOG Autocall ELN LONG TRS 22.48 PA 08/06/2027,DDOG,1737391,0.12,,52816.09
2026-10-02,ARKY,U Autocall ELN LONG TRS 26.09 PA 02/09/2027  MS,U,1740010,0.12,,50692.00
2026-10-02,ARKY,CRCL Autocall ELN LONG TRS 24.82 PA 07/09/2027,CRCL,1718110,0.11,,45114.00
2026-10-02,ARKY,MRNA Autocall ELN LONG TRS 22.43 PA 01/27/2027,MRNA,1737385,0.11,,46331.00
2026-10-02,ARKY,NET Autocall ELN LONG TRS 21.12% PA 02/29/2028,NET,1756187,0.11,,46702.25
2026-10-02,ARKY,AVAV Autocall ELN LONG TRS 27.70 PA 12/30/2027,AVAV,1740048,0.10,,43714.10
2026-10-02,ARKY,GH Autocall ELN LONG TRS 23.94 PA 06/04/2027  MS,GH,1718149,0.10,,44501.00
2026-10-02,ARKY,HOOD Autocall ELN LONG TRS 27.76 PA 05/25/2027,HOOD,1740012,0.09,,38492.50
2026-10-02,ARKY,PLTR Autocall ELN LONG TRS 20.71 PA 04/21/2027,PLTR,1737383,0.09,,40106.00
2026-10-02,ARKY,TER Autocall ELN LONG TRS 34.51 PA 03/18/2027  M,TER,1740037,0.09,,38611.85
2026-10-02,ARKY,COIN Autocall ELN LONG TRS 26.92 PA 12/29/2026,COIN,1718129,0.08,,32079.74
2026-10-02,ARKY,RDDT Autocall ELN LONG TRS 24.16 PA 08/10/2027,RDDT,1740018,0.08,,32428.68
2026-10-02,ARKY,RBLX Autocall ELN LONG TRS 27.81 PA 11/18/2027,RBLX,1718144,0.07,,31443.24
2026-10-02,ARKY,LUNR Autocall ELN LONG TRS 43.00 PA 08/09/2027,LUNR,1718113,0.05,,20257.84
2026-10-02,ARKY,PINS Autocall ELN LONG TRS 19.96 PA 05/07/2027,PINS,1737387,0.05,,21394.44
2026-10-02,ARKY,AUR Autocall ELN LONG TRS 19.36 PA 04/09/2027  M,AUR,1718100,0.04,,17011.00
2026-10-02,ARKY,XYZ Autocall ELN LONG TRS 14.65 PA 05/04/2027  M,XYZ,1718107,0.04,,18265.35
2026-10-02,ARKY,NTLA Autocall ELN LONG TRS 23.06 PA 01/28/2027,NTLA,1737386,0.03,,14636.15
2026-10-02,ARKY,CAI Autocall ELN LONG TRS 29.78 PA 06/15/2027  M,CAI,1737384,0.02,,7388.00
2026-10-02,ARKY,SHOP Autocall ELN LONG TRS 22.64% PA 12/28/2027,SHOP,1780349,0.02,,6605.99
2026-10-02,ARKY,CRSP Autocall ELN LONG TRS 20.36 PA 05/03/2027,CRSP,1718105,0.01,,4416.87
2026-10-02,ARKY,RKLB Autocall ELN LONG TRS 34.72 PA 07/26/2027,RKLB,1740013,0.00,,679.69
2026-10-02,ARKY,FSLY Autocall ELN LONG TRS 40.75 PA 07/01/2027,FSLY,1740021,-0.01,,-2202.00
2026-10-02,ARKY,RXRX Autocall ELN LONG TRS 25.72 PA 12/01/2026,RXRX,1718092,-0.01,,-2542.60
2026-10-02,ARKY,BEAM Autocall ELN LONG TRS 22.93 PA 06/11/2027,BEAM,1718108,-0.03,,-13472.26
2026-10-02,ARKY,ACHR Autocall ELN LONG TRS 30.80% PA 11/29/2027,ACHR,1756217,-0.05,,-20752.26
2026-10-02,ARKY,SNAP Autocall ELN LONG TRS 25.24 PA 05/10/2027,SNAP,1740011,-0.05,,-21992.00
2026-10-02,ARKY,SYM Autocall ELN LONG TRS 26.20 PA 12/28/2026  M,SYM,1718095,-0.07,,-30904.48
2026-10-02,ARKY,DKNG Autocall ELN LONG TRS 23.31 PA 11/01/2027,DKNG,1718141,-0.11,,-45733.85
2026-10-02,ARKY,TTD Autocall ELN LONG TRS 27.27 PA 06/28/2027  M,TTD,1740042,-0.11,,-47929.00
2026-10-02,ARKY,WGS Autocall ELN LONG TRS 26.04 PA 02/24/2027  M,WGS,1740020,-0.11,,-48529.93
2026-10-02,ARKY,SOFI Autocall ELN LONG TRS 19.85 PA 01/14/2027,SOFI,1718103,-0.15,,-64885.77
2026-10-02,ARKY,KLAR Autocall ELN LONG TRS 28.38 PA 05/14/2027,KLAR,1740019,-0.23,,-97106.44
2026-10-02,ARKY,JOBY Autocall ELN LONG TRS 30.94 PA 09/14/2027,JOBY,1718155,-0.28,,-119130.58
2026-10-02,ARKY,OKLO Autocall ELN LONG TRS 38.39 PA 12/02/2026,OKLO,1718116,-0.31,,-131768.57
2026-10-05,ARKY,GOLDMAN FS TRSY OBLIG INST 468,,X9USDGSFT,85.81,,38772143.21
2026-10-05,ARKY,TREASURY BILL 0 8/5/2027,,912797VR5,12.06,,5450424.43
2026-10-05,ARKY,BMNR Autocall ELN LONG TRS 31.22 PA 10/18/2027,BMNR,1740056,0.31,,141222.00
2026-10-05,ARKY,TEM Autocall ELN LONG TRS 31.74 PA 07/29/2027  M,TEM,1740058,0.30,,137416.00
2026-10-05,ARKY,AMD Autocall ELN LONG TRS 26.46 PA 08/03/2027  M,AMD,1737390,0.28,,128179.00
2026-10-05,ARKY,RBRK Autocall ELN LONG TRS 25.76% PA 03/13/2028,RBRK,1767342,0.20,,90325.00
2026-10-05,ARKY,BLSH Autocall ELN LONG TRS 25.15 PA 10/25/2027,BLSH,1718167,0.17,,78022.00
2026-10-05,ARKY,KTOS Autocall ELN LONG TRS 30.21 PA 07/23/2027,KTOS,1740057,0.16,,71194.00
2026-10-05,ARKY,CRWV Autocall ELN LONG TRS 35.82 PA 05/04/2027,CRWV,1740017,0.14,,63658.00
2026-10-05,ARKY,FIG Autocall ELN LONG TRS 34.83 PA 09/14/2027  M,FIG,1740035,0.13,,60365.00
2026-10-05,ARKY,TSLA Autocall ELN LONG TRS 20.47 PA 07/30/2027,TSLA,1718170,0.13,,58438.00
2026-10-05,ARKY,DDOG Autocall ELN LONG TRS 22.48 PA 08/06/2027,DDOG,1737391,0.12,,54137.00
2026-10-05,ARKY,GTLB Autocall ELN LONG TRS 27.26 PA 06/04/2027,GTLB,1718152,0.12,,53607.00
2026-10-05,ARKY,TER Autocall ELN LONG TRS 34.51 PA 03/18/2027  M,TER,1740037,0.12,,53461.00
2026-10-05,ARKY,U Autocall ELN LONG TRS 26.09 PA 02/09/2027  MS,U,1740010,0.11,,49528.00
2026-10-05,ARKY,AVAV Autocall ELN LONG TRS 27.70 PA 12/30/2027,AVAV,1740048,0.10,,46783.00
2026-10-05,ARKY,CRCL Autocall ELN LONG TRS 24.82 PA 07/09/2027,CRCL,1718110,0.10,,45828.00
2026-10-05,ARKY,GH Autocall ELN LONG TRS 23.94 PA 06/04/2027  MS,GH,1718149,0.10,,46149.00
2026-10-05,ARKY,HOOD Autocall ELN LONG TRS 27.76 PA 05/25/2027,HOOD,1740012,0.10,,43399.00
2026-10-05,ARKY,MRNA Autocall ELN LONG TRS 22.43 PA 01/27/2027,MRNA,1737385,0.10,,46262.00
2026-10-05,ARKY,NET Autocall ELN LONG TRS 21.12% PA 02/29/2028,NET,1756187,0.10,,47134.00
2026-10-05,ARKY,LUNR Autocall ELN LONG TRS 43.00 PA 08/09/2027,LUNR,1718113,0.09,,40034.00
2026-10-05,ARKY,PLTR Autocall ELN LONG TRS 20.71 PA 04/21/2027,PLTR,1737383,0.09,,41382.00
2026-10-05,ARKY,RBLX Autocall ELN LONG TRS 27.81 PA 11/18/2027,RBLX,1718144,0.08,,37110.00
2026-10-05,ARKY,RDDT Autocall ELN LONG TRS 24.16 PA 08/10/2027,RDDT,1740018,0.07,,30880.00
2026-10-05,ARKY,AUR Autocall ELN LONG TRS 19.36 PA 04/09/2027  M,AUR,1718100,0.06,,27903.00
2026-10-05,ARKY,COIN Autocall ELN LONG TRS 26.92 PA 12/29/2026,COIN,1718129,0.06,,28959.00
2026-10-05,ARKY,RKLB Autocall ELN LONG TRS 34.72 PA 07/26/2027,RKLB,1740013,0.05,,23223.00
2026-10-05,ARKY,NTLA Autocall ELN LONG TRS 23.06 PA 01/28/2027,NTLA,1737386,0.04,,16429.00
2026-10-05,ARKY,PINS Autocall ELN LONG TRS 19.96 PA 05/07/2027,PINS,1737387,0.04,,16137.00
2026-10-05,ARKY,RXRX Autocall ELN LONG TRS 25.72 PA 12/01/2026,RXRX,1718092,0.04,,18950.00
2026-10-05,ARKY,XYZ Autocall ELN LONG TRS 14.65 PA 05/04/2027  M,XYZ,1718107,0.04,,18460.00
2026-10-05,ARKY,SHOP Autocall ELN LONG TRS 22.64% PA 12/28/2027,SHOP,1780349,0.03,,13060.00
2026-10-05,ARKY,CAI Autocall ELN LONG TRS 29.78 PA 06/15/2027  M,CAI,1737384,0.01,,5342.00
2026-10-05,ARKY,CRSP Autocall ELN LONG TRS 20.36 PA 05/03/2027,CRSP,1718105,0.00,,2192.00
2026-10-05,ARKY,FSLY Autocall ELN LONG TRS 40.75 PA 07/01/2027,FSLY,1740021,-0.01,,-3576.00
2026-10-05,ARKY,BEAM Autocall ELN LONG TRS 22.93 PA 06/11/2027,BEAM,1718108,-0.03,,-13069.00
2026-10-05,ARKY,SYM Autocall ELN LONG TRS 26.20 PA 12/28/2026  M,SYM,1718095,-0.04,,-19739.00
2026-10-05,ARKY,SNAP Autocall ELN LONG TRS 25.24 PA 05/10/2027,SNAP,1740011,-0.06,,-24992.00
2026-10-05,ARKY,ACHR Autocall ELN LONG TRS 30.80% PA 11/29/2027,ACHR,1756217,-0.08,,-36396.00
2026-10-05,ARKY,TTD Autocall ELN LONG TRS 27.27 PA 06/28/2027  M,TTD,1740042,-0.11,,-49054.00
2026-10-05,ARKY,WGS Autocall ELN LONG TRS 26.04 PA 02/24/2027  M,WGS,1740020,-0.11,,-49924.00
2026-10-05,ARKY,SOFI Autocall ELN LONG TRS 19.85 PA 01/14/2027,SOFI,1718103,-0.14,,-62420.00
2026-10-05,ARKY,DKNG Autocall ELN LONG TRS 23.31 PA 11/01/2027,DKNG,1718141,-0.15,,-66503.00
2026-10-05,ARKY,KLAR Autocall ELN LONG TRS 28.38 PA 05/14/2027,KLAR,1740019,-0.20,,-91538.00
2026-10-05,ARKY,JOBY Autocall ELN LONG TRS 30.94 PA 09/14/2027,JOBY,1718155,-0.26,,-116856.00
2026-10-05,ARKY,OKLO Autocall ELN LONG TRS 38.39 PA 12/02/2026,OKLO,1718116,-0.31,,-138111.00
